user_id,touch_count,avg_time_diff,min_time_diff,channel_entropy,conversion_status,anomaly_score
user_0,1,86400.0,86400.0,0.0,0,1
user_1,8,140914.2857142857,14400.0,1.5487949349246184,0,1
user_10,5,210600.0,147600.0,1.9219280891165822,0,1
user_100,6,176400.0,61200.0,0.9182958311690995,1,1
user_1000,4,204000.0,176400.0,1.4999999956719148,0,1
user_10000,10,120000.0,36000.0,2.321928086231192,0,1
user_10001,2,270000.0,270000.0,-1.4426951595367387e-09,0,-1
user_10002,5,211500.0,144000.0,1.5219280905592771,0,1
user_10003,5,218700.0,147600.0,1.9219280891165822,0,1
user_10004,9,122850.0,32400.0,1.6577427207341087,1,1
user_10005,9,117450.0,7200.0,2.419381936990201,0,1
user_10006,4,208800.0,144000.0,1.4999999956719148,1,1
user_10007,10,126000.0,28800.0,1.760964041672901,0,1
user_10008,9,107550.0,10800.0,1.7527152732089246,0,1
user_10009,9,134550.0,21600.0,0.9864267244027574,0,1
user_1001,5,198900.0,154800.0,1.3709505901265835,0,1
user_10010,3,266400.0,234000.0,1.584962496393071,0,1
user_10011,1,86400.0,86400.0,0.0,0,1
user_10012,6,151200.0,61200.0,1.9182958282837093,0,1
user_10013,6,164880.0,115200.0,1.792481244589798,0,1
user_10014,5,204300.0,97200.0,1.3709505901265835,1,1
user_10015,30,0.19789510344827582,0.107138,2.719368821994976,0,-1
user_10016,3,212400.0,176400.0,1.584962496393071,0,1
user_10017,2,244800.0,244800.0,0.99999999711461,0,1
user_10018,8,131142.85714285713,25200.0,1.4056390579014812,0,1
user_10019,7,141000.0,3600.0,1.3787834891580906,0,1
user_1002,6,159120.0,61200.0,1.4591479126991596,1,1
user_10020,6,174960.0,46800.0,1.2516291630597378,1,1
user_10021,46,0.20031862222222227,0.124457,2.7753088932426797,0,1
user_10022,6,177840.0,57600.0,1.792481244589798,0,1
user_10023,5,214200.0,147600.0,1.5219280905592771,1,1
user_10024,6,172080.0,100800.0,1.584962496393071,0,1
user_10025,8,137314.2857142857,57600.0,1.74999999422922,1,1
user_10026,7,162600.0,39600.0,1.5566567031347378,0,1
user_10027,1,86400.0,86400.0,0.0,0,1
user_10028,9,118800.0,3600.0,1.3516441108253072,0,1
user_10029,4,195600.0,144000.0,0.8112781215737428,0,1
user_1003,1,86400.0,86400.0,0.0,0,1
user_10030,4,241200.0,198000.0,1.4999999956719148,0,1
user_10031,5,195300.0,129600.0,0.7219280920019722,0,1
user_10032,5,204300.0,108000.0,1.3709505901265835,0,1
user_10033,9,124200.0,39600.0,2.5032583261194756,0,1
user_10034,3,257400.0,244800.0,0.9182958311690995,0,1
user_10035,3,226800.0,226800.0,1.584962496393071,0,1
user_10036,4,230400.0,176400.0,-1.4426951595367387e-09,0,-1
user_10037,72,0.1995675633802817,0.11265,2.775470561453505,0,-1
user_10038,8,124457.14285714286,28800.0,2.155639055016091,0,1
user_10039,3,246600.0,234000.0,1.584962496393071,0,1
user_1004,2,223200.0,223200.0,0.99999999711461,0,1
user_10040,8,128571.42857142857,36000.0,1.4056390579014812,0,1
user_10041,2,237600.0,237600.0,-1.4426951595367387e-09,1,-1
user_10042,8,130114.28571428571,3600.0,2.155639055016091,1,1
user_10043,8,147600.0,54000.0,1.9999999927865248,1,1
user_10044,8,140400.0,72000.0,1.4056390579014812,0,1
user_10045,4,226800.0,183600.0,1.4999999956719148,0,1
user_10046,10,125600.0,7200.0,1.4854752928992492,0,1
user_10047,3,253800.0,216000.0,1.584962496393071,0,1
user_10048,5,203400.0,100800.0,1.5219280905592771,1,1
user_10049,7,152400.0,50400.0,1.8423709874063285,0,1
user_1005,5,198900.0,126000.0,1.9219280891165822,0,1
user_10050,2,248400.0,248400.0,-1.4426951595367387e-09,0,-1
user_10051,3,268200.0,248400.0,0.9182958311690995,0,1
user_10052,8,133714.2857142857,14400.0,1.5612781201310477,0,1
user_10053,4,228000.0,201600.0,1.9999999942292197,1,1
user_10054,2,298800.0,298800.0,0.99999999711461,0,-1
user_10055,9,131850.0,50400.0,1.8365916623381988,0,1
user_10056,9,128250.0,7200.0,2.058813883117726,0,1
user_10057,6,183600.0,100800.0,1.584962496393071,0,1
user_10058,4,217200.0,183600.0,1.4999999956719148,0,1
user_10059,9,108450.0,3600.0,1.3921472193364495,0,1
user_1006,9,133650.0,10800.0,1.9749374954311467,0,1
user_10060,2,284400.0,284400.0,0.99999999711461,0,-1
user_10061,7,177000.0,75600.0,0.863120565681241,0,1
user_10062,10,120000.0,32400.0,2.1709505872411934,0,1
user_10063,3,268200.0,241200.0,1.584962496393071,0,-1
user_10064,3,237600.0,194400.0,1.584962496393071,0,1
user_10065,10,111200.0,3600.0,1.5709505901265834,0,1
user_10066,5,171900.0,140400.0,1.9219280891165822,0,1
user_10067,10,112000.0,21600.0,1.8464393389002354,0,1
user_10068,1,86400.0,86400.0,0.0,0,1
user_10069,9,130950.0,28800.0,2.197159716210674,0,1
user_1007,8,126000.0,36000.0,1.9056390564587862,0,1
user_10070,6,173520.0,57600.0,1.9182958282837093,0,1
user_10071,5,203400.0,111600.0,1.9219280891165822,0,1
user_10072,6,172080.0,64800.0,1.4591479126991596,0,1
user_10073,4,231600.0,201600.0,0.8112781215737428,0,1
user_10074,5,191700.0,111600.0,0.7219280920019722,0,1
user_10075,9,105750.0,7200.0,1.3921472193364495,0,1
user_10076,8,142971.42857142858,36000.0,1.4056390579014812,1,1
user_10077,37,0.20087980555555557,0.117393,2.7010749784902273,0,1
user_10078,8,139885.7142857143,39600.0,2.155639055016091,0,1
user_10079,9,126000.0,18000.0,2.197159716210674,1,1
user_1008,5,198000.0,136800.0,0.9709505915692787,0,1
user_10080,4,223200.0,162000.0,1.4999999956719148,1,1
user_10081,3,257400.0,230400.0,1.584962496393071,0,1
user_10082,6,182160.0,68400.0,1.9182958282837093,0,1
user_10083,9,139950.0,36000.0,2.1132833270813998,1,1
user_10084,41,0.200160875,0.115712,2.6629748746398283,0,1
user_10085,3,225000.0,205200.0,0.9182958311690995,0,1
user_10086,40,0.200944,0.128885,2.6262234518928067,0,-1
user_10087,7,142800.0,43200.0,2.2359263434155574,0,1
user_10088,4,229200.0,187200.0,1.4999999956719148,0,1
user_10089,2,291600.0,291600.0,-1.4426951595367387e-09,0,-1
user_1009,7,145200.0,46800.0,1.8423709874063285,0,1
user_10090,1,86400.0,86400.0,0.0,0,1
user_10091,48,0.20027576595744676,0.119638,2.739686371871631,0,1
user_10092,2,244800.0,244800.0,0.99999999711461,1,1
user_10093,9,122850.0,3600.0,2.5032583261194756,0,1
user_10094,7,151200.0,57600.0,1.8423709874063285,0,1
user_10095,5,204300.0,151200.0,1.3709505901265835,0,1
user_10096,9,126000.0,7200.0,1.446616661857428,0,1
user_10097,5,209700.0,162000.0,1.3709505901265835,1,1
user_10098,6,175680.0,82800.0,1.4591479126991596,0,1
user_10099,8,135257.14285714287,14400.0,1.4999999956719148,0,1
user_101,6,184320.0,104400.0,2.2516291601743474,0,1
user_1010,9,120600.0,18000.0,2.1132833270813998,1,1
user_10100,10,108000.0,18000.0,2.1219280876738873,1,1
user_10101,4,201600.0,158400.0,0.8112781215737428,0,1
user_10102,2,234000.0,234000.0,0.99999999711461,0,1
user_10103,2,248400.0,248400.0,0.99999999711461,0,1
user_10104,2,237600.0,237600.0,0.99999999711461,0,1
user_10105,5,216000.0,140400.0,1.9219280891165822,0,1
user_10106,6,167760.0,68400.0,2.2516291601743474,0,1
user_10107,1,86400.0,86400.0,0.0,0,1
user_10108,2,237600.0,237600.0,0.99999999711461,0,1
user_10109,7,150600.0,14400.0,2.128085271677919,0,1
user_1011,9,113850.0,32400.0,1.6577427207341087,0,1
user_10110,1,86400.0,86400.0,0.0,1,1
user_10111,9,125550.0,3600.0,1.3921472193364495,0,1
user_10112,2,288000.0,288000.0,0.99999999711461,0,-1
user_10113,6,168480.0,100800.0,1.792481244589798,0,1
user_10114,7,153600.0,54000.0,1.8423709874063285,0,1
user_10115,7,158400.0,72000.0,1.1488348499528316,0,1
user_10116,67,0.20031581818181818,0.113193,2.7684433908207686,0,1
user_10117,8,136285.7142857143,72000.0,1.8112781186883526,1,1
user_10118,2,284400.0,284400.0,0.99999999711461,0,-1
user_10119,5,205200.0,158400.0,1.9219280891165822,0,1
user_1012,6,162720.0,50400.0,2.2516291601743474,0,1
user_10120,10,106800.0,7200.0,1.8464393389002354,0,1
user_10121,9,125550.0,14400.0,1.6577427207341087,1,1
user_10122,2,295200.0,295200.0,-1.4426951595367387e-09,0,-1
user_10123,9,113400.0,18000.0,1.3516441108253072,0,1
user_10124,6,180000.0,64800.0,0.99999999711461,0,1
user_10125,3,261000.0,255600.0,-1.4426951595367387e-09,0,-1
user_10126,4,222000.0,154800.0,0.99999999711461,0,1
user_10127,1,86400.0,86400.0,0.0,1,1
user_10128,9,116100.0,14400.0,1.9749374954311467,0,1
user_10129,2,270000.0,270000.0,0.99999999711461,0,1
user_1013,9,117450.0,18000.0,1.224394441077901,0,1
user_10130,6,185040.0,126000.0,0.9182958311690995,0,1
user_10131,3,259200.0,234000.0,1.584962496393071,0,1
user_10132,28,0.20122748148148148,0.129701,2.7404155197827667,0,1
user_10133,36,0.19852720000000001,0.117592,2.7121359391847344,0,1
user_10134,2,295200.0,295200.0,-1.4426951595367387e-09,0,-1
user_10135,1,86400.0,86400.0,0.0,0,1
user_10136,9,129600.0,10800.0,1.8910611063018725,0,1
user_10137,4,210000.0,133200.0,1.4999999956719148,0,1
user_10138,2,262800.0,262800.0,-1.4426951595367387e-09,0,-1
user_10139,10,103600.0,21600.0,2.1709505872411934,0,1
user_1014,1,86400.0,86400.0,0.0,0,1
user_10140,5,167400.0,90000.0,1.5219280905592771,0,1
user_10141,10,110800.0,10800.0,1.6854752914565543,0,1
user_10142,5,189900.0,147600.0,1.5219280905592771,0,1
user_10143,10,108400.0,25200.0,1.360964043115596,0,1
user_10144,9,135900.0,7200.0,1.224394441077901,1,1
user_10145,64,0.20116412698412695,0.105175,2.706613258668458,0,-1
user_10146,9,126450.0,21600.0,2.5032583261194756,0,1
user_10147,68,0.1994445223880597,0.110351,2.7544960342639384,0,-1
user_10148,4,222000.0,187200.0,1.9999999942292197,0,1
user_10149,6,181440.0,68400.0,1.9182958282837093,0,1
user_1015,1,86400.0,86400.0,0.0,0,1
user_10150,53,0.19911801923076927,0.122438,2.722145429145992,0,1
user_10151,7,154200.0,50400.0,1.4488156313970995,0,1
user_10152,2,234000.0,234000.0,0.99999999711461,1,1
user_10153,34,0.20038687878787878,0.127003,2.759950245570084,0,1
user_10154,2,234000.0,234000.0,-1.4426951595367387e-09,0,-1
user_10155,4,228000.0,180000.0,0.8112781215737428,0,1
user_10156,1,86400.0,86400.0,0.0,0,1
user_10157,9,127800.0,14400.0,1.4355204999545814,1,1
user_10158,3,241200.0,201600.0,0.9182958311690995,0,1
user_10159,10,118000.0,10800.0,2.1219280876738873,0,1
user_1016,4,218400.0,187200.0,1.4999999956719148,0,1
user_10160,9,118350.0,36000.0,2.197159716210674,0,1
user_10161,5,192600.0,126000.0,1.9219280891165822,0,1
user_10162,6,183600.0,93600.0,1.792481244589798,0,1
user_10163,6,167760.0,79200.0,1.584962496393071,0,1
user_10164,5,177300.0,133200.0,1.5219280905592771,1,1
user_10165,4,214800.0,151200.0,0.8112781215737428,0,1
user_10166,3,257400.0,226800.0,0.9182958311690995,0,1
user_10167,6,164160.0,90000.0,0.99999999711461,0,1
user_10168,36,0.2004084285714286,0.14211,2.758459882645297,0,-1
user_10169,5,192600.0,118800.0,1.3709505901265835,0,1
user_1017,10,116800.0,10800.0,1.5709505886838886,0,1
user_10170,9,129600.0,32400.0,1.7527152732089246,0,1
user_10171,10,119600.0,28800.0,2.1709505872411934,0,1
user_10172,30,0.19923944827586207,0.115348,2.765596220258737,0,1
user_10173,10,116400.0,18000.0,1.760964041672901,0,1
user_10174,37,0.19898702777777777,0.130344,2.6750090984809676,0,1
user_10175,9,119700.0,14400.0,1.5304930524293974,0,1
user_10176,1,86400.0,86400.0,0.0,0,1
user_10177,29,0.20213367857142855,0.103014,2.719497797752724,0,-1
user_10178,1,86400.0,86400.0,0.0,0,1
user_10179,53,0.20002138461538463,0.109406,2.70582628692802,0,1
user_1018,8,139885.7142857143,14400.0,1.2987949363673135,0,1
user_10180,7,144000.0,61200.0,1.664497773429681,0,1
user_10181,5,185400.0,97200.0,1.3709505901265835,1,1
user_10182,7,171000.0,75600.0,1.5566567031347378,0,1
user_10183,7,151800.0,46800.0,1.1488348499528316,0,1
user_10184,8,137828.57142857142,28800.0,1.9056390564587862,0,1
user_10185,6,187200.0,90000.0,1.4591479126991596,0,1
user_10186,9,131850.0,36000.0,2.058813883117726,0,1
user_10187,7,161400.0,43200.0,2.2359263434155574,0,1
user_10188,2,255600.0,255600.0,0.99999999711461,0,1
user_10189,6,173520.0,61200.0,1.9182958282837093,1,1
user_1019,4,213600.0,190800.0,1.4999999956719148,0,1
user_10190,8,146571.42857142858,39600.0,1.9999999927865248,1,1
user_10191,4,195600.0,154800.0,1.4999999956719148,1,1
user_10192,1,86400.0,86400.0,0.0,0,1
user_10193,5,189900.0,104400.0,1.5219280905592771,0,1
user_10194,8,135257.14285714287,54000.0,1.74999999422922,0,1
user_10195,48,0.20078365957446806,0.110116,2.6485257106662004,0,1
user_10196,3,219600.0,201600.0,0.9182958311690995,0,1
user_10197,3,217800.0,187200.0,0.9182958311690995,0,1
user_10198,3,241200.0,198000.0,0.9182958311690995,0,1
user_10199,9,130500.0,25200.0,1.3516441108253072,0,1
user_102,4,232800.0,205200.0,0.8112781215737428,0,1
user_1020,45,0.19975925000000003,0.133586,2.671694831610233,0,-1
user_10200,9,117450.0,10800.0,0.9910760569528321,0,1
user_10201,43,0.20009330952380958,0.130631,2.6323353146632877,0,-1
user_10202,10,99200.0,10800.0,2.1709505872411934,0,1
user_10203,10,123200.0,7200.0,1.360964043115596,1,1
user_10204,2,298800.0,298800.0,-1.4426951595367387e-09,0,-1
user_10205,5,199800.0,111600.0,1.3709505901265835,0,1
user_10206,10,119200.0,39600.0,1.7219280891165822,0,1
user_10207,1,86400.0,86400.0,0.0,0,1
user_10208,1,86400.0,86400.0,0.0,0,1
user_10209,33,0.20153896875,0.107317,2.6828135216263416,0,-1
user_1021,3,246600.0,223200.0,0.9182958311690995,0,1
user_10210,10,136000.0,57600.0,1.8464393389002354,0,1
user_10211,58,0.20036350877192982,0.135068,2.704261738713036,0,-1
user_10212,1,86400.0,86400.0,0.0,0,1
user_10213,1,86400.0,86400.0,0.0,0,1
user_10214,8,139371.42857142858,64800.0,1.061278120131048,0,1
user_10215,2,270000.0,270000.0,0.99999999711461,0,1
user_10216,7,156000.0,54000.0,1.8423709874063285,0,1
user_10217,3,262800.0,230400.0,1.584962496393071,0,1
user_10218,1,86400.0,86400.0,0.0,0,1
user_10219,4,186000.0,133200.0,1.4999999956719148,0,1
user_1022,5,197100.0,126000.0,1.5219280905592771,0,1
user_10220,10,105600.0,7200.0,2.1709505872411934,0,1
user_10221,4,230400.0,190800.0,1.9999999942292197,0,1
user_10222,6,170640.0,72000.0,1.2516291630597378,0,1
user_10223,6,195840.0,122400.0,1.2516291630597378,0,1
user_10224,4,234000.0,205200.0,0.99999999711461,0,1
user_10225,4,205200.0,162000.0,0.99999999711461,0,1
user_10226,6,157680.0,64800.0,1.4591479126991596,0,1
user_10227,6,181440.0,86400.0,1.4591479126991596,0,1
user_10228,9,113400.0,3600.0,1.8365916623381988,0,1
user_10229,6,192240.0,100800.0,2.2516291601743474,0,1
user_1023,9,104400.0,7200.0,2.419381936990201,0,1
user_10230,7,157800.0,36000.0,1.4488156313970995,0,1
user_10231,2,234000.0,234000.0,0.99999999711461,0,1
user_10232,6,162720.0,90000.0,0.99999999711461,0,1
user_10233,2,252000.0,252000.0,0.99999999711461,0,1
user_10234,7,157200.0,64800.0,2.2359263434155574,0,1
user_10235,7,154200.0,72000.0,1.3787834891580906,0,1
user_10236,10,113200.0,14400.0,1.960964040230206,0,1
user_10237,5,190800.0,126000.0,1.9219280891165822,0,1
user_10238,2,223200.0,223200.0,-1.4426951595367387e-09,0,-1
user_10239,1,86400.0,86400.0,0.0,0,1
user_1024,3,207000.0,180000.0,-1.4426951595367387e-09,0,-1
user_10240,68,0.20020876119402986,0.102049,2.7906143657891795,0,-1
user_10241,10,108000.0,3600.0,1.6854752914565543,0,1
user_10242,1,86400.0,86400.0,0.0,0,1
user_10243,5,190800.0,136800.0,1.9219280891165822,0,1
user_10244,39,0.19824299999999997,0.106291,2.617732977550364,0,-1
user_10245,7,142200.0,21600.0,1.950212059143967,0,1
user_10246,42,0.1992000487804878,0.121933,2.6363982231119323,0,1
user_10247,2,234000.0,234000.0,0.99999999711461,0,1
user_10248,63,0.20067654838709678,0.105349,2.7207867311680123,0,-1
user_10249,7,153000.0,10800.0,0.5916727756969373,0,1
user_1025,5,187200.0,108000.0,1.9219280891165822,0,1
user_10250,7,133800.0,39600.0,1.8423709874063285,0,1
user_10251,7,154200.0,32400.0,1.664497773429681,0,1
user_10252,9,117900.0,21600.0,1.7527152732089246,0,1
user_10253,4,214800.0,169200.0,0.8112781215737428,0,1
user_10254,2,252000.0,252000.0,0.99999999711461,0,1
user_10255,6,178560.0,64800.0,1.2516291630597378,0,1
user_10256,5,182700.0,100800.0,1.5219280905592771,0,1
user_10257,3,223200.0,201600.0,0.9182958311690995,0,1
user_10258,5,187200.0,140400.0,1.5219280905592771,0,1
user_10259,4,211200.0,140400.0,1.4999999956719148,0,1
user_1026,1,86400.0,86400.0,0.0,0,1
user_10260,7,137400.0,75600.0,1.664497773429681,1,1
user_10261,10,111200.0,7200.0,2.1709505872411934,0,1
user_10262,1,86400.0,86400.0,0.0,0,1
user_10263,1,86400.0,86400.0,0.0,0,1
user_10264,8,138342.85714285713,57600.0,1.74999999422922,1,1
user_10265,7,141000.0,43200.0,1.664497773429681,1,1
user_10266,1,86400.0,86400.0,0.0,0,1
user_10267,5,204300.0,144000.0,1.5219280905592771,0,1
user_10268,76,0.20068655999999999,0.112073,2.794607130498926,0,-1
user_10269,47,0.20051228260869564,0.120911,2.7162890454881836,0,1
user_1027,6,175680.0,93600.0,2.584962492064986,0,1
user_10270,1,86400.0,86400.0,0.0,1,1
user_10271,5,188100.0,133200.0,1.9219280891165822,1,1
user_10272,3,241200.0,183600.0,0.9182958311690995,0,1
user_10273,2,284400.0,284400.0,0.99999999711461,0,-1
user_10274,5,204300.0,154800.0,0.7219280920019722,0,1
user_10275,5,211500.0,151200.0,0.7219280920019722,0,1
user_10276,43,0.2004410476190476,0.102683,2.7662521769845396,0,-1
user_10277,10,127200.0,28800.0,1.960964040230206,0,1
user_10278,9,128250.0,10800.0,2.5032583261194756,0,1
user_10279,10,108400.0,14400.0,1.7219280891165822,0,1
user_1028,2,237600.0,237600.0,0.99999999711461,0,1
user_10280,48,0.2007620212765958,0.134203,2.724483971688823,0,-1
user_10281,10,120400.0,10800.0,0.9709505915692787,0,1
user_10282,9,119250.0,18000.0,2.197159716210674,1,1
user_10283,9,124200.0,39600.0,1.446616661857428,0,1
user_10284,5,177300.0,90000.0,1.3709505901265835,0,1
user_10285,6,172080.0,68400.0,1.792481244589798,1,1
user_10286,2,270000.0,270000.0,0.99999999711461,0,1
user_10287,10,114800.0,10800.0,2.1219280876738873,0,1
user_10288,1,86400.0,86400.0,0.0,0,1
user_10289,1,86400.0,86400.0,0.0,0,1
user_1029,4,207600.0,176400.0,0.8112781215737428,0,1
user_10290,3,226800.0,226800.0,1.584962496393071,0,1
user_10291,8,147085.7142857143,50400.0,0.99999999711461,0,1
user_10292,7,163200.0,50400.0,1.8423709874063285,0,1
user_10293,35,0.19862938235294117,0.136367,2.5207051526845734,0,-1
user_10294,7,156000.0,57600.0,1.8423709874063285,0,1
user_10295,9,130950.0,46800.0,1.7527152732089246,0,1
user_10296,5,177300.0,140400.0,2.321928087673887,1,1
user_10297,6,177120.0,100800.0,1.2516291630597378,0,1
user_10298,7,158400.0,18000.0,2.2359263434155574,0,1
user_10299,38,0.20088508108108105,0.129441,2.609642151014957,0,-1
user_103,10,110800.0,21600.0,1.8464393389002354,0,1
user_1030,5,175500.0,108000.0,1.9219280891165822,0,1
user_10300,3,216000.0,187200.0,0.9182958311690995,0,1
user_10301,3,219600.0,216000.0,0.9182958311690995,0,1
user_10302,8,145028.57142857142,43200.0,1.9056390564587862,0,1
user_10303,1,86400.0,86400.0,0.0,0,1
user_10304,1,86400.0,86400.0,0.0,0,1
user_10305,4,219600.0,190800.0,1.4999999956719148,0,1
user_10306,7,133200.0,72000.0,1.8423709874063285,0,1
user_10307,8,137828.57142857142,3600.0,1.2987949363673135,1,1
user_10308,4,205200.0,144000.0,1.4999999956719148,1,1
user_10309,9,131400.0,36000.0,1.5304930524293974,0,1
user_1031,1,86400.0,86400.0,0.0,0,1
user_10310,9,129600.0,25200.0,2.281036105339948,0,1
user_10311,4,218400.0,158400.0,1.4999999956719148,0,1
user_10312,51,0.20026634000000001,0.114121,2.6433368459749964,0,1
user_10313,1,86400.0,86400.0,0.0,0,1
user_10314,3,243000.0,223200.0,1.584962496393071,1,1
user_10315,9,125100.0,14400.0,1.3516441108253072,0,1
user_10316,1,86400.0,86400.0,0.0,0,1
user_10317,7,144000.0,25200.0,2.2359263434155574,0,1
user_10318,72,0.2004578450704225,0.11083,2.742319189233763,0,-1
user_10319,4,217200.0,187200.0,1.9999999942292197,0,1
user_1032,4,236400.0,205200.0,-1.4426951595367387e-09,0,-1
user_10320,10,104400.0,7200.0,1.6854752914565543,0,1
user_10321,4,194400.0,144000.0,1.4999999956719148,0,1
user_10322,64,0.2003621746031746,0.115516,2.769653750176574,0,1
user_10323,4,211200.0,183600.0,1.4999999956719148,0,1
user_10324,5,185400.0,97200.0,1.9219280891165822,0,1
user_10325,8,133200.0,28800.0,1.061278120131048,0,1
user_10326,7,148800.0,3600.0,1.8423709874063285,0,1
user_10327,8,134228.57142857142,28800.0,1.4056390579014812,0,1
user_10328,4,226800.0,183600.0,1.4999999956719148,0,1
user_10329,7,154800.0,21600.0,2.128085271677919,0,1
user_1033,8,121885.71428571429,21600.0,1.9999999942292197,0,1
user_10330,9,137700.0,61200.0,1.3516441108253072,0,1
user_10331,9,132750.0,25200.0,1.3516441108253072,0,1
user_10332,4,231600.0,201600.0,1.4999999956719148,0,1
user_10333,8,127028.57142857143,75600.0,1.5487949349246184,0,1
user_10334,9,120150.0,7200.0,1.6577427207341087,0,1
user_10335,9,129600.0,46800.0,2.419381936990201,1,1
user_10336,10,118400.0,32400.0,1.8464393389002354,0,1
user_10337,3,230400.0,198000.0,1.584962496393071,0,1
user_10338,5,179100.0,111600.0,2.321928087673887,0,1
user_10339,49,0.19960439583333334,0.118827,2.7578233662738545,0,1
user_1034,9,120150.0,7200.0,1.224394441077901,0,1
user_10340,76,0.19991334666666669,0.118585,2.770581663004589,0,-1
user_10341,9,121050.0,18000.0,1.446616661857428,0,1
user_10342,5,175500.0,115200.0,1.9219280891165822,0,1
user_10343,6,163440.0,61200.0,2.2516291601743474,1,1
user_10344,1,86400.0,86400.0,0.0,0,1
user_10345,1,86400.0,86400.0,0.0,0,1
user_10346,7,160200.0,43200.0,1.3787834891580906,0,1
user_10347,2,237600.0,237600.0,-1.4426951595367387e-09,0,-1
user_10348,5,191700.0,100800.0,1.3709505901265835,0,1
user_10349,5,183600.0,133200.0,2.321928087673887,0,1
user_1035,77,0.19893975,0.111315,2.75142187290999,0,-1
user_10350,7,141000.0,46800.0,1.8423709874063285,0,1
user_10351,6,185040.0,108000.0,1.792481244589798,0,1
user_10352,9,118350.0,7200.0,1.6577427207341087,0,1
user_10353,10,126800.0,32400.0,2.6464393345721504,0,1
user_10354,7,142200.0,25200.0,2.521640627687148,0,1
user_10355,1,86400.0,86400.0,0.0,0,1
user_10356,8,139371.42857142858,61200.0,2.249999992786525,0,1
user_10357,9,125550.0,18000.0,1.7527152732089246,0,1
user_10358,2,298800.0,298800.0,0.99999999711461,0,-1
user_10359,2,234000.0,234000.0,0.99999999711461,0,1
user_1036,1,86400.0,86400.0,0.0,0,1
user_10360,3,244800.0,190800.0,1.584962496393071,0,1
user_10361,1,86400.0,86400.0,0.0,1,1
user_10362,10,122800.0,28800.0,1.760964041672901,0,1
user_10363,3,264600.0,241200.0,0.9182958311690995,1,1
user_10364,10,101200.0,21600.0,1.7219280891165822,0,1
user_10365,10,136000.0,46800.0,1.960964040230206,1,1
user_10366,2,223200.0,223200.0,0.99999999711461,0,1
user_10367,3,226800.0,216000.0,1.584962496393071,1,1
user_10368,10,128000.0,10800.0,1.7219280891165822,0,1
user_10369,2,288000.0,288000.0,0.99999999711461,0,-1
user_1037,4,211200.0,158400.0,0.8112781215737428,0,1
user_10370,60,0.20020872881355933,0.126359,2.7850217726564592,0,-1
user_10371,2,273600.0,273600.0,0.99999999711461,0,1
user_10372,7,151200.0,50400.0,1.950212059143967,0,1
user_10373,10,102800.0,14400.0,1.2954618399102367,1,1
user_10374,7,151200.0,39600.0,1.3787834891580906,0,1
user_10375,4,198000.0,154800.0,0.99999999711461,0,1
user_10376,4,211200.0,165600.0,1.9999999942292197,1,1
user_10377,8,127542.85714285714,39600.0,1.9056390564587862,0,1
user_10378,7,149400.0,28800.0,2.128085271677919,0,1
user_10379,7,154200.0,72000.0,2.128085271677919,0,1
user_1038,5,200700.0,133200.0,1.9219280891165822,0,1
user_10380,9,119700.0,46800.0,1.3516441108253072,0,1
user_10381,7,157800.0,7200.0,0.863120565681241,0,1
user_10382,10,118400.0,7200.0,1.760964041672901,0,1
user_10383,58,0.19971663157894734,0.117278,2.781827597748485,0,1
user_10384,8,135771.42857142858,10800.0,1.74999999422922,0,1
user_10385,7,147600.0,39600.0,1.8423709874063285,1,1
user_10386,8,140914.2857142857,46800.0,0.8112781215737428,0,1
user_10387,8,143485.7142857143,10800.0,1.8112781186883526,0,1
user_10388,6,190080.0,93600.0,2.2516291601743474,1,1
user_10389,1,86400.0,86400.0,0.0,0,1
user_1039,9,119700.0,18000.0,1.8910611063018725,0,1
user_10390,9,131850.0,28800.0,1.3516441108253072,0,1
user_10391,32,0.20262300000000003,0.130649,2.597788571048733,0,-1
user_10392,78,0.2000278181818182,0.135134,2.770680853589955,0,-1
user_10393,6,187200.0,100800.0,1.792481244589798,0,1
user_10394,2,252000.0,252000.0,0.99999999711461,0,1
user_10395,4,230400.0,201600.0,0.8112781215737428,0,1
user_10396,4,212400.0,183600.0,1.4999999956719148,0,1
user_10397,6,155520.0,46800.0,1.9182958282837093,0,1
user_10398,3,243000.0,190800.0,0.9182958311690995,0,1
user_10399,5,211500.0,140400.0,1.3709505901265835,0,1
user_104,4,243600.0,212400.0,0.99999999711461,1,1
user_1040,35,0.20151820588235295,0.125505,2.697299707452851,0,-1
user_10400,27,0.20071034615384617,0.123103,2.6295512703885233,0,1
user_10401,6,163440.0,64800.0,0.6500224187629642,0,1
user_10402,4,202800.0,183600.0,1.4999999956719148,0,1
user_10403,78,0.1998963896103896,0.102295,2.7949840370190167,0,-1
user_10404,7,157800.0,54000.0,1.664497773429681,0,1
user_10405,4,195600.0,158400.0,1.9999999942292197,0,1
user_10406,4,226800.0,208800.0,1.4999999956719148,0,1
user_10407,4,224400.0,180000.0,1.4999999956719148,0,1
user_10408,10,105200.0,14400.0,1.7709505872411937,0,1
user_10409,7,151200.0,21600.0,1.5566567031347378,0,1
user_1041,26,0.19764384,0.133133,2.43841109744133,0,-1
user_10410,52,0.1985710980392157,0.116674,2.656798821560304,0,-1
user_10411,4,225600.0,194400.0,1.9999999942292197,0,1
user_10412,5,214200.0,144000.0,1.5219280905592771,1,1
user_10413,78,0.20033259740259737,0.108291,2.7719206853407994,0,-1
user_10414,6,167760.0,93600.0,1.792481244589798,0,1
user_10415,43,0.19805892857142857,0.115439,2.6931707103550515,0,-1
user_10416,5,206100.0,140400.0,1.3709505901265835,0,1
user_10417,3,228600.0,201600.0,0.9182958311690995,0,1
user_10418,7,141600.0,21600.0,2.128085271677919,0,1
user_10419,3,228600.0,216000.0,1.584962496393071,0,1
user_1042,4,223200.0,180000.0,0.8112781215737428,0,1
user_10420,3,207000.0,176400.0,0.9182958311690995,0,1
user_10421,6,172080.0,79200.0,1.4591479126991596,0,1
user_10422,8,144000.0,36000.0,2.155639055016091,0,1
user_10423,7,159000.0,10800.0,2.2359263434155574,0,1
user_10424,8,138342.85714285713,28800.0,1.4056390579014812,0,1
user_10425,6,169920.0,111600.0,1.9182958282837093,0,1
user_10426,1,86400.0,86400.0,0.0,0,1
user_10427,2,273600.0,273600.0,0.99999999711461,0,1
user_10428,9,136800.0,36000.0,2.197159716210674,1,1
user_10429,7,160200.0,36000.0,2.2359263434155574,0,1
user_1043,5,199800.0,111600.0,1.9219280891165822,0,1
user_10430,26,0.20094788000000002,0.130775,2.516943558209269,0,-1
user_10431,8,150171.42857142858,21600.0,1.5612781201310477,0,1
user_10432,9,120600.0,32400.0,1.8910611063018725,0,1
user_10433,2,270000.0,270000.0,0.99999999711461,0,1
user_10434,3,210600.0,201600.0,0.9182958311690995,0,1
user_10435,9,128250.0,18000.0,1.5304930524293974,0,1
user_10436,3,246600.0,230400.0,0.9182958311690995,0,1
user_10437,4,235200.0,201600.0,0.8112781215737428,1,1
user_10438,79,0.2008665,0.105588,2.7422601171949403,0,-1
user_10439,1,86400.0,86400.0,0.0,0,1
user_1044,5,202500.0,118800.0,1.5219280905592771,0,1
user_10440,3,217800.0,205200.0,0.9182958311690995,0,1
user_10441,6,173520.0,82800.0,2.2516291601743474,1,1
user_10442,6,175680.0,100800.0,1.4591479126991596,1,1
user_10443,10,122400.0,10800.0,1.5709505886838886,0,1
user_10444,10,112400.0,3600.0,1.5709505886838886,0,1
user_10445,6,195840.0,108000.0,1.9182958282837093,1,1
user_10446,4,200400.0,162000.0,1.4999999956719148,0,1
user_10447,32,0.1991984193548387,0.109774,2.5703560535931835,0,-1
user_10448,1,86400.0,86400.0,0.0,0,1
user_10449,3,257400.0,219600.0,-1.4426951595367387e-09,0,-1
user_1045,2,277200.0,277200.0,0.99999999711461,0,1
user_10450,33,0.20105656249999998,0.111132,2.72983227872614,0,1
user_10451,59,0.1992893103448276,0.121062,2.6878609269988405,0,1
user_10452,4,206400.0,151200.0,0.8112781215737428,0,1
user_10453,5,177300.0,111600.0,1.9219280891165822,0,1
user_10454,10,104800.0,3600.0,1.960964040230206,0,1
user_10455,8,122400.0,36000.0,1.8112781186883526,0,1
user_10456,1,86400.0,86400.0,0.0,0,1
user_10457,2,288000.0,288000.0,-1.4426951595367387e-09,1,-1
user_10458,4,212400.0,176400.0,0.99999999711461,0,1
user_10459,9,137250.0,28800.0,2.1132833270813998,0,1
user_1046,10,112400.0,10800.0,1.9219280891165822,1,1
user_10460,4,228000.0,208800.0,1.9999999942292197,0,1
user_10461,78,0.20015975324675325,0.106117,2.7556051196613307,0,-1
user_10462,6,188640.0,90000.0,1.2516291630597378,0,1
user_10463,3,244800.0,237600.0,1.584962496393071,0,1
user_10464,9,134550.0,39600.0,2.058813883117726,0,1
user_10465,9,130050.0,50400.0,2.419381936990201,0,1
user_10466,9,123750.0,7200.0,1.3921472193364495,0,1
user_10467,1,86400.0,86400.0,0.0,0,1
user_10468,36,0.1993012,0.113574,2.7813088557312082,0,1
user_10469,10,98400.0,3600.0,1.760964041672901,1,1
user_1047,8,132685.7142857143,18000.0,1.8112781186883526,0,1
user_10470,9,130950.0,21600.0,2.419381936990201,0,1
user_10471,1,86400.0,86400.0,0.0,0,1
user_10472,9,120600.0,3600.0,2.058813883117726,1,1
user_10473,10,123600.0,36000.0,2.321928086231192,0,1
user_10474,5,188100.0,111600.0,1.9219280891165822,0,1
user_10475,2,259200.0,259200.0,-1.4426951595367387e-09,0,-1
user_10476,79,0.20079144871794868,0.119579,2.7685266503231447,0,-1
user_10477,57,0.20174162499999998,0.116175,2.6985547981160862,0,-1
user_10478,7,147000.0,43200.0,1.8423709874063285,0,1
user_10479,3,214200.0,183600.0,1.584962496393071,0,1
user_1048,1,86400.0,86400.0,0.0,0,1
user_10480,6,177840.0,100800.0,1.4591479126991596,1,1
user_10481,9,125100.0,7200.0,2.058813883117726,0,1
user_10482,6,172800.0,111600.0,1.2516291630597378,1,1
user_10483,5,198900.0,158400.0,0.7219280920019722,0,1
user_10484,10,117600.0,3600.0,2.1219280876738873,1,1
user_10485,35,0.1998714411764706,0.111251,2.7381234505115017,0,1
user_10486,9,121500.0,3600.0,1.7527152732089246,0,1
user_10487,7,136800.0,21600.0,1.8423709874063285,0,1
user_10488,3,244800.0,208800.0,1.584962496393071,0,1
user_10489,8,149142.85714285713,43200.0,1.4999999956719148,0,1
user_1049,36,0.19939157142857145,0.104084,2.683173783769231,0,-1
user_10490,5,212400.0,158400.0,1.3709505901265835,0,1
user_10491,8,132685.7142857143,10800.0,1.4056390579014812,0,1
user_10492,3,230400.0,223200.0,0.9182958311690995,0,1
user_10493,8,133200.0,10800.0,1.4056390579014812,0,1
user_10494,9,140400.0,18000.0,2.197159716210674,0,1
user_10495,9,125550.0,39600.0,1.224394441077901,0,1
user_10496,2,259200.0,259200.0,-1.4426951595367387e-09,0,-1
user_10497,1,86400.0,86400.0,0.0,0,1
user_10498,3,225000.0,219600.0,0.9182958311690995,1,1
user_10499,3,261000.0,252000.0,0.9182958311690995,1,1
user_105,4,220800.0,176400.0,1.4999999956719148,0,1
user_1050,8,133200.0,7200.0,1.4056390579014812,0,1
user_10500,3,217800.0,180000.0,1.584962496393071,0,1
user_10501,72,0.20069447887323943,0.119346,2.7338719811889405,0,-1
user_10502,10,103200.0,7200.0,2.3709505857984983,0,1
user_10503,6,179280.0,100800.0,1.9182958282837093,0,1
user_10504,6,177120.0,90000.0,1.584962496393071,0,1
user_10505,10,120000.0,39600.0,1.5709505901265834,0,1
user_10506,10,119200.0,21600.0,1.6854752914565543,0,1
user_10507,7,144000.0,46800.0,1.8423709874063285,0,1
user_10508,5,192600.0,165600.0,1.9219280891165822,0,1
user_10509,10,118400.0,46800.0,1.8464393389002354,0,1
user_1051,5,190800.0,122400.0,1.9219280891165822,0,1
user_10510,53,0.20002671153846155,0.12511,2.7969380118961413,0,-1
user_10511,3,217800.0,187200.0,0.9182958311690995,0,1
user_10512,1,86400.0,86400.0,0.0,0,1
user_10513,56,0.1988661636363636,0.115163,2.7482097553303166,0,1
user_10514,7,154800.0,64800.0,1.4488156313970995,0,1
user_10515,9,112500.0,7200.0,1.446616661857428,1,1
user_10516,7,159600.0,28800.0,1.1488348499528316,0,1
user_10517,5,209700.0,151200.0,1.5219280905592771,0,1
user_10518,6,180720.0,79200.0,2.2516291601743474,0,1
user_10519,3,205200.0,187200.0,0.9182958311690995,0,1
user_1052,43,0.20026235714285714,0.117897,2.725959304174053,0,1
user_10520,7,139200.0,50400.0,1.8423709874063285,0,1
user_10521,7,145800.0,21600.0,1.3787834891580906,0,1
user_10522,2,262800.0,262800.0,-1.4426951595367387e-09,0,-1
user_10523,1,86400.0,86400.0,0.0,0,1
user_10524,10,102400.0,3600.0,1.5709505886838886,0,1
user_10525,8,134228.57142857142,3600.0,1.74999999422922,0,1
user_10526,10,111200.0,43200.0,1.8954618384675417,0,1
user_10527,6,161280.0,100800.0,1.792481244589798,0,1
user_10528,3,223200.0,216000.0,0.9182958311690995,1,1
user_10529,10,108000.0,14400.0,1.2954618399102367,0,1
user_1053,6,180720.0,100800.0,1.792481244589798,0,1
user_10530,61,0.20089630000000003,0.123423,2.7240219098503027,0,1
user_10531,9,112950.0,7200.0,2.419381936990201,0,1
user_10532,20,0.198744,0.113237,2.684183709680324,0,-1
user_10533,8,153257.14285714287,21600.0,0.9544340000395749,0,1
user_10534,7,153600.0,75600.0,1.950212059143967,0,1
user_10535,6,167760.0,90000.0,1.792481244589798,0,1
user_10536,10,109600.0,3600.0,1.8464393389002354,0,1
user_10537,7,148800.0,18000.0,1.664497773429681,0,1
user_10538,8,130628.57142857143,39600.0,1.4056390579014812,1,1
user_10539,2,266400.0,266400.0,0.99999999711461,0,1
user_1054,3,261000.0,241200.0,1.584962496393071,0,1
user_10540,3,244800.0,219600.0,0.9182958311690995,0,1
user_10541,2,244800.0,244800.0,0.99999999711461,0,1
user_10542,6,176400.0,72000.0,0.6500224187629642,0,1
user_10543,2,244800.0,244800.0,0.99999999711461,1,1
user_10544,3,244800.0,226800.0,1.584962496393071,0,1
user_10545,3,225000.0,205200.0,1.584962496393071,0,1
user_10546,5,197100.0,133200.0,1.9219280891165822,0,1
user_10547,7,156600.0,39600.0,1.3787834891580906,0,1
user_10548,9,134550.0,36000.0,1.6577427207341087,0,1
user_10549,10,116400.0,3600.0,1.8464393389002354,0,1
user_1055,10,104800.0,18000.0,2.1219280876738873,0,1
user_10550,4,229200.0,147600.0,-1.4426951595367387e-09,0,-1
user_10551,6,163440.0,50400.0,1.2516291630597378,1,1
user_10552,6,168480.0,108000.0,1.2516291630597378,0,1
user_10553,3,244800.0,244800.0,1.584962496393071,0,1
user_10554,5,192600.0,100800.0,1.3709505901265835,0,1
user_10555,4,205200.0,140400.0,1.4999999956719148,0,1
user_10556,8,137828.57142857142,7200.0,1.74999999422922,0,1
user_10557,5,206100.0,126000.0,1.9219280891165822,0,1
user_10558,2,273600.0,273600.0,0.99999999711461,1,1
user_10559,10,116400.0,14400.0,1.9709505886838885,0,1
user_1056,5,205200.0,165600.0,2.321928087673887,1,-1
user_10560,3,235800.0,230400.0,1.584962496393071,0,1
user_10561,9,125550.0,14400.0,1.8910611063018725,0,1
user_10562,5,194400.0,165600.0,1.9219280891165822,0,1
user_10563,2,237600.0,237600.0,0.99999999711461,0,1
user_10564,60,0.19988215254237288,0.115698,2.782008281533392,0,1
user_10565,7,162600.0,25200.0,2.128085271677919,0,1
user_10566,3,232200.0,212400.0,1.584962496393071,0,1
user_10567,1,86400.0,86400.0,0.0,0,1
user_10568,8,144000.0,50400.0,1.8112781186883526,0,1
user_10569,2,234000.0,234000.0,0.99999999711461,0,1
user_1057,8,131657.14285714287,36000.0,2.155639055016091,0,1
user_10570,8,122400.0,18000.0,2.249999992786525,0,1
user_10571,8,123942.85714285714,7200.0,2.155639055016091,0,1
user_10572,4,211200.0,180000.0,1.9999999942292197,0,1
user_10573,5,212400.0,151200.0,1.3709505901265835,0,1
user_10574,7,153000.0,36000.0,1.8423709874063285,0,1
user_10575,56,0.20100550909090903,0.110685,2.7219233333603134,0,1
user_10576,10,120800.0,21600.0,1.7219280891165822,0,1
user_10577,2,298800.0,298800.0,-1.4426951595367387e-09,0,-1
user_10578,10,124800.0,7200.0,2.446439336014845,0,1
user_10579,2,230400.0,230400.0,-1.4426951595367387e-09,0,-1
user_1058,3,250200.0,201600.0,0.9182958311690995,0,1
user_10580,10,113600.0,3600.0,2.446439336014845,0,1
user_10581,2,255600.0,255600.0,0.99999999711461,0,1
user_10582,49,0.19997847916666667,0.124958,2.7219683589812154,0,1
user_10583,7,145800.0,14400.0,2.2359263434155574,0,1
user_10584,1,86400.0,86400.0,0.0,0,1
user_10585,10,112800.0,7200.0,2.1609640387875113,0,1
user_10586,5,211500.0,154800.0,1.3709505901265835,0,1
user_10587,38,0.20001954054054052,0.12189,2.657864756303399,0,1
user_10588,1,86400.0,86400.0,0.0,0,1
user_10589,71,0.2002163714285714,0.109989,2.7769130911583177,0,-1
user_1059,8,133200.0,21600.0,1.74999999422922,0,1
user_10590,8,131142.85714285713,25200.0,1.4056390579014812,0,1
user_10591,3,239400.0,237600.0,0.9182958311690995,0,1
user_10592,4,219600.0,205200.0,1.9999999942292197,0,1
user_10593,7,155400.0,79200.0,2.2359263434155574,0,1
user_10594,1,86400.0,86400.0,0.0,0,1
user_10595,2,230400.0,230400.0,0.99999999711461,0,1
user_10596,3,217800.0,194400.0,0.9182958311690995,0,1
user_10597,5,186300.0,122400.0,1.5219280905592771,0,1
user_10598,9,126450.0,21600.0,2.281036105339948,0,1
user_10599,6,168480.0,54000.0,1.792481244589798,0,1
user_106,64,0.20076031746031744,0.11816,2.7363457351145333,0,1
user_1060,10,108000.0,3600.0,2.321928086231192,1,1
user_10600,1,86400.0,86400.0,0.0,0,1
user_10601,10,110800.0,18000.0,2.1219280876738873,0,1
user_10602,8,151714.2857142857,75600.0,1.2987949363673135,0,1
user_10603,7,141000.0,25200.0,1.8423709874063285,0,1
user_10604,2,219600.0,219600.0,-1.4426951595367387e-09,1,-1
user_10605,1,86400.0,86400.0,0.0,0,1
user_10606,5,187200.0,111600.0,1.3709505901265835,0,1
user_10607,3,252000.0,248400.0,-1.4426951595367387e-09,0,-1
user_10608,6,157680.0,90000.0,1.9182958282837093,0,1
user_10609,75,0.20086944594594597,0.128211,2.7536569996516898,0,-1
user_1061,6,167760.0,57600.0,1.584962496393071,0,1
user_10610,27,0.20141661538461536,0.151909,2.7106856624382805,0,-1
user_10611,77,0.19953551315789472,0.106137,2.7793075531099074,0,-1
user_10612,44,0.1984419534883721,0.115535,2.7323820430375094,0,1
user_10613,3,259200.0,237600.0,1.584962496393071,0,1
user_10614,3,234000.0,194400.0,0.9182958311690995,0,1
user_10615,10,104800.0,10800.0,2.1709505872411934,0,1
user_10616,5,196200.0,144000.0,1.9219280891165822,0,1
user_10617,21,0.19996819999999998,0.113874,2.4294945117952746,0,-1
user_10618,9,143550.0,32400.0,1.5304930524293974,0,1
user_10619,5,198000.0,122400.0,1.3709505901265835,0,1
user_1062,4,217200.0,190800.0,0.8112781215737428,0,1
user_10620,1,86400.0,86400.0,0.0,0,1
user_10621,9,133650.0,25200.0,2.058813883117726,0,1
user_10622,8,140400.0,39600.0,1.74999999422922,0,1
user_10623,1,86400.0,86400.0,0.0,0,1
user_10624,2,295200.0,295200.0,0.99999999711461,1,-1
user_10625,3,223200.0,201600.0,0.9182958311690995,1,1
user_10626,5,190800.0,144000.0,1.3709505901265835,0,1
user_10627,7,176400.0,79200.0,1.8423709874063285,0,1
user_10628,6,155520.0,97200.0,1.2516291630597378,0,1
user_10629,7,157200.0,28800.0,2.2359263434155574,0,1
user_1063,10,120800.0,18000.0,2.24643933745754,0,1
user_10630,5,193500.0,111600.0,1.9219280891165822,0,1
user_10631,4,219600.0,176400.0,1.4999999956719148,0,1
user_10632,7,132600.0,36000.0,1.8423709874063285,0,1
user_10633,4,213600.0,151200.0,1.9999999942292197,0,1
user_10634,10,124800.0,32400.0,1.8464393389002354,1,1
user_10635,2,223200.0,223200.0,0.99999999711461,0,1
user_10636,10,100400.0,7200.0,1.6854752914565543,0,1
user_10637,62,0.20046842622950822,0.112334,2.7309470457045832,0,1
user_10638,1,86400.0,86400.0,0.0,1,1
user_10639,10,104400.0,10800.0,1.960964040230206,1,1
user_1064,2,237600.0,237600.0,0.99999999711461,0,1
user_10640,7,159000.0,32400.0,1.3787834891580906,0,1
user_10641,2,255600.0,255600.0,0.99999999711461,0,1
user_10642,10,104800.0,18000.0,1.8464393389002354,0,1
user_10643,5,187200.0,108000.0,0.9709505915692787,0,1
user_10644,8,145028.57142857142,10800.0,1.74999999422922,1,1
user_10645,7,146400.0,57600.0,1.664497773429681,0,1
user_10646,22,0.19677085714285716,0.104335,2.6126502229434005,0,-1
user_10647,41,0.19861837499999999,0.110185,2.752993156368719,0,1
user_10648,1,86400.0,86400.0,0.0,0,1
user_10649,6,166320.0,50400.0,2.2516291601743474,1,1
user_1065,4,211200.0,158400.0,1.4999999956719148,0,1
user_10650,6,172800.0,126000.0,1.9182958282837093,0,1
user_10651,77,0.19936315789473685,0.110244,2.717166743588573,0,-1
user_10652,8,140914.2857142857,46800.0,1.9056390564587862,1,1
user_10653,8,139885.7142857143,36000.0,1.8112781186883526,0,1
user_10654,7,146400.0,18000.0,1.8423709874063285,0,1
user_10655,5,212400.0,140400.0,2.321928087673887,1,1
user_10656,8,134228.57142857142,46800.0,1.9056390564587862,0,1
user_10657,45,0.19835422727272725,0.105108,2.6388221690457403,0,-1
user_10658,8,135257.14285714287,25200.0,1.8112781186883526,0,1
user_10659,1,86400.0,86400.0,0.0,0,1
user_1066,8,116742.85714285714,3600.0,1.74999999422922,1,1
user_10660,2,230400.0,230400.0,0.99999999711461,0,1
user_10661,10,123600.0,3600.0,1.2954618399102367,0,1
user_10662,4,224400.0,172800.0,1.4999999956719148,0,1
user_10663,1,86400.0,86400.0,0.0,0,1
user_10664,8,138857.14285714287,64800.0,2.155639055016091,0,1
user_10665,1,86400.0,86400.0,0.0,0,1
user_10666,4,206400.0,147600.0,1.4999999956719148,0,1
user_10667,5,225000.0,147600.0,1.5219280905592771,0,1
user_10668,9,123750.0,7200.0,2.419381936990201,0,1
user_10669,10,119600.0,18000.0,1.360964043115596,1,1
user_1067,7,160800.0,82800.0,1.3787834891580906,0,1
user_10670,4,218400.0,136800.0,0.8112781215737428,1,1
user_10671,9,140850.0,32400.0,2.058813883117726,0,1
user_10672,10,108000.0,7200.0,1.360964043115596,0,1
user_10673,6,177120.0,118800.0,1.9182958282837093,0,1
user_10674,51,0.20092657999999997,0.134869,2.746803412887227,0,-1
user_10675,6,193680.0,90000.0,1.2516291630597378,0,1
user_10676,5,206100.0,126000.0,1.5219280905592771,0,1
user_10677,4,241200.0,176400.0,0.99999999711461,0,1
user_10678,50,0.2004002857142857,0.11885,2.66366156186197,0,1
user_10679,8,137828.57142857142,28800.0,2.155639055016091,0,1
user_1068,3,228600.0,190800.0,0.9182958311690995,1,1
user_10680,4,220800.0,147600.0,0.8112781215737428,0,1
user_10681,1,86400.0,86400.0,0.0,0,1
user_10682,45,0.1999745227272727,0.124122,2.7198354262514566,0,1
user_10683,8,138857.14285714287,25200.0,1.9999999927865248,0,1
user_10684,27,0.20067923076923075,0.132827,2.6983768463116236,0,-1
user_10685,1,86400.0,86400.0,0.0,0,1
user_10686,5,179100.0,115200.0,1.9219280891165822,0,1
user_10687,4,202800.0,154800.0,1.4999999956719148,0,1
user_10688,9,114750.0,10800.0,1.3516441108253072,0,1
user_10689,9,121950.0,10800.0,1.8365916623381988,0,1
user_1069,4,216000.0,144000.0,1.4999999956719148,0,1
user_10690,10,119200.0,21600.0,1.960964040230206,1,1
user_10691,1,86400.0,86400.0,0.0,0,1
user_10692,8,123942.85714285714,28800.0,1.9999999927865248,0,1
user_10693,1,86400.0,86400.0,0.0,0,1
user_10694,6,182160.0,122400.0,1.9182958282837093,0,1
user_10695,5,178200.0,115200.0,1.5219280905592771,0,1
user_10696,7,156600.0,36000.0,2.128085271677919,0,1
user_10697,1,86400.0,86400.0,0.0,0,1
user_10698,8,125485.71428571429,21600.0,1.5487949349246184,0,1
user_10699,2,280800.0,280800.0,0.99999999711461,1,1
user_107,3,243000.0,234000.0,0.9182958311690995,0,1
user_1070,75,0.2010370540540541,0.11161,2.786437073872545,0,-1
user_10700,5,214200.0,158400.0,1.3709505901265835,0,1
user_10701,6,174960.0,46800.0,1.9182958282837093,0,1
user_10702,8,119314.28571428571,25200.0,1.9056390564587862,0,1
user_10703,10,119600.0,10800.0,2.0464393374575405,0,1
user_10704,6,162720.0,61200.0,0.99999999711461,0,1
user_10705,5,172800.0,108000.0,1.5219280905592771,0,1
user_10706,30,0.20117327586206896,0.122098,2.7589385222514116,0,1
user_10707,2,266400.0,266400.0,-1.4426951595367387e-09,0,-1
user_10708,10,116400.0,14400.0,1.760964041672901,0,1
user_10709,2,298800.0,298800.0,0.99999999711461,0,-1
user_1071,6,174960.0,79200.0,1.9182958282837093,0,1
user_10710,2,223200.0,223200.0,0.99999999711461,0,1
user_10711,9,126900.0,28800.0,1.8910611063018725,0,1
user_10712,7,142200.0,46800.0,1.8423709874063285,0,1
user_10713,2,259200.0,259200.0,0.99999999711461,0,1
user_10714,71,0.20065061428571426,0.115561,2.7339142576992064,0,-1
user_10715,9,115650.0,28800.0,1.7527152732089246,0,1
user_10716,5,183600.0,111600.0,1.5219280905592771,0,1
user_10717,5,198900.0,115200.0,1.5219280905592771,0,1
user_10718,10,121600.0,43200.0,1.7219280891165822,0,1
user_10719,4,204000.0,144000.0,0.8112781215737428,0,1
user_1072,5,176400.0,108000.0,1.5219280905592771,0,1
user_10720,2,248400.0,248400.0,0.99999999711461,0,1
user_10721,4,200400.0,136800.0,1.9999999942292197,0,1
user_10722,9,114300.0,7200.0,1.3516441108253072,1,1
user_10723,1,86400.0,86400.0,0.0,0,1
user_10724,8,122400.0,36000.0,1.9999999927865248,1,1
user_10725,1,86400.0,86400.0,0.0,0,1
user_10726,44,0.1990819069767442,0.126769,2.7332383581851882,0,1
user_10727,44,0.19970586046511626,0.113784,2.799007744312031,0,1
user_10728,1,86400.0,86400.0,0.0,1,1
user_10729,7,136200.0,39600.0,0.863120565681241,0,1
user_1073,9,122400.0,14400.0,1.6577427207341087,1,1
user_10730,45,0.19868493181818184,0.106282,2.734391471408203,0,1
user_10731,1,86400.0,86400.0,0.0,0,1
user_10732,9,113850.0,14400.0,2.058813883117726,0,1
user_10733,10,105600.0,14400.0,1.7219280891165822,0,1
user_10734,10,129600.0,14400.0,1.1567796451189545,0,1
user_10735,2,277200.0,277200.0,0.99999999711461,0,1
user_10736,10,104400.0,18000.0,1.760964041672901,0,1
user_10737,10,118000.0,14400.0,1.960964040230206,0,1
user_10738,52,0.20025449019607844,0.120352,2.77407450901483,0,1
user_10739,4,229200.0,198000.0,1.9999999942292197,0,1
user_1074,1,86400.0,86400.0,0.0,0,1
user_10740,6,185040.0,100800.0,1.4591479126991596,0,1
user_10741,1,86400.0,86400.0,0.0,0,1
user_10742,8,133200.0,43200.0,1.9999999927865248,0,1
user_10743,6,161280.0,46800.0,1.9182958282837093,0,1
user_10744,9,118350.0,10800.0,1.8365916623381988,0,1
user_10745,3,261000.0,248400.0,0.9182958311690995,0,1
user_10746,8,142457.14285714287,14400.0,1.2987949363673135,0,1
user_10747,7,150600.0,68400.0,1.664497773429681,0,1
user_10748,59,0.20000393103448275,0.116616,2.710181208909442,0,1
user_10749,10,111200.0,7200.0,2.24643933745754,0,1
user_1075,3,262800.0,237600.0,1.584962496393071,0,1
user_10750,9,113850.0,25200.0,2.058813883117726,0,1
user_10751,9,134100.0,61200.0,2.1132833270813998,0,1
user_10752,2,230400.0,230400.0,0.99999999711461,0,1
user_10753,10,112000.0,7200.0,2.1709505872411934,0,1
user_10754,1,86400.0,86400.0,0.0,0,1
user_10755,9,136350.0,18000.0,1.8910611063018725,0,1
user_10756,8,136800.0,21600.0,1.9999999927865248,1,1
user_10757,7,150600.0,50400.0,2.2359263434155574,0,1
user_10758,3,235800.0,226800.0,1.584962496393071,0,1
user_10759,6,180720.0,97200.0,2.2516291601743474,0,1
user_1076,4,207600.0,201600.0,0.8112781215737428,0,1
user_10760,9,135900.0,50400.0,2.197159716210674,1,1
user_10761,9,111150.0,14400.0,1.8910611063018725,0,1
user_10762,1,86400.0,86400.0,0.0,0,1
user_10763,3,225000.0,223200.0,0.9182958311690995,0,1
user_10764,8,138857.14285714287,21600.0,1.5612781201310477,0,1
user_10765,10,114000.0,14400.0,1.4854752928992492,1,1
user_10766,8,127028.57142857143,32400.0,2.49999999134383,0,1
user_10767,10,108800.0,3600.0,2.1219280876738873,0,1
user_10768,7,144000.0,25200.0,1.8423709874063285,1,1
user_10769,6,149760.0,64800.0,1.4591479126991596,0,1
user_1077,5,199800.0,140400.0,1.5219280905592771,0,1
user_10770,23,0.19962236363636363,0.10776,2.6098222750449516,0,-1
user_10771,5,203400.0,144000.0,1.3709505901265835,0,1
user_10772,9,133650.0,10800.0,2.197159716210674,0,1
user_10773,9,132300.0,3600.0,0.9182958311690995,0,1
user_10774,4,214800.0,136800.0,1.4999999956719148,0,1
user_10775,39,0.20099313157894735,0.113432,2.7649743275198593,0,1
user_10776,6,169200.0,72000.0,1.4591479126991596,0,1
user_10777,5,217800.0,158400.0,1.3709505901265835,0,1
user_10778,4,211200.0,172800.0,1.4999999956719148,0,1
user_10779,9,129150.0,3600.0,1.224394441077901,0,1
user_1078,5,189900.0,93600.0,1.5219280905592771,0,1
user_10780,4,229200.0,187200.0,1.9999999942292197,0,1
user_10781,8,148628.57142857142,39600.0,1.5487949349246184,1,1
user_10782,7,142200.0,25200.0,1.1488348499528316,0,1
user_10783,8,141942.85714285713,18000.0,2.155639055016091,0,1
user_10784,67,0.1996286515151515,0.124645,2.7188197378742363,0,-1
user_10785,1,86400.0,86400.0,0.0,0,1
user_10786,1,86400.0,86400.0,0.0,0,1
user_10787,1,86400.0,86400.0,0.0,0,1
user_10788,9,120150.0,14400.0,1.879964941513636,0,1
user_10789,10,104800.0,10800.0,1.8464393389002354,0,1
user_1079,6,158400.0,50400.0,1.4591479126991596,0,1
user_10790,2,241200.0,241200.0,0.99999999711461,0,1
user_10791,1,86400.0,86400.0,0.0,0,1
user_10792,1,86400.0,86400.0,0.0,0,1
user_10793,9,129600.0,39600.0,2.197159716210674,0,1
user_10794,35,0.20167320588235293,0.107707,2.6278865776565388,0,-1
user_10795,1,86400.0,86400.0,0.0,0,1
user_10796,21,0.19794380000000003,0.109004,2.679261772154319,0,-1
user_10797,6,180720.0,108000.0,1.2516291630597378,0,1
user_10798,2,259200.0,259200.0,0.99999999711461,0,1
user_10799,5,184500.0,115200.0,1.9219280891165822,0,1
user_108,10,105200.0,7200.0,2.24643933745754,0,1
user_1080,7,153600.0,50400.0,1.3787834891580906,0,1
user_10800,57,0.19934744642857144,0.104529,2.710587207413159,0,1
user_10801,9,117450.0,28800.0,1.8365916623381988,0,1
user_10802,5,173700.0,104400.0,1.9219280891165822,0,1
user_10803,8,146571.42857142858,14400.0,1.74999999422922,0,1
user_10804,1,86400.0,86400.0,0.0,0,1
user_10805,3,228600.0,194400.0,1.584962496393071,0,1
user_10806,7,150600.0,39600.0,2.521640627687148,0,1
user_10807,3,237600.0,201600.0,0.9182958311690995,0,1
user_10808,1,86400.0,86400.0,0.0,0,1
user_10809,39,0.1995618157894737,0.130527,2.6585952350742947,0,-1
user_1081,1,86400.0,86400.0,0.0,0,1
user_10810,10,114800.0,14400.0,2.0464393374575405,0,1
user_10811,8,141942.85714285713,50400.0,2.155639055016091,0,1
user_10812,37,0.20004030555555558,0.123733,2.6553048835296007,0,1
user_10813,40,0.20122661538461542,0.130645,2.744588486543476,0,-1
user_10814,3,226800.0,190800.0,1.584962496393071,0,1
user_10815,2,291600.0,291600.0,0.99999999711461,0,-1
user_10816,4,236400.0,212400.0,1.9999999942292197,0,1
user_10817,10,109600.0,3600.0,1.6854752914565543,0,1
user_10818,6,174240.0,54000.0,0.9182958311690995,0,1
user_10819,5,211500.0,158400.0,0.9709505915692787,0,1
user_1082,3,210600.0,190800.0,0.9182958311690995,0,1
user_10820,70,0.20045795652173912,0.120605,2.790985537399523,0,-1
user_10821,5,204300.0,158400.0,0.9709505915692787,0,1
user_10822,4,211200.0,162000.0,0.8112781215737428,0,1
user_10823,9,123750.0,18000.0,1.7527152732089246,0,1
user_10824,5,191700.0,133200.0,1.9219280891165822,0,1
user_10825,9,119250.0,14400.0,2.197159716210674,0,1
user_10826,7,164400.0,54000.0,1.3787834891580906,0,1
user_10827,6,161280.0,64800.0,1.584962496393071,1,1
user_10828,6,153360.0,54000.0,1.4591479126991596,0,1
user_10829,1,86400.0,86400.0,0.0,1,1
user_1083,8,126000.0,50400.0,2.49999999134383,0,1
user_10830,74,0.2007210410958904,0.131056,2.750391191291832,0,-1
user_10831,10,116000.0,54000.0,2.0464393374575405,0,1
user_10832,39,0.19988055263157892,0.109067,2.7522230415974547,0,1
user_10833,5,207000.0,158400.0,1.9219280891165822,0,1
user_10834,28,0.19897218518518522,0.116245,2.7273966634756137,0,1
user_10835,8,154800.0,54000.0,1.74999999422922,0,1
user_10836,3,223200.0,212400.0,0.9182958311690995,0,1
user_10837,9,112050.0,18000.0,2.197159716210674,0,1
user_10838,32,0.1986907419354839,0.103434,2.74122889810445,0,-1
user_10839,2,223200.0,223200.0,0.99999999711461,0,1
user_1084,56,0.1996360181818182,0.107446,2.7856583536776593,0,1
user_10840,3,210600.0,180000.0,0.9182958311690995,0,1
user_10841,10,133600.0,32400.0,1.6854752914565543,0,1
user_10842,4,190800.0,133200.0,1.4999999956719148,0,1
user_10843,6,164160.0,57600.0,1.9182958282837093,0,1
user_10844,79,0.20005925641025643,0.106608,2.7899278154291656,0,-1
user_10845,4,207600.0,165600.0,1.4999999956719148,0,1
user_10846,7,148800.0,10800.0,1.8423709874063285,0,1
user_10847,3,226800.0,212400.0,1.584962496393071,0,1
user_10848,4,224400.0,144000.0,1.4999999956719148,0,1
user_10849,7,130800.0,18000.0,1.3787834891580906,0,1
user_1085,2,295200.0,295200.0,0.99999999711461,0,-1
user_10850,9,114750.0,3600.0,1.9749374954311467,0,1
user_10851,7,144600.0,18000.0,1.664497773429681,0,1
user_10852,8,135257.14285714287,3600.0,1.9056390564587862,0,1
user_10853,3,207000.0,190800.0,0.9182958311690995,0,1
user_10854,5,171900.0,108000.0,1.3709505901265835,0,1
user_10855,69,0.2010578823529412,0.103746,2.7379853055095627,0,-1
user_10856,8,151200.0,32400.0,1.4056390579014812,0,1
user_10857,5,192600.0,104400.0,1.5219280905592771,0,1
user_10858,65,0.201056953125,0.115736,2.7754384477204606,0,-1
user_10859,4,196800.0,144000.0,0.99999999711461,0,1
user_1086,3,217800.0,201600.0,1.584962496393071,0,1
user_10860,6,177120.0,57600.0,1.9182958282837093,0,1
user_10861,5,195300.0,93600.0,1.3709505901265835,0,1
user_10862,51,0.19970486,0.122814,2.7544037180422176,0,1
user_10863,5,189900.0,108000.0,0.7219280920019722,0,1
user_10864,9,125550.0,14400.0,2.058813883117726,0,1
user_10865,7,139200.0,39600.0,1.8423709874063285,0,1
user_10866,2,284400.0,284400.0,0.99999999711461,0,-1
user_10867,10,116000.0,28800.0,2.1219280876738873,0,1
user_10868,72,0.2007311549295775,0.127553,2.77930175961671,0,-1
user_10869,6,162720.0,79200.0,1.2516291630597378,0,1
user_1087,1,86400.0,86400.0,0.0,0,1
user_10870,4,207600.0,183600.0,1.4999999956719148,0,1
user_10871,5,182700.0,93600.0,1.3709505901265835,0,1
user_10872,4,218400.0,172800.0,0.8112781215737428,0,1
user_10873,71,0.19989384285714284,0.130351,2.731350401967369,0,-1
user_10874,10,128400.0,7200.0,1.3567796436762596,0,1
user_10875,10,102800.0,10800.0,1.8464393389002354,0,1
user_10876,52,0.19943621568627454,0.105265,2.7523584590778465,0,1
user_10877,5,187200.0,122400.0,1.3709505901265835,0,1
user_10878,24,0.20351782608695648,0.123202,2.5901998664169903,0,-1
user_10879,7,148800.0,3600.0,0.9852281331488615,0,1
user_1088,5,192600.0,104400.0,1.5219280905592771,0,1
user_10880,7,151200.0,64800.0,1.950212059143967,0,1
user_10881,9,106200.0,21600.0,2.058813883117726,0,1
user_10882,73,0.19956672222222224,0.105855,2.726093056794151,0,-1
user_10883,3,221400.0,176400.0,1.584962496393071,1,1
user_10884,6,181440.0,108000.0,1.584962496393071,0,1
user_10885,4,202800.0,183600.0,1.9999999942292197,0,1
user_10886,8,139371.42857142858,28800.0,1.9999999942292197,0,1
user_10887,6,155520.0,46800.0,0.6500224187629642,0,1
user_10888,10,108400.0,7200.0,2.0464393374575405,0,1
user_10889,6,172800.0,118800.0,1.9182958282837093,0,1
user_1089,3,232200.0,216000.0,-1.4426951595367387e-09,0,-1
user_10890,7,142800.0,39600.0,1.3787834891580906,0,1
user_10891,1,86400.0,86400.0,0.0,0,1
user_10892,10,139200.0,7200.0,2.1709505872411934,1,1
user_10893,9,133650.0,68400.0,2.7254805468990027,0,1
user_10894,77,0.19993634210526315,0.12596,2.772458263036172,0,-1
user_10895,1,86400.0,86400.0,0.0,1,1
user_10896,1,86400.0,86400.0,0.0,0,1
user_10897,4,212400.0,147600.0,1.9999999942292197,0,1
user_10898,4,235200.0,208800.0,0.8112781215737428,0,1
user_10899,8,140400.0,7200.0,2.155639055016091,1,1
user_109,7,153000.0,61200.0,1.4488156313970995,0,1
user_1090,1,86400.0,86400.0,0.0,0,1
user_10900,3,208800.0,180000.0,1.584962496393071,0,1
user_10901,8,121371.42857142857,21600.0,1.4056390579014812,0,1
user_10902,3,270000.0,241200.0,1.584962496393071,0,-1
user_10903,3,217800.0,180000.0,-1.4426951595367387e-09,1,-1
user_10904,4,220800.0,187200.0,0.8112781215737428,0,1
user_10905,4,229200.0,198000.0,1.9999999942292197,0,1
user_10906,7,133200.0,50400.0,1.950212059143967,0,1
user_10907,5,186300.0,151200.0,1.3709505901265835,1,1
user_10908,2,230400.0,230400.0,-1.4426951595367387e-09,0,-1
user_10909,5,175500.0,108000.0,1.9219280891165822,0,1
user_1091,5,195300.0,90000.0,0.7219280920019722,0,1
user_10910,5,196200.0,151200.0,1.3709505901265835,0,1
user_10911,8,146057.14285714287,72000.0,1.4999999956719148,0,1
user_10912,8,111600.0,3600.0,2.49999999134383,0,1
user_10913,7,124800.0,10800.0,1.950212059143967,0,1
user_10914,10,119600.0,28800.0,1.5709505901265834,0,1
user_10915,7,146400.0,75600.0,2.2359263434155574,0,1
user_10916,1,86400.0,86400.0,0.0,0,1
user_10917,2,241200.0,241200.0,-1.4426951595367387e-09,0,-1
user_10918,4,223200.0,176400.0,0.99999999711461,0,1
user_10919,5,182700.0,147600.0,1.3709505901265835,0,1
user_1092,1,86400.0,86400.0,0.0,0,1
user_10920,5,218700.0,154800.0,1.3709505901265835,0,1
user_10921,8,133200.0,39600.0,1.9056390564587862,0,1
user_10922,1,86400.0,86400.0,0.0,0,1
user_10923,2,277200.0,277200.0,0.99999999711461,0,1
user_10924,2,266400.0,266400.0,0.99999999711461,0,1
user_10925,66,0.20015984615384616,0.115058,2.7359578431122347,0,1
user_10926,59,0.20086431034482763,0.11593,2.7990936252080867,0,-1
user_10927,80,0.20009822784810125,0.11319,2.6635448174266103,0,-1
user_10928,8,127542.85714285714,18000.0,1.74999999422922,0,1
user_10929,6,195120.0,111600.0,1.4591479126991596,0,1
user_1093,3,248400.0,219600.0,0.9182958311690995,0,1
user_10930,8,143485.7142857143,68400.0,1.2987949363673135,0,1
user_10931,10,105600.0,25200.0,1.9709505886838885,0,1
user_10932,6,185760.0,97200.0,1.792481244589798,0,1
user_10933,7,168000.0,82800.0,0.863120565681241,0,1
user_10934,1,86400.0,86400.0,0.0,0,1
user_10935,10,116000.0,21600.0,2.446439336014845,1,1
user_10936,8,130114.28571428571,36000.0,1.4056390579014812,0,1
user_10937,59,0.2001616551724138,0.130943,2.747914811502089,0,-1
user_10938,4,199200.0,176400.0,1.4999999956719148,0,1
user_10939,4,226800.0,198000.0,0.99999999711461,0,1
user_1094,8,135771.42857142858,46800.0,1.4056390579014812,1,1
user_10940,4,210000.0,172800.0,0.8112781215737428,0,1
user_10941,9,111150.0,14400.0,1.6577427207341087,0,1
user_10942,29,0.20209199999999997,0.106603,2.7547493140048807,0,-1
user_10943,2,266400.0,266400.0,-1.4426951595367387e-09,0,-1
user_10944,3,237600.0,205200.0,1.584962496393071,0,1
user_10945,2,288000.0,288000.0,0.99999999711461,0,-1
user_10946,1,86400.0,86400.0,0.0,0,1
user_10947,54,0.1995904339622641,0.104372,2.775154311778466,0,-1
user_10948,10,102800.0,7200.0,2.321928086231192,0,1
user_10949,7,170400.0,82800.0,1.4488156313970995,0,1
user_1095,3,248400.0,244800.0,0.9182958311690995,0,1
user_10950,2,298800.0,298800.0,0.99999999711461,0,-1
user_10951,6,198720.0,118800.0,1.792481244589798,0,1
user_10952,7,155400.0,72000.0,1.8423709874063285,0,1
user_10953,1,86400.0,86400.0,0.0,0,1
user_10954,7,129000.0,7200.0,1.950212059143967,0,1
user_10955,10,130000.0,28800.0,2.24643933745754,0,1
user_10956,2,259200.0,259200.0,-1.4426951595367387e-09,0,-1
user_10957,9,124200.0,3600.0,2.419381936990201,0,1
user_10958,58,0.19993408771929824,0.125105,2.7247105628042463,0,1
user_10959,8,136285.7142857143,46800.0,1.74999999422922,0,1
user_1096,2,219600.0,219600.0,0.99999999711461,0,1
user_10960,55,0.2001756851851852,0.105206,2.690336961233922,0,1
user_10961,2,234000.0,234000.0,0.99999999711461,0,1
user_10962,1,86400.0,86400.0,0.0,0,1
user_10963,5,195300.0,115200.0,1.9219280891165822,0,1
user_10964,5,185400.0,151200.0,1.5219280905592771,0,1
user_10965,3,243000.0,226800.0,-1.4426951595367387e-09,0,-1
user_10966,7,154200.0,75600.0,1.664497773429681,0,1
user_10967,8,139885.7142857143,46800.0,1.9056390564587862,0,1
user_10968,62,0.20088598360655738,0.104402,2.6891297981357436,0,-1
user_10969,7,149400.0,68400.0,1.4488156313970995,0,1
user_1097,9,121950.0,43200.0,1.7527152732089246,0,1
user_10970,2,266400.0,266400.0,0.99999999711461,0,1
user_10971,9,136350.0,14400.0,1.7527152732089246,0,1
user_10972,80,0.20033203797468352,0.111126,2.717377971354114,0,-1
user_10973,1,86400.0,86400.0,0.0,0,1
user_10974,7,151200.0,36000.0,2.2359263434155574,0,1
user_10975,80,0.20011544303797468,0.111157,2.7432149559271917,0,-1
user_10976,4,213600.0,194400.0,1.4999999956719148,0,1
user_10977,5,201600.0,129600.0,1.5219280905592771,1,1
user_10978,1,86400.0,86400.0,0.0,0,1
user_10979,54,0.2003548679245283,0.109397,2.6956082413271703,0,1
user_1098,2,219600.0,219600.0,-1.4426951595367387e-09,0,-1
user_10980,51,0.20053738000000002,0.116719,2.6186148950741748,0,1
user_10981,2,234000.0,234000.0,-1.4426951595367387e-09,1,-1
user_10982,4,213600.0,176400.0,1.4999999956719148,0,1
user_10983,5,179100.0,93600.0,0.9709505915692787,0,1
user_10984,10,125200.0,21600.0,1.5709505886838886,0,1
user_10985,58,0.2003286140350877,0.127556,2.7772199875764927,0,-1
user_10986,2,295200.0,295200.0,-1.4426951595367387e-09,0,-1
user_10987,26,0.19958623999999997,0.147135,2.7052742087757955,0,-1
user_10988,4,240000.0,187200.0,0.8112781215737428,0,1
user_10989,3,250200.0,205200.0,1.584962496393071,0,1
user_1099,6,179280.0,93600.0,1.2516291630597378,0,1
user_10990,2,295200.0,295200.0,-1.4426951595367387e-09,0,-1
user_10991,3,246600.0,219600.0,1.584962496393071,0,1
user_10992,3,237600.0,223200.0,0.9182958311690995,0,1
user_10993,2,266400.0,266400.0,0.99999999711461,0,1
user_10994,1,86400.0,86400.0,0.0,0,1
user_10995,3,230400.0,187200.0,1.584962496393071,0,1
user_10996,3,257400.0,255600.0,0.9182958311690995,0,1
user_10997,1,86400.0,86400.0,0.0,0,1
user_10998,1,86400.0,86400.0,0.0,0,1
user_10999,9,130500.0,18000.0,1.5304930524293974,0,1
user_11,6,174240.0,50400.0,1.9182958282837093,0,1
user_110,2,230400.0,230400.0,-1.4426951595367387e-09,0,-1
user_1100,8,136285.7142857143,7200.0,2.49999999134383,0,1
user_11000,2,237600.0,237600.0,0.99999999711461,0,1
user_11001,9,128700.0,43200.0,1.224394441077901,1,1
user_11002,4,228000.0,194400.0,0.8112781215737428,0,1
user_11003,3,210600.0,176400.0,1.584962496393071,0,1
user_11004,56,0.19987690909090908,0.104089,2.6776047136356667,0,-1
user_11005,6,187920.0,75600.0,1.4591479126991596,0,1
user_11006,7,145200.0,57600.0,1.8423709874063285,0,1
user_11007,9,114750.0,36000.0,1.3516441108253072,0,1
user_11008,10,112400.0,10800.0,2.321928086231192,0,1
user_11009,3,244800.0,237600.0,0.9182958311690995,0,1
user_1101,4,204000.0,183600.0,1.9999999942292197,0,1
user_11010,10,125200.0,43200.0,2.24643933745754,0,1
user_11011,2,295200.0,295200.0,0.99999999711461,0,-1
user_11012,1,86400.0,86400.0,0.0,1,1
user_11013,2,223200.0,223200.0,0.99999999711461,0,1
user_11014,69,0.2003724705882353,0.114162,2.698201705738489,0,-1
user_11015,63,0.20100511290322579,0.11111,2.7375696263597953,0,-1
user_11016,6,164880.0,104400.0,0.9182958311690995,0,1
user_11017,10,109600.0,25200.0,2.0464393374575405,1,1
user_11018,7,148200.0,54000.0,1.950212059143967,0,1
user_11019,6,184320.0,100800.0,1.2516291630597378,0,1
user_1102,2,219600.0,219600.0,0.99999999711461,0,1
user_11020,4,211200.0,154800.0,0.8112781215737428,0,1
user_11021,10,108800.0,21600.0,0.9219280905592773,0,1
user_11022,5,202500.0,122400.0,1.3709505901265835,0,1
user_11023,31,0.20177226666666667,0.112626,2.617245591453351,0,-1
user_11024,9,128700.0,36000.0,1.7527152732089246,0,1
user_11025,5,182700.0,93600.0,1.5219280905592771,1,1
user_11026,2,248400.0,248400.0,0.99999999711461,1,1
user_11027,4,217200.0,144000.0,1.4999999956719148,0,1
user_11028,4,229200.0,194400.0,1.4999999956719148,0,1
user_11029,8,123942.85714285714,3600.0,1.8112781186883526,0,1
user_1103,8,135257.14285714287,7200.0,1.74999999422922,0,1
user_11030,5,213300.0,169200.0,0.9709505915692787,1,1
user_11031,9,133200.0,46800.0,1.3516441108253072,1,1
user_11032,76,0.19936595999999998,0.114858,2.764717530537883,0,-1
user_11033,10,119600.0,3600.0,1.9709505886838885,0,1
user_11034,1,86400.0,86400.0,0.0,0,1
user_11035,5,210600.0,162000.0,1.5219280905592771,0,1
user_11036,8,122914.28571428571,14400.0,1.8112781186883526,0,1
user_11037,10,116000.0,3600.0,1.7219280891165822,0,1
user_11038,8,135257.14285714287,50400.0,1.74999999422922,0,1
user_11039,10,116400.0,10800.0,2.24643933745754,0,1
user_1104,33,0.20195603125,0.107132,2.6450828398737194,0,-1
user_11040,4,230400.0,205200.0,1.4999999956719148,0,1
user_11041,4,213600.0,169200.0,1.4999999956719148,0,1
user_11042,10,118000.0,39600.0,2.1709505872411934,0,1
user_11043,4,213600.0,162000.0,1.9999999942292197,0,1
user_11044,9,131850.0,43200.0,1.5304930524293974,0,1
user_11045,6,177120.0,118800.0,1.9182958282837093,0,1
user_11046,9,129600.0,28800.0,2.5032583261194756,0,1
user_11047,37,0.20044463888888886,0.111585,2.644321857676447,0,1
user_11048,72,0.20033253521126757,0.119384,2.7830940484720332,0,-1
user_11049,60,0.19933340677966105,0.106438,2.6684859106098795,0,-1
user_1105,3,226800.0,205200.0,1.584962496393071,1,1
user_11050,3,250200.0,234000.0,0.9182958311690995,0,1
user_11051,10,112800.0,39600.0,1.7219280891165822,0,1
user_11052,1,86400.0,86400.0,0.0,1,1
user_11053,3,253800.0,252000.0,0.9182958311690995,0,1
user_11054,7,148800.0,43200.0,1.8423709874063285,0,1
user_11055,3,230400.0,183600.0,-1.4426951595367387e-09,0,-1
user_11056,47,0.1998142391304348,0.1046,2.7403153135035696,0,1
user_11057,1,86400.0,86400.0,0.0,0,1
user_11058,8,124457.14285714286,14400.0,1.4056390579014812,0,1
user_11059,1,86400.0,86400.0,0.0,0,1
user_1106,8,138857.14285714287,21600.0,1.9056390564587862,0,1
user_11060,5,212400.0,136800.0,1.3709505901265835,0,1
user_11061,1,86400.0,86400.0,0.0,0,1
user_11062,73,0.20049537499999998,0.116988,2.7071691993385323,0,-1
user_11063,6,183600.0,82800.0,1.4591479126991596,0,1
user_11064,7,145200.0,68400.0,1.3787834891580906,1,1
user_11065,10,116400.0,7200.0,2.446439336014845,0,1
user_11066,2,298800.0,298800.0,0.99999999711461,0,-1
user_11067,7,153600.0,32400.0,1.8423709874063285,0,1
user_11068,7,148800.0,14400.0,0.9852281331488615,0,1
user_11069,68,0.20004107462686568,0.118323,2.7855931835789436,0,-1
user_1107,9,117450.0,3600.0,2.419381936990201,0,1
user_11070,10,124800.0,10800.0,1.6854752914565543,0,1
user_11071,4,230400.0,183600.0,1.4999999956719148,0,1
user_11072,1,86400.0,86400.0,0.0,1,1
user_11073,2,230400.0,230400.0,0.99999999711461,0,1
user_11074,2,284400.0,284400.0,-1.4426951595367387e-09,0,-1
user_11075,6,159120.0,90000.0,1.792481244589798,0,1
user_11076,5,194400.0,151200.0,1.9219280891165822,0,1
user_11077,9,123750.0,3600.0,1.7527152732089246,0,1
user_11078,9,121950.0,50400.0,2.5032583261194756,0,1
user_11079,8,128057.14285714286,28800.0,1.8112781186883526,0,1
user_1108,10,121200.0,7200.0,2.24643933745754,0,1
user_11080,48,0.20059025531914898,0.12025,2.7518337222464453,0,1
user_11081,9,109350.0,3600.0,2.419381936990201,0,1
user_11082,5,198900.0,104400.0,0.9709505915692787,0,1
user_11083,2,273600.0,273600.0,0.99999999711461,0,1
user_11084,5,200700.0,158400.0,1.9219280891165822,0,1
user_11085,5,212400.0,90000.0,-1.4426951595367387e-09,1,-1
user_11086,3,257400.0,226800.0,1.584962496393071,0,1
user_11087,23,0.1993445454545455,0.102929,2.3337998614616997,0,-1
user_11088,2,252000.0,252000.0,0.99999999711461,0,1
user_11089,10,114400.0,18000.0,1.8464393389002354,0,1
user_1109,5,196200.0,140400.0,0.7219280920019722,0,1
user_11090,5,211500.0,136800.0,1.5219280905592771,0,1
user_11091,10,110800.0,14400.0,2.1219280876738873,0,1
user_11092,2,291600.0,291600.0,-1.4426951595367387e-09,0,-1
user_11093,3,253800.0,216000.0,1.584962496393071,1,1
user_11094,1,86400.0,86400.0,0.0,1,1
user_11095,7,156600.0,72000.0,1.950212059143967,0,1
user_11096,8,135771.42857142858,18000.0,1.061278120131048,0,1
user_11097,21,0.20059545,0.123194,2.7373227697197295,0,1
user_11098,1,86400.0,86400.0,0.0,0,1
user_11099,9,119700.0,7200.0,1.8910611063018725,0,1
user_111,7,148800.0,3600.0,1.5566567031347378,0,1
user_1110,7,152400.0,64800.0,1.664497773429681,0,1
user_11100,8,138342.85714285713,50400.0,1.4056390579014812,1,1
user_11101,70,0.20054918840579714,0.109509,2.772615576436665,0,-1
user_11102,4,205200.0,198000.0,0.8112781215737428,0,1
user_11103,10,116800.0,36000.0,1.2954618399102367,0,1
user_11104,71,0.20005911428571424,0.116298,2.76831542792693,0,1
user_11105,2,230400.0,230400.0,0.99999999711461,0,1
user_11106,9,134100.0,21600.0,1.8910611063018725,1,1
user_11107,3,271800.0,244800.0,0.9182958311690995,0,1
user_11108,3,255600.0,226800.0,0.9182958311690995,0,1
user_11109,9,132300.0,39600.0,1.8365916623381988,0,1
user_1111,7,163200.0,75600.0,2.128085271677919,0,1
user_11110,1,86400.0,86400.0,0.0,0,1
user_11111,3,253800.0,230400.0,1.584962496393071,0,1
user_11112,7,141600.0,36000.0,1.8423709874063285,0,1
user_11113,9,130050.0,39600.0,1.6577427207341087,1,1
user_11114,8,123428.57142857143,7200.0,1.5487949349246184,0,1
user_11115,8,135771.42857142858,32400.0,1.4056390579014812,0,1
user_11116,1,86400.0,86400.0,0.0,0,1
user_11117,3,230400.0,205200.0,0.9182958311690995,0,1
user_11118,10,121600.0,7200.0,1.8464393389002354,0,1
user_11119,6,184320.0,111600.0,1.4591479126991596,0,1
user_1112,3,237600.0,212400.0,1.584962496393071,0,1
user_11120,8,134742.85714285713,3600.0,2.49999999134383,0,1
user_11121,10,105200.0,3600.0,1.8954618384675417,0,1
user_11122,10,95200.0,10800.0,1.960964040230206,0,1
user_11123,3,273600.0,248400.0,0.9182958311690995,0,1
user_11124,10,118400.0,25200.0,2.24643933745754,1,1
user_11125,2,291600.0,291600.0,-1.4426951595367387e-09,0,-1
user_11126,7,143400.0,79200.0,0.9852281331488615,0,1
user_11127,31,0.20008766666666664,0.114875,2.720799739646812,0,1
user_11128,6,174960.0,82800.0,0.9182958311690995,0,1
user_11129,1,86400.0,86400.0,0.0,0,1
user_1113,31,0.20054779999999997,0.10373,2.711428963664447,0,-1
user_11130,3,234000.0,205200.0,1.584962496393071,1,1
user_11131,8,142457.14285714287,54000.0,1.4999999956719148,0,1
user_11132,7,146400.0,72000.0,1.8423709874063285,0,1
user_11133,29,0.2000526428571428,0.128668,2.7278279674143158,0,1
user_11134,4,206400.0,190800.0,1.4999999956719148,0,1
user_11135,6,171360.0,79200.0,2.2516291601743474,0,1
user_11136,8,136285.7142857143,39600.0,2.249999992786525,0,1
user_11137,7,162000.0,72000.0,1.5566567031347378,0,1
user_11138,1,86400.0,86400.0,0.0,0,1
user_11139,8,126514.28571428571,3600.0,1.5612781201310477,0,1
user_1114,6,155520.0,50400.0,1.4591479126991596,0,1
user_11140,3,219600.0,208800.0,0.9182958311690995,0,1
user_11141,3,257400.0,219600.0,0.9182958311690995,0,1
user_11142,7,150600.0,10800.0,0.9852281331488615,0,1
user_11143,10,114400.0,14400.0,1.8954618384675417,1,1
user_11144,4,208800.0,172800.0,1.4999999956719148,0,1
user_11145,44,0.1997281860465116,0.128352,2.6813734887112886,0,1
user_11146,5,187200.0,144000.0,1.3709505901265835,0,1
user_11147,4,204000.0,140400.0,0.99999999711461,0,1
user_11148,1,86400.0,86400.0,0.0,0,1
user_11149,40,0.19939966666666667,0.118481,2.6796634729957227,0,1
user_1115,8,133714.2857142857,18000.0,2.49999999134383,0,1
user_11150,5,203400.0,115200.0,0.7219280920019722,0,1
user_11151,8,135771.42857142858,46800.0,2.49999999134383,0,1
user_11152,3,255600.0,237600.0,1.584962496393071,0,1
user_11153,1,86400.0,86400.0,0.0,1,1
user_11154,4,201600.0,176400.0,0.8112781215737428,1,1
user_11155,45,0.19990102272727278,0.133449,2.6861898998190092,0,1
user_11156,5,182700.0,147600.0,1.3709505901265835,0,1
user_11157,8,132171.42857142858,36000.0,0.8112781215737428,0,1
user_11158,5,191700.0,118800.0,1.3709505901265835,0,1
user_11159,10,125600.0,43200.0,2.1219280876738873,1,1
user_1116,8,138342.85714285713,28800.0,1.9056390564587862,0,1
user_11160,6,172800.0,100800.0,1.4591479126991596,0,1
user_11161,1,86400.0,86400.0,0.0,0,1
user_11162,4,220800.0,165600.0,1.9999999942292197,0,1
user_11163,8,131142.85714285713,3600.0,1.9999999927865248,0,1
user_11164,10,111600.0,10800.0,2.1219280876738873,0,1
user_11165,7,155400.0,14400.0,1.664497773429681,0,1
user_11166,1,86400.0,86400.0,0.0,1,1
user_11167,3,243000.0,234000.0,1.584962496393071,0,1
user_11168,10,121200.0,3600.0,1.7709505872411937,1,1
user_11169,58,0.19983384210526317,0.115748,2.760036754791611,0,1
user_1117,5,191700.0,129600.0,1.5219280905592771,1,1
user_11170,55,0.19887101851851854,0.111953,2.66681015895038,0,-1
user_11171,3,266400.0,255600.0,1.584962496393071,0,-1
user_11172,9,116100.0,32400.0,2.5032583261194756,0,1
user_11173,9,121950.0,10800.0,1.7527152732089246,0,1
user_11174,77,0.19956915789473686,0.102655,2.768112966650747,0,-1
user_11175,10,116000.0,46800.0,2.1219280876738873,0,1
user_11176,5,184500.0,118800.0,1.9219280891165822,0,1
user_11177,7,144600.0,28800.0,1.664497773429681,0,1
user_11178,5,186300.0,136800.0,1.9219280891165822,1,1
user_11179,1,86400.0,86400.0,0.0,0,1
user_1118,10,117600.0,7200.0,1.760964041672901,1,1
user_11180,8,134228.57142857142,36000.0,1.9056390564587862,0,1
user_11181,4,214800.0,198000.0,1.4999999956719148,0,1
user_11182,1,86400.0,86400.0,0.0,1,1
user_11183,8,142457.14285714287,7200.0,2.155639055016091,0,1
user_11184,9,113850.0,3600.0,0.9864267244027574,0,1
user_11185,7,144600.0,79200.0,1.3787834891580906,0,1
user_11186,10,105600.0,3600.0,1.7219280891165822,1,1
user_11187,3,219600.0,183600.0,1.584962496393071,0,1
user_11188,3,252000.0,205200.0,0.9182958311690995,0,1
user_11189,6,161280.0,54000.0,2.2516291601743474,1,1
user_1119,1,86400.0,86400.0,0.0,1,1
user_11190,1,86400.0,86400.0,0.0,0,1
user_11191,9,114300.0,28800.0,0.5032583318902557,1,1
user_11192,27,0.197453,0.131779,2.713427659517798,0,-1
user_11193,2,298800.0,298800.0,0.99999999711461,0,-1
user_11194,5,195300.0,90000.0,1.5219280905592771,0,1
user_11195,6,151200.0,86400.0,0.9182958311690995,0,1
user_11196,4,214800.0,144000.0,1.4999999956719148,0,1
user_11197,10,114000.0,14400.0,1.6854752914565543,0,1
user_11198,8,126514.28571428571,43200.0,1.9056390564587862,0,1
user_11199,60,0.19954844067796612,0.115038,2.7411561985606365,0,1
user_112,4,240000.0,201600.0,1.9999999942292197,0,1
user_1120,4,211200.0,187200.0,1.4999999956719148,0,1
user_11200,6,176400.0,82800.0,1.2516291630597378,1,1
user_11201,9,120150.0,10800.0,2.5032583261194756,0,1
user_11202,7,158400.0,21600.0,1.1488348499528316,0,1
user_11203,8,127028.57142857143,10800.0,2.49999999134383,0,1
user_11204,3,216000.0,176400.0,1.584962496393071,1,1
user_11205,9,125100.0,43200.0,1.5304930524293974,0,1
user_11206,1,86400.0,86400.0,0.0,0,1
user_11207,5,202500.0,126000.0,1.3709505901265835,0,1
user_11208,1,86400.0,86400.0,0.0,1,1
user_11209,3,235800.0,230400.0,1.584962496393071,0,1
user_1121,79,0.20023211538461538,0.101759,2.7295149990012333,0,-1
user_11210,43,0.19920057142857145,0.146152,2.73406431686235,0,-1
user_11211,8,145028.57142857142,36000.0,1.8112781186883526,0,1
user_11212,2,295200.0,295200.0,0.99999999711461,0,-1
user_11213,31,0.19945980000000005,0.126557,2.675835316962504,0,1
user_11214,1,86400.0,86400.0,0.0,0,1
user_11215,7,163200.0,72000.0,1.950212059143967,0,1
user_11216,24,0.2028863913043478,0.12142,2.584295305997145,0,-1
user_11217,10,113200.0,18000.0,1.5709505886838886,0,1
user_11218,3,248400.0,244800.0,1.584962496393071,1,1
user_11219,8,153257.14285714287,57600.0,0.9544340000395749,0,1
user_1122,51,0.20113862000000005,0.109834,2.7109975185981456,0,1
user_11220,10,119200.0,18000.0,2.0464393374575405,0,1
user_11221,5,202500.0,162000.0,1.9219280891165822,1,1
user_11222,2,234000.0,234000.0,0.99999999711461,0,1
user_11223,6,146880.0,75600.0,1.2516291630597378,0,1
user_11224,9,115650.0,21600.0,2.058813883117726,0,1
user_11225,3,248400.0,216000.0,0.9182958311690995,0,1
user_11226,2,270000.0,270000.0,-1.4426951595367387e-09,0,-1
user_11227,1,86400.0,86400.0,0.0,0,1
user_11228,1,86400.0,86400.0,0.0,0,1
user_11229,7,145800.0,68400.0,1.8423709874063285,1,1
user_1123,7,149400.0,25200.0,1.8423709874063285,0,1
user_11230,6,157680.0,90000.0,1.584962496393071,0,1
user_11231,10,119200.0,39600.0,1.2954618399102367,0,1
user_11232,3,248400.0,230400.0,1.584962496393071,0,1
user_11233,9,143100.0,64800.0,2.1132833270813998,0,1
user_11234,32,0.20070983870967746,0.129901,2.6131081021635163,0,-1
user_11235,1,86400.0,86400.0,0.0,0,1
user_11236,27,0.20120507692307693,0.135307,2.6891675842565537,0,-1
user_11237,5,195300.0,140400.0,1.5219280905592771,0,1
user_11238,10,124000.0,25200.0,1.5219280905592771,0,1
user_11239,8,117771.42857142857,3600.0,1.9056390564587862,0,1
user_1124,23,0.1994835,0.120764,2.772924445675956,0,-1
user_11240,5,201600.0,154800.0,1.5219280905592771,1,1
user_11241,8,145028.57142857142,18000.0,1.74999999422922,0,1
user_11242,7,162000.0,82800.0,0.863120565681241,0,1
user_11243,4,210000.0,158400.0,0.8112781215737428,0,1
user_11244,8,133200.0,7200.0,1.9056390564587862,0,1
user_11245,2,248400.0,248400.0,0.99999999711461,0,1
user_11246,24,0.20165139130434778,0.123707,2.4864404915972793,0,-1
user_11247,5,189000.0,133200.0,1.3709505901265835,0,1
user_11248,3,232200.0,216000.0,1.584962496393071,1,1
user_11249,3,237600.0,223200.0,0.9182958311690995,0,1
user_1125,3,207000.0,194400.0,0.9182958311690995,0,1
user_11250,9,129150.0,50400.0,1.8365916623381988,0,1
user_11251,9,123750.0,28800.0,1.3921472193364495,0,1
user_11252,2,284400.0,284400.0,0.99999999711461,0,-1
user_11253,24,0.19845060869565215,0.124863,2.7008257844192234,0,-1
user_11254,10,120400.0,28800.0,2.321928086231192,0,1
user_11255,2,223200.0,223200.0,0.99999999711461,0,1
user_11256,5,202500.0,122400.0,1.3709505901265835,0,1
user_11257,3,205200.0,190800.0,0.9182958311690995,0,1
user_11258,5,216000.0,154800.0,0.9709505915692787,0,1
user_11259,4,218400.0,190800.0,1.4999999956719148,0,1
user_1126,9,131400.0,64800.0,2.5032583261194756,1,1
user_11260,1,86400.0,86400.0,0.0,0,1
user_11261,2,284400.0,284400.0,0.99999999711461,0,-1
user_11262,20,0.1994503157894737,0.130455,2.608694959463977,0,-1
user_11263,68,0.19989020895522386,0.124442,2.7314707073362783,0,-1
user_11264,10,110400.0,14400.0,2.1709505872411934,0,1
user_11265,9,123300.0,28800.0,1.5304930524293974,0,1
user_11266,77,0.19996753947368417,0.103528,2.753335480423113,0,-1
user_11267,1,86400.0,86400.0,0.0,0,1
user_11268,9,136350.0,39600.0,-1.4426951595367387e-09,0,-1
user_11269,4,224400.0,176400.0,1.9999999942292197,0,1
user_1127,36,0.20209825714285712,0.121638,2.588377853300461,0,-1
user_11270,10,138000.0,61200.0,1.6854752914565543,0,1
user_11271,1,86400.0,86400.0,0.0,0,1
user_11272,10,124800.0,46800.0,1.360964043115596,0,1
user_11273,6,180000.0,72000.0,-1.4426951595367387e-09,0,1
user_11274,62,0.20125995081967216,0.107114,2.7720477954758174,0,-1
user_11275,6,175680.0,104400.0,1.4591479126991596,0,1
user_11276,2,266400.0,266400.0,0.99999999711461,0,1
user_11277,3,241200.0,190800.0,0.9182958311690995,1,1
user_11278,6,167760.0,100800.0,1.4591479126991596,0,1
user_11279,8,148628.57142857142,46800.0,0.99999999711461,0,1
user_1128,4,212400.0,169200.0,0.99999999711461,0,1
user_11280,3,237600.0,234000.0,1.584962496393071,0,1
user_11281,6,186480.0,82800.0,1.2516291630597378,0,1
user_11282,8,137314.2857142857,50400.0,1.2987949363673135,0,1
user_11283,47,0.19809032608695656,0.117909,2.7787541954609716,0,-1
user_11284,3,214200.0,187200.0,0.9182958311690995,0,1
user_11285,6,167760.0,82800.0,1.2516291630597378,0,1
user_11286,9,122850.0,25200.0,1.5304930524293974,0,1
user_11287,2,226800.0,226800.0,-1.4426951595367387e-09,0,-1
user_11288,10,113600.0,50400.0,2.1219280876738873,0,1
user_11289,10,132000.0,43200.0,2.0464393374575405,1,1
user_1129,21,0.19981405,0.121384,2.5294881056100307,0,-1
user_11290,9,130050.0,21600.0,1.8365916623381988,0,1
user_11291,5,188100.0,100800.0,1.3709505901265835,0,1
user_11292,9,110700.0,18000.0,2.419381936990201,0,1
user_11293,8,140400.0,28800.0,1.2987949363673135,0,1
user_11294,32,0.1989626129032258,0.134411,2.6346692251601667,0,-1
user_11295,2,262800.0,262800.0,0.99999999711461,0,1
user_11296,6,167760.0,122400.0,1.4591479126991596,0,1
user_11297,8,123428.57142857143,10800.0,1.8112781186883526,0,1
user_11298,2,223200.0,223200.0,0.99999999711461,0,1
user_11299,2,280800.0,280800.0,-1.4426951595367387e-09,0,-1
user_113,10,129200.0,10800.0,1.3709505901265835,0,1
user_1130,6,170640.0,97200.0,1.4591479126991596,0,1
user_11300,9,102150.0,3600.0,2.419381936990201,0,1
user_11301,5,192600.0,97200.0,1.5219280905592771,0,1
user_11302,78,0.20085196103896102,0.108835,2.7875354714945724,0,-1
user_11303,10,120400.0,21600.0,2.24643933745754,0,1
user_11304,4,216000.0,133200.0,0.99999999711461,0,1
user_11305,4,219600.0,187200.0,1.9999999942292197,0,1
user_11306,10,119600.0,7200.0,2.1709505872411934,0,1
user_11307,40,0.1983997435897436,0.136578,2.7557980119361423,0,-1
user_11308,6,168480.0,90000.0,1.4591479126991596,0,1
user_11309,39,0.19822289473684213,0.117701,2.753477378399176,0,1
user_1131,6,175680.0,104400.0,1.4591479126991596,0,1
user_11310,40,0.19850369230769235,0.141732,2.628212935742136,0,-1
user_11311,6,186480.0,82800.0,0.9182958311690995,0,1
user_11312,5,175500.0,90000.0,1.9219280891165822,0,1
user_11313,4,212400.0,165600.0,1.9999999942292197,0,1
user_11314,36,0.2007732857142857,0.108408,2.6446509518827637,0,-1
user_11315,67,0.19945921212121212,0.126595,2.756294611675846,0,-1
user_11316,1,86400.0,86400.0,0.0,0,1
user_11317,2,298800.0,298800.0,-1.4426951595367387e-09,0,-1
user_11318,3,230400.0,216000.0,0.9182958311690995,0,1
user_11319,4,238800.0,212400.0,1.9999999942292197,0,1
user_1132,3,261000.0,255600.0,0.9182958311690995,0,1
user_11320,3,246600.0,205200.0,0.9182958311690995,0,1
user_11321,66,0.2001443846153846,0.113664,2.747883819745048,0,1
user_11322,2,244800.0,244800.0,0.99999999711461,0,1
user_11323,9,122850.0,10800.0,0.9182958311690995,0,1
user_11324,2,241200.0,241200.0,0.99999999711461,0,1
user_11325,8,120342.85714285714,10800.0,0.99999999711461,0,1
user_11326,4,222000.0,198000.0,1.4999999956719148,0,1
user_11327,2,244800.0,244800.0,-1.4426951595367387e-09,0,-1
user_11328,2,226800.0,226800.0,0.99999999711461,0,1
user_11329,8,132685.7142857143,3600.0,1.9056390564587862,0,1
user_1133,37,0.2014794166666667,0.123826,2.7039608040642023,0,1
user_11330,6,168480.0,57600.0,1.2516291630597378,0,1
user_11331,3,241200.0,237600.0,0.9182958311690995,0,1
user_11332,8,140914.2857142857,10800.0,1.74999999422922,0,1
user_11333,5,192600.0,154800.0,1.9219280891165822,0,1
user_11334,59,0.2005435172413793,0.118497,2.6862935757964483,0,1
user_11335,6,180720.0,104400.0,1.4591479126991596,0,1
user_11336,2,295200.0,295200.0,0.99999999711461,0,-1
user_11337,8,142971.42857142858,39600.0,2.155639055016091,0,1
user_11338,2,244800.0,244800.0,0.99999999711461,0,1
user_11339,8,136285.7142857143,43200.0,1.4056390579014812,0,1
user_1134,3,228600.0,187200.0,0.9182958311690995,0,1
user_11340,3,257400.0,219600.0,0.9182958311690995,0,1
user_11341,2,273600.0,273600.0,0.99999999711461,0,1
user_11342,8,136800.0,14400.0,2.249999992786525,0,1
user_11343,5,206100.0,154800.0,2.321928087673887,0,1
user_11344,7,161400.0,50400.0,1.3787834891580906,0,1
user_11345,4,218400.0,198000.0,0.8112781215737428,0,1
user_11346,4,213600.0,198000.0,0.99999999711461,0,1
user_11347,5,204300.0,162000.0,1.3709505901265835,0,1
user_11348,6,185760.0,118800.0,1.4591479126991596,0,1
user_11349,58,0.19987394736842107,0.11467,2.7642018396224066,0,1
user_1135,2,223200.0,223200.0,0.99999999711461,0,1
user_11350,7,153000.0,39600.0,0.9852281331488615,0,1
user_11351,6,191520.0,46800.0,1.4591479126991596,0,1
user_11352,6,156240.0,68400.0,1.4591479126991596,0,1
user_11353,2,259200.0,259200.0,0.99999999711461,0,1
user_11354,3,214200.0,205200.0,1.584962496393071,0,1
user_11355,9,123750.0,18000.0,1.7527152732089246,0,1
user_11356,6,186480.0,86400.0,1.2516291630597378,0,1
user_11357,8,117257.14285714286,10800.0,2.155639055016091,0,1
user_11358,2,244800.0,244800.0,-1.4426951595367387e-09,0,-1
user_11359,1,86400.0,86400.0,0.0,0,1
user_1136,1,86400.0,86400.0,0.0,0,1
user_11360,6,187920.0,68400.0,2.2516291601743474,0,1
user_11361,2,270000.0,270000.0,0.99999999711461,0,1
user_11362,2,270000.0,270000.0,0.99999999711461,0,1
user_11363,2,288000.0,288000.0,0.99999999711461,0,-1
user_11364,9,114750.0,7200.0,1.8910611063018725,0,1
user_11365,75,0.1992662297297297,0.120541,2.763026418772348,0,-1
user_11366,9,131850.0,25200.0,1.8910611063018725,0,1
user_11367,6,178560.0,100800.0,1.584962496393071,0,1
user_11368,8,139885.7142857143,14400.0,1.9056390564587862,0,1
user_11369,57,0.20025037499999998,0.10669,2.7270965032918184,0,1
user_1137,79,0.19972123076923073,0.101661,2.741417980697686,0,-1
user_11370,55,0.19933538888888888,0.127275,2.6780279994076297,0,-1
user_11371,1,86400.0,86400.0,0.0,0,1
user_11372,10,120400.0,21600.0,2.24643933745754,0,1
user_11373,2,277200.0,277200.0,0.99999999711461,0,1
user_11374,8,137314.2857142857,18000.0,1.9056390564587862,0,1
user_11375,4,222000.0,180000.0,0.8112781215737428,0,1
user_11376,10,119600.0,14400.0,1.8954618384675417,0,1
user_11377,2,291600.0,291600.0,-1.4426951595367387e-09,0,-1
user_11378,4,199200.0,136800.0,0.99999999711461,1,1
user_11379,7,169200.0,28800.0,2.128085271677919,0,1
user_1138,3,221400.0,180000.0,1.584962496393071,0,1
user_11380,8,146571.42857142858,18000.0,1.2987949363673135,0,1
user_11381,2,295200.0,295200.0,0.99999999711461,0,-1
user_11382,6,176400.0,93600.0,1.9182958282837093,1,1
user_11383,8,133200.0,25200.0,1.5612781201310477,0,1
user_11384,10,114800.0,14400.0,2.1219280876738873,0,1
user_11385,1,86400.0,86400.0,0.0,0,1
user_11386,1,86400.0,86400.0,0.0,0,1
user_11387,8,149142.85714285713,79200.0,1.5487949349246184,0,1
user_11388,1,86400.0,86400.0,0.0,0,1
user_11389,8,138857.14285714287,36000.0,2.155639055016091,0,1
user_1139,42,0.19818192682926833,0.112249,2.6690365449431064,0,-1
user_11390,6,168480.0,79200.0,1.9182958282837093,1,1
user_11391,7,150600.0,14400.0,1.3787834891580906,0,1
user_11392,1,86400.0,86400.0,0.0,0,1
user_11393,9,117450.0,14400.0,1.6577427207341087,0,1
user_11394,10,116000.0,25200.0,1.960964040230206,0,1
user_11395,60,0.1996385254237288,0.107105,2.717391449380655,0,1
user_11396,8,129600.0,36000.0,1.74999999422922,0,1
user_11397,9,135000.0,43200.0,1.7527152732089246,1,1
user_11398,4,218400.0,201600.0,0.99999999711461,0,1
user_11399,4,208800.0,136800.0,1.4999999956719148,0,1
user_114,8,137828.57142857142,3600.0,1.4056390579014812,0,1
user_1140,1,86400.0,86400.0,0.0,0,1
user_11400,6,186480.0,118800.0,2.2516291601743474,1,1
user_11401,59,0.20025772413793103,0.108139,2.7569329297332663,0,1
user_11402,8,131657.14285714287,50400.0,1.8112781186883526,1,1
user_11403,2,255600.0,255600.0,0.99999999711461,0,1
user_11404,9,125550.0,39600.0,1.8365916623381988,0,1
user_11405,6,177840.0,122400.0,1.9182958282837093,0,1
user_11406,6,175680.0,111600.0,1.9182958282837093,0,1
user_11407,4,213600.0,151200.0,-1.4426951595367387e-09,0,-1
user_11408,5,211500.0,169200.0,0.9709505915692787,0,1
user_11409,55,0.19940633333333335,0.114618,2.744399367480363,0,1
user_1141,6,171360.0,100800.0,1.4591479126991596,0,1
user_11410,8,129600.0,7200.0,2.155639055016091,0,1
user_11411,61,0.2002322,0.131385,2.658919296584649,0,-1
user_11412,52,0.1999700392156863,0.114959,2.6668948565668185,0,1
user_11413,1,86400.0,86400.0,0.0,0,1
user_11414,9,126900.0,3600.0,1.6577427207341087,1,1
user_11415,10,109600.0,10800.0,1.6854752914565543,0,1
user_11416,10,108400.0,3600.0,2.321928086231192,0,1
user_11417,3,230400.0,183600.0,0.9182958311690995,0,1
user_11418,8,136285.7142857143,36000.0,1.74999999422922,0,1
user_11419,1,86400.0,86400.0,0.0,0,1
user_1142,7,147000.0,54000.0,1.8423709874063285,0,1
user_11420,7,127800.0,25200.0,1.3787834891580906,0,1
user_11421,4,201600.0,169200.0,1.4999999956719148,0,1
user_11422,41,0.2012549,0.146534,2.7400158642799513,0,-1
user_11423,71,0.19964819999999994,0.107512,2.70440850085956,0,-1
user_11424,6,148320.0,68400.0,1.9182958282837093,1,1
user_11425,5,208800.0,133200.0,1.3709505901265835,0,1
user_11426,44,0.20106495348837203,0.124735,2.693736506908637,0,1
user_11427,37,0.2017928333333333,0.117028,2.7109270859659103,0,1
user_11428,9,134100.0,14400.0,2.058813883117726,0,1
user_11429,1,86400.0,86400.0,0.0,1,1
user_1143,59,0.2001514655172414,0.109027,2.7002098327806867,0,1
user_11430,4,200400.0,154800.0,1.9999999942292197,0,1
user_11431,2,226800.0,226800.0,0.99999999711461,0,1
user_11432,6,190800.0,118800.0,1.4591479126991596,0,1
user_11433,4,212400.0,140400.0,1.9999999942292197,0,1
user_11434,10,122800.0,14400.0,2.446439336014845,0,1
user_11435,4,231600.0,198000.0,1.4999999956719148,0,1
user_11436,2,295200.0,295200.0,0.99999999711461,0,-1
user_11437,6,181440.0,118800.0,2.2516291601743474,0,1
user_11438,32,0.19917387096774192,0.129175,2.7783254920948584,0,1
user_11439,7,157200.0,10800.0,0.863120565681241,0,1
user_1144,3,257400.0,244800.0,0.9182958311690995,0,1
user_11440,76,0.19934643999999999,0.112019,2.7114430354358006,0,-1
user_11441,3,235800.0,234000.0,1.584962496393071,0,1
user_11442,8,155314.2857142857,54000.0,2.155639055016091,1,1
user_11443,6,180000.0,61200.0,0.6500224187629642,0,1
user_11444,9,116550.0,7200.0,1.879964941513636,0,1
user_11445,1,86400.0,86400.0,0.0,0,1
user_11446,1,86400.0,86400.0,0.0,0,1
user_11447,6,164160.0,79200.0,1.4591479126991596,1,1
user_11448,1,86400.0,86400.0,0.0,0,1
user_11449,10,112400.0,10800.0,1.3567796436762596,0,1
user_1145,10,114000.0,7200.0,1.760964041672901,0,1
user_11450,10,123200.0,28800.0,1.960964040230206,0,1
user_11451,9,122400.0,7200.0,2.281036105339948,0,1
user_11452,8,132685.7142857143,46800.0,1.9056390564587862,0,1
user_11453,9,123300.0,32400.0,1.8365916623381988,0,1
user_11454,3,235800.0,187200.0,-1.4426951595367387e-09,0,-1
user_11455,7,141000.0,54000.0,1.8423709874063285,0,1
user_11456,54,0.19899818867924526,0.109995,2.652204033372018,0,-1
user_11457,1,86400.0,86400.0,0.0,0,1
user_11458,2,291600.0,291600.0,-1.4426951595367387e-09,0,-1
user_11459,5,224100.0,169200.0,1.5219280905592771,0,1
user_1146,51,0.19940688,0.133878,2.7285240478056183,0,-1
user_11460,78,0.20026897402597404,0.111103,2.7719206853407994,0,-1
user_11461,6,190080.0,122400.0,1.4591479126991596,0,1
user_11462,10,124000.0,39600.0,1.6854752914565543,0,1
user_11463,2,234000.0,234000.0,-1.4426951595367387e-09,0,-1
user_11464,71,0.19937815714285717,0.119802,2.7833054047494064,0,-1
user_11465,1,86400.0,86400.0,0.0,0,1
user_11466,4,218400.0,172800.0,1.9999999942292197,0,1
user_11467,4,194400.0,144000.0,1.4999999956719148,1,1
user_11468,2,284400.0,284400.0,-1.4426951595367387e-09,1,-1
user_11469,9,134100.0,64800.0,2.5032583261194756,0,1
user_1147,5,188100.0,136800.0,1.5219280905592771,0,1
user_11470,6,172800.0,82800.0,1.9182958282837093,0,1
user_11471,7,155400.0,32400.0,1.950212059143967,0,1
user_11472,10,109600.0,10800.0,1.7219280891165822,0,1
user_11473,3,225000.0,219600.0,0.9182958311690995,0,1
user_11474,1,86400.0,86400.0,0.0,0,1
user_11475,5,187200.0,147600.0,1.3709505901265835,0,1
user_11476,6,177120.0,93600.0,1.2516291630597378,0,1
user_11477,5,212400.0,140400.0,2.321928087673887,0,1
user_11478,9,116100.0,18000.0,1.879964941513636,0,1
user_11479,7,144600.0,54000.0,1.4488156313970995,0,1
user_1148,4,242400.0,190800.0,0.8112781215737428,1,1
user_11480,1,86400.0,86400.0,0.0,0,1
user_11481,2,223200.0,223200.0,0.99999999711461,0,1
user_11482,10,109200.0,18000.0,1.7219280891165822,0,1
user_11483,9,132300.0,21600.0,1.6577427207341087,0,1
user_11484,5,216000.0,136800.0,1.3709505901265835,0,1
user_11485,10,115200.0,28800.0,1.5219280905592771,0,1
user_11486,52,0.19895270588235298,0.111819,2.5914459047991536,0,-1
user_11487,2,266400.0,266400.0,0.99999999711461,0,1
user_11488,48,0.20133495744680854,0.119567,2.6391844395056454,0,-1
user_11489,74,0.20047743835616436,0.104721,2.7201582922985037,0,-1
user_1149,5,200700.0,115200.0,1.3709505901265835,0,1
user_11490,64,0.19876792063492066,0.10192,2.7378306851202634,0,-1
user_11491,6,156960.0,57600.0,1.9182958282837093,0,1
user_11492,1,86400.0,86400.0,0.0,0,1
user_11493,5,198000.0,118800.0,1.3709505901265835,0,1
user_11494,9,111150.0,25200.0,1.9749374954311467,0,1
user_11495,4,210000.0,154800.0,1.4999999956719148,0,1
user_11496,5,197100.0,136800.0,1.9219280891165822,0,1
user_11497,4,231600.0,183600.0,1.9999999942292197,0,1
user_11498,64,0.1996014444444445,0.104648,2.7117569167611517,0,-1
user_11499,9,122400.0,43200.0,1.8910611063018725,0,1
user_115,2,248400.0,248400.0,0.99999999711461,0,1
user_1150,6,167040.0,108000.0,1.584962496393071,0,1
user_11500,1,86400.0,86400.0,0.0,0,1
user_11501,6,190080.0,82800.0,1.792481244589798,0,1
user_11502,5,198900.0,93600.0,1.5219280905592771,0,1
user_11503,4,200400.0,144000.0,1.4999999956719148,0,1
user_11504,5,191700.0,136800.0,0.9709505915692787,0,1
user_11505,6,172800.0,100800.0,2.2516291601743474,0,1
user_11506,4,223200.0,194400.0,1.4999999956719148,0,1
user_11507,2,291600.0,291600.0,0.99999999711461,0,-1
user_11508,6,172800.0,72000.0,0.99999999711461,0,1
user_11509,3,237600.0,180000.0,0.9182958311690995,0,1
user_1151,10,124400.0,57600.0,1.8464393389002354,0,1
user_11510,3,232200.0,176400.0,0.9182958311690995,0,1
user_11511,10,136800.0,68400.0,1.7709505872411937,0,1
user_11512,9,121500.0,21600.0,1.3516441108253072,0,1
user_11513,3,243000.0,208800.0,0.9182958311690995,0,1
user_11514,6,184320.0,108000.0,1.4591479126991596,0,1
user_11515,68,0.19946637313432833,0.128824,2.6743836091429998,0,-1
user_11516,5,215100.0,133200.0,1.9219280891165822,1,1
user_11517,72,0.19980257746478872,0.109,2.72937130563429,0,-1
user_11518,5,225000.0,162000.0,1.5219280905592771,0,1
user_11519,7,136200.0,18000.0,1.1488348499528316,0,1
user_1152,9,118800.0,7200.0,1.6577427207341087,0,1
user_11520,2,280800.0,280800.0,0.99999999711461,0,1
user_11521,3,216000.0,201600.0,0.9182958311690995,0,1
user_11522,8,138857.14285714287,32400.0,1.5612781201310477,0,1
user_11523,8,137828.57142857142,50400.0,1.9056390564587862,0,1
user_11524,1,86400.0,86400.0,0.0,0,1
user_11525,6,157680.0,72000.0,1.4591479126991596,0,1
user_11526,23,0.19944695454545452,0.137417,2.6859679239368255,0,-1
user_11527,5,188100.0,115200.0,0.9709505915692787,0,1
user_11528,4,192000.0,140400.0,1.4999999956719148,0,1
user_11529,6,160560.0,50400.0,1.2516291630597378,0,1
user_1153,9,122850.0,10800.0,2.197159716210674,0,1
user_11530,10,110400.0,25200.0,1.8464393389002354,0,1
user_11531,6,163440.0,50400.0,0.9182958311690995,0,1
user_11532,28,0.19866996296296296,0.119031,2.7273966634756137,0,1
user_11533,4,237600.0,201600.0,1.9999999942292197,0,1
user_11534,7,157800.0,10800.0,1.8423709874063285,0,1
user_11535,3,221400.0,208800.0,1.584962496393071,0,1
user_11536,5,176400.0,122400.0,0.9709505915692787,0,1
user_11537,3,214200.0,208800.0,0.9182958311690995,0,1
user_11538,8,123428.57142857143,21600.0,1.4056390579014812,0,1
user_11539,5,186300.0,97200.0,1.9219280891165822,1,1
user_1154,2,234000.0,234000.0,-1.4426951595367387e-09,0,-1
user_11540,3,210600.0,201600.0,1.584962496393071,0,1
user_11541,4,217200.0,194400.0,0.8112781215737428,0,1
user_11542,2,280800.0,280800.0,0.99999999711461,1,1
user_11543,37,0.2005663611111111,0.139507,2.7109270859659103,0,-1
user_11544,8,138857.14285714287,21600.0,1.5487949349246184,1,1
user_11545,7,139200.0,21600.0,1.950212059143967,0,1
user_11546,4,232800.0,212400.0,-1.4426951595367387e-09,0,-1
user_11547,1,86400.0,86400.0,0.0,0,1
user_11548,5,189900.0,111600.0,1.9219280891165822,0,1
user_11549,1,86400.0,86400.0,0.0,0,1
user_1155,10,117600.0,14400.0,2.1709505872411934,0,1
user_11550,5,166500.0,97200.0,1.5219280905592771,0,1
user_11551,5,190800.0,118800.0,1.9219280891165822,0,1
user_11552,4,236400.0,154800.0,1.4999999956719148,1,1
user_11553,2,295200.0,295200.0,0.99999999711461,0,-1
user_11554,31,0.19975973333333333,0.135783,2.739001640189394,0,-1
user_11555,4,210000.0,176400.0,1.4999999956719148,0,1
user_11556,9,117900.0,21600.0,2.058813883117726,0,1
user_11557,46,0.19994482222222223,0.116934,2.731328728323022,0,1
user_11558,5,198000.0,104400.0,1.3709505901265835,0,1
user_11559,4,207600.0,194400.0,1.4999999956719148,0,1
user_1156,7,134400.0,3600.0,1.8423709874063285,0,1
user_11560,3,237600.0,230400.0,0.9182958311690995,0,1
user_11561,80,0.19902572151898731,0.116805,2.793373874473878,0,-1
user_11562,2,280800.0,280800.0,0.99999999711461,0,1
user_11563,3,208800.0,190800.0,1.584962496393071,0,1
user_11564,2,255600.0,255600.0,0.99999999711461,0,1
user_11565,8,126514.28571428571,18000.0,0.8112781215737428,0,1
user_11566,2,270000.0,270000.0,0.99999999711461,0,1
user_11567,5,198000.0,97200.0,1.3709505901265835,0,1
user_11568,2,259200.0,259200.0,-1.4426951595367387e-09,0,-1
user_11569,7,153600.0,32400.0,2.2359263434155574,0,1
user_1157,9,116100.0,7200.0,2.419381936990201,0,1
user_11570,1,86400.0,86400.0,0.0,0,1
user_11571,2,223200.0,223200.0,0.99999999711461,0,1
user_11572,2,226800.0,226800.0,0.99999999711461,0,1
user_11573,37,0.20027252777777774,0.117943,2.7622820732602382,0,1
user_11574,3,225000.0,201600.0,0.9182958311690995,0,1
user_11575,6,169920.0,90000.0,1.2516291630597378,0,1
user_11576,5,198000.0,111600.0,1.5219280905592771,0,1
user_11577,2,270000.0,270000.0,0.99999999711461,0,1
user_11578,6,164880.0,54000.0,1.4591479126991596,0,1
user_11579,4,220800.0,198000.0,1.4999999956719148,0,1
user_1158,4,217200.0,162000.0,1.4999999956719148,0,1
user_11580,6,187200.0,126000.0,1.9182958282837093,0,1
user_11581,8,128057.14285714286,46800.0,1.061278120131048,0,1
user_11582,64,0.19985288888888889,0.122792,2.7807010560718743,0,1
user_11583,4,206400.0,158400.0,1.4999999956719148,0,1
user_11584,9,131850.0,28800.0,1.5304930524293974,0,1
user_11585,9,116550.0,14400.0,2.197159716210674,0,1
user_11586,5,207000.0,126000.0,1.3709505901265835,0,1
user_11587,6,176400.0,108000.0,1.792481244589798,0,1
user_11588,42,0.19854963414634147,0.120879,2.6997147878068555,0,1
user_11589,10,115600.0,3600.0,1.960964040230206,1,1
user_1159,6,180000.0,86400.0,1.9182958282837093,0,1
user_11590,7,157200.0,82800.0,2.2359263434155574,1,1
user_11591,3,232200.0,180000.0,1.584962496393071,0,1
user_11592,6,169200.0,50400.0,0.9182958311690995,0,1
user_11593,4,212400.0,140400.0,1.9999999942292197,0,1
user_11594,8,139371.42857142858,21600.0,2.49999999134383,0,1
user_11595,8,126514.28571428571,10800.0,1.9999999927865248,1,1
user_11596,8,144514.2857142857,46800.0,1.5612781201310477,0,1
user_11597,68,0.1996649104477612,0.110082,2.7600890911803155,0,-1
user_11598,8,154285.7142857143,25200.0,1.74999999422922,0,1
user_11599,5,202500.0,147600.0,1.9219280891165822,0,1
user_116,7,143400.0,57600.0,1.8423709874063285,0,1
user_1160,51,0.19924996,0.113489,2.7518573821100354,0,1
user_11600,53,0.1995344230769231,0.11711,2.7774248459271527,0,1
user_11601,6,177840.0,93600.0,1.792481244589798,0,1
user_11602,5,225900.0,158400.0,1.3709505901265835,0,1
user_11603,6,172800.0,108000.0,1.9182958282837093,0,1
user_11604,8,133714.2857142857,54000.0,1.2987949363673135,0,1
user_11605,4,198000.0,158400.0,1.4999999956719148,0,1
user_11606,10,122400.0,28800.0,1.3567796436762596,0,1
user_11607,3,241200.0,230400.0,0.9182958311690995,0,1
user_11608,1,86400.0,86400.0,0.0,0,1
user_11609,8,147600.0,68400.0,1.4056390579014812,0,1
user_1161,2,248400.0,248400.0,0.99999999711461,0,1
user_11610,9,112950.0,21600.0,2.1132833270813998,1,1
user_11611,3,248400.0,208800.0,0.9182958311690995,0,1
user_11612,64,0.19919046031746032,0.11289,2.7273943169953974,0,1
user_11613,10,118000.0,7200.0,2.24643933745754,0,1
user_11614,3,214200.0,194400.0,0.9182958311690995,0,1
user_11615,9,124650.0,18000.0,0.9910760569528321,0,1
user_11616,2,241200.0,241200.0,-1.4426951595367387e-09,0,-1
user_11617,4,210000.0,162000.0,1.4999999956719148,0,1
user_11618,7,151200.0,75600.0,2.128085271677919,0,1
user_11619,1,86400.0,86400.0,0.0,0,1
user_1162,5,210600.0,165600.0,1.9219280891165822,0,1
user_11620,2,241200.0,241200.0,0.99999999711461,1,1
user_11621,2,223200.0,223200.0,0.99999999711461,0,1
user_11622,3,199800.0,176400.0,1.584962496393071,0,1
user_11623,1,86400.0,86400.0,0.0,0,1
user_11624,8,129085.71428571429,28800.0,2.155639055016091,0,1
user_11625,1,86400.0,86400.0,0.0,0,1
user_11626,1,86400.0,86400.0,0.0,0,1
user_11627,5,180000.0,136800.0,1.3709505901265835,0,1
user_11628,7,139800.0,32400.0,2.128085271677919,0,1
user_11629,31,0.20006583333333333,0.115797,2.675835316962504,0,1
user_1163,57,0.20036799999999996,0.104494,2.748761300222493,0,-1
user_11630,5,189900.0,144000.0,1.5219280905592771,0,1
user_11631,7,142200.0,7200.0,1.3787834891580906,0,1
user_11632,8,140400.0,36000.0,1.8112781186883526,0,1
user_11633,6,197280.0,122400.0,2.2516291601743474,0,1
user_11634,4,201600.0,172800.0,1.4999999956719148,0,1
user_11635,9,126000.0,43200.0,1.7527152732089246,0,1
user_11636,3,210600.0,176400.0,1.584962496393071,0,1
user_11637,10,123200.0,3600.0,1.960964040230206,0,1
user_11638,3,219600.0,194400.0,1.584962496393071,0,1
user_11639,9,109350.0,18000.0,1.5304930524293974,0,1
user_1164,1,86400.0,86400.0,0.0,0,1
user_11640,9,124200.0,3600.0,1.7527152732089246,0,1
user_11641,1,86400.0,86400.0,0.0,0,1
user_11642,3,210600.0,183600.0,0.9182958311690995,0,1
user_11643,9,123750.0,36000.0,1.6577427207341087,1,1
user_11644,2,295200.0,295200.0,0.99999999711461,0,-1
user_11645,10,126000.0,18000.0,2.0464393374575405,1,1
user_11646,5,198900.0,140400.0,0.9709505915692787,0,1
user_11647,4,222000.0,190800.0,0.8112781215737428,0,1
user_11648,7,172800.0,32400.0,2.2359263434155574,0,1
user_11649,9,125550.0,57600.0,1.6577427207341087,0,1
user_1165,2,259200.0,259200.0,0.99999999711461,0,1
user_11650,1,86400.0,86400.0,0.0,0,1
user_11651,10,108000.0,7200.0,1.360964043115596,0,1
user_11652,10,113200.0,3600.0,1.6854752914565543,0,1
user_11653,8,131657.14285714287,36000.0,1.9999999927865248,0,1
user_11654,4,214800.0,158400.0,1.4999999956719148,0,1
user_11655,6,168480.0,118800.0,1.792481244589798,0,1
user_11656,1,86400.0,86400.0,0.0,1,1
user_11657,3,252000.0,212400.0,1.584962496393071,0,1
user_11658,2,244800.0,244800.0,0.99999999711461,0,1
user_11659,10,114400.0,3600.0,1.8464393389002354,0,1
user_1166,42,0.20117180487804875,0.10844,2.7419308084620067,0,1
user_11660,1,86400.0,86400.0,0.0,1,1
user_11661,7,147600.0,36000.0,2.2359263434155574,0,1
user_11662,69,0.2003510882352941,0.119817,2.755483524695501,0,1
user_11663,7,157800.0,46800.0,2.2359263434155574,1,1
user_11664,5,194400.0,133200.0,1.3709505901265835,0,1
user_11665,10,130800.0,25200.0,1.7219280891165822,0,1
user_11666,4,194400.0,136800.0,1.4999999956719148,0,1
user_11667,8,130628.57142857143,25200.0,2.249999992786525,0,1
user_11668,4,217200.0,133200.0,1.4999999956719148,0,1
user_11669,7,158400.0,18000.0,1.8423709874063285,0,1
user_1167,9,127800.0,14400.0,1.8365916623381988,0,1
user_11670,9,124650.0,7200.0,2.197159716210674,0,1
user_11671,9,133200.0,10800.0,1.6577427207341087,0,1
user_11672,8,142457.14285714287,54000.0,1.9056390564587862,0,1
user_11673,3,225000.0,223200.0,1.584962496393071,0,1
user_11674,3,230400.0,205200.0,0.9182958311690995,0,1
user_11675,4,201600.0,180000.0,1.9999999942292197,0,1
user_11676,5,188100.0,118800.0,1.3709505901265835,1,1
user_11677,1,86400.0,86400.0,0.0,0,1
user_11678,2,226800.0,226800.0,-1.4426951595367387e-09,0,-1
user_11679,8,152228.57142857142,28800.0,2.155639055016091,0,1
user_1168,9,130500.0,7200.0,1.8365916623381988,0,1
user_11680,55,0.19985485185185184,0.123145,2.67965897949546,0,1
user_11681,9,125550.0,3600.0,1.7527152732089246,0,1
user_11682,4,182400.0,133200.0,1.9999999942292197,0,1
user_11683,1,86400.0,86400.0,0.0,0,1
user_11684,6,185040.0,97200.0,1.4591479126991596,0,1
user_11685,5,208800.0,118800.0,1.3709505901265835,0,1
user_11686,4,225600.0,190800.0,0.99999999711461,0,1
user_11687,1,86400.0,86400.0,0.0,0,1
user_11688,9,117900.0,3600.0,2.419381936990201,0,1
user_11689,4,208800.0,154800.0,1.4999999956719148,0,1
user_1169,26,0.19948348,0.11412,2.5993169971541237,0,-1
user_11690,30,0.20223593103448276,0.117007,2.67979912173854,0,-1
user_11691,5,184500.0,140400.0,1.5219280905592771,0,1
user_11692,7,150600.0,10800.0,2.128085271677919,0,1
user_11693,4,178800.0,136800.0,1.4999999956719148,1,1
user_11694,8,127542.85714285714,43200.0,1.8112781186883526,0,1
user_11695,9,133200.0,32400.0,1.7527152732089246,1,1
user_11696,7,164400.0,46800.0,1.664497773429681,1,1
user_11697,8,131657.14285714287,25200.0,1.4056390579014812,0,1
user_11698,9,125100.0,7200.0,2.419381936990201,0,1
user_11699,3,210600.0,176400.0,1.584962496393071,0,1
user_117,70,0.19899397101449276,0.107494,2.7696048675465708,0,-1
user_1170,4,213600.0,187200.0,1.4999999956719148,0,1
user_11700,4,188400.0,133200.0,1.4999999956719148,0,1
user_11701,5,182700.0,97200.0,1.5219280905592771,0,1
user_11702,10,114800.0,14400.0,2.0464393374575405,0,1
user_11703,9,121500.0,7200.0,1.6577427207341087,0,1
user_11704,7,155400.0,18000.0,1.5566567031347378,0,1
user_11705,6,173520.0,46800.0,1.792481244589798,0,1
user_11706,4,210000.0,180000.0,1.4999999956719148,0,1
user_11707,6,164160.0,61200.0,1.4591479126991596,0,1
user_11708,3,237600.0,194400.0,1.584962496393071,1,1
user_11709,3,243000.0,208800.0,1.584962496393071,0,1
user_1171,10,110000.0,7200.0,1.760964041672901,0,1
user_11710,2,234000.0,234000.0,0.99999999711461,0,1
user_11711,5,193500.0,158400.0,1.3709505901265835,0,1
user_11712,9,122850.0,36000.0,1.8910611063018725,0,1
user_11713,5,210600.0,140400.0,0.9709505915692787,0,1
user_11714,65,0.1993270625,0.115963,2.698554384255174,0,1
user_11715,4,228000.0,172800.0,1.4999999956719148,0,1
user_11716,4,225600.0,187200.0,1.4999999956719148,0,1
user_11717,6,165600.0,50400.0,1.792481244589798,0,1
user_11718,10,114000.0,7200.0,1.5709505886838886,0,1
user_11719,5,197100.0,151200.0,1.9219280891165822,0,1
user_1172,9,120600.0,32400.0,1.8910611063018725,0,1
user_11720,9,110250.0,7200.0,1.7527152732089246,0,1
user_11721,10,110800.0,7200.0,2.446439336014845,0,1
user_11722,6,183600.0,93600.0,1.4591479126991596,0,1
user_11723,1,86400.0,86400.0,0.0,0,1
user_11724,6,195840.0,115200.0,1.584962496393071,0,1
user_11725,5,177300.0,122400.0,1.9219280891165822,0,1
user_11726,9,113850.0,10800.0,1.7527152732089246,0,1
user_11727,3,246600.0,237600.0,1.584962496393071,0,1
user_11728,3,235800.0,205200.0,-1.4426951595367387e-09,0,-1
user_11729,8,123428.57142857143,18000.0,2.155639055016091,0,1
user_1173,10,110800.0,7200.0,1.7219280891165822,0,1
user_11730,1,86400.0,86400.0,0.0,0,1
user_11731,43,0.19889659523809525,0.126216,2.734436698978711,0,1
user_11732,4,219600.0,198000.0,1.4999999956719148,0,1
user_11733,3,221400.0,198000.0,1.584962496393071,0,1
user_11734,57,0.2005282857142857,0.106063,2.7049260846651966,0,1
user_11735,9,128250.0,28800.0,2.197159716210674,0,1
user_11736,8,129085.71428571429,10800.0,1.74999999422922,0,1
user_11737,1,86400.0,86400.0,0.0,0,1
user_11738,10,113600.0,7200.0,2.1219280876738873,0,1
user_11739,7,129600.0,18000.0,2.521640627687148,0,1
user_1174,3,241200.0,230400.0,0.9182958311690995,0,1
user_11740,32,0.19846551612903232,0.118643,2.6104928534156153,0,-1
user_11741,5,195300.0,136800.0,1.5219280905592771,0,1
user_11742,7,159600.0,68400.0,1.8423709874063285,0,1
user_11743,5,206100.0,162000.0,1.3709505901265835,0,1
user_11744,1,86400.0,86400.0,0.0,0,1
user_11745,5,198900.0,118800.0,1.5219280905592771,0,1
user_11746,1,86400.0,86400.0,0.0,0,1
user_11747,9,121500.0,28800.0,1.7527152732089246,0,1
user_11748,1,86400.0,86400.0,0.0,0,1
user_11749,1,86400.0,86400.0,0.0,0,1
user_1175,3,250200.0,234000.0,0.9182958311690995,0,1
user_11750,8,146571.42857142858,28800.0,2.155639055016091,0,1
user_11751,1,86400.0,86400.0,0.0,0,1
user_11752,6,170640.0,97200.0,1.9182958282837093,0,1
user_11753,1,86400.0,86400.0,0.0,0,1
user_11754,7,156600.0,28800.0,1.8423709874063285,0,1
user_11755,7,151200.0,72000.0,2.2359263434155574,0,1
user_11756,2,295200.0,295200.0,0.99999999711461,0,-1
user_11757,49,0.20010304166666668,0.116859,2.703340308727811,0,1
user_11758,7,153600.0,46800.0,1.1488348499528316,0,1
user_11759,2,270000.0,270000.0,0.99999999711461,0,1
user_1176,1,86400.0,86400.0,0.0,0,1
user_11760,4,213600.0,147600.0,1.4999999956719148,0,1
user_11761,6,164880.0,75600.0,1.9182958282837093,0,1
user_11762,60,0.19895516949152542,0.10939,2.688468540915134,0,1
user_11763,2,252000.0,252000.0,0.99999999711461,0,1
user_11764,5,204300.0,136800.0,1.5219280905592771,0,1
user_11765,5,207000.0,136800.0,1.5219280905592771,0,1
user_11766,1,86400.0,86400.0,0.0,1,1
user_11767,3,237600.0,237600.0,0.9182958311690995,0,1
user_11768,9,122850.0,28800.0,1.224394441077901,0,1
user_11769,58,0.20131864912280703,0.107699,2.7512100661937433,0,-1
user_1177,8,142457.14285714287,39600.0,1.2987949363673135,0,1
user_11770,46,0.1997321111111111,0.124141,2.6937578079271773,0,1
user_11771,5,198000.0,108000.0,1.9219280891165822,0,1
user_11772,5,184500.0,133200.0,1.9219280891165822,0,1
user_11773,3,241200.0,230400.0,1.584962496393071,0,1
user_11774,5,167400.0,104400.0,1.9219280891165822,0,1
user_11775,50,0.2009679591836735,0.131302,2.629962638996434,0,-1
user_11776,9,134100.0,39600.0,1.8365916623381988,0,1
user_11777,7,162600.0,57600.0,2.128085271677919,1,1
user_11778,9,131400.0,3600.0,2.5032583261194756,1,1
user_11779,3,223200.0,190800.0,0.9182958311690995,0,1
user_1178,5,198900.0,129600.0,1.3709505901265835,0,1
user_11780,2,270000.0,270000.0,0.99999999711461,0,1
user_11781,3,243000.0,219600.0,-1.4426951595367387e-09,0,-1
user_11782,1,86400.0,86400.0,0.0,0,1
user_11783,1,86400.0,86400.0,0.0,0,1
user_11784,28,0.19760244444444444,0.115142,2.597558376925624,0,-1
user_11785,8,121371.42857142857,18000.0,1.9056390564587862,0,1
user_11786,7,147600.0,54000.0,1.3787834891580906,0,1
user_11787,36,0.19803245714285717,0.120065,2.7483341055175114,0,-1
user_11788,6,165600.0,90000.0,1.792481244589798,0,1
user_11789,7,161400.0,79200.0,2.2359263434155574,0,1
user_1179,5,189900.0,118800.0,0.7219280920019722,0,1
user_11790,2,234000.0,234000.0,0.99999999711461,0,1
user_11791,63,0.2010731935483871,0.120472,2.690279582461642,0,-1
user_11792,58,0.20151349122807016,0.124322,2.7717273084269376,0,-1
user_11793,4,211200.0,140400.0,0.99999999711461,0,1
user_11794,1,86400.0,86400.0,0.0,0,1
user_11795,9,125100.0,39600.0,1.8910611063018725,0,1
user_11796,5,181800.0,104400.0,1.9219280891165822,0,1
user_11797,74,0.19995412328767123,0.116982,2.7749196273056334,0,-1
user_11798,9,128700.0,36000.0,1.3516441108253072,0,1
user_11799,3,214200.0,205200.0,0.9182958311690995,0,1
user_118,9,126450.0,21600.0,1.7527152732089246,0,1
user_1180,6,185040.0,46800.0,1.4591479126991596,0,1
user_11800,5,223200.0,169200.0,1.3709505901265835,0,1
user_11801,5,196200.0,104400.0,1.5219280905592771,0,1
user_11802,10,130800.0,36000.0,1.6854752914565543,0,1
user_11803,10,105200.0,7200.0,1.960964040230206,0,1
user_11804,5,162900.0,90000.0,1.9219280891165822,0,1
user_11805,6,161280.0,54000.0,1.2516291630597378,0,1
user_11806,9,110700.0,21600.0,2.058813883117726,0,1
user_11807,10,114800.0,7200.0,2.446439336014845,1,1
user_11808,65,0.200141734375,0.124031,2.79426309529159,0,-1
user_11809,10,119600.0,7200.0,1.7709505872411937,0,1
user_1181,1,86400.0,86400.0,0.0,0,1
user_11810,8,134228.57142857142,14400.0,1.9056390564587862,0,1
user_11811,33,0.19950299999999999,0.106132,2.652403292000573,0,-1
user_11812,7,133800.0,18000.0,1.950212059143967,0,1
user_11813,10,116000.0,10800.0,1.4854752928992492,1,1
user_11814,1,86400.0,86400.0,0.0,0,1
user_11815,4,224400.0,180000.0,0.8112781215737428,0,1
user_11816,7,147000.0,46800.0,1.950212059143967,0,1
user_11817,42,0.19976314634146342,0.119613,2.5425415933675666,0,-1
user_11818,9,121050.0,50400.0,2.7254805468990027,0,1
user_11819,9,118800.0,39600.0,1.5304930524293974,1,1
user_1182,1,86400.0,86400.0,0.0,0,1
user_11820,7,150000.0,18000.0,1.8423709874063285,0,1
user_11821,10,127200.0,36000.0,1.2954618399102367,0,1
user_11822,10,124400.0,28800.0,2.24643933745754,0,1
user_11823,2,219600.0,219600.0,0.99999999711461,0,1
user_11824,6,177840.0,50400.0,2.2516291601743474,0,1
user_11825,9,121500.0,7200.0,2.5032583261194756,0,1
user_11826,6,159120.0,46800.0,2.2516291601743474,0,1
user_11827,4,212400.0,172800.0,1.9999999942292197,0,1
user_11828,3,235800.0,230400.0,-1.4426951595367387e-09,0,-1
user_11829,2,219600.0,219600.0,0.99999999711461,0,1
user_1183,7,153000.0,72000.0,2.2359263434155574,0,1
user_11830,80,0.2002505316455696,0.113104,2.7600749763533816,0,-1
user_11831,9,129150.0,43200.0,2.419381936990201,0,1
user_11832,9,118350.0,21600.0,1.879964941513636,0,1
user_11833,7,147600.0,25200.0,1.8423709874063285,1,1
user_11834,10,119200.0,25200.0,2.24643933745754,0,1
user_11835,4,223200.0,176400.0,1.4999999956719148,0,1
user_11836,52,0.19959535294117645,0.122044,2.7682063966464483,0,1
user_11837,10,128000.0,39600.0,1.9219280891165822,0,1
user_11838,7,159000.0,64800.0,2.2359263434155574,0,1
user_11839,7,150600.0,43200.0,2.2359263434155574,1,1
user_1184,10,114400.0,3600.0,2.0464393374575405,0,1
user_11840,6,159840.0,86400.0,1.9182958282837093,0,1
user_11841,3,228600.0,198000.0,1.584962496393071,0,1
user_11842,4,213600.0,147600.0,1.9999999942292197,0,1
user_11843,8,126000.0,36000.0,1.8112781186883526,0,1
user_11844,3,271800.0,252000.0,-1.4426951595367387e-09,0,-1
user_11845,10,120800.0,32400.0,2.0464393374575405,0,1
user_11846,2,252000.0,252000.0,0.99999999711461,0,1
user_11847,8,127542.85714285714,18000.0,1.9999999927865248,0,1
user_11848,1,86400.0,86400.0,0.0,0,1
user_11849,3,221400.0,183600.0,1.584962496393071,0,1
user_1185,8,132171.42857142858,7200.0,1.9056390564587862,0,1
user_11850,8,133714.2857142857,28800.0,1.9056390564587862,0,1
user_11851,66,0.19988147692307692,0.132144,2.7977696515057677,0,-1
user_11852,10,104800.0,7200.0,2.1709505872411934,0,1
user_11853,7,149400.0,25200.0,1.8423709874063285,0,1
user_11854,2,288000.0,288000.0,0.99999999711461,0,-1
user_11855,2,298800.0,298800.0,0.99999999711461,1,-1
user_11856,8,142457.14285714287,18000.0,2.249999992786525,1,1
user_11857,7,164400.0,21600.0,1.8423709874063285,0,1
user_11858,1,86400.0,86400.0,0.0,0,1
user_11859,8,134228.57142857142,18000.0,1.4056390579014812,0,1
user_1186,10,116800.0,3600.0,1.8464393389002354,0,1
user_11860,8,132171.42857142858,28800.0,1.9056390564587862,0,1
user_11861,2,252000.0,252000.0,0.99999999711461,0,1
user_11862,4,229200.0,212400.0,0.99999999711461,0,1
user_11863,1,86400.0,86400.0,0.0,0,1
user_11864,77,0.19991932894736847,0.125884,2.7526022321943877,0,-1
user_11865,41,0.20196355000000002,0.145214,2.6265789514483915,0,-1
user_11866,7,156000.0,32400.0,2.2359263434155574,0,1
user_11867,2,248400.0,248400.0,0.99999999711461,0,1
user_11868,2,230400.0,230400.0,0.99999999711461,0,1
user_11869,1,86400.0,86400.0,0.0,0,1
user_1187,1,86400.0,86400.0,0.0,0,1
user_11870,9,132300.0,46800.0,2.197159716210674,0,1
user_11871,72,0.20005180281690144,0.109273,2.7653447843257193,0,-1
user_11872,7,163200.0,61200.0,1.950212059143967,0,1
user_11873,7,159000.0,57600.0,1.664497773429681,0,1
user_11874,9,129150.0,7200.0,1.7527152732089246,0,1
user_11875,10,134400.0,36000.0,2.1709505872411934,0,1
user_11876,1,86400.0,86400.0,0.0,0,1
user_11877,10,112000.0,10800.0,2.1219280876738873,0,1
user_11878,7,149400.0,18000.0,1.8423709874063285,0,1
user_11879,6,170640.0,97200.0,1.792481244589798,0,1
user_1188,48,0.19970727659574466,0.103782,2.7917568897478446,0,-1
user_11880,3,217800.0,212400.0,0.9182958311690995,0,1
user_11881,4,210000.0,147600.0,1.4999999956719148,0,1
user_11882,8,150685.7142857143,21600.0,1.5487949349246184,0,1
user_11883,10,120800.0,21600.0,1.960964040230206,0,1
user_11884,7,141600.0,72000.0,1.3787834891580906,0,1
user_11885,9,135000.0,25200.0,1.6577427207341087,0,1
user_11886,7,145800.0,46800.0,1.950212059143967,0,1
user_11887,3,232200.0,198000.0,1.584962496393071,0,1
user_11888,8,140400.0,3600.0,2.155639055016091,0,1
user_11889,5,202500.0,162000.0,1.5219280905592771,0,1
user_1189,1,86400.0,86400.0,0.0,0,1
user_11890,7,157200.0,72000.0,0.5916727756969373,0,1
user_11891,9,129150.0,28800.0,1.3516441108253072,0,1
user_11892,3,234000.0,234000.0,0.9182958311690995,0,1
user_11893,5,216900.0,165600.0,2.321928087673887,0,-1
user_11894,5,199800.0,162000.0,1.9219280891165822,0,1
user_11895,35,0.19853364705882354,0.118588,2.697299707452851,0,1
user_11896,7,156000.0,21600.0,1.3787834891580906,0,1
user_11897,7,140400.0,14400.0,2.2359263434155574,0,1
user_11898,8,145028.57142857142,28800.0,1.4999999956719148,1,1
user_11899,3,250200.0,223200.0,0.9182958311690995,0,1
user_119,7,145800.0,32400.0,0.9852281331488615,0,1
user_1190,10,106400.0,7200.0,2.321928086231192,0,1
user_11900,10,102400.0,18000.0,2.321928086231192,0,1
user_11901,10,94000.0,7200.0,2.321928086231192,0,1
user_11902,7,148200.0,43200.0,0.9852281331488615,0,1
user_11903,8,148628.57142857142,61200.0,2.155639055016091,0,1
user_11904,67,0.19968810606060608,0.106873,2.6911478443698997,0,-1
user_11905,7,139200.0,14400.0,2.128085271677919,1,1
user_11906,1,86400.0,86400.0,0.0,0,1
user_11907,3,248400.0,219600.0,0.9182958311690995,0,1
user_11908,10,121200.0,21600.0,2.3709505857984983,0,1
user_11909,10,122400.0,10800.0,1.8464393389002354,0,1
user_1191,8,138342.85714285713,18000.0,1.9056390564587862,0,1
user_11910,3,241200.0,226800.0,1.584962496393071,0,1
user_11911,2,277200.0,277200.0,0.99999999711461,1,1
user_11912,5,190800.0,169200.0,1.5219280905592771,0,1
user_11913,4,216000.0,187200.0,1.9999999942292197,0,1
user_11914,1,86400.0,86400.0,0.0,0,1
user_11915,7,164400.0,72000.0,1.5566567031347378,0,1
user_11916,10,116800.0,10800.0,1.360964043115596,0,1
user_11917,7,161400.0,57600.0,1.8423709874063285,0,1
user_11918,1,86400.0,86400.0,0.0,0,1
user_11919,10,128800.0,18000.0,1.7219280891165822,0,1
user_1192,2,259200.0,259200.0,0.99999999711461,0,1
user_11920,1,86400.0,86400.0,0.0,0,1
user_11921,9,139050.0,39600.0,1.6577427207341087,1,1
user_11922,2,298800.0,298800.0,0.99999999711461,0,-1
user_11923,7,142200.0,39600.0,1.664497773429681,0,1
user_11924,10,119600.0,21600.0,1.8464393389002354,1,1
user_11925,1,86400.0,86400.0,0.0,0,1
user_11926,3,210600.0,187200.0,0.9182958311690995,0,1
user_11927,4,216000.0,165600.0,1.4999999956719148,1,1
user_11928,4,205200.0,165600.0,1.4999999956719148,0,1
user_11929,7,137400.0,64800.0,1.8423709874063285,0,1
user_1193,41,0.199774675,0.118514,2.7568400315170063,0,1
user_11930,2,234000.0,234000.0,-1.4426951595367387e-09,1,-1
user_11931,59,0.1995329655172414,0.115452,2.699181733100391,0,1
user_11932,3,246600.0,223200.0,1.584962496393071,0,1
user_11933,2,230400.0,230400.0,0.99999999711461,0,1
user_11934,9,136350.0,21600.0,1.7527152732089246,0,1
user_11935,3,248400.0,241200.0,0.9182958311690995,0,1
user_11936,56,0.20068556363636367,0.119052,2.716007640056441,0,1
user_11937,10,118400.0,14400.0,1.9709505886838885,0,1
user_11938,8,130114.28571428571,25200.0,1.5487949349246184,0,1
user_11939,6,169200.0,46800.0,1.4591479126991596,0,1
user_1194,1,86400.0,86400.0,0.0,0,1
user_11940,8,138857.14285714287,3600.0,1.8112781186883526,0,1
user_11941,1,86400.0,86400.0,0.0,0,1
user_11942,5,179100.0,140400.0,1.3709505901265835,0,1
user_11943,9,122850.0,10800.0,2.197159716210674,0,1
user_11944,3,246600.0,241200.0,0.9182958311690995,0,1
user_11945,65,0.20053946875,0.1127,2.693165802634229,0,1
user_11946,71,0.19951694285714286,0.102974,2.757423858229665,0,-1
user_11947,5,216900.0,144000.0,2.321928087673887,0,1
user_11948,3,261000.0,248400.0,1.584962496393071,0,1
user_11949,6,176400.0,61200.0,1.4591479126991596,0,1
user_1195,5,186300.0,136800.0,1.5219280905592771,0,1
user_11950,3,244800.0,226800.0,1.584962496393071,0,1
user_11951,3,250200.0,230400.0,1.584962496393071,0,1
user_11952,6,194400.0,126000.0,1.9182958282837093,0,1
user_11953,4,226800.0,212400.0,-1.4426951595367387e-09,0,-1
user_11954,8,138857.14285714287,7200.0,1.4056390579014812,0,1
user_11955,38,0.19833256756756756,0.10342,2.6911244639744174,0,-1
user_11956,6,164160.0,46800.0,0.9182958311690995,1,1
user_11957,1,86400.0,86400.0,0.0,0,1
user_11958,10,122800.0,18000.0,2.1219280876738873,1,1
user_11959,26,0.20074316000000003,0.128391,2.7036648249309336,0,1
user_1196,4,230400.0,176400.0,1.9999999942292197,0,1
user_11960,4,249600.0,194400.0,1.4999999956719148,1,1
user_11961,3,266400.0,234000.0,0.9182958311690995,1,1
user_11962,3,261000.0,244800.0,1.584962496393071,0,1
user_11963,5,205200.0,136800.0,0.9709505915692787,0,1
user_11964,4,228000.0,158400.0,1.4999999956719148,0,1
user_11965,10,111600.0,3600.0,1.9219280891165822,0,1
user_11966,8,144514.2857142857,50400.0,0.99999999711461,0,1
user_11967,9,130500.0,14400.0,2.1132833270813998,0,1
user_11968,42,0.2014857804878049,0.124444,2.53785142723516,0,-1
user_11969,5,222300.0,169200.0,1.9219280891165822,0,1
user_1197,8,130628.57142857143,43200.0,2.155639055016091,0,1
user_11970,9,125100.0,28800.0,1.3516441108253072,0,1
user_11971,7,148800.0,10800.0,1.3787834891580906,0,1
user_11972,9,122850.0,39600.0,1.7527152732089246,1,1
user_11973,10,120400.0,3600.0,1.6854752914565543,0,1
user_11974,3,237600.0,198000.0,0.9182958311690995,0,1
user_11975,7,130200.0,50400.0,2.128085271677919,0,1
user_11976,7,154200.0,43200.0,1.3787834891580906,0,1
user_11977,29,0.19868914285714284,0.117243,2.7504149340368538,0,1
user_11978,5,202500.0,129600.0,1.3709505901265835,0,1
user_11979,1,86400.0,86400.0,0.0,0,1
user_1198,9,136350.0,10800.0,1.6577427207341087,0,1
user_11980,6,165600.0,86400.0,1.792481244589798,0,1
user_11981,10,102800.0,7200.0,1.2954618399102367,0,1
user_11982,10,132000.0,32400.0,1.360964043115596,0,1
user_11983,1,86400.0,86400.0,0.0,0,1
user_11984,3,234000.0,212400.0,0.9182958311690995,0,1
user_11985,2,230400.0,230400.0,-1.4426951595367387e-09,1,-1
user_11986,7,144600.0,32400.0,0.9852281331488615,0,1
user_11987,9,109800.0,3600.0,1.6577427207341087,0,1
user_11988,3,221400.0,208800.0,1.584962496393071,0,1
user_11989,7,160800.0,36000.0,0.863120565681241,0,1
user_1199,10,110000.0,7200.0,1.7219280891165822,1,1
user_11990,9,124650.0,18000.0,0.9182958311690995,0,1
user_11991,52,0.2016983333333333,0.136301,2.753299211679138,0,-1
user_11992,1,86400.0,86400.0,0.0,0,1
user_11993,8,140914.2857142857,14400.0,1.2987949363673135,0,1
user_11994,10,117600.0,18000.0,2.24643933745754,0,1
user_11995,6,167760.0,61200.0,2.2516291601743474,0,1
user_11996,5,175500.0,108000.0,1.5219280905592771,0,1
user_11997,2,298800.0,298800.0,0.99999999711461,0,-1
user_11998,77,0.2002518289473684,0.127157,2.7776038525334124,0,-1
user_11999,6,176400.0,50400.0,1.9182958282837093,0,1
user_12,2,230400.0,230400.0,-1.4426951595367387e-09,0,-1
user_120,5,198900.0,144000.0,1.5219280905592771,0,1
user_1200,22,0.19751157142857143,0.125443,2.7601553364814246,0,-1
user_12000,7,153600.0,68400.0,1.4488156313970995,0,1
user_12001,8,131657.14285714287,3600.0,1.5487949349246184,0,1
user_12002,9,135000.0,25200.0,1.8910611063018725,0,1
user_12003,6,182880.0,64800.0,1.2516291630597378,0,1
user_12004,7,159600.0,18000.0,1.8423709874063285,0,1
user_12005,9,121500.0,3600.0,2.419381936990201,0,1
user_12006,9,144450.0,64800.0,1.5304930524293974,0,1
user_12007,8,142971.42857142858,54000.0,1.4056390579014812,0,1
user_12008,9,112050.0,3600.0,1.3516441108253072,0,1
user_12009,9,117000.0,14400.0,2.197159716210674,0,1
user_1201,8,145542.85714285713,54000.0,2.155639055016091,0,1
user_12010,2,230400.0,230400.0,-1.4426951595367387e-09,0,-1
user_12011,8,134742.85714285713,7200.0,1.2987949363673135,0,1
user_12012,7,147600.0,39600.0,2.2359263434155574,0,1
user_12013,2,230400.0,230400.0,0.99999999711461,0,1
user_12014,4,249600.0,201600.0,1.4999999956719148,0,1
user_12015,7,151800.0,61200.0,1.5566567031347378,0,1
user_12016,1,86400.0,86400.0,0.0,0,1
user_12017,5,187200.0,100800.0,1.3709505901265835,0,1
user_12018,2,248400.0,248400.0,0.99999999711461,0,1
user_12019,7,145800.0,54000.0,1.4488156313970995,0,1
user_1202,9,135000.0,64800.0,2.058813883117726,0,1
user_12020,6,177120.0,90000.0,1.9182958282837093,0,1
user_12021,4,210000.0,176400.0,0.8112781215737428,1,1
user_12022,47,0.20062002173913038,0.114488,2.6073653118974653,0,1
user_12023,1,86400.0,86400.0,0.0,0,1
user_12024,5,196200.0,140400.0,1.9219280891165822,0,1
user_12025,8,152742.85714285713,25200.0,1.4056390579014812,0,1
user_12026,2,295200.0,295200.0,0.99999999711461,0,-1
user_12027,4,236400.0,169200.0,1.4999999956719148,0,1
user_12028,1,86400.0,86400.0,0.0,0,1
user_12029,8,145542.85714285713,64800.0,2.155639055016091,0,1
user_1203,9,117000.0,32400.0,1.3921472193364495,0,1
user_12030,9,128700.0,14400.0,1.6577427207341087,0,1
user_12031,8,141428.57142857142,46800.0,2.155639055016091,0,1
user_12032,8,141428.57142857142,7200.0,1.4056390579014812,0,1
user_12033,6,169200.0,57600.0,2.2516291601743474,0,1
user_12034,31,0.20231636666666666,0.139611,2.6482626404375575,0,-1
user_12035,4,222000.0,172800.0,0.8112781215737428,0,1
user_12036,66,0.1991471230769231,0.111001,2.788966801340516,0,-1
user_12037,8,143485.7142857143,54000.0,1.9056390564587862,0,1
user_12038,4,225600.0,183600.0,1.9999999942292197,0,1
user_12039,4,186000.0,162000.0,1.4999999956719148,0,1
user_1204,9,124650.0,7200.0,2.058813883117726,0,1
user_12040,6,181440.0,54000.0,1.2516291630597378,0,1
user_12041,10,112400.0,3600.0,2.1219280876738873,0,1
user_12042,8,157885.7142857143,46800.0,1.74999999422922,0,1
user_12043,39,0.19998684210526316,0.122305,2.7596716071218985,0,1
user_12044,2,270000.0,270000.0,0.99999999711461,0,1
user_12045,2,284400.0,284400.0,-1.4426951595367387e-09,0,-1
user_12046,2,230400.0,230400.0,0.99999999711461,0,1
user_12047,10,115600.0,3600.0,1.7219280891165822,0,1
user_12048,5,205200.0,140400.0,1.9219280891165822,1,1
user_12049,5,197100.0,144000.0,1.9219280891165822,0,1
user_1205,5,186300.0,129600.0,1.3709505901265835,0,1
user_12050,7,164400.0,57600.0,0.863120565681241,0,1
user_12051,5,194400.0,136800.0,1.9219280891165822,0,1
user_12052,5,182700.0,147600.0,1.3709505901265835,0,1
user_12053,10,119600.0,7200.0,2.321928086231192,0,1
user_12054,44,0.1997395348837209,0.123943,2.7467479413312113,0,1
user_12055,9,111150.0,10800.0,1.6577427207341087,0,1
user_12056,8,129085.71428571429,7200.0,1.5487949349246184,0,1
user_12057,42,0.20059619512195123,0.122404,2.695623961993227,0,1
user_12058,3,226800.0,183600.0,1.584962496393071,0,1
user_12059,5,215100.0,162000.0,1.9219280891165822,1,1
user_1206,5,191700.0,97200.0,1.3709505901265835,0,1
user_12060,3,248400.0,234000.0,1.584962496393071,0,1
user_12061,10,112800.0,10800.0,1.5219280905592771,0,1
user_12062,5,196200.0,93600.0,1.9219280891165822,0,1
user_12063,9,130050.0,32400.0,1.6577427207341087,0,1
user_12064,9,124200.0,7200.0,1.3516441108253072,0,1
user_12065,9,117900.0,3600.0,2.058813883117726,0,1
user_12066,58,0.2010146315789474,0.132995,2.758940773361099,0,-1
user_12067,69,0.1991077352941176,0.117463,2.7027033737445247,0,-1
user_12068,5,205200.0,162000.0,1.9219280891165822,0,1
user_12069,5,216900.0,162000.0,0.7219280920019722,0,1
user_1207,1,86400.0,86400.0,0.0,0,1
user_12070,7,162000.0,61200.0,0.9852281331488615,0,1
user_12071,3,259200.0,244800.0,0.9182958311690995,0,1
user_12072,4,231600.0,165600.0,1.4999999956719148,0,1
user_12073,8,127028.57142857143,21600.0,1.8112781186883526,1,1
user_12074,6,174240.0,90000.0,1.792481244589798,0,1
user_12075,80,0.19977240506329116,0.125669,2.748167585818286,0,-1
user_12076,2,241200.0,241200.0,0.99999999711461,0,1
user_12077,7,144600.0,36000.0,2.2359263434155574,0,1
user_12078,2,298800.0,298800.0,0.99999999711461,0,-1
user_12079,2,255600.0,255600.0,0.99999999711461,0,1
user_1208,9,124650.0,3600.0,2.1132833270813998,0,1
user_12080,1,86400.0,86400.0,0.0,0,1
user_12081,1,86400.0,86400.0,0.0,1,1
user_12082,5,198900.0,154800.0,1.9219280891165822,0,1
user_12083,5,170100.0,93600.0,1.9219280891165822,0,1
user_12084,4,213600.0,144000.0,0.8112781215737428,1,1
user_12085,6,171360.0,82800.0,1.9182958282837093,0,1
user_12086,5,216000.0,165600.0,1.3709505901265835,0,1
user_12087,6,143280.0,50400.0,2.2516291601743474,0,1
user_12088,3,223200.0,219600.0,0.9182958311690995,0,1
user_12089,9,121500.0,3600.0,1.8910611063018725,0,1
user_1209,6,160560.0,46800.0,2.2516291601743474,0,1
user_12090,4,232800.0,201600.0,1.9999999942292197,0,1
user_12091,6,156240.0,82800.0,1.792481244589798,0,1
user_12092,6,156960.0,61200.0,2.2516291601743474,0,1
user_12093,4,220800.0,190800.0,1.9999999942292197,0,1
user_12094,3,207000.0,187200.0,0.9182958311690995,0,1
user_12095,3,223200.0,223200.0,0.9182958311690995,0,1
user_12096,1,86400.0,86400.0,0.0,0,1
user_12097,6,172080.0,90000.0,0.9182958311690995,0,1
user_12098,5,203400.0,111600.0,1.9219280891165822,0,1
user_12099,1,86400.0,86400.0,0.0,0,1
user_121,5,198900.0,129600.0,1.9219280891165822,0,1
user_1210,26,0.20066499999999998,0.135756,2.6369210751805645,0,-1
user_12100,8,146057.14285714287,64800.0,1.9056390564587862,0,1
user_12101,28,0.20122262962962964,0.109408,2.5436378424995,0,-1
user_12102,10,125200.0,36000.0,1.2954618399102367,0,1
user_12103,8,134228.57142857142,7200.0,1.74999999422922,0,1
user_12104,9,117450.0,36000.0,2.197159716210674,0,1
user_12105,5,196200.0,118800.0,1.3709505901265835,0,1
user_12106,10,102000.0,18000.0,1.2954618399102367,0,1
user_12107,7,148200.0,57600.0,1.3787834891580906,0,1
user_12108,10,106400.0,3600.0,2.446439336014845,0,1
user_12109,7,149400.0,64800.0,1.950212059143967,0,1
user_1211,3,207000.0,180000.0,1.584962496393071,0,1
user_12110,9,113850.0,10800.0,2.058813883117726,1,1
user_12111,6,170640.0,104400.0,1.792481244589798,0,1
user_12112,6,184320.0,93600.0,1.792481244589798,1,1
user_12113,4,205200.0,154800.0,1.4999999956719148,0,1
user_12114,6,174960.0,93600.0,1.9182958282837093,0,1
user_12115,2,259200.0,259200.0,-1.4426951595367387e-09,0,-1
user_12116,2,223200.0,223200.0,-1.4426951595367387e-09,0,-1
user_12117,3,230400.0,194400.0,1.584962496393071,0,1
user_12118,3,259200.0,252000.0,1.584962496393071,0,1
user_12119,7,162600.0,10800.0,0.9852281331488615,0,1
user_1212,3,255600.0,252000.0,1.584962496393071,0,1
user_12120,8,132685.7142857143,39600.0,1.8112781186883526,0,1
user_12121,5,197100.0,100800.0,1.9219280891165822,0,1
user_12122,9,114300.0,3600.0,2.197159716210674,0,1
user_12123,8,123428.57142857143,39600.0,1.4999999956719148,0,1
user_12124,5,190800.0,129600.0,0.9709505915692787,0,1
user_12125,73,0.20048252777777778,0.125991,2.7905519315177765,0,-1
user_12126,3,230400.0,208800.0,1.584962496393071,1,1
user_12127,9,117000.0,10800.0,1.8910611063018725,0,1
user_12128,6,198720.0,108000.0,1.792481244589798,0,1
user_12129,6,171360.0,104400.0,1.9182958282837093,1,1
user_1213,57,0.20103448214285713,0.127084,2.732222447286715,0,-1
user_12130,1,86400.0,86400.0,0.0,0,1
user_12131,9,121500.0,25200.0,1.224394441077901,0,1
user_12132,9,122850.0,25200.0,1.5304930524293974,0,1
user_12133,4,207600.0,158400.0,0.8112781215737428,0,1
user_12134,9,136800.0,21600.0,1.7527152732089246,0,1
user_12135,52,0.19877241176470586,0.115833,2.7439539941687556,0,1
user_12136,2,288000.0,288000.0,0.99999999711461,1,-1
user_12137,2,291600.0,291600.0,0.99999999711461,0,-1
user_12138,3,243000.0,208800.0,0.9182958311690995,0,1
user_12139,1,86400.0,86400.0,0.0,0,1
user_1214,10,106000.0,3600.0,2.24643933745754,0,1
user_12140,4,206400.0,176400.0,1.9999999942292197,0,1
user_12141,10,108400.0,10800.0,1.760964041672901,0,1
user_12142,3,208800.0,180000.0,0.9182958311690995,0,1
user_12143,7,154200.0,25200.0,2.128085271677919,0,1
user_12144,30,0.2018198275862069,0.139809,2.707217889441633,0,-1
user_12145,4,222000.0,154800.0,1.4999999956719148,0,1
user_12146,3,244800.0,219600.0,1.584962496393071,0,1
user_12147,5,191700.0,140400.0,1.5219280905592771,1,1
user_12148,2,226800.0,226800.0,-1.4426951595367387e-09,0,-1
user_12149,78,0.20084901298701296,0.112641,2.7769832848588534,0,-1
user_1215,2,252000.0,252000.0,0.99999999711461,0,1
user_12150,8,127542.85714285714,18000.0,1.5487949349246184,0,1
user_12151,9,120600.0,18000.0,1.6577427207341087,0,1
user_12152,54,0.200603320754717,0.117645,2.7199324652262318,0,1
user_12153,7,158400.0,36000.0,2.2359263434155574,0,1
user_12154,9,137700.0,57600.0,1.8910611063018725,0,1
user_12155,3,226800.0,223200.0,1.584962496393071,0,1
user_12156,69,0.20071491176470585,0.10885,2.771539890930046,0,-1
user_12157,9,131400.0,18000.0,1.3921472193364495,0,1
user_12158,4,228000.0,162000.0,1.4999999956719148,0,1
user_12159,7,157800.0,39600.0,1.3787834891580906,0,1
user_1216,1,86400.0,86400.0,0.0,0,1
user_12160,9,120600.0,28800.0,1.7527152732089246,0,1
user_12161,67,0.2000667878787879,0.12024,2.779762070352195,0,-1
user_12162,2,248400.0,248400.0,-1.4426951595367387e-09,0,-1
user_12163,20,0.19983484210526314,0.11238,2.5464393345721503,0,-1
user_12164,4,182400.0,144000.0,1.9999999942292197,0,1
user_12165,2,252000.0,252000.0,0.99999999711461,0,1
user_12166,2,230400.0,230400.0,-1.4426951595367387e-09,0,-1
user_12167,1,86400.0,86400.0,0.0,0,1
user_12168,10,114800.0,10800.0,1.8464393389002354,0,1
user_12169,2,219600.0,219600.0,0.99999999711461,0,1
user_1217,6,174240.0,90000.0,1.4591479126991596,0,1
user_12170,7,154800.0,61200.0,2.128085271677919,0,1
user_12171,74,0.1996941369863014,0.113894,2.7229202562005517,0,-1
user_12172,9,138600.0,64800.0,1.7527152732089246,1,1
user_12173,4,237600.0,212400.0,1.4999999956719148,1,1
user_12174,7,160200.0,64800.0,1.3787834891580906,0,1
user_12175,67,0.20101034848484853,0.105084,2.6886927458104606,0,-1
user_12176,3,248400.0,223200.0,1.584962496393071,0,1
user_12177,1,86400.0,86400.0,0.0,0,1
user_12178,3,239400.0,180000.0,1.584962496393071,0,1
user_12179,7,147000.0,10800.0,2.2359263434155574,1,1
user_1218,3,230400.0,226800.0,1.584962496393071,0,1
user_12180,1,86400.0,86400.0,0.0,0,1
user_12181,1,86400.0,86400.0,0.0,0,1
user_12182,4,184800.0,136800.0,0.8112781215737428,1,1
user_12183,8,131142.85714285713,25200.0,1.4999999956719148,0,1
user_12184,66,0.20042581538461537,0.121122,2.7322141561638906,0,1
user_12185,1,86400.0,86400.0,0.0,0,1
user_12186,7,160200.0,50400.0,2.2359263434155574,0,1
user_12187,7,156600.0,3600.0,1.4488156313970995,0,1
user_12188,10,97600.0,3600.0,1.8464393389002354,0,1
user_12189,3,253800.0,248400.0,1.584962496393071,0,1
user_1219,4,219600.0,136800.0,0.8112781215737428,0,1
user_12190,1,86400.0,86400.0,0.0,0,1
user_12191,9,129600.0,3600.0,1.224394441077901,0,1
user_12192,2,244800.0,244800.0,0.99999999711461,0,1
user_12193,2,266400.0,266400.0,-1.4426951595367387e-09,1,-1
user_12194,6,172800.0,50400.0,1.792481244589798,0,1
user_12195,5,169200.0,90000.0,1.9219280891165822,0,1
user_12196,5,176400.0,93600.0,0.9709505915692787,0,1
user_12197,9,127800.0,39600.0,2.197159716210674,0,1
user_12198,3,248400.0,234000.0,0.9182958311690995,0,1
user_12199,6,186480.0,111600.0,1.9182958282837093,0,1
user_122,5,200700.0,136800.0,1.9219280891165822,0,1
user_1220,3,261000.0,226800.0,0.9182958311690995,0,1
user_12200,24,0.19928652173913045,0.109484,2.6513636590986787,0,-1
user_12201,50,0.19962183673469389,0.127727,2.7347794152505007,0,1
user_12202,7,166800.0,72000.0,2.2359263434155574,0,1
user_12203,10,112400.0,7200.0,2.7219280847884972,1,1
user_12204,1,86400.0,86400.0,0.0,0,1
user_12205,38,0.20099413513513514,0.111873,2.680430465117399,0,1
user_12206,6,163440.0,100800.0,1.4591479126991596,0,1
user_12207,2,255600.0,255600.0,0.99999999711461,0,1
user_12208,68,0.20007559701492536,0.109425,2.7137570334852756,0,-1
user_12209,10,109200.0,21600.0,1.760964041672901,0,1
user_1221,10,121600.0,21600.0,1.960964040230206,0,1
user_12210,6,167760.0,57600.0,2.2516291601743474,0,1
user_12211,9,127350.0,14400.0,1.6577427207341087,0,1
user_12212,9,126450.0,25200.0,0.7642045036232302,0,1
user_12213,1,86400.0,86400.0,0.0,0,1
user_12214,3,232200.0,183600.0,1.584962496393071,0,1
user_12215,5,201600.0,111600.0,1.5219280905592771,0,1
user_12216,27,0.1982064230769231,0.138005,2.7740006974214912,0,-1
user_12217,1,86400.0,86400.0,0.0,0,1
user_12218,3,255600.0,212400.0,1.584962496393071,0,1
user_12219,4,226800.0,198000.0,1.4999999956719148,0,1
user_1222,6,182160.0,100800.0,1.2516291630597378,0,1
user_12220,8,146571.42857142858,3600.0,1.2987949363673135,0,1
user_12221,48,0.19976863829787234,0.115545,2.694497398506762,0,1
user_12222,3,244800.0,241200.0,1.584962496393071,0,1
user_12223,5,198900.0,115200.0,1.3709505901265835,0,1
user_12224,3,212400.0,205200.0,0.9182958311690995,0,1
user_12225,2,244800.0,244800.0,-1.4426951595367387e-09,0,-1
user_12226,10,103600.0,3600.0,1.6854752914565543,0,1
user_12227,53,0.20020240384615384,0.120391,2.711992185090162,0,1
user_12228,10,104400.0,3600.0,1.7219280891165822,0,1
user_12229,5,191700.0,100800.0,1.9219280891165822,0,1
user_1223,9,134100.0,64800.0,1.7527152732089246,0,1
user_12230,8,129085.71428571429,25200.0,1.8112781186883526,0,1
user_12231,38,0.20110359459459462,0.108598,2.66422199104514,0,-1
user_12232,4,218400.0,172800.0,1.4999999956719148,0,1
user_12233,4,219600.0,176400.0,1.4999999956719148,1,1
user_12234,10,113600.0,28800.0,2.1219280876738873,1,1
user_12235,23,0.19971559090909088,0.122267,2.6657769045146447,0,-1
user_12236,1,86400.0,86400.0,0.0,0,1
user_12237,4,228000.0,144000.0,0.8112781215737428,0,1
user_12238,10,104800.0,7200.0,2.24643933745754,0,1
user_12239,59,0.1997347931034483,0.117238,2.685751049390559,0,1
user_1224,3,241200.0,226800.0,0.9182958311690995,0,1
user_12240,6,172080.0,93600.0,1.9182958282837093,1,1
user_12241,3,230400.0,230400.0,0.9182958311690995,0,1
user_12242,8,133200.0,32400.0,1.8112781186883526,1,1
user_12243,8,146571.42857142858,57600.0,1.9999999942292197,1,1
user_12244,8,142457.14285714287,57600.0,1.5487949349246184,0,1
user_12245,9,130500.0,54000.0,2.197159716210674,0,1
user_12246,55,0.20017962962962965,0.126884,2.666437456160801,0,-1
user_12247,30,0.20085634482758621,0.119181,2.6513073559960953,0,1
user_12248,2,252000.0,252000.0,0.99999999711461,0,1
user_12249,10,106400.0,14400.0,1.8464393389002354,1,1
user_1225,29,0.19868085714285716,0.134248,2.69401934702307,0,-1
user_12250,9,135450.0,21600.0,1.7527152732089246,1,1
user_12251,1,86400.0,86400.0,0.0,0,1
user_12252,7,132600.0,7200.0,1.8423709874063285,0,1
user_12253,9,116550.0,7200.0,1.6577427207341087,0,1
user_12254,70,0.19889121739130433,0.119329,2.7516059337649623,0,-1
user_12255,5,187200.0,118800.0,0.7219280920019722,0,1
user_12256,1,86400.0,86400.0,0.0,0,1
user_12257,23,0.2013310909090909,0.110338,2.6816259469755264,0,-1
user_12258,9,106200.0,3600.0,2.5032583261194756,0,1
user_12259,4,224400.0,162000.0,1.4999999956719148,0,1
user_1226,1,86400.0,86400.0,0.0,0,1
user_12260,5,197100.0,129600.0,1.9219280891165822,0,1
user_12261,4,204000.0,169200.0,1.4999999956719148,0,1
user_12262,8,131657.14285714287,46800.0,1.8112781186883526,0,1
user_12263,1,86400.0,86400.0,0.0,0,1
user_12264,1,86400.0,86400.0,0.0,0,1
user_12265,7,139200.0,7200.0,1.8423709874063285,0,1
user_12266,6,160560.0,50400.0,1.4591479126991596,0,1
user_12267,3,221400.0,176400.0,0.9182958311690995,0,1
user_12268,1,86400.0,86400.0,0.0,0,1
user_12269,10,103200.0,25200.0,2.1709505872411934,0,1
user_1227,1,86400.0,86400.0,0.0,0,1
user_12270,23,0.2001287727272727,0.123721,2.7072820541834806,0,1
user_12271,62,0.19962226229508198,0.126411,2.723207677257624,0,-1
user_12272,58,0.19982014035087717,0.115055,2.770088742903373,0,1
user_12273,4,201600.0,162000.0,1.4999999956719148,0,1
user_12274,1,86400.0,86400.0,0.0,0,1
user_12275,4,220800.0,187200.0,0.8112781215737428,0,1
user_12276,10,113200.0,7200.0,2.0464393374575405,0,1
user_12277,8,137828.57142857142,25200.0,1.5487949349246184,0,1
user_12278,10,126000.0,46800.0,1.8464393389002354,0,1
user_12279,37,0.20042566666666667,0.126359,2.584446157030407,0,-1
user_1228,10,112800.0,46800.0,1.9219280891165822,1,1
user_12280,3,230400.0,219600.0,1.584962496393071,0,1
user_12281,5,183600.0,133200.0,1.5219280905592771,0,1
user_12282,8,120342.85714285714,7200.0,2.155639055016091,0,1
user_12283,4,200400.0,136800.0,1.4999999956719148,0,1
user_12284,1,86400.0,86400.0,0.0,0,1
user_12285,5,188100.0,144000.0,0.9709505915692787,0,1
user_12286,8,133714.2857142857,28800.0,1.9056390564587862,0,1
user_12287,6,164160.0,57600.0,1.792481244589798,1,1
user_12288,7,142800.0,64800.0,1.3787834891580906,1,1
user_12289,8,133714.2857142857,7200.0,1.8112781186883526,0,1
user_1229,56,0.20039505454545462,0.118598,2.7230828256151467,0,1
user_12290,6,169920.0,64800.0,2.2516291601743474,0,1
user_12291,5,185400.0,118800.0,1.5219280905592771,0,1
user_12292,9,128700.0,28800.0,1.5304930524293974,0,1
user_12293,1,86400.0,86400.0,0.0,0,1
user_12294,8,138342.85714285713,7200.0,1.8112781186883526,0,1
user_12295,49,0.19903291666666667,0.111566,2.627108931309248,0,-1
user_12296,2,288000.0,288000.0,-1.4426951595367387e-09,0,-1
user_12297,9,128700.0,10800.0,2.058813883117726,0,1
user_12298,7,145200.0,72000.0,2.2359263434155574,0,1
user_12299,6,175680.0,54000.0,1.2516291630597378,0,1
user_123,6,175680.0,46800.0,1.9182958282837093,0,1
user_1230,1,86400.0,86400.0,0.0,0,1
user_12300,6,161280.0,86400.0,1.4591479126991596,0,1
user_12301,6,159840.0,61200.0,2.2516291601743474,0,1
user_12302,78,0.19955093506493504,0.108594,2.7301361901501275,0,-1
user_12303,66,0.19988303076923075,0.107163,2.7961300700951064,0,-1
user_12304,10,110800.0,43200.0,1.8464393389002354,1,1
user_12305,10,108800.0,3600.0,1.760964041672901,0,1
user_12306,78,0.2002115584415585,0.104157,2.778594785103376,0,-1
user_12307,7,147600.0,7200.0,1.4488156313970995,0,1
user_12308,5,206100.0,151200.0,0.9709505915692787,0,1
user_12309,10,114800.0,28800.0,1.5709505901265834,0,1
user_1231,9,117450.0,46800.0,1.3516441108253072,0,1
user_12310,6,172800.0,90000.0,1.4591479126991596,0,1
user_12311,3,255600.0,216000.0,1.584962496393071,1,1
user_12312,7,150600.0,21600.0,1.950212059143967,0,1
user_12313,8,123942.85714285714,3600.0,2.249999992786525,0,1
user_12314,10,96400.0,3600.0,2.1709505872411934,0,1
user_12315,8,135257.14285714287,28800.0,1.5612781201310477,0,1
user_12316,4,190800.0,140400.0,1.4999999956719148,0,1
user_12317,60,0.20109676271186439,0.110698,2.7126416887631755,0,1
user_12318,78,0.20047624675324677,0.114228,2.713094026908683,0,-1
user_12319,5,177300.0,100800.0,1.3709505901265835,0,1
user_1232,33,0.20079112500000001,0.128828,2.7421465804402825,0,1
user_12320,20,0.200576,0.128747,2.6659573108503096,0,-1
user_12321,7,138000.0,7200.0,1.8423709874063285,0,1
user_12322,10,105600.0,14400.0,1.5709505886838886,0,1
user_12323,3,235800.0,201600.0,1.584962496393071,0,1
user_12324,3,250200.0,219600.0,1.584962496393071,0,1
user_12325,9,124200.0,39600.0,2.058813883117726,0,1
user_12326,9,125550.0,18000.0,1.6577427207341087,0,1
user_12327,1,86400.0,86400.0,0.0,0,1
user_12328,4,204000.0,172800.0,1.4999999956719148,0,1
user_12329,3,253800.0,248400.0,0.9182958311690995,0,1
user_1233,23,0.19772940909090914,0.118512,2.2779645347162965,0,-1
user_12330,8,145542.85714285713,32400.0,1.74999999422922,0,1
user_12331,8,124971.42857142857,14400.0,2.155639055016091,0,1
user_12332,10,112400.0,10800.0,2.1709505872411934,0,1
user_12333,53,0.19970196153846156,0.102577,2.6441103615167094,0,-1
user_12334,4,216000.0,154800.0,0.8112781215737428,0,1
user_12335,3,225000.0,223200.0,-1.4426951595367387e-09,1,-1
user_12336,4,229200.0,172800.0,1.4999999956719148,0,1
user_12337,2,262800.0,262800.0,0.99999999711461,0,1
user_12338,8,129085.71428571429,3600.0,1.2987949363673135,0,1
user_12339,7,146400.0,46800.0,0.5916727756969373,0,1
user_1234,4,213600.0,187200.0,0.99999999711461,0,1
user_12340,2,270000.0,270000.0,0.99999999711461,0,1
user_12341,4,238800.0,169200.0,0.99999999711461,0,1
user_12342,5,195300.0,147600.0,1.3709505901265835,0,1
user_12343,1,86400.0,86400.0,0.0,0,1
user_12344,24,0.20289160869565218,0.111797,2.5172269528956113,0,-1
user_12345,3,241200.0,226800.0,0.9182958311690995,0,1
user_12346,55,0.2003260925925926,0.106858,2.740971236953829,0,1
user_12347,3,219600.0,201600.0,1.584962496393071,0,1
user_12348,9,123300.0,18000.0,1.7527152732089246,0,1
user_12349,8,132171.42857142858,21600.0,1.74999999422922,0,1
user_1235,20,0.19929131578947368,0.11914,2.7086949594639766,0,1
user_12350,5,184500.0,136800.0,1.9219280891165822,0,1
user_12351,8,145542.85714285713,46800.0,1.2987949363673135,0,1
user_12352,9,129600.0,25200.0,2.058813883117726,0,1
user_12353,7,146400.0,39600.0,1.8423709874063285,1,1
user_12354,7,154200.0,64800.0,2.128085271677919,1,1
user_12355,10,124800.0,32400.0,2.1219280876738873,1,1
user_12356,39,0.20089063157894738,0.140541,2.7298957235647148,0,-1
user_12357,80,0.19985645569620256,0.112335,2.7760194785940366,0,-1
user_12358,6,172080.0,115200.0,1.4591479126991596,0,1
user_12359,1,86400.0,86400.0,0.0,0,1
user_1236,4,206400.0,147600.0,1.4999999956719148,0,1
user_12360,10,115200.0,14400.0,1.7219280891165822,0,1
user_12361,3,208800.0,194400.0,0.9182958311690995,1,1
user_12362,6,172800.0,100800.0,2.2516291601743474,0,1
user_12363,3,225000.0,212400.0,0.9182958311690995,0,1
user_12364,6,175680.0,90000.0,1.792481244589798,0,1
user_12365,1,86400.0,86400.0,0.0,0,1
user_12366,1,86400.0,86400.0,0.0,0,1
user_12367,5,193500.0,104400.0,1.3709505901265835,0,1
user_12368,6,178560.0,72000.0,1.792481244589798,0,1
user_12369,10,114800.0,3600.0,2.7219280847884972,0,1
user_1237,3,252000.0,237600.0,0.9182958311690995,0,1
user_12370,8,142457.14285714287,3600.0,1.74999999422922,0,1
user_12371,1,86400.0,86400.0,0.0,0,1
user_12372,4,234000.0,190800.0,0.8112781215737428,0,1
user_12373,4,206400.0,147600.0,1.4999999956719148,0,1
user_12374,25,0.20326770833333332,0.141098,2.643215682435719,0,-1
user_12375,10,129200.0,57600.0,1.8464393389002354,0,1
user_12376,2,237600.0,237600.0,0.99999999711461,0,1
user_12377,1,86400.0,86400.0,0.0,0,1
user_12378,5,204300.0,144000.0,1.5219280905592771,0,1
user_12379,25,0.20159245833333336,0.113771,2.3222921804262446,0,-1
user_1238,7,165600.0,64800.0,1.3787834891580906,1,1
user_12380,5,189900.0,104400.0,1.9219280891165822,0,1
user_12381,1,86400.0,86400.0,0.0,0,1
user_12382,44,0.20004409302325582,0.115021,2.657153768853255,0,1
user_12383,5,210600.0,147600.0,0.9709505915692787,0,1
user_12384,9,117900.0,25200.0,1.8365916623381988,0,1
user_12385,10,112800.0,7200.0,1.5709505886838886,0,1
user_12386,1,86400.0,86400.0,0.0,0,1
user_12387,5,214200.0,144000.0,1.5219280905592771,1,1
user_12388,1,86400.0,86400.0,0.0,1,1
user_12389,4,201600.0,151200.0,0.8112781215737428,0,1
user_1239,4,194400.0,140400.0,1.9999999942292197,0,1
user_12390,34,0.19966433333333333,0.10965,2.464126084095277,0,-1
user_12391,8,129600.0,36000.0,1.8112781186883526,0,1
user_12392,9,115650.0,10800.0,2.058813883117726,0,1
user_12393,51,0.19884052,0.112652,2.7806403433720064,0,1
user_12394,4,225600.0,136800.0,1.4999999956719148,1,1
user_12395,5,206100.0,147600.0,1.5219280905592771,1,1
user_12396,1,86400.0,86400.0,0.0,0,1
user_12397,6,169200.0,108000.0,2.584962492064986,0,1
user_12398,4,214800.0,183600.0,1.4999999956719148,0,1
user_12399,7,154800.0,46800.0,1.664497773429681,0,1
user_124,7,145200.0,36000.0,1.5566567031347378,0,1
user_1240,4,214800.0,172800.0,0.8112781215737428,0,1
user_12400,7,154200.0,79200.0,1.3787834891580906,0,1
user_12401,2,226800.0,226800.0,0.99999999711461,0,1
user_12402,10,99600.0,3600.0,2.1709505872411934,0,1
user_12403,2,248400.0,248400.0,0.99999999711461,0,1
user_12404,8,133714.2857142857,14400.0,1.74999999422922,1,1
user_12405,8,146571.42857142858,50400.0,1.4056390579014812,0,1
user_12406,2,288000.0,288000.0,0.99999999711461,0,-1
user_12407,1,86400.0,86400.0,0.0,0,1
user_12408,1,86400.0,86400.0,0.0,0,1
user_12409,2,226800.0,226800.0,0.99999999711461,0,1
user_1241,10,105200.0,10800.0,1.7219280891165822,0,1
user_12410,4,220800.0,176400.0,1.4999999956719148,0,1
user_12411,2,255600.0,255600.0,-1.4426951595367387e-09,0,-1
user_12412,4,188400.0,144000.0,1.4999999956719148,0,1
user_12413,7,155400.0,28800.0,1.5566567031347378,0,1
user_12414,8,128571.42857142857,14400.0,1.2987949363673135,0,1
user_12415,7,142800.0,18000.0,1.5566567031347378,1,1
user_12416,6,188640.0,108000.0,1.2516291630597378,0,1
user_12417,8,122914.28571428571,7200.0,1.9056390564587862,1,1
user_12418,6,180000.0,64800.0,1.4591479126991596,0,1
user_12419,4,207600.0,158400.0,1.4999999956719148,0,1
user_1242,4,226800.0,212400.0,1.4999999956719148,0,1
user_12420,5,187200.0,136800.0,1.3709505901265835,0,1
user_12421,37,0.20029758333333328,0.110306,2.6678560577650106,0,1
user_12422,9,118800.0,14400.0,1.6577427207341087,0,1
user_12423,9,111150.0,10800.0,1.6577427207341087,0,1
user_12424,6,183600.0,115200.0,1.9182958282837093,0,1
user_12425,10,120800.0,7200.0,2.24643933745754,0,1
user_12426,4,222000.0,169200.0,0.8112781215737428,0,1
user_12427,7,150000.0,39600.0,0.863120565681241,0,1
user_12428,3,219600.0,201600.0,1.584962496393071,0,1
user_12429,3,248400.0,241200.0,-1.4426951595367387e-09,0,-1
user_1243,7,141600.0,18000.0,1.8423709874063285,0,1
user_12430,5,181800.0,93600.0,1.9219280891165822,0,1
user_12431,10,120000.0,18000.0,1.4854752928992492,0,1
user_12432,48,0.19918321276595743,0.115872,2.7111278402693535,0,1
user_12433,2,241200.0,241200.0,0.99999999711461,0,1
user_12434,6,159120.0,72000.0,1.9182958282837093,0,1
user_12435,9,118350.0,46800.0,1.7527152732089246,0,1
user_12436,4,207600.0,172800.0,1.4999999956719148,0,1
user_12437,1,86400.0,86400.0,0.0,0,1
user_12438,7,145200.0,28800.0,0.9852281331488615,0,1
user_12439,3,241200.0,223200.0,0.9182958311690995,0,1
user_1244,8,142971.42857142858,36000.0,2.155639055016091,0,1
user_12440,10,119600.0,36000.0,2.1709505872411934,0,1
user_12441,6,141840.0,50400.0,1.792481244589798,0,1
user_12442,47,0.20166934782608692,0.122583,2.681000543154057,0,-1
user_12443,10,112400.0,10800.0,1.2954618399102367,0,1
user_12444,3,225000.0,190800.0,0.9182958311690995,0,1
user_12445,8,126514.28571428571,18000.0,1.74999999422922,0,1
user_12446,2,298800.0,298800.0,0.99999999711461,0,-1
user_12447,7,161400.0,39600.0,1.1488348499528316,0,1
user_12448,2,244800.0,244800.0,0.99999999711461,0,1
user_12449,7,151800.0,50400.0,1.8423709874063285,0,1
user_1245,24,0.19996452173913043,0.132217,2.538320179007135,0,-1
user_12450,10,118400.0,14400.0,1.7219280891165822,0,1
user_12451,25,0.19865220833333333,0.132191,2.468634564814403,0,-1
user_12452,7,153600.0,28800.0,2.2359263434155574,0,1
user_12453,5,202500.0,147600.0,1.9219280891165822,0,1
user_12454,4,212400.0,162000.0,1.4999999956719148,0,1
user_12455,66,0.1995802923076923,0.101874,2.7074342770214708,0,-1
user_12456,8,137314.2857142857,18000.0,2.155639055016091,0,1
user_12457,28,0.2001228888888889,0.131467,2.757923555342519,0,-1
user_12458,1,86400.0,86400.0,0.0,0,1
user_12459,1,86400.0,86400.0,0.0,0,1
user_1246,2,266400.0,266400.0,0.99999999711461,0,1
user_12460,27,0.19967196153846156,0.127138,2.7315841408390225,0,1
user_12461,73,0.20008297222222224,0.120222,2.739087611554224,0,-1
user_12462,4,200400.0,162000.0,1.4999999956719148,0,1
user_12463,4,219600.0,169200.0,0.8112781215737428,0,1
user_12464,2,291600.0,291600.0,0.99999999711461,0,-1
user_12465,3,241200.0,226800.0,0.9182958311690995,0,1
user_12466,5,208800.0,158400.0,1.5219280905592771,0,1
user_12467,1,86400.0,86400.0,0.0,1,1
user_12468,2,280800.0,280800.0,0.99999999711461,0,1
user_12469,2,230400.0,230400.0,-1.4426951595367387e-09,0,-1
user_1247,4,214800.0,162000.0,1.4999999956719148,0,1
user_12470,1,86400.0,86400.0,0.0,0,1
user_12471,69,0.19941517647058823,0.127357,2.7666907920651513,0,-1
user_12472,10,124000.0,10800.0,1.7219280891165822,0,1
user_12473,1,86400.0,86400.0,0.0,0,1
user_12474,4,190800.0,154800.0,-1.4426951595367387e-09,0,-1
user_12475,3,223200.0,187200.0,0.9182958311690995,0,1
user_12476,7,155400.0,68400.0,1.8423709874063285,0,1
user_12477,10,120400.0,10800.0,2.0464393374575405,0,1
user_12478,8,156342.85714285713,54000.0,1.74999999422922,0,1
user_12479,9,135000.0,25200.0,2.5032583261194756,0,1
user_1248,4,192000.0,133200.0,1.4999999956719148,0,1
user_12480,4,195600.0,140400.0,1.9999999942292197,1,1
user_12481,5,186300.0,93600.0,0.9709505915692787,0,1
user_12482,1,86400.0,86400.0,0.0,0,1
user_12483,52,0.20067247058823526,0.122729,2.7815286544553013,0,1
user_12484,7,154800.0,18000.0,1.3787834891580906,0,1
user_12485,1,86400.0,86400.0,0.0,1,1
user_12486,2,288000.0,288000.0,0.99999999711461,0,-1
user_12487,63,0.20047114516129036,0.111026,2.742989315094653,0,1
user_12488,5,188100.0,144000.0,1.5219280905592771,0,1
user_12489,10,106800.0,21600.0,2.1709505872411934,0,1
user_1249,6,186480.0,93600.0,1.792481244589798,0,1
user_12490,10,115200.0,7200.0,1.2954618399102367,0,1
user_12491,8,127028.57142857143,46800.0,2.249999992786525,0,1
user_12492,22,0.19931680952380953,0.124017,2.75444183561448,0,-1
user_12493,9,131400.0,57600.0,1.224394441077901,0,1
user_12494,7,166200.0,61200.0,1.3787834891580906,0,1
user_12495,5,195300.0,147600.0,1.5219280905592771,0,1
user_12496,68,0.2010364029850746,0.117966,2.7845506835251252,0,-1
user_12497,2,266400.0,266400.0,0.99999999711461,0,1
user_12498,24,0.20177891304347828,0.142987,2.7364404915972793,0,-1
user_12499,3,266400.0,252000.0,1.584962496393071,0,-1
user_125,6,190800.0,111600.0,1.2516291630597378,0,1
user_1250,2,280800.0,280800.0,-1.4426951595367387e-09,0,-1
user_12500,3,212400.0,201600.0,1.584962496393071,0,1
user_12501,2,241200.0,241200.0,0.99999999711461,0,1
user_12502,73,0.20002776388888888,0.113317,2.710900709175049,0,-1
user_12503,6,162000.0,46800.0,1.792481244589798,0,1
user_12504,9,132300.0,32400.0,1.8365916623381988,0,1
user_12505,5,201600.0,144000.0,1.9219280891165822,0,1
user_12506,10,116800.0,3600.0,1.6854752914565543,0,1
user_12507,6,178560.0,90000.0,1.9182958282837093,0,1
user_12508,7,150600.0,50400.0,2.2359263434155574,0,1
user_12509,57,0.1986876607142857,0.106213,2.7194871484145526,0,-1
user_1251,8,130114.28571428571,7200.0,1.8112781186883526,1,1
user_12510,1,86400.0,86400.0,0.0,0,1
user_12511,10,123200.0,3600.0,1.9219280891165822,0,1
user_12512,8,116228.57142857143,3600.0,1.9056390564587862,0,1
user_12513,10,120800.0,32400.0,2.521928086231192,0,1
user_12514,9,121500.0,10800.0,1.3516441108253072,1,1
user_12515,8,127028.57142857143,18000.0,1.2987949363673135,1,1
user_12516,8,139371.42857142858,43200.0,1.74999999422922,0,1
user_12517,2,248400.0,248400.0,0.99999999711461,0,1
user_12518,10,120800.0,21600.0,1.5709505886838886,0,1
user_12519,10,107600.0,3600.0,1.8464393389002354,0,1
user_1252,2,248400.0,248400.0,0.99999999711461,0,1
user_12520,7,157800.0,43200.0,2.2359263434155574,0,1
user_12521,6,173520.0,108000.0,2.2516291601743474,1,1
user_12522,2,241200.0,241200.0,0.99999999711461,0,1
user_12523,2,255600.0,255600.0,0.99999999711461,0,1
user_12524,80,0.1998849367088608,0.106232,2.737012002782901,0,-1
user_12525,5,201600.0,158400.0,1.5219280905592771,0,1
user_12526,9,121500.0,10800.0,1.8910611063018725,0,1
user_12527,3,210600.0,201600.0,1.584962496393071,0,1
user_12528,3,232200.0,226800.0,0.9182958311690995,0,1
user_12529,24,0.20290691304347824,0.163036,2.6047213474835225,0,-1
user_1253,1,86400.0,86400.0,0.0,0,1
user_12530,3,208800.0,176400.0,0.9182958311690995,0,1
user_12531,4,231600.0,190800.0,1.4999999956719148,0,1
user_12532,1,86400.0,86400.0,0.0,0,1
user_12533,10,103600.0,3600.0,2.321928086231192,0,1
user_12534,10,113600.0,14400.0,1.6854752914565543,0,1
user_12535,6,177840.0,90000.0,1.4591479126991596,0,1
user_12536,63,0.19968627419354837,0.117421,2.7612108067766155,0,1
user_12537,2,255600.0,255600.0,0.99999999711461,0,1
user_12538,8,135771.42857142858,28800.0,2.249999992786525,0,1
user_12539,4,218400.0,151200.0,1.4999999956719148,0,1
user_1254,9,117000.0,10800.0,2.058813883117726,0,1
user_12540,6,175680.0,64800.0,1.9182958282837093,1,1
user_12541,1,86400.0,86400.0,0.0,0,1
user_12542,5,218700.0,136800.0,1.9219280891165822,0,1
user_12543,31,0.19888036666666664,0.108142,2.5020668684725274,0,-1
user_12544,10,109600.0,7200.0,1.960964040230206,0,1
user_12545,9,107100.0,3600.0,1.8365916623381988,0,1
user_12546,1,86400.0,86400.0,0.0,0,1
user_12547,31,0.19895613333333334,0.130193,2.744406188545497,0,1
user_12548,2,230400.0,230400.0,0.99999999711461,0,1
user_12549,4,207600.0,144000.0,1.4999999956719148,0,1
user_1255,1,86400.0,86400.0,0.0,0,1
user_12550,2,255600.0,255600.0,0.99999999711461,0,1
user_12551,8,113142.85714285714,3600.0,2.155639055016091,0,1
user_12552,9,129600.0,28800.0,2.419381936990201,0,1
user_12553,1,86400.0,86400.0,0.0,0,1
user_12554,4,189600.0,136800.0,1.4999999956719148,0,1
user_12555,1,86400.0,86400.0,0.0,0,1
user_12556,9,137700.0,32400.0,2.197159716210674,0,1
user_12557,4,232800.0,183600.0,1.4999999956719148,0,1
user_12558,10,130400.0,7200.0,1.8464393389002354,0,1
user_12559,9,144000.0,32400.0,1.584962496393071,0,1
user_1256,5,195300.0,140400.0,1.9219280891165822,0,1
user_12560,4,220800.0,162000.0,1.9999999942292197,0,1
user_12561,4,210000.0,180000.0,1.4999999956719148,0,1
user_12562,8,132171.42857142858,54000.0,1.74999999422922,0,1
user_12563,9,126000.0,18000.0,2.197159716210674,0,1
user_12564,46,0.2003622,0.120644,2.572157198287323,0,-1
user_12565,9,144000.0,54000.0,1.446616661857428,0,1
user_12566,9,129150.0,18000.0,2.197159716210674,0,1
user_12567,1,86400.0,86400.0,0.0,0,1
user_12568,5,205200.0,144000.0,1.3709505901265835,0,1
user_12569,2,248400.0,248400.0,0.99999999711461,0,1
user_1257,9,112050.0,3600.0,2.419381936990201,0,1
user_12570,5,211500.0,151200.0,0.7219280920019722,0,1
user_12571,6,180720.0,90000.0,1.584962496393071,0,1
user_12572,4,205200.0,140400.0,1.4999999956719148,0,1
user_12573,10,129600.0,3600.0,0.9219280905592773,0,1
user_12574,29,0.19916889285714282,0.126855,2.6659936948460565,0,1
user_12575,3,252000.0,234000.0,0.9182958311690995,0,1
user_12576,4,207600.0,154800.0,1.4999999956719148,0,1
user_12577,7,133800.0,64800.0,2.2359263434155574,1,1
user_12578,6,164160.0,68400.0,1.9182958282837093,0,1
user_12579,7,159000.0,79200.0,1.8423709874063285,0,1
user_1258,8,131142.85714285713,7200.0,1.2987949363673135,0,1
user_12580,4,234000.0,169200.0,1.4999999956719148,0,1
user_12581,7,150000.0,7200.0,2.2359263434155574,0,1
user_12582,1,86400.0,86400.0,0.0,0,1
user_12583,4,189600.0,158400.0,1.4999999956719148,0,1
user_12584,3,243000.0,223200.0,0.9182958311690995,0,1
user_12585,9,102150.0,7200.0,2.419381936990201,0,1
user_12586,10,129600.0,28800.0,1.9219280891165822,0,1
user_12587,9,125100.0,46800.0,1.8365916623381988,0,1
user_12588,40,0.1988096153846154,0.126153,2.6844291876293087,0,1
user_12589,4,211200.0,169200.0,1.9999999942292197,0,1
user_1259,1,86400.0,86400.0,0.0,0,1
user_12590,67,0.19914333333333334,0.111539,2.739870186326306,0,1
user_12591,8,151714.2857142857,43200.0,1.2987949363673135,0,1
user_12592,62,0.19944181967213115,0.133962,2.70212219175039,0,-1
user_12593,4,206400.0,176400.0,0.8112781215737428,0,1
user_12594,7,147000.0,21600.0,1.8423709874063285,0,1
user_12595,10,129200.0,10800.0,1.8464393389002354,0,1
user_12596,6,161280.0,57600.0,1.9182958282837093,0,1
user_12597,6,187200.0,100800.0,0.9182958311690995,0,1
user_12598,10,105200.0,25200.0,0.99999999711461,0,1
user_12599,10,118000.0,14400.0,1.7219280891165822,0,1
user_126,8,134228.57142857142,36000.0,1.74999999422922,0,1
user_1260,1,86400.0,86400.0,0.0,0,1
user_12600,1,86400.0,86400.0,0.0,0,1
user_12601,8,146571.42857142858,14400.0,1.9999999927865248,0,1
user_12602,9,119250.0,10800.0,2.1132833270813998,0,1
user_12603,7,154800.0,36000.0,1.3787834891580906,0,1
user_12604,4,220800.0,144000.0,1.9999999942292197,0,1
user_12605,5,188100.0,122400.0,1.9219280891165822,1,1
user_12606,5,190800.0,147600.0,1.9219280891165822,0,1
user_12607,6,168480.0,93600.0,1.9182958282837093,0,1
user_12608,10,126400.0,14400.0,2.1709505872411934,0,1
user_12609,9,128250.0,46800.0,1.6577427207341087,0,1
user_1261,3,264600.0,252000.0,0.9182958311690995,0,1
user_12610,5,212400.0,140400.0,1.5219280905592771,0,1
user_12611,2,252000.0,252000.0,0.99999999711461,0,1
user_12612,72,0.20014318309859155,0.105461,2.7206515023038773,0,-1
user_12613,6,164880.0,46800.0,1.4591479126991596,0,1
user_12614,8,146057.14285714287,39600.0,1.74999999422922,0,1
user_12615,9,130050.0,57600.0,1.8365916623381988,0,1
user_12616,26,0.20120651999999997,0.124125,2.3765018484245295,0,-1
user_12617,7,171600.0,75600.0,0.9852281331488615,0,1
user_12618,8,129085.71428571429,46800.0,2.155639055016091,0,1
user_12619,6,172800.0,57600.0,1.9182958282837093,0,1
user_1262,1,86400.0,86400.0,0.0,0,1
user_12620,7,142200.0,54000.0,1.664497773429681,0,1
user_12621,5,202500.0,122400.0,1.9219280891165822,0,1
user_12622,6,183600.0,118800.0,2.2516291601743474,1,1
user_12623,3,262800.0,241200.0,0.9182958311690995,0,1
user_12624,3,219600.0,208800.0,1.584962496393071,0,1
user_12625,1,86400.0,86400.0,0.0,0,1
user_12626,2,237600.0,237600.0,0.99999999711461,1,1
user_12627,9,130500.0,32400.0,1.7527152732089246,0,1
user_12628,2,291600.0,291600.0,0.99999999711461,0,-1
user_12629,6,162000.0,50400.0,1.792481244589798,0,1
user_1263,9,121950.0,28800.0,2.197159716210674,0,1
user_12630,7,152400.0,7200.0,1.1488348499528316,0,1
user_12631,6,165600.0,93600.0,1.4591479126991596,0,1
user_12632,9,123300.0,14400.0,2.197159716210674,0,1
user_12633,10,118000.0,7200.0,2.0464393374575405,0,1
user_12634,21,0.2008232,0.115997,2.6840172707309797,0,-1
user_12635,2,277200.0,277200.0,0.99999999711461,0,1
user_12636,10,108000.0,14400.0,2.1709505872411934,0,1
user_12637,9,120600.0,36000.0,2.197159716210674,0,1
user_12638,10,99200.0,7200.0,2.1709505872411934,0,1
user_12639,9,99900.0,7200.0,1.6577427207341087,0,1
user_1264,6,167760.0,122400.0,1.9182958282837093,0,1
user_12640,8,133200.0,50400.0,2.155639055016091,0,1
user_12641,9,110700.0,18000.0,2.1132833270813998,0,1
user_12642,7,138000.0,18000.0,1.8423709874063285,0,1
user_12643,1,86400.0,86400.0,0.0,0,1
user_12644,2,291600.0,291600.0,-1.4426951595367387e-09,0,-1
user_12645,5,198900.0,133200.0,1.9219280891165822,1,1
user_12646,10,107600.0,25200.0,2.3709505857984983,0,1
user_12647,9,118350.0,3600.0,1.6577427207341087,0,1
user_12648,3,264600.0,230400.0,0.9182958311690995,1,1
user_12649,7,139800.0,61200.0,1.8423709874063285,0,1
user_1265,3,223200.0,212400.0,1.584962496393071,1,1
user_12650,1,86400.0,86400.0,0.0,0,1
user_12651,10,96000.0,14400.0,2.1709505872411934,0,1
user_12652,6,172800.0,64800.0,1.9182958282837093,1,1
user_12653,7,146400.0,39600.0,1.950212059143967,0,1
user_12654,10,119200.0,21600.0,1.2954618399102367,0,1
user_12655,7,166200.0,43200.0,1.4488156313970995,0,1
user_12656,29,0.20172125000000005,0.144338,2.7364021079483467,0,-1
user_12657,79,0.20077158974358975,0.104966,2.7801674988172604,0,-1
user_12658,7,154200.0,18000.0,1.4488156313970995,0,1
user_12659,80,0.1990931139240506,0.105918,2.7979086959343236,0,-1
user_1266,1,86400.0,86400.0,0.0,0,1
user_12660,8,132685.7142857143,7200.0,1.5612781201310477,0,1
user_12661,6,186480.0,100800.0,2.2516291601743474,0,1
user_12662,2,295200.0,295200.0,0.99999999711461,0,-1
user_12663,6,187920.0,64800.0,1.2516291630597378,0,1
user_12664,10,106800.0,14400.0,1.8464393389002354,0,1
user_12665,40,0.2014005641025641,0.127426,2.7609681643241544,0,-1
user_12666,9,135000.0,3600.0,0.9864267244027574,0,1
user_12667,4,206400.0,140400.0,1.4999999956719148,0,1
user_12668,9,127800.0,18000.0,2.419381936990201,0,1
user_12669,9,110700.0,10800.0,1.8910611063018725,0,1
user_1267,1,86400.0,86400.0,0.0,0,1
user_12670,77,0.19918509210526314,0.127969,2.727768947719076,0,-1
user_12671,7,144600.0,3600.0,1.8423709874063285,0,1
user_12672,2,230400.0,230400.0,0.99999999711461,0,1
user_12673,2,273600.0,273600.0,0.99999999711461,0,1
user_12674,7,142800.0,18000.0,1.950212059143967,0,1
user_12675,3,225000.0,205200.0,0.9182958311690995,0,1
user_12676,2,270000.0,270000.0,0.99999999711461,0,1
user_12677,2,252000.0,252000.0,0.99999999711461,0,1
user_12678,8,128057.14285714286,21600.0,1.74999999422922,0,1
user_12679,10,96400.0,3600.0,1.3709505901265835,0,1
user_1268,7,158400.0,82800.0,1.8423709874063285,0,1
user_12680,3,264600.0,234000.0,0.9182958311690995,0,1
user_12681,4,201600.0,169200.0,-1.4426951595367387e-09,0,-1
user_12682,2,295200.0,295200.0,0.99999999711461,0,-1
user_12683,1,86400.0,86400.0,0.0,0,1
user_12684,10,113600.0,3600.0,1.6854752914565543,1,1
user_12685,7,150600.0,43200.0,1.8423709874063285,0,1
user_12686,2,223200.0,223200.0,0.99999999711461,1,1
user_12687,75,0.20004535135135135,0.124271,2.74303150144685,0,-1
user_12688,2,262800.0,262800.0,0.99999999711461,1,1
user_12689,6,164880.0,90000.0,1.792481244589798,0,1
user_1269,70,0.200306347826087,0.123048,2.761772774892049,0,-1
user_12690,9,102150.0,10800.0,1.8910611063018725,0,1
user_12691,55,0.20070537037037042,0.109856,2.7251261066563757,0,1
user_12692,6,191520.0,100800.0,2.2516291601743474,0,1
user_12693,3,264600.0,230400.0,0.9182958311690995,0,1
user_12694,1,86400.0,86400.0,0.0,0,1
user_12695,9,116100.0,18000.0,1.8365916623381988,0,1
user_12696,1,86400.0,86400.0,0.0,0,1
user_12697,2,223200.0,223200.0,0.99999999711461,0,1
user_12698,6,172080.0,82800.0,1.9182958282837093,0,1
user_12699,10,125600.0,7200.0,1.8464393389002354,0,1
user_127,9,128700.0,21600.0,1.7527152732089246,0,1
user_1270,4,232800.0,162000.0,1.9999999942292197,0,1
user_12700,6,164160.0,111600.0,1.2516291630597378,0,1
user_12701,2,270000.0,270000.0,0.99999999711461,0,1
user_12702,8,129600.0,46800.0,1.74999999422922,0,1
user_12703,8,126514.28571428571,18000.0,1.8112781186883526,0,1
user_12704,2,248400.0,248400.0,0.99999999711461,0,1
user_12705,10,118400.0,36000.0,1.960964040230206,0,1
user_12706,38,0.19910548648648646,0.118469,2.6771226488260105,0,1
user_12707,10,120800.0,46800.0,2.1709505872411934,0,1
user_12708,49,0.20014754166666668,0.11718,2.7561154487242048,0,1
user_12709,70,0.19975607246376811,0.109288,2.7412157381444495,0,-1
user_1271,4,224400.0,165600.0,1.9999999942292197,0,1
user_12710,3,225000.0,216000.0,0.9182958311690995,0,1
user_12711,4,222000.0,180000.0,1.4999999956719148,0,1
user_12712,3,255600.0,248400.0,0.9182958311690995,0,1
user_12713,48,0.19875359574468085,0.118012,2.7498103575078785,0,1
user_12714,8,132685.7142857143,3600.0,1.8112781186883526,1,1
user_12715,5,195300.0,129600.0,1.5219280905592771,0,1
user_12716,10,109200.0,7200.0,1.760964041672901,1,1
user_12717,1,86400.0,86400.0,0.0,0,1
user_12718,9,119700.0,21600.0,2.058813883117726,0,1
user_12719,2,241200.0,241200.0,0.99999999711461,0,1
user_1272,9,128250.0,21600.0,1.224394441077901,0,1
user_12720,9,121050.0,7200.0,2.058813883117726,0,1
user_12721,4,208800.0,180000.0,0.99999999711461,0,1
user_12722,5,184500.0,144000.0,1.5219280905592771,0,1
user_12723,2,244800.0,244800.0,0.99999999711461,0,1
user_12724,2,280800.0,280800.0,-1.4426951595367387e-09,0,-1
user_12725,8,145542.85714285713,68400.0,1.9999999942292197,0,1
user_12726,2,234000.0,234000.0,0.99999999711461,0,1
user_12727,10,112000.0,7200.0,1.9219280891165822,0,1
user_12728,7,156600.0,68400.0,2.2359263434155574,0,1
user_12729,8,126514.28571428571,7200.0,1.4056390579014812,0,1
user_1273,5,171900.0,90000.0,1.5219280905592771,0,1
user_12730,9,119250.0,3600.0,0.9910760569528321,0,1
user_12731,8,132685.7142857143,36000.0,1.8112781186883526,1,1
user_12732,8,138342.85714285713,46800.0,1.8112781186883526,0,1
user_12733,9,126000.0,3600.0,2.197159716210674,0,1
user_12734,2,230400.0,230400.0,-1.4426951595367387e-09,0,-1
user_12735,3,237600.0,198000.0,-1.4426951595367387e-09,0,-1
user_12736,4,198000.0,144000.0,1.4999999956719148,0,1
user_12737,9,119700.0,7200.0,1.4355204999545814,0,1
user_12738,2,277200.0,277200.0,0.99999999711461,0,1
user_12739,7,160200.0,14400.0,1.8423709874063285,0,1
user_1274,10,120000.0,25200.0,1.4854752928992492,0,1
user_12740,7,120000.0,36000.0,1.4488156313970995,1,1
user_12741,60,0.19957769491525426,0.108499,2.7316834065143087,0,1
user_12742,3,248400.0,226800.0,0.9182958311690995,0,1
user_12743,61,0.20107275000000005,0.10495,2.7700786252916383,0,-1
user_12744,9,119700.0,14400.0,1.7527152732089246,0,1
user_12745,5,194400.0,111600.0,2.321928087673887,0,1
user_12746,7,157800.0,46800.0,1.8423709874063285,0,1
user_12747,43,0.20095423809523813,0.111706,2.771870198384218,0,1
user_12748,6,162000.0,86400.0,1.9182958282837093,0,1
user_12749,10,114800.0,3600.0,1.7219280891165822,0,1
user_1275,6,175680.0,122400.0,1.792481244589798,0,1
user_12750,5,190800.0,136800.0,1.3709505901265835,0,1
user_12751,72,0.1998744366197183,0.113313,2.7035829608086064,0,-1
user_12752,5,197100.0,111600.0,2.321928087673887,0,1
user_12753,76,0.19954257333333333,0.101733,2.63380751426391,0,-1
user_12754,4,229200.0,183600.0,1.4999999956719148,0,1
user_12755,6,176400.0,115200.0,0.6500224187629642,0,1
user_12756,7,147600.0,25200.0,2.2359263434155574,0,1
user_12757,76,0.19899870666666666,0.126151,2.752843841592522,0,-1
user_12758,9,118800.0,14400.0,1.8365916623381988,1,1
user_12759,5,171900.0,100800.0,0.9709505915692787,0,1
user_1276,8,138342.85714285713,7200.0,1.2987949363673135,0,1
user_12760,2,255600.0,255600.0,-1.4426951595367387e-09,0,-1
user_12761,7,164400.0,54000.0,1.950212059143967,0,1
user_12762,7,147600.0,18000.0,1.8423709874063285,0,1
user_12763,6,174960.0,75600.0,1.9182958282837093,0,1
user_12764,7,160200.0,61200.0,1.950212059143967,0,1
user_12765,6,188640.0,118800.0,1.9182958282837093,0,1
user_12766,6,166320.0,64800.0,1.9182958282837093,0,1
user_12767,6,163440.0,82800.0,1.2516291630597378,0,1
user_12768,6,178560.0,68400.0,2.2516291601743474,0,1
user_12769,10,124400.0,18000.0,1.1567796451189545,0,1
user_1277,4,218400.0,194400.0,1.4999999956719148,0,1
user_12770,6,183600.0,97200.0,1.9182958282837093,1,1
user_12771,9,117000.0,3600.0,1.5304930524293974,0,1
user_12772,7,155400.0,32400.0,2.2359263434155574,0,1
user_12773,2,291600.0,291600.0,0.99999999711461,0,-1
user_12774,4,206400.0,169200.0,1.4999999956719148,0,1
user_12775,9,129600.0,14400.0,1.8910611063018725,0,1
user_12776,2,255600.0,255600.0,0.99999999711461,0,1
user_12777,9,125100.0,25200.0,2.419381936990201,0,1
user_12778,10,120400.0,54000.0,1.760964041672901,0,1
user_12779,7,132000.0,39600.0,1.8423709874063285,0,1
user_1278,7,151200.0,68400.0,1.8423709874063285,0,1
user_12780,4,219600.0,136800.0,1.9999999942292197,0,1
user_12781,64,0.19991607936507944,0.114511,2.7382932008750003,0,1
user_12782,9,117900.0,3600.0,1.8910611063018725,0,1
user_12783,10,130400.0,10800.0,1.8464393389002354,0,1
user_12784,1,86400.0,86400.0,0.0,0,1
user_12785,2,237600.0,237600.0,-1.4426951595367387e-09,0,-1
user_12786,7,145200.0,64800.0,1.3787834891580906,0,1
user_12787,2,298800.0,298800.0,0.99999999711461,0,-1
user_12788,5,187200.0,158400.0,1.3709505901265835,0,1
user_12789,5,196200.0,104400.0,1.3709505901265835,0,1
user_1279,6,176400.0,104400.0,2.2516291601743474,0,1
user_12790,10,118000.0,7200.0,2.446439336014845,0,1
user_12791,1,86400.0,86400.0,0.0,0,1
user_12792,8,143485.7142857143,61200.0,1.74999999422922,0,1
user_12793,3,203400.0,180000.0,0.9182958311690995,0,1
user_12794,8,140914.2857142857,14400.0,2.249999992786525,0,1
user_12795,6,153360.0,97200.0,1.2516291630597378,1,1
user_12796,2,219600.0,219600.0,0.99999999711461,0,1
user_12797,2,277200.0,277200.0,0.99999999711461,0,1
user_12798,9,119250.0,7200.0,1.8365916623381988,0,1
user_12799,70,0.19866768115942027,0.104579,2.75141720575302,0,-1
user_128,29,0.1983971785714286,0.119537,2.789906210855014,0,-1
user_1280,8,127028.57142857143,3600.0,1.74999999422922,0,1
user_12800,3,257400.0,223200.0,0.9182958311690995,1,1
user_12801,1,86400.0,86400.0,0.0,0,1
user_12802,3,217800.0,201600.0,1.584962496393071,0,1
user_12803,8,140914.2857142857,50400.0,2.249999992786525,0,1
user_12804,26,0.19807052000000003,0.123457,2.7164470570624615,0,-1
user_12805,6,176400.0,57600.0,1.792481244589798,0,1
user_12806,3,219600.0,219600.0,0.9182958311690995,0,1
user_12807,1,86400.0,86400.0,0.0,0,1
user_12808,6,194400.0,122400.0,1.792481244589798,0,1
user_12809,3,253800.0,226800.0,1.584962496393071,0,1
user_1281,4,213600.0,144000.0,0.99999999711461,0,1
user_12810,4,211200.0,172800.0,1.4999999956719148,0,1
user_12811,8,126514.28571428571,7200.0,1.8112781186883526,0,1
user_12812,10,112000.0,3600.0,1.360964043115596,0,1
user_12813,3,248400.0,234000.0,1.584962496393071,0,1
user_12814,4,213600.0,172800.0,1.4999999956719148,0,1
user_12815,5,181800.0,118800.0,1.3709505901265835,0,1
user_12816,8,148628.57142857142,36000.0,2.249999992786525,0,1
user_12817,7,159000.0,61200.0,1.8423709874063285,0,1
user_12818,42,0.20113170731707317,0.119691,2.701994713143766,0,1
user_12819,4,205200.0,140400.0,1.9999999942292197,0,1
user_1282,4,219600.0,147600.0,0.8112781215737428,0,1
user_12820,4,226800.0,198000.0,1.4999999956719148,0,1
user_12821,4,216000.0,180000.0,0.99999999711461,0,1
user_12822,39,0.2002005,0.115535,2.565144609990294,0,-1
user_12823,1,86400.0,86400.0,0.0,0,1
user_12824,3,241200.0,241200.0,0.9182958311690995,0,1
user_12825,10,124400.0,10800.0,1.360964043115596,0,1
user_12826,6,167040.0,93600.0,1.4591479126991596,0,1
user_12827,4,188400.0,151200.0,1.9999999942292197,0,1
user_12828,10,111600.0,7200.0,1.5709505886838886,0,1
user_12829,8,129085.71428571429,54000.0,1.74999999422922,0,1
user_1283,10,119200.0,7200.0,1.960964040230206,0,1
user_12830,5,192600.0,93600.0,1.3709505901265835,0,1
user_12831,8,116228.57142857143,3600.0,1.5612781201310477,0,1
user_12832,6,172080.0,79200.0,0.99999999711461,0,1
user_12833,5,195300.0,136800.0,0.9709505915692787,0,1
user_12834,46,0.1996485555555556,0.12151,2.7753088932426797,0,1
user_12835,10,111600.0,7200.0,2.24643933745754,1,1
user_12836,8,132171.42857142858,14400.0,1.4056390579014812,0,1
user_12837,2,262800.0,262800.0,0.99999999711461,0,1
user_12838,5,194400.0,104400.0,1.9219280891165822,0,1
user_12839,10,102000.0,14400.0,2.0464393374575405,0,1
user_1284,8,133714.2857142857,28800.0,2.155639055016091,1,1
user_12840,5,188100.0,118800.0,1.3709505901265835,0,1
user_12841,5,169200.0,104400.0,1.5219280905592771,0,1
user_12842,1,86400.0,86400.0,0.0,0,1
user_12843,10,112000.0,7200.0,0.9709505915692787,0,1
user_12844,4,207600.0,154800.0,1.9999999942292197,0,1
user_12845,9,135450.0,21600.0,2.058813883117726,0,1
user_12846,53,0.19905909615384615,0.111527,2.671251588796684,0,1
user_12847,10,111200.0,3600.0,1.760964041672901,0,1
user_12848,8,128057.14285714286,32400.0,2.155639055016091,0,1
user_12849,10,112400.0,14400.0,2.3709505857984983,0,1
user_1285,2,262800.0,262800.0,0.99999999711461,0,1
user_12850,6,185760.0,115200.0,1.4591479126991596,1,1
user_12851,3,221400.0,216000.0,1.584962496393071,0,1
user_12852,8,139371.42857142858,43200.0,1.9056390564587862,0,1
user_12853,7,138000.0,21600.0,1.664497773429681,0,1
user_12854,9,116100.0,18000.0,2.197159716210674,0,1
user_12855,39,0.19843755263157897,0.134384,2.677540749719422,0,-1
user_12856,2,244800.0,244800.0,-1.4426951595367387e-09,0,-1
user_12857,6,174960.0,122400.0,0.99999999711461,0,1
user_12858,7,153000.0,39600.0,1.5566567031347378,0,1
user_12859,9,132750.0,46800.0,1.3921472193364495,0,1
user_1286,4,199200.0,151200.0,1.4999999956719148,0,1
user_12860,1,86400.0,86400.0,0.0,0,1
user_12861,3,241200.0,187200.0,1.584962496393071,0,1
user_12862,5,198900.0,126000.0,1.5219280905592771,0,1
user_12863,31,0.19972839999999997,0.120925,2.6825064813341326,0,1
user_12864,5,181800.0,129600.0,1.3709505901265835,0,1
user_12865,7,164400.0,68400.0,1.8423709874063285,0,1
user_12866,3,225000.0,201600.0,1.584962496393071,0,1
user_12867,1,86400.0,86400.0,0.0,0,1
user_12868,2,219600.0,219600.0,-1.4426951595367387e-09,0,-1
user_12869,5,191700.0,118800.0,1.9219280891165822,0,1
user_1287,6,176400.0,108000.0,1.792481244589798,1,1
user_12870,6,168480.0,82800.0,2.2516291601743474,0,1
user_12871,10,102800.0,18000.0,1.7709505872411937,0,1
user_12872,10,123600.0,25200.0,1.5709505886838886,0,1
user_12873,32,0.1974690322580645,0.126222,2.67872889810445,0,-1
user_12874,4,217200.0,190800.0,0.99999999711461,0,1
user_12875,3,201600.0,183600.0,0.9182958311690995,0,1
user_12876,10,110800.0,18000.0,0.9709505915692787,0,1
user_12877,10,108400.0,10800.0,2.1219280876738873,0,1
user_12878,7,160800.0,61200.0,2.2359263434155574,0,1
user_12879,2,241200.0,241200.0,0.99999999711461,0,1
user_1288,10,116000.0,32400.0,2.521928086231192,1,1
user_12880,8,141942.85714285713,3600.0,1.4056390579014812,0,1
user_12881,9,131850.0,43200.0,1.7527152732089246,0,1
user_12882,4,211200.0,190800.0,1.4999999956719148,0,1
user_12883,10,117200.0,25200.0,1.960964040230206,0,1
user_12884,31,0.19965683333333334,0.129462,2.6356703976774547,0,-1
user_12885,4,216000.0,176400.0,1.4999999956719148,0,1
user_12886,33,0.2011253125,0.116815,2.6875929725681535,0,1
user_12887,8,131657.14285714287,18000.0,2.249999992786525,1,1
user_12888,3,221400.0,183600.0,0.9182958311690995,0,1
user_12889,4,214800.0,158400.0,1.4999999956719148,0,1
user_1289,5,189900.0,122400.0,1.9219280891165822,0,1
user_12890,46,0.2002901777777778,0.122676,2.680109420105662,0,1
user_12891,8,137314.2857142857,46800.0,1.4056390579014812,0,1
user_12892,8,136800.0,28800.0,2.155639055016091,0,1
user_12893,52,0.2011763137254902,0.111949,2.7502090495556595,0,1
user_12894,8,143485.7142857143,39600.0,2.249999992786525,0,1
user_12895,3,223200.0,219600.0,1.584962496393071,0,1
user_12896,10,107600.0,3600.0,2.24643933745754,0,1
user_12897,5,213300.0,158400.0,1.3709505901265835,0,1
user_12898,6,167760.0,79200.0,0.6500224187629642,0,1
user_12899,8,126000.0,14400.0,1.061278120131048,0,1
user_129,4,213600.0,198000.0,1.4999999956719148,1,1
user_1290,35,0.19835494117647057,0.130548,2.6584142674828537,0,-1
user_12900,30,0.19749693103448274,0.136692,2.6430190201465322,0,-1
user_12901,7,154800.0,10800.0,1.950212059143967,1,1
user_12902,6,170640.0,118800.0,2.2516291601743474,0,1
user_12903,7,134400.0,32400.0,1.3787834891580906,0,1
user_12904,1,86400.0,86400.0,0.0,0,1
user_12905,57,0.20131926785714285,0.114831,2.7640870348443247,0,1
user_12906,9,114750.0,7200.0,1.5304930524293974,0,1
user_12907,22,0.19817966666666667,0.123956,2.339922951658823,0,-1
user_12908,8,134742.85714285713,43200.0,1.74999999422922,0,1
user_12909,2,255600.0,255600.0,-1.4426951595367387e-09,0,-1
user_1291,24,0.19782382608695653,0.12467,2.5629072817480907,0,-1
user_12910,7,151200.0,10800.0,2.2359263434155574,1,1
user_12911,2,295200.0,295200.0,-1.4426951595367387e-09,0,-1
user_12912,4,225600.0,158400.0,1.4999999956719148,0,1
user_12913,4,229200.0,208800.0,0.8112781215737428,0,1
user_12914,9,130500.0,28800.0,2.058813883117726,0,1
user_12915,6,174240.0,108000.0,1.4591479126991596,0,1
user_12916,5,168300.0,115200.0,1.3709505901265835,1,1
user_12917,66,0.19957696923076923,0.118225,2.7676701598015008,0,1
user_12918,5,194400.0,133200.0,1.9219280891165822,0,1
user_12919,3,246600.0,237600.0,0.9182958311690995,1,1
user_1292,6,175680.0,93600.0,1.584962496393071,0,1
user_12920,60,0.1999008305084746,0.117931,2.727243327076724,0,1
user_12921,78,0.19975435064935065,0.108427,2.722928957325213,0,-1
user_12922,7,147600.0,68400.0,1.5566567031347378,0,1
user_12923,1,86400.0,86400.0,0.0,0,1
user_12924,10,129200.0,39600.0,2.1219280876738873,0,1
user_12925,8,142971.42857142858,32400.0,1.8112781186883526,0,1
user_12926,7,136800.0,61200.0,1.4488156313970995,1,1
user_12927,9,131850.0,32400.0,2.197159716210674,0,1
user_12928,3,217800.0,216000.0,0.9182958311690995,0,1
user_12929,9,118800.0,14400.0,1.3516441108253072,0,1
user_1293,46,0.2001022444444445,0.124207,2.6598731527186104,0,1
user_12930,8,149657.14285714287,57600.0,1.9056390564587862,0,1
user_12931,10,114400.0,7200.0,2.1709505872411934,1,1
user_12932,9,133650.0,25200.0,2.197159716210674,0,1
user_12933,8,142457.14285714287,54000.0,2.49999999134383,0,1
user_12934,7,145200.0,18000.0,1.8423709874063285,0,1
user_12935,5,212400.0,169200.0,1.9219280891165822,0,1
user_12936,6,170640.0,93600.0,1.792481244589798,0,1
user_12937,2,291600.0,291600.0,0.99999999711461,0,-1
user_12938,6,180000.0,82800.0,2.2516291601743474,0,1
user_12939,6,180000.0,50400.0,1.792481244589798,0,1
user_1294,7,163200.0,18000.0,1.1488348499528316,0,1
user_12940,3,201600.0,183600.0,0.9182958311690995,0,1
user_12941,5,198000.0,115200.0,1.9219280891165822,0,1
user_12942,1,86400.0,86400.0,0.0,0,1
user_12943,24,0.19795200000000002,0.109752,2.332551808274572,0,-1
user_12944,5,200700.0,151200.0,1.9219280891165822,0,1
user_12945,2,248400.0,248400.0,0.99999999711461,1,1
user_12946,3,232200.0,223200.0,0.9182958311690995,0,1
user_12947,9,117900.0,10800.0,1.7527152732089246,0,1
user_12948,5,198000.0,133200.0,1.9219280891165822,0,1
user_12949,6,182880.0,118800.0,1.2516291630597378,0,1
user_1295,8,123428.57142857143,3600.0,1.9999999942292197,0,1
user_12950,3,244800.0,216000.0,0.9182958311690995,0,1
user_12951,5,207000.0,144000.0,1.3709505901265835,0,1
user_12952,4,230400.0,147600.0,0.8112781215737428,0,1
user_12953,10,119200.0,46800.0,2.1609640387875113,0,1
user_12954,39,0.20049639473684214,0.127936,2.663483147518998,0,1
user_12955,67,0.20015551515151517,0.104345,2.7695014505768825,0,-1
user_12956,2,291600.0,291600.0,0.99999999711461,0,-1
user_12957,3,223200.0,201600.0,1.584962496393071,0,1
user_12958,2,237600.0,237600.0,0.99999999711461,0,1
user_12959,5,181800.0,93600.0,1.5219280905592771,0,1
user_1296,6,163440.0,82800.0,1.4591479126991596,0,1
user_12960,3,244800.0,201600.0,1.584962496393071,0,1
user_12961,5,206100.0,129600.0,1.9219280891165822,0,1
user_12962,1,86400.0,86400.0,0.0,0,1
user_12963,47,0.20096958695652176,0.107856,2.7622599161884387,0,-1
user_12964,2,288000.0,288000.0,0.99999999711461,0,-1
user_12965,4,225600.0,180000.0,1.4999999956719148,0,1
user_12966,3,212400.0,176400.0,1.584962496393071,0,1
user_12967,8,149142.85714285713,75600.0,2.249999992786525,0,1
user_12968,6,157680.0,86400.0,1.9182958282837093,0,1
user_12969,6,163440.0,82800.0,0.9182958311690995,0,1
user_1297,6,174960.0,115200.0,1.4591479126991596,0,1
user_12970,5,202500.0,165600.0,0.7219280920019722,0,1
user_12971,2,226800.0,226800.0,0.99999999711461,0,1
user_12972,10,115600.0,10800.0,1.6854752914565543,0,1
user_12973,2,288000.0,288000.0,-1.4426951595367387e-09,0,-1
user_12974,3,228600.0,219600.0,0.9182958311690995,0,1
user_12975,7,161400.0,68400.0,1.1488348499528316,0,1
user_12976,9,125550.0,18000.0,2.058813883117726,0,1
user_12977,53,0.20079815384615388,0.110645,2.7534159068842476,0,1
user_12978,7,151200.0,57600.0,2.2359263434155574,0,1
user_12979,10,112400.0,39600.0,2.0464393374575405,0,1
user_1298,1,86400.0,86400.0,0.0,0,1
user_12980,7,156000.0,3600.0,1.950212059143967,1,1
user_12981,6,177120.0,64800.0,1.2516291630597378,0,1
user_12982,65,0.2007219375,0.117384,2.7576344719599195,0,1
user_12983,1,86400.0,86400.0,0.0,0,1
user_12984,62,0.2004869508196721,0.113238,2.7814185714581825,0,-1
user_12985,2,248400.0,248400.0,0.99999999711461,0,1
user_12986,53,0.19854496153846152,0.111316,2.7424673908875774,0,1
user_12987,7,154800.0,32400.0,1.5566567031347378,0,1
user_12988,2,223200.0,223200.0,-1.4426951595367387e-09,0,-1
user_12989,3,250200.0,201600.0,0.9182958311690995,0,1
user_1299,5,211500.0,158400.0,1.9219280891165822,0,1
user_12990,1,86400.0,86400.0,0.0,1,1
user_12991,30,0.20184572413793103,0.143178,2.749255387069635,0,-1
user_12992,10,101600.0,3600.0,1.360964043115596,0,1
user_12993,9,116550.0,7200.0,2.058813883117726,0,1
user_12994,9,129150.0,46800.0,2.197159716210674,0,1
user_12995,9,121500.0,3600.0,1.7527152732089246,0,1
user_12996,4,232800.0,162000.0,1.9999999942292197,0,1
user_12997,6,160560.0,79200.0,2.2516291601743474,0,1
user_12998,6,185040.0,126000.0,1.2516291630597378,0,1
user_12999,8,138342.85714285713,32400.0,1.4056390579014812,0,1
user_13,9,117450.0,25200.0,1.3516441108253072,0,1
user_130,3,237600.0,226800.0,0.9182958311690995,0,1
user_1300,4,225600.0,169200.0,1.4999999956719148,0,1
user_13000,6,182160.0,100800.0,1.9182958282837093,0,1
user_13001,1,86400.0,86400.0,0.0,0,1
user_13002,6,185040.0,75600.0,1.9182958282837093,0,1
user_13003,7,142800.0,25200.0,1.3787834891580906,0,1
user_13004,43,0.19887707142857144,0.121288,2.6686478286691657,0,1
user_13005,10,123600.0,7200.0,2.321928086231192,1,1
user_13006,7,151800.0,72000.0,1.4488156313970995,1,1
user_13007,8,121885.71428571429,18000.0,2.155639055016091,0,1
user_13008,7,150600.0,14400.0,1.664497773429681,0,1
user_13009,7,170400.0,50400.0,2.128085271677919,1,1
user_1301,8,137828.57142857142,46800.0,1.9999999927865248,0,1
user_13010,9,133200.0,39600.0,1.7527152732089246,0,1
user_13011,6,164160.0,54000.0,1.2516291630597378,1,1
user_13012,7,144000.0,79200.0,1.8423709874063285,0,1
user_13013,9,127350.0,14400.0,1.8910611063018725,0,1
user_13014,7,151800.0,43200.0,1.8423709874063285,0,1
user_13015,7,170400.0,72000.0,1.8423709874063285,0,1
user_13016,4,234000.0,208800.0,0.8112781215737428,0,1
user_13017,7,153600.0,82800.0,1.664497773429681,0,1
user_13018,2,270000.0,270000.0,0.99999999711461,0,1
user_13019,5,197100.0,151200.0,0.9709505915692787,0,1
user_1302,10,110400.0,7200.0,2.24643933745754,0,1
user_13020,5,206100.0,151200.0,1.5219280905592771,0,1
user_13021,8,126514.28571428571,7200.0,1.9999999942292197,0,1
user_13022,9,120150.0,21600.0,2.197159716210674,0,1
user_13023,5,197100.0,115200.0,1.9219280891165822,0,1
user_13024,4,223200.0,172800.0,1.4999999956719148,1,1
user_13025,5,212400.0,151200.0,1.9219280891165822,0,1
user_13026,4,217200.0,176400.0,1.4999999956719148,0,1
user_13027,6,174960.0,61200.0,1.2516291630597378,0,1
user_13028,2,241200.0,241200.0,0.99999999711461,0,1
user_13029,9,115200.0,10800.0,2.419381936990201,0,1
user_1303,10,116800.0,10800.0,1.960964040230206,0,1
user_13030,49,0.19813725000000001,0.11038,2.7378141827769946,0,-1
user_13031,8,149142.85714285713,14400.0,1.9999999927865248,0,1
user_13032,2,288000.0,288000.0,0.99999999711461,0,-1
user_13033,9,125550.0,25200.0,1.3516441108253072,0,1
user_13034,10,107600.0,7200.0,1.8464393389002354,0,1
user_13035,2,226800.0,226800.0,-1.4426951595367387e-09,0,-1
user_13036,7,148200.0,39600.0,1.8423709874063285,1,1
user_13037,2,270000.0,270000.0,0.99999999711461,0,1
user_13038,9,125550.0,7200.0,1.879964941513636,1,1
user_13039,1,86400.0,86400.0,0.0,0,1
user_1304,1,86400.0,86400.0,0.0,0,1
user_13040,9,117000.0,32400.0,2.7254805468990027,0,1
user_13041,4,219600.0,190800.0,1.4999999956719148,0,1
user_13042,64,0.19943011111111109,0.116841,2.747099394008523,0,1
user_13043,75,0.20044821621621622,0.122466,2.738038052664898,0,-1
user_13044,78,0.20063211688311688,0.108358,2.6898391950047094,0,-1
user_13045,23,0.1989318636363637,0.110654,2.6985981002608828,0,-1
user_13046,1,86400.0,86400.0,0.0,0,1
user_13047,9,128700.0,14400.0,1.5304930524293974,0,1
user_13048,6,180000.0,97200.0,1.4591479126991596,0,1
user_13049,7,169200.0,39600.0,2.128085271677919,0,1
user_1305,7,155400.0,46800.0,1.8423709874063285,0,1
user_13050,4,231600.0,187200.0,1.9999999942292197,0,1
user_13051,9,131850.0,54000.0,1.8910611063018725,0,1
user_13052,2,266400.0,266400.0,0.99999999711461,0,1
user_13053,7,151200.0,39600.0,1.1488348499528316,0,1
user_13054,4,207600.0,162000.0,0.8112781215737428,0,1
user_13055,2,259200.0,259200.0,0.99999999711461,0,1
user_13056,3,205200.0,180000.0,0.9182958311690995,0,1
user_13057,4,212400.0,140400.0,0.8112781215737428,0,1
user_13058,10,127200.0,7200.0,1.9709505886838885,0,1
user_13059,3,234000.0,201600.0,1.584962496393071,0,1
user_1306,9,136350.0,50400.0,1.4355204999545814,0,1
user_13060,9,112950.0,18000.0,1.3516441108253072,1,1
user_13061,3,232200.0,223200.0,1.584962496393071,0,1
user_13062,9,116100.0,32400.0,1.3921472193364495,0,1
user_13063,6,168480.0,54000.0,1.4591479126991596,0,1
user_13064,1,86400.0,86400.0,0.0,0,1
user_13065,1,86400.0,86400.0,0.0,0,1
user_13066,8,129085.71428571429,43200.0,1.5487949349246184,0,1
user_13067,4,225600.0,169200.0,1.4999999956719148,0,1
user_13068,6,172080.0,86400.0,1.792481244589798,0,1
user_13069,6,169920.0,72000.0,1.4591479126991596,0,1
user_1307,45,0.19884895454545456,0.109512,2.690272533357148,0,1
user_13070,6,163440.0,64800.0,1.9182958282837093,0,1
user_13071,67,0.20073343939393937,0.109431,2.759052488088072,0,-1
user_13072,9,105300.0,14400.0,1.7527152732089246,0,1
user_13073,9,122850.0,18000.0,2.197159716210674,0,1
user_13074,3,243000.0,205200.0,1.584962496393071,0,1
user_13075,10,121200.0,7200.0,1.8464393389002354,0,1
user_13076,20,0.20450247368421048,0.12534,2.560964037344816,0,-1
user_13077,1,86400.0,86400.0,0.0,0,1
user_13078,8,136800.0,57600.0,2.155639055016091,0,1
user_13079,6,165600.0,72000.0,1.9182958282837093,1,1
user_1308,7,141600.0,36000.0,1.8423709874063285,0,1
user_13080,1,86400.0,86400.0,0.0,0,1
user_13081,6,173520.0,75600.0,1.4591479126991596,0,1
user_13082,69,0.19970786764705886,0.115988,2.7828897881014987,0,-1
user_13083,2,230400.0,230400.0,0.99999999711461,0,1
user_13084,4,201600.0,133200.0,1.9999999942292197,0,1
user_13085,3,244800.0,234000.0,1.584962496393071,0,1
user_13086,1,86400.0,86400.0,0.0,0,1
user_13087,7,161400.0,10800.0,1.8423709874063285,0,1
user_13088,56,0.20039614545454548,0.119153,2.7729500643412424,0,1
user_13089,7,137400.0,68400.0,1.664497773429681,0,1
user_1309,6,195840.0,111600.0,1.792481244589798,0,1
user_13090,3,241200.0,237600.0,1.584962496393071,1,1
user_13091,1,86400.0,86400.0,0.0,0,1
user_13092,8,126000.0,3600.0,2.155639055016091,0,1
user_13093,2,234000.0,234000.0,0.99999999711461,0,1
user_13094,6,164160.0,61200.0,2.2516291601743474,0,1
user_13095,38,0.1975992972972973,0.118517,2.6718665714518064,0,-1
user_13096,9,117900.0,21600.0,1.8910611063018725,0,1
user_13097,7,134400.0,7200.0,1.8423709874063285,0,1
user_13098,2,241200.0,241200.0,-1.4426951595367387e-09,0,-1
user_13099,5,190800.0,133200.0,0.9709505915692787,0,1
user_131,4,210000.0,172800.0,1.9999999942292197,0,1
user_1310,4,211200.0,180000.0,1.4999999956719148,0,1
user_13100,6,178560.0,75600.0,1.4591479126991596,0,1
user_13101,10,103600.0,10800.0,2.0464393374575405,1,1
user_13102,2,244800.0,244800.0,0.99999999711461,0,1
user_13103,10,107200.0,25200.0,2.24643933745754,1,1
user_13104,6,167040.0,93600.0,1.792481244589798,0,1
user_13105,41,0.1998993,0.118066,2.6763800241304994,0,1
user_13106,9,108000.0,3600.0,1.879964941513636,0,1
user_13107,8,150171.42857142858,32400.0,1.9056390564587862,0,1
user_13108,6,163440.0,68400.0,1.792481244589798,0,1
user_13109,4,219600.0,172800.0,1.4999999956719148,0,1
user_1311,5,196200.0,90000.0,1.3709505901265835,0,1
user_13110,8,127542.85714285714,10800.0,1.74999999422922,0,1
user_13111,6,155520.0,68400.0,0.9182958311690995,0,1
user_13112,1,86400.0,86400.0,0.0,0,1
user_13113,2,284400.0,284400.0,0.99999999711461,0,-1
user_13114,1,86400.0,86400.0,0.0,0,1
user_13115,10,116000.0,14400.0,1.4854752928992492,0,1
user_13116,66,0.20063715384615383,0.122734,2.73717128069506,0,1
user_13117,2,277200.0,277200.0,0.99999999711461,0,1
user_13118,8,150685.7142857143,32400.0,1.9056390564587862,0,1
user_13119,9,118800.0,3600.0,1.879964941513636,0,1
user_1312,70,0.19947739130434783,0.11464,2.7792056769614035,0,-1
user_13120,10,118400.0,3600.0,1.5709505886838886,0,1
user_13121,2,237600.0,237600.0,0.99999999711461,0,1
user_13122,10,129600.0,54000.0,1.5219280905592771,0,1
user_13123,3,239400.0,226800.0,1.584962496393071,0,1
user_13124,8,122400.0,18000.0,0.8112781215737428,0,1
user_13125,4,219600.0,144000.0,1.4999999956719148,0,1
user_13126,8,122400.0,10800.0,2.49999999134383,0,1
user_13127,7,147600.0,75600.0,1.664497773429681,0,1
user_13128,1,86400.0,86400.0,0.0,0,1
user_13129,6,184320.0,72000.0,1.2516291630597378,0,1
user_1313,3,234000.0,223200.0,0.9182958311690995,0,1
user_13130,33,0.19969559375,0.137013,2.666690219334236,0,-1
user_13131,5,203400.0,140400.0,1.9219280891165822,0,1
user_13132,4,208800.0,187200.0,1.4999999956719148,1,1
user_13133,8,143485.7142857143,7200.0,1.9056390564587862,0,1
user_13134,5,170100.0,93600.0,1.3709505901265835,0,1
user_13135,4,194400.0,136800.0,1.4999999956719148,0,1
user_13136,2,270000.0,270000.0,0.99999999711461,0,1
user_13137,7,140400.0,18000.0,0.9852281331488615,0,1
user_13138,64,0.1994625238095238,0.107051,2.7442742460806473,0,-1
user_13139,5,210600.0,118800.0,1.3709505901265835,0,1
user_1314,10,102800.0,21600.0,2.446439336014845,0,1
user_13140,10,126400.0,10800.0,2.1219280876738873,0,1
user_13141,4,210000.0,194400.0,1.4999999956719148,0,1
user_13142,8,137314.2857142857,3600.0,1.9056390564587862,0,1
user_13143,28,0.19952729629629629,0.133864,2.6375375011671864,0,-1
user_13144,10,114800.0,3600.0,2.1709505872411934,0,1
user_13145,2,288000.0,288000.0,0.99999999711461,1,-1
user_13146,4,234000.0,198000.0,1.4999999956719148,0,1
user_13147,10,102000.0,10800.0,1.360964043115596,0,1
user_13148,5,200700.0,140400.0,1.5219280905592771,0,1
user_13149,7,141000.0,21600.0,2.2359263434155574,0,1
user_1315,27,0.19783519230769228,0.133254,2.561580790254469,0,-1
user_13150,3,234000.0,180000.0,-1.4426951595367387e-09,0,-1
user_13151,6,162000.0,54000.0,2.2516291601743474,0,1
user_13152,3,270000.0,255600.0,1.584962496393071,0,-1
user_13153,1,86400.0,86400.0,0.0,0,1
user_13154,6,151920.0,64800.0,1.9182958282837093,0,1
user_13155,10,123600.0,21600.0,1.360964043115596,0,1
user_13156,7,147600.0,50400.0,1.3787834891580906,1,1
user_13157,8,138342.85714285713,32400.0,1.74999999422922,1,1
user_13158,3,239400.0,180000.0,0.9182958311690995,0,1
user_13159,5,216900.0,162000.0,1.9219280891165822,0,1
user_1316,6,169200.0,108000.0,1.2516291630597378,0,1
user_13160,8,138342.85714285713,14400.0,2.249999992786525,0,1
user_13161,9,117450.0,25200.0,1.8910611063018725,0,1
user_13162,9,132300.0,14400.0,2.419381936990201,0,1
user_13163,10,114000.0,3600.0,1.2954618399102367,0,1
user_13164,4,202800.0,136800.0,1.4999999956719148,1,1
user_13165,6,161280.0,61200.0,1.9182958282837093,0,1
user_13166,1,86400.0,86400.0,0.0,0,1
user_13167,2,280800.0,280800.0,-1.4426951595367387e-09,0,-1
user_13168,6,198000.0,118800.0,2.2516291601743474,0,1
user_13169,3,239400.0,234000.0,-1.4426951595367387e-09,0,-1
user_1317,27,0.19857411538461534,0.113319,2.685468863141373,0,-1
user_13170,3,225000.0,190800.0,1.584962496393071,0,1
user_13171,77,0.19995031578947367,0.108612,2.7570211494700776,0,-1
user_13172,10,106800.0,7200.0,2.1219280876738873,1,1
user_13173,3,250200.0,244800.0,0.9182958311690995,0,1
user_13174,48,0.20100887234042553,0.126537,2.7671685889337874,0,1
user_13175,5,209700.0,162000.0,1.5219280905592771,1,1
user_13176,54,0.1997369811320755,0.111509,2.7688313415877985,0,1
user_13177,3,230400.0,183600.0,0.9182958311690995,1,1
user_13178,5,212400.0,147600.0,1.5219280905592771,0,1
user_13179,10,117600.0,36000.0,1.4854752928992492,0,1
user_1318,7,134400.0,10800.0,1.1488348499528316,0,1
user_13180,2,291600.0,291600.0,-1.4426951595367387e-09,0,-1
user_13181,8,140914.2857142857,25200.0,1.74999999422922,0,1
user_13182,22,0.2000065238095238,0.136893,2.6978458129855474,0,-1
user_13183,54,0.19915573584905663,0.130943,2.7381680888647377,0,-1
user_13184,2,273600.0,273600.0,0.99999999711461,0,1
user_13185,7,143400.0,10800.0,1.1488348499528316,0,1
user_13186,3,235800.0,216000.0,0.9182958311690995,0,1
user_13187,3,199800.0,180000.0,1.584962496393071,0,1
user_13188,2,252000.0,252000.0,0.99999999711461,0,1
user_13189,76,0.1989580533333333,0.107851,2.6803173752702545,0,-1
user_1319,8,127542.85714285714,46800.0,1.74999999422922,1,1
user_13190,2,284400.0,284400.0,0.99999999711461,0,-1
user_13191,9,132300.0,50400.0,1.8365916623381988,1,1
user_13192,7,158400.0,36000.0,1.8423709874063285,0,1
user_13193,3,250200.0,205200.0,0.9182958311690995,0,1
user_13194,1,86400.0,86400.0,0.0,0,1
user_13195,9,131400.0,14400.0,1.8910611063018725,0,1
user_13196,5,170100.0,122400.0,0.7219280920019722,0,1
user_13197,76,0.20120856,0.112216,2.6859111693522135,0,-1
user_13198,3,228600.0,212400.0,1.584962496393071,0,1
user_13199,2,270000.0,270000.0,-1.4426951595367387e-09,0,-1
user_132,65,0.20041739062499997,0.115252,2.7459145092169863,0,1
user_1320,24,0.20010560869565217,0.113781,2.657268219518524,0,-1
user_13200,6,177120.0,100800.0,1.584962496393071,0,1
user_13201,7,133800.0,25200.0,1.5566567031347378,0,1
user_13202,67,0.19944222727272726,0.106333,2.717033453185058,0,-1
user_13203,3,223200.0,223200.0,1.584962496393071,0,1
user_13204,7,144000.0,10800.0,1.950212059143967,0,1
user_13205,3,226800.0,176400.0,1.584962496393071,0,1
user_13206,5,197100.0,133200.0,1.3709505901265835,1,1
user_13207,8,140914.2857142857,21600.0,2.155639055016091,0,1
user_13208,4,213600.0,190800.0,1.9999999942292197,0,1
user_13209,9,122850.0,28800.0,2.1132833270813998,0,1
user_1321,7,142800.0,54000.0,1.8423709874063285,1,1
user_13210,8,151714.2857142857,39600.0,1.9999999927865248,0,1
user_13211,4,207600.0,162000.0,0.8112781215737428,0,1
user_13212,1,86400.0,86400.0,0.0,0,1
user_13213,52,0.20076309803921571,0.116801,2.7428087785414865,0,1
user_13214,32,0.20021761290322584,0.147496,2.738608490632376,0,-1
user_13215,1,86400.0,86400.0,0.0,0,1
user_13216,3,235800.0,219600.0,1.584962496393071,0,1
user_13217,9,116550.0,36000.0,2.058813883117726,0,1
user_13218,56,0.19979923636363636,0.111029,2.782429613188659,0,1
user_13219,2,262800.0,262800.0,0.99999999711461,0,1
user_1322,6,171360.0,64800.0,1.584962496393071,0,1
user_13220,9,140400.0,39600.0,1.3921472193364495,0,1
user_13221,5,199800.0,147600.0,1.9219280891165822,0,1
user_13222,5,213300.0,140400.0,1.3709505901265835,0,1
user_13223,70,0.20044599999999999,0.114433,2.6981388253560876,0,-1
user_13224,1,86400.0,86400.0,0.0,0,1
user_13225,6,177840.0,90000.0,1.4591479126991596,0,1
user_13226,6,175680.0,90000.0,1.9182958282837093,1,1
user_13227,5,202500.0,140400.0,1.5219280905592771,0,1
user_13228,1,86400.0,86400.0,0.0,0,1
user_13229,7,157800.0,57600.0,2.521640627687148,0,1
user_1323,6,160560.0,46800.0,2.2516291601743474,0,1
user_13230,35,0.19853341176470587,0.116316,2.6253528145465532,0,1
user_13231,3,205200.0,190800.0,1.584962496393071,0,1
user_13232,3,248400.0,226800.0,1.584962496393071,0,1
user_13233,6,193680.0,115200.0,1.2516291630597378,0,1
user_13234,7,156600.0,61200.0,1.664497773429681,0,1
user_13235,1,86400.0,86400.0,0.0,0,1
user_13236,1,86400.0,86400.0,0.0,0,1
user_13237,9,119250.0,7200.0,1.879964941513636,0,1
user_13238,51,0.20003544000000006,0.121763,2.7181153284710478,0,1
user_13239,3,248400.0,208800.0,0.9182958311690995,0,1
user_1324,4,208800.0,158400.0,0.99999999711461,0,1
user_13240,7,142800.0,28800.0,1.3787834891580906,0,1
user_13241,74,0.2002029178082192,0.118389,2.7227593936999592,0,-1
user_13242,6,161280.0,86400.0,1.4591479126991596,0,1
user_13243,8,151200.0,39600.0,2.249999992786525,0,1
user_13244,1,86400.0,86400.0,0.0,0,1
user_13245,2,298800.0,298800.0,-1.4426951595367387e-09,0,-1
user_13246,6,165600.0,104400.0,2.2516291601743474,0,1
user_13247,9,125100.0,21600.0,1.879964941513636,0,1
user_13248,6,159840.0,86400.0,1.4591479126991596,0,1
user_13249,9,128700.0,25200.0,1.8910611063018725,0,1
user_1325,6,174960.0,79200.0,1.9182958282837093,0,1
user_13250,7,164400.0,43200.0,1.3787834891580906,1,1
user_13251,5,183600.0,115200.0,1.3709505901265835,0,1
user_13252,8,117771.42857142857,36000.0,1.74999999422922,0,1
user_13253,1,86400.0,86400.0,0.0,0,1
user_13254,2,259200.0,259200.0,0.99999999711461,0,1
user_13255,8,148628.57142857142,54000.0,2.155639055016091,0,1
user_13256,9,118350.0,25200.0,2.197159716210674,0,1
user_13257,9,130500.0,43200.0,1.7527152732089246,0,1
user_13258,7,140400.0,64800.0,1.8423709874063285,0,1
user_13259,8,126514.28571428571,25200.0,1.9056390564587862,0,1
user_1326,7,129000.0,21600.0,2.128085271677919,0,1
user_13260,1,86400.0,86400.0,0.0,0,1
user_13261,51,0.19862032,0.115292,2.716190216356262,0,1
user_13262,4,217200.0,140400.0,0.8112781215737428,0,1
user_13263,3,241200.0,216000.0,1.584962496393071,0,1
user_13264,7,138600.0,46800.0,1.950212059143967,0,1
user_13265,7,152400.0,32400.0,1.8423709874063285,0,1
user_13266,7,145200.0,75600.0,1.8423709874063285,0,1
user_13267,4,201600.0,133200.0,1.4999999956719148,0,1
user_13268,2,298800.0,298800.0,0.99999999711461,0,-1
user_13269,8,136285.7142857143,54000.0,1.4056390579014812,0,1
user_1327,5,190800.0,126000.0,1.9219280891165822,0,1
user_13270,3,212400.0,190800.0,1.584962496393071,0,1
user_13271,9,126450.0,36000.0,0.9910760569528321,0,1
user_13272,4,222000.0,187200.0,1.4999999956719148,0,1
user_13273,1,86400.0,86400.0,0.0,0,1
user_13274,1,86400.0,86400.0,0.0,0,1
user_13275,3,239400.0,219600.0,1.584962496393071,0,1
user_13276,4,212400.0,187200.0,0.99999999711461,0,1
user_13277,6,166320.0,108000.0,1.4591479126991596,0,1
user_13278,4,218400.0,147600.0,1.9999999942292197,0,1
user_13279,1,86400.0,86400.0,0.0,0,1
user_1328,5,198000.0,100800.0,1.5219280905592771,0,1
user_13280,5,177300.0,90000.0,1.9219280891165822,0,1
user_13281,8,129600.0,32400.0,1.74999999422922,0,1
user_13282,1,86400.0,86400.0,0.0,0,1
user_13283,76,0.20049141333333334,0.124033,2.748743157849701,0,-1
user_13284,10,114400.0,32400.0,1.960964040230206,1,1
user_13285,4,217200.0,133200.0,1.9999999942292197,0,1
user_13286,9,120600.0,57600.0,2.058813883117726,0,1
user_13287,2,241200.0,241200.0,-1.4426951595367387e-09,0,-1
user_13288,5,178200.0,126000.0,1.5219280905592771,0,1
user_13289,60,0.20054037288135595,0.112306,2.7432081674870976,0,1
user_1329,3,232200.0,226800.0,1.584962496393071,0,1
user_13290,8,122914.28571428571,10800.0,1.8112781186883526,0,1
user_13291,3,257400.0,234000.0,1.584962496393071,0,1
user_13292,4,238800.0,212400.0,1.4999999956719148,0,1
user_13293,6,163440.0,50400.0,2.2516291601743474,0,1
user_13294,67,0.20011786363636364,0.11473,2.7666571061315905,0,1
user_13295,3,253800.0,237600.0,1.584962496393071,0,1
user_13296,2,230400.0,230400.0,0.99999999711461,0,1
user_13297,6,177120.0,86400.0,2.2516291601743474,0,1
user_13298,5,184500.0,111600.0,1.5219280905592771,0,1
user_13299,10,116800.0,21600.0,2.446439336014845,0,1
user_133,4,214800.0,165600.0,0.99999999711461,0,1
user_1330,33,0.1990235,0.128556,2.745955581018246,0,1
user_13300,3,219600.0,205200.0,0.9182958311690995,0,1
user_13301,66,0.2002657076923077,0.106458,2.7835938322036533,0,-1
user_13302,4,243600.0,205200.0,0.99999999711461,0,1
user_13303,2,280800.0,280800.0,0.99999999711461,0,1
user_13304,4,218400.0,165600.0,1.4999999956719148,0,1
user_13305,8,134742.85714285713,25200.0,1.8112781186883526,0,1
user_13306,6,167040.0,93600.0,0.9182958311690995,0,1
user_13307,9,133650.0,3600.0,2.197159716210674,0,1
user_13308,3,277200.0,255600.0,0.9182958311690995,0,-1
user_13309,1,86400.0,86400.0,0.0,0,1
user_1331,5,186300.0,136800.0,1.9219280891165822,0,1
user_13310,4,213600.0,165600.0,1.4999999956719148,0,1
user_13311,1,86400.0,86400.0,0.0,0,1
user_13312,6,151200.0,46800.0,0.6500224187629642,0,1
user_13313,8,128571.42857142857,18000.0,2.155639055016091,0,1
user_13314,1,86400.0,86400.0,0.0,0,1
user_13315,9,135900.0,28800.0,2.2810361038972533,0,1
user_13316,6,180000.0,97200.0,1.4591479126991596,0,1
user_13317,9,113850.0,7200.0,1.3516441108253072,0,1
user_13318,6,169920.0,108000.0,1.4591479126991596,1,1
user_13319,3,241200.0,183600.0,0.9182958311690995,0,1
user_1332,2,241200.0,241200.0,-1.4426951595367387e-09,1,-1
user_13320,2,255600.0,255600.0,-1.4426951595367387e-09,0,-1
user_13321,3,212400.0,201600.0,0.9182958311690995,1,1
user_13322,5,203400.0,154800.0,0.9709505915692787,0,1
user_13323,10,109600.0,14400.0,1.7219280891165822,0,1
user_13324,1,86400.0,86400.0,0.0,0,1
user_13325,9,124650.0,50400.0,1.6577427207341087,0,1
user_13326,1,86400.0,86400.0,0.0,0,1
user_13327,9,120600.0,7200.0,0.9864267244027574,0,1
user_13328,1,86400.0,86400.0,0.0,0,1
user_13329,45,0.20122572727272728,0.11843,2.783179410410127,0,1
user_1333,8,135257.14285714287,7200.0,1.4056390579014812,0,1
user_13330,7,141000.0,64800.0,1.950212059143967,0,1
user_13331,9,126450.0,21600.0,1.8365916623381988,1,1
user_13332,2,255600.0,255600.0,-1.4426951595367387e-09,1,-1
user_13333,10,114000.0,7200.0,1.960964040230206,1,1
user_13334,4,199200.0,165600.0,1.4999999956719148,0,1
user_13335,6,180720.0,61200.0,2.2516291601743474,0,1
user_13336,1,86400.0,86400.0,0.0,0,1
user_13337,4,195600.0,140400.0,0.8112781215737428,0,1
user_13338,10,120800.0,50400.0,1.8464393389002354,0,1
user_13339,6,189360.0,82800.0,0.9182958311690995,0,1
user_1334,5,177300.0,133200.0,1.3709505901265835,0,1
user_13340,64,0.20060392063492066,0.12103,2.7942789643389134,0,-1
user_13341,3,207000.0,190800.0,0.9182958311690995,0,1
user_13342,4,225600.0,180000.0,1.4999999956719148,0,1
user_13343,1,86400.0,86400.0,0.0,0,1
user_13344,4,190800.0,162000.0,0.8112781215737428,0,1
user_13345,4,247200.0,205200.0,1.9999999942292197,0,-1
user_13346,10,114800.0,3600.0,1.5709505886838886,0,1
user_13347,7,150000.0,18000.0,1.3787834891580906,0,1
user_13348,10,116400.0,3600.0,2.521928086231192,0,1
user_13349,10,122800.0,32400.0,1.7219280891165822,0,1
user_1335,3,246600.0,205200.0,1.584962496393071,0,1
user_13350,7,142200.0,39600.0,1.4488156313970995,0,1
user_13351,9,112950.0,14400.0,1.6577427207341087,0,1
user_13352,7,160200.0,72000.0,2.2359263434155574,0,1
user_13353,28,0.19924844444444445,0.132017,2.3548179682922514,0,-1
user_13354,5,192600.0,129600.0,0.9709505915692787,0,1
user_13355,2,230400.0,230400.0,0.99999999711461,0,1
user_13356,9,129600.0,10800.0,2.058813883117726,1,1
user_13357,9,135900.0,25200.0,1.5304930524293974,0,1
user_13358,5,186300.0,115200.0,0.7219280920019722,0,1
user_13359,1,86400.0,86400.0,0.0,0,1
user_1336,8,142457.14285714287,14400.0,1.8112781186883526,0,1
user_13360,8,136800.0,21600.0,1.74999999422922,1,1
user_13361,8,155828.57142857142,79200.0,2.4056390535733962,1,1
user_13362,3,250200.0,219600.0,0.9182958311690995,1,1
user_13363,4,230400.0,198000.0,1.9999999942292197,1,1
user_13364,9,130050.0,46800.0,1.3516441108253072,0,1
user_13365,6,162720.0,54000.0,1.792481244589798,1,1
user_13366,4,210000.0,198000.0,1.9999999942292197,0,1
user_13367,7,157800.0,46800.0,1.3787834891580906,0,1
user_13368,7,139200.0,3600.0,1.1488348499528316,0,1
user_13369,38,0.19907986486486484,0.115281,2.7207689543445355,0,1
user_1337,9,121500.0,36000.0,2.419381936990201,1,1
user_13370,10,115600.0,10800.0,1.960964040230206,0,1
user_13371,1,86400.0,86400.0,0.0,0,1
user_13372,4,222000.0,183600.0,1.9999999942292197,0,1
user_13373,2,280800.0,280800.0,0.99999999711461,0,1
user_13374,1,86400.0,86400.0,0.0,1,1
user_13375,9,129600.0,28800.0,1.879964941513636,0,1
user_13376,2,234000.0,234000.0,0.99999999711461,0,1
user_13377,1,86400.0,86400.0,0.0,1,1
user_13378,40,0.19972166666666671,0.125488,2.6617687858743295,0,1
user_13379,1,86400.0,86400.0,0.0,0,1
user_1338,2,262800.0,262800.0,-1.4426951595367387e-09,0,-1
user_13380,7,142200.0,25200.0,2.2359263434155574,0,1
user_13381,3,255600.0,248400.0,1.584962496393071,0,1
user_13382,2,298800.0,298800.0,0.99999999711461,0,-1
user_13383,4,210000.0,162000.0,1.4999999956719148,0,1
user_13384,4,225600.0,183600.0,0.99999999711461,0,1
user_13385,2,223200.0,223200.0,0.99999999711461,1,1
user_13386,9,138600.0,57600.0,2.1132833270813998,1,1
user_13387,80,0.19925456962025317,0.120567,2.7561377667886964,0,-1
user_13388,5,196200.0,126000.0,1.5219280905592771,1,1
user_13389,2,266400.0,266400.0,0.99999999711461,0,1
user_1339,9,130500.0,39600.0,1.5304930524293974,0,1
user_13390,3,237600.0,230400.0,0.9182958311690995,1,1
user_13391,10,118800.0,43200.0,1.8464393389002354,0,1
user_13392,7,151200.0,25200.0,1.8423709874063285,1,1
user_13393,7,143400.0,43200.0,2.807354911958739,0,1
user_13394,5,191700.0,90000.0,1.9219280891165822,0,1
user_13395,3,201600.0,180000.0,0.9182958311690995,0,1
user_13396,6,183600.0,118800.0,0.9182958311690995,0,1
user_13397,6,169920.0,108000.0,0.99999999711461,0,1
user_13398,4,222000.0,165600.0,1.4999999956719148,0,1
user_13399,1,86400.0,86400.0,0.0,0,1
user_134,4,211200.0,147600.0,1.4999999956719148,0,1
user_1340,6,184320.0,100800.0,1.4591479126991596,0,1
user_13400,7,142200.0,36000.0,1.4488156313970995,0,1
user_13401,6,187920.0,115200.0,2.2516291601743474,0,1
user_13402,2,273600.0,273600.0,0.99999999711461,0,1
user_13403,1,86400.0,86400.0,0.0,0,1
user_13404,2,237600.0,237600.0,0.99999999711461,0,1
user_13405,4,217200.0,187200.0,1.4999999956719148,1,1
user_13406,3,230400.0,219600.0,0.9182958311690995,0,1
user_13407,7,150600.0,50400.0,1.8423709874063285,1,1
user_13408,9,133650.0,21600.0,2.419381936990201,1,1
user_13409,52,0.20032098039215684,0.108465,2.7512426611904726,0,1
user_1341,74,0.19934498630136985,0.116396,2.7521529569544625,0,-1
user_13410,8,130114.28571428571,7200.0,1.74999999422922,0,1
user_13411,7,163200.0,61200.0,1.3787834891580906,1,1
user_13412,9,117900.0,10800.0,1.5304930524293974,1,1
user_13413,6,165600.0,50400.0,1.792481244589798,0,1
user_13414,3,253800.0,226800.0,0.9182958311690995,0,1
user_13415,7,141600.0,7200.0,1.3787834891580906,0,1
user_13416,6,197280.0,126000.0,1.4591479126991596,0,1
user_13417,9,131400.0,46800.0,2.058813883117726,1,1
user_13418,3,262800.0,237600.0,0.9182958311690995,0,1
user_13419,7,160800.0,82800.0,0.863120565681241,0,1
user_1342,2,241200.0,241200.0,0.99999999711461,0,1
user_13420,2,237600.0,237600.0,0.99999999711461,0,1
user_13421,5,186300.0,126000.0,1.9219280891165822,0,1
user_13422,10,103600.0,10800.0,2.446439336014845,1,1
user_13423,38,0.20218835135135135,0.135005,2.7271261890862766,0,-1
user_13424,1,86400.0,86400.0,0.0,1,1
user_13425,5,208800.0,140400.0,1.9219280891165822,0,1
user_13426,9,115200.0,3600.0,1.6577427207341087,0,1
user_13427,3,252000.0,205200.0,0.9182958311690995,0,1
user_13428,10,111200.0,18000.0,2.0464393374575405,0,1
user_13429,7,166200.0,82800.0,1.3787834891580906,0,1
user_1343,54,0.19894018867924532,0.114706,2.6688266101909246,0,-1
user_13430,4,219600.0,194400.0,1.4999999956719148,0,1
user_13431,2,270000.0,270000.0,0.99999999711461,0,1
user_13432,1,86400.0,86400.0,0.0,0,1
user_13433,9,115200.0,3600.0,2.197159716210674,0,1
user_13434,9,123750.0,10800.0,2.197159716210674,0,1
user_13435,6,174240.0,126000.0,1.4591479126991596,0,1
user_13436,3,250200.0,226800.0,0.9182958311690995,0,1
user_13437,8,143485.7142857143,36000.0,2.249999992786525,0,1
user_13438,2,244800.0,244800.0,-1.4426951595367387e-09,1,-1
user_13439,8,143485.7142857143,25200.0,1.9056390564587862,0,1
user_1344,9,116550.0,7200.0,1.6577427207341087,0,1
user_13440,2,295200.0,295200.0,0.99999999711461,0,-1
user_13441,5,209700.0,158400.0,1.5219280905592771,0,1
user_13442,2,252000.0,252000.0,0.99999999711461,0,1
user_13443,59,0.2001400172413793,0.102858,2.7427429158553798,0,-1
user_13444,4,202800.0,154800.0,0.99999999711461,0,1
user_13445,2,252000.0,252000.0,-1.4426951595367387e-09,0,-1
user_13446,5,202500.0,136800.0,1.3709505901265835,0,1
user_13447,74,0.2001264383561644,0.127563,2.781160228843914,0,-1
user_13448,3,239400.0,198000.0,0.9182958311690995,0,1
user_13449,3,252000.0,234000.0,0.9182958311690995,0,1
user_1345,5,214200.0,100800.0,0.7219280920019722,1,1
user_13450,6,180000.0,100800.0,1.4591479126991596,0,1
user_13451,6,180720.0,100800.0,2.2516291601743474,1,1
user_13452,2,295200.0,295200.0,0.99999999711461,0,-1
user_13453,9,120600.0,14400.0,1.8910611063018725,0,1
user_13454,7,144600.0,32400.0,1.8423709874063285,0,1
user_13455,5,213300.0,165600.0,1.5219280905592771,1,1
user_13456,4,223200.0,144000.0,-1.4426951595367387e-09,1,-1
user_13457,2,219600.0,219600.0,0.99999999711461,0,1
user_13458,32,0.1991007096774194,0.143367,2.714517867720908,0,-1
user_13459,3,248400.0,208800.0,0.9182958311690995,0,1
user_1346,2,237600.0,237600.0,-1.4426951595367387e-09,0,-1
user_13460,9,120600.0,10800.0,1.5304930524293974,0,1
user_13461,4,193200.0,140400.0,1.4999999956719148,0,1
user_13462,6,179280.0,64800.0,2.2516291601743474,0,1
user_13463,2,241200.0,241200.0,0.99999999711461,0,1
user_13464,71,0.19979182857142852,0.114726,2.768032347664984,0,-1
user_13465,4,201600.0,158400.0,1.9999999942292197,0,1
user_13466,5,193500.0,108000.0,0.9709505915692787,1,1
user_13467,4,223200.0,154800.0,1.4999999956719148,0,1
user_13468,5,198900.0,136800.0,1.9219280891165822,0,1
user_13469,47,0.19864308695652177,0.112405,2.565988238014163,0,-1
user_1347,9,111600.0,7200.0,0.9864267244027574,0,1
user_13470,3,266400.0,252000.0,1.584962496393071,0,-1
user_13471,9,118800.0,21600.0,2.197159716210674,0,1
user_13472,2,280800.0,280800.0,0.99999999711461,0,1
user_13473,73,0.19906245833333333,0.126677,2.757625520642324,0,-1
user_13474,9,120600.0,3600.0,2.197159716210674,0,1
user_13475,8,130628.57142857143,43200.0,1.5612781201310477,0,1
user_13476,6,169920.0,46800.0,1.4591479126991596,0,1
user_13477,1,86400.0,86400.0,0.0,0,1
user_13478,1,86400.0,86400.0,0.0,0,1
user_13479,4,235200.0,205200.0,1.4999999956719148,0,1
user_1348,7,135000.0,10800.0,1.1488348499528316,0,1
user_13480,2,288000.0,288000.0,0.99999999711461,0,-1
user_13481,6,168480.0,104400.0,0.6500224187629642,1,1
user_13482,9,120600.0,10800.0,2.1132833270813998,0,1
user_13483,3,221400.0,212400.0,0.9182958311690995,0,1
user_13484,1,86400.0,86400.0,0.0,0,1
user_13485,74,0.20084364383561643,0.121278,2.7600488638134824,0,-1
user_13486,5,180900.0,126000.0,1.5219280905592771,0,1
user_13487,9,118350.0,18000.0,1.7527152732089246,0,1
user_13488,8,146571.42857142858,75600.0,1.9999999927865248,0,1
user_13489,10,122400.0,46800.0,1.7219280891165822,0,1
user_1349,3,246600.0,208800.0,-1.4426951595367387e-09,0,-1
user_13490,8,146571.42857142858,50400.0,1.9999999927865248,0,1
user_13491,6,174960.0,90000.0,1.4591479126991596,0,1
user_13492,8,139885.7142857143,36000.0,2.249999992786525,0,1
user_13493,8,146057.14285714287,39600.0,1.4056390579014812,0,1
user_13494,6,161280.0,79200.0,0.99999999711461,0,1
user_13495,2,252000.0,252000.0,0.99999999711461,0,1
user_13496,10,108800.0,7200.0,1.9709505886838885,0,1
user_13497,6,167040.0,104400.0,1.4591479126991596,0,1
user_13498,10,116000.0,25200.0,2.1219280876738873,0,1
user_13499,3,250200.0,244800.0,0.9182958311690995,0,1
user_135,10,121600.0,39600.0,1.7219280891165822,0,1
user_1350,9,130050.0,21600.0,1.8910611063018725,0,1
user_13500,10,112000.0,10800.0,1.360964043115596,0,1
user_13501,8,136285.7142857143,57600.0,1.5487949349246184,0,1
user_13502,3,243000.0,198000.0,1.584962496393071,0,1
user_13503,8,131142.85714285713,3600.0,1.8112781186883526,0,1
user_13504,53,0.1998241923076923,0.105981,2.755209054060979,0,1
user_13505,9,129600.0,36000.0,1.6577427207341087,0,1
user_13506,3,241200.0,198000.0,0.9182958311690995,0,1
user_13507,7,168600.0,79200.0,1.5566567031347378,1,1
user_13508,7,152400.0,54000.0,1.8423709874063285,0,1
user_13509,5,210600.0,126000.0,1.3709505901265835,0,1
user_1351,7,157800.0,50400.0,1.5566567031347378,0,1
user_13510,7,155400.0,36000.0,0.5916727756969373,0,1
user_13511,7,142800.0,46800.0,2.128085271677919,1,1
user_13512,1,86400.0,86400.0,0.0,0,1
user_13513,4,237600.0,183600.0,-1.4426951595367387e-09,0,-1
user_13514,5,175500.0,129600.0,1.5219280905592771,0,1
user_13515,62,0.19967737704918032,0.117446,2.648520650549557,0,-1
user_13516,7,150600.0,61200.0,0.9852281331488615,1,1
user_13517,3,253800.0,248400.0,0.9182958311690995,0,1
user_13518,5,170100.0,97200.0,1.3709505901265835,0,1
user_13519,6,175680.0,75600.0,1.4591479126991596,0,1
user_1352,7,159600.0,21600.0,2.128085271677919,0,1
user_13520,4,186000.0,147600.0,1.4999999956719148,0,1
user_13521,4,217200.0,144000.0,1.9999999942292197,0,1
user_13522,3,237600.0,223200.0,1.584962496393071,0,1
user_13523,4,206400.0,165600.0,1.4999999956719148,1,1
user_13524,8,137314.2857142857,46800.0,1.061278120131048,0,1
user_13525,4,243600.0,198000.0,1.4999999956719148,0,1
user_13526,3,219600.0,201600.0,0.9182958311690995,0,1
user_13527,5,198000.0,115200.0,2.321928087673887,0,1
user_13528,35,0.1988514705882353,0.137531,2.765138195868842,0,-1
user_13529,10,115200.0,39600.0,1.5219280905592771,0,1
user_1353,9,116550.0,39600.0,2.058813883117726,0,1
user_13530,2,248400.0,248400.0,-1.4426951595367387e-09,0,-1
user_13531,4,208800.0,180000.0,1.4999999956719148,0,1
user_13532,3,234000.0,230400.0,1.584962496393071,1,1
user_13533,2,237600.0,237600.0,-1.4426951595367387e-09,0,-1
user_13534,2,270000.0,270000.0,0.99999999711461,0,1
user_13535,8,130628.57142857143,7200.0,2.155639055016091,0,1
user_13536,5,194400.0,108000.0,1.3709505901265835,0,1
user_13537,10,115600.0,28800.0,1.8464393389002354,0,1
user_13538,8,131142.85714285713,54000.0,1.74999999422922,0,1
user_13539,10,122000.0,3600.0,1.960964040230206,0,1
user_1354,4,205200.0,140400.0,1.9999999942292197,1,1
user_13540,10,118800.0,7200.0,1.8464393389002354,0,1
user_13541,4,201600.0,136800.0,0.99999999711461,0,1
user_13542,1,86400.0,86400.0,0.0,0,1
user_13543,40,0.20066907692307692,0.127055,2.627166836242976,0,1
user_13544,1,86400.0,86400.0,0.0,1,1
user_13545,4,201600.0,176400.0,1.9999999942292197,1,1
user_13546,6,160560.0,79200.0,1.9182958282837093,0,1
user_13547,2,244800.0,244800.0,0.99999999711461,0,1
user_13548,4,201600.0,144000.0,1.4999999956719148,0,1
user_13549,3,226800.0,223200.0,0.9182958311690995,1,1
user_1355,4,223200.0,169200.0,0.8112781215737428,0,1
user_13550,9,132750.0,14400.0,1.6577427207341087,0,1
user_13551,8,137314.2857142857,46800.0,1.8112781186883526,0,1
user_13552,9,126450.0,32400.0,2.197159716210674,1,1
user_13553,10,110400.0,28800.0,1.8464393389002354,1,1
user_13554,8,126514.28571428571,3600.0,1.061278120131048,1,1
user_13555,6,190080.0,93600.0,1.792481244589798,0,1
user_13556,6,185040.0,104400.0,1.792481244589798,1,1
user_13557,7,152400.0,54000.0,1.3787834891580906,0,1
user_13558,6,181440.0,104400.0,1.4591479126991596,0,1
user_13559,6,169200.0,75600.0,1.9182958282837093,0,1
user_1356,8,142457.14285714287,39600.0,2.155639055016091,0,1
user_13560,1,86400.0,86400.0,0.0,0,1
user_13561,10,122400.0,25200.0,1.960964040230206,0,1
user_13562,1,86400.0,86400.0,0.0,0,1
user_13563,5,189900.0,93600.0,0.9709505915692787,1,1
user_13564,2,259200.0,259200.0,-1.4426951595367387e-09,0,-1
user_13565,1,86400.0,86400.0,0.0,0,1
user_13566,8,138342.85714285713,36000.0,0.8112781215737428,0,1
user_13567,7,142800.0,10800.0,1.8423709874063285,0,1
user_13568,2,234000.0,234000.0,0.99999999711461,1,1
user_13569,8,150171.42857142858,21600.0,2.249999992786525,0,1
user_1357,6,184320.0,79200.0,2.2516291601743474,1,1
user_13570,7,149400.0,21600.0,1.4488156313970995,0,1
user_13571,2,255600.0,255600.0,0.99999999711461,0,1
user_13572,5,185400.0,133200.0,1.3709505901265835,0,1
user_13573,10,122800.0,10800.0,1.7219280891165822,1,1
user_13574,9,118350.0,32400.0,1.3516441108253072,0,1
user_13575,5,198900.0,108000.0,2.321928087673887,0,1
user_13576,10,120000.0,39600.0,2.24643933745754,0,1
user_13577,41,0.19911150000000002,0.104103,2.77486137471603,0,-1
user_13578,6,164160.0,115200.0,1.792481244589798,0,1
user_13579,4,226800.0,187200.0,1.4999999956719148,0,1
user_1358,3,241200.0,226800.0,0.9182958311690995,0,1
user_13580,9,127350.0,3600.0,1.8365916623381988,0,1
user_13581,6,172800.0,64800.0,2.2516291601743474,0,1
user_13582,10,121200.0,61200.0,1.5709505886838886,0,1
user_13583,9,128700.0,25200.0,1.7527152732089246,0,1
user_13584,6,174240.0,93600.0,1.4591479126991596,0,1
user_13585,5,196200.0,129600.0,0.9709505915692787,0,1
user_13586,5,197100.0,133200.0,1.5219280905592771,0,1
user_13587,9,135450.0,72000.0,1.8910611063018725,0,1
user_13588,42,0.19910365853658535,0.122292,2.795851344330826,0,-1
user_13589,2,284400.0,284400.0,0.99999999711461,0,-1
user_1359,2,234000.0,234000.0,0.99999999711461,0,1
user_13590,7,159600.0,61200.0,2.521640627687148,0,1
user_13591,7,150000.0,43200.0,1.664497773429681,0,1
user_13592,5,174600.0,93600.0,2.321928087673887,0,1
user_13593,5,194400.0,97200.0,1.3709505901265835,1,1
user_13594,7,144000.0,46800.0,1.4488156313970995,1,1
user_13595,6,169200.0,97200.0,2.2516291601743474,0,1
user_13596,7,132000.0,3600.0,1.8423709874063285,0,1
user_13597,8,134742.85714285713,57600.0,2.4056390535733962,0,1
user_13598,9,125550.0,3600.0,2.5032583261194756,0,1
user_13599,10,118800.0,7200.0,2.321928086231192,0,1
user_136,10,108000.0,18000.0,2.0464393374575405,0,1
user_1360,10,114400.0,39600.0,1.6854752914565543,0,1
user_13600,7,171000.0,79200.0,1.5566567031347378,0,1
user_13601,5,186300.0,133200.0,1.5219280905592771,0,1
user_13602,9,131400.0,43200.0,1.7527152732089246,0,1
user_13603,55,0.20038466666666663,0.115884,2.7375052626748575,0,1
user_13604,8,136285.7142857143,28800.0,1.8112781186883526,0,1
user_13605,2,284400.0,284400.0,-1.4426951595367387e-09,0,-1
user_13606,5,207000.0,154800.0,1.9219280891165822,1,1
user_13607,3,246600.0,194400.0,0.9182958311690995,0,1
user_13608,42,0.20094058536585366,0.108798,2.772507296917823,0,1
user_13609,9,111150.0,7200.0,2.5032583261194756,1,1
user_1361,10,110000.0,3600.0,2.446439336014845,0,1
user_13610,51,0.20129195999999996,0.112483,2.745422638542365,0,1
user_13611,2,234000.0,234000.0,0.99999999711461,0,1
user_13612,5,175500.0,104400.0,0.7219280920019722,0,1
user_13613,1,86400.0,86400.0,0.0,0,1
user_13614,8,144000.0,32400.0,1.8112781186883526,0,1
user_13615,7,141000.0,14400.0,2.521640627687148,0,1
user_13616,4,199200.0,147600.0,1.4999999956719148,0,1
user_13617,4,210000.0,165600.0,-1.4426951595367387e-09,1,1
user_13618,3,237600.0,226800.0,0.9182958311690995,0,1
user_13619,71,0.20003787142857143,0.11266,2.7845693613585945,0,-1
user_1362,9,121950.0,21600.0,2.281036105339948,0,1
user_13620,3,248400.0,201600.0,1.584962496393071,0,1
user_13621,5,194400.0,165600.0,1.9219280891165822,0,1
user_13622,1,86400.0,86400.0,0.0,1,1
user_13623,7,157800.0,50400.0,1.3787834891580906,1,1
user_13624,7,152400.0,28800.0,1.1488348499528316,0,1
user_13625,9,140850.0,7200.0,1.224394441077901,0,1
user_13626,68,0.19992268656716417,0.110898,2.7528039027680276,0,1
user_13627,4,193200.0,147600.0,1.9999999942292197,0,1
user_13628,4,205200.0,144000.0,-1.4426951595367387e-09,0,-1
user_13629,7,158400.0,46800.0,2.2359263434155574,0,1
user_1363,5,206100.0,133200.0,1.9219280891165822,0,1
user_13630,80,0.19971731645569613,0.118375,2.7149608145040878,0,-1
user_13631,1,86400.0,86400.0,0.0,0,1
user_13632,9,144900.0,72000.0,2.058813883117726,0,1
user_13633,6,179280.0,111600.0,1.4591479126991596,1,1
user_13634,5,201600.0,129600.0,1.9219280891165822,0,1
user_13635,9,127800.0,25200.0,1.224394441077901,0,1
user_13636,1,86400.0,86400.0,0.0,0,1
user_13637,7,177600.0,75600.0,1.950212059143967,0,1
user_13638,10,120800.0,39600.0,1.6854752914565543,0,1
user_13639,7,145800.0,39600.0,1.664497773429681,0,1
user_1364,4,210000.0,176400.0,0.99999999711461,0,1
user_13640,4,188400.0,162000.0,0.8112781215737428,0,1
user_13641,80,0.20060482278481015,0.114938,2.756223423896426,0,-1
user_13642,8,118800.0,18000.0,2.155639055016091,0,1
user_13643,3,208800.0,198000.0,1.584962496393071,0,1
user_13644,5,197100.0,90000.0,1.9219280891165822,1,1
user_13645,8,138857.14285714287,39600.0,1.9056390564587862,0,1
user_13646,76,0.20047037333333334,0.11429,2.7210698096027177,0,-1
user_13647,9,120150.0,14400.0,1.8365916623381988,1,1
user_13648,4,220800.0,169200.0,0.99999999711461,0,1
user_13649,10,106400.0,32400.0,2.521928086231192,0,1
user_1365,7,138600.0,21600.0,1.8423709874063285,0,1
user_13650,6,179280.0,104400.0,1.4591479126991596,0,1
user_13651,10,101600.0,7200.0,1.7219280891165822,0,1
user_13652,2,262800.0,262800.0,0.99999999711461,0,1
user_13653,9,118800.0,14400.0,2.058813883117726,0,1
user_13654,9,125100.0,18000.0,1.7527152732089246,0,1
user_13655,8,149657.14285714287,39600.0,2.249999992786525,0,1
user_13656,8,128571.42857142857,18000.0,1.8112781186883526,0,1
user_13657,1,86400.0,86400.0,0.0,0,1
user_13658,5,178200.0,151200.0,1.5219280905592771,0,1
user_13659,38,0.20059829729729733,0.155098,2.720161386283898,0,-1
user_1366,9,119700.0,32400.0,1.8365916623381988,0,1
user_13660,72,0.2003681690140845,0.114723,2.715469241123554,0,-1
user_13661,6,172080.0,111600.0,2.2516291601743474,0,1
user_13662,7,144600.0,25200.0,2.2359263434155574,0,1
user_13663,7,161400.0,79200.0,1.3787834891580906,0,1
user_13664,3,230400.0,223200.0,0.9182958311690995,0,1
user_13665,8,147085.7142857143,64800.0,2.155639055016091,0,1
user_13666,54,0.20080296226415095,0.113846,2.715707624991643,0,1
user_13667,5,184500.0,126000.0,1.3709505901265835,0,1
user_13668,10,103200.0,7200.0,1.6854752914565543,0,1
user_13669,7,150000.0,39600.0,1.8423709874063285,0,1
user_1367,7,160800.0,25200.0,2.128085271677919,0,1
user_13670,26,0.19759899999999997,0.117729,2.3857931915086126,0,-1
user_13671,4,228000.0,205200.0,0.99999999711461,0,1
user_13672,6,172800.0,100800.0,1.9182958282837093,0,1
user_13673,4,235200.0,212400.0,1.4999999956719148,0,1
user_13674,20,0.19776089473684214,0.142592,2.703701685958483,0,-1
user_13675,2,226800.0,226800.0,0.99999999711461,0,1
user_13676,9,127350.0,3600.0,1.4355204999545814,0,1
user_13677,3,244800.0,198000.0,1.584962496393071,0,1
user_13678,9,115200.0,3600.0,1.7527152732089246,1,1
user_13679,63,0.1999664193548387,0.124718,2.7475285344376417,0,1
user_1368,3,250200.0,216000.0,1.584962496393071,0,1
user_13680,8,123942.85714285714,36000.0,0.8112781215737428,0,1
user_13681,9,116550.0,10800.0,2.058813883117726,0,1
user_13682,6,179280.0,93600.0,2.2516291601743474,0,1
user_13683,8,146057.14285714287,3600.0,1.4056390579014812,0,1
user_13684,5,216000.0,165600.0,1.3709505901265835,0,1
user_13685,9,129600.0,61200.0,1.7527152732089246,0,1
user_13686,5,183600.0,140400.0,0.9709505915692787,0,1
user_13687,6,172800.0,46800.0,1.9182958282837093,1,1
user_13688,4,199200.0,140400.0,0.8112781215737428,0,1
user_13689,6,169200.0,97200.0,1.2516291630597378,0,1
user_1369,10,121200.0,10800.0,2.321928086231192,0,1
user_13690,2,273600.0,273600.0,0.99999999711461,0,1
user_13691,10,110000.0,7200.0,2.321928086231192,1,1
user_13692,27,0.19858265384615387,0.133279,2.5517784766419638,0,-1
user_13693,9,125100.0,28800.0,1.5304930524293974,0,1
user_13694,9,119700.0,10800.0,2.419381936990201,0,1
user_13695,3,228600.0,223200.0,0.9182958311690995,0,1
user_13696,80,0.20016756962025314,0.123077,2.784101756512185,0,-1
user_13697,43,0.19979366666666667,0.118433,2.738645409363771,0,1
user_13698,8,138342.85714285713,36000.0,1.4056390579014812,0,1
user_13699,3,232200.0,223200.0,0.9182958311690995,0,1
user_137,9,130950.0,14400.0,2.1132833270813998,0,1
user_1370,4,231600.0,205200.0,0.8112781215737428,0,1
user_13700,9,108000.0,3600.0,2.197159716210674,0,1
user_13701,3,248400.0,201600.0,1.584962496393071,0,1
user_13702,3,257400.0,216000.0,0.9182958311690995,1,1
user_13703,5,198900.0,140400.0,1.9219280891165822,0,1
user_13704,9,113400.0,14400.0,1.6577427207341087,0,1
user_13705,8,138342.85714285713,21600.0,1.9056390564587862,0,1
user_13706,2,262800.0,262800.0,0.99999999711461,0,1
user_13707,8,136800.0,32400.0,2.155639055016091,0,1
user_13708,7,155400.0,18000.0,2.2359263434155574,0,1
user_13709,2,248400.0,248400.0,0.99999999711461,0,1
user_1371,3,257400.0,226800.0,1.584962496393071,0,1
user_13710,10,120800.0,14400.0,2.1709505872411934,1,1
user_13711,6,188640.0,111600.0,2.2516291601743474,0,1
user_13712,9,118350.0,14400.0,1.7527152732089246,0,1
user_13713,6,174240.0,104400.0,1.2516291630597378,0,1
user_13714,10,115200.0,18000.0,1.8464393389002354,0,1
user_13715,7,160200.0,72000.0,1.664497773429681,0,1
user_13716,7,144000.0,61200.0,2.2359263434155574,0,1
user_13717,9,110700.0,7200.0,2.1132833270813998,0,1
user_13718,5,198900.0,133200.0,0.9709505915692787,0,1
user_13719,7,145800.0,46800.0,1.3787834891580906,0,1
user_1372,3,232200.0,212400.0,1.584962496393071,0,1
user_13720,4,213600.0,176400.0,1.4999999956719148,0,1
user_13721,2,291600.0,291600.0,0.99999999711461,0,-1
user_13722,2,273600.0,273600.0,0.99999999711461,0,1
user_13723,1,86400.0,86400.0,0.0,1,1
user_13724,10,112800.0,28800.0,1.760964041672901,0,1
user_13725,10,119600.0,18000.0,1.5709505886838886,1,1
user_13726,3,234000.0,223200.0,1.584962496393071,0,1
user_13727,2,270000.0,270000.0,-1.4426951595367387e-09,0,-1
user_13728,9,114750.0,21600.0,1.4355204999545814,0,1
user_13729,4,228000.0,194400.0,1.4999999956719148,0,1
user_1373,8,147085.7142857143,28800.0,1.9999999942292197,0,1
user_13730,1,86400.0,86400.0,0.0,0,1
user_13731,8,141428.57142857142,50400.0,1.74999999422922,0,1
user_13732,3,226800.0,201600.0,-1.4426951595367387e-09,1,-1
user_13733,7,141600.0,21600.0,2.2359263434155574,0,1
user_13734,8,141942.85714285713,32400.0,1.74999999422922,0,1
user_13735,7,145800.0,75600.0,1.8423709874063285,0,1
user_13736,9,128250.0,43200.0,2.1132833270813998,0,1
user_13737,4,212400.0,194400.0,0.8112781215737428,0,1
user_13738,9,115200.0,3600.0,2.058813883117726,0,1
user_13739,10,118000.0,7200.0,2.1709505872411934,0,1
user_1374,6,158400.0,64800.0,1.9182958282837093,0,1
user_13740,1,86400.0,86400.0,0.0,0,1
user_13741,6,172080.0,90000.0,1.9182958282837093,0,1
user_13742,6,164160.0,108000.0,1.2516291630597378,0,1
user_13743,1,86400.0,86400.0,0.0,0,1
user_13744,9,124200.0,21600.0,2.419381936990201,0,1
user_13745,8,137828.57142857142,43200.0,1.74999999422922,0,1
user_13746,7,166200.0,79200.0,2.128085271677919,0,1
user_13747,8,144000.0,36000.0,1.74999999422922,0,1
user_13748,4,225600.0,198000.0,1.4999999956719148,0,1
user_13749,35,0.19943505882352938,0.125308,2.735727649394177,0,1
user_1375,44,0.20119188372093028,0.114536,2.7550326680721264,0,1
user_13750,1,86400.0,86400.0,0.0,0,1
user_13751,1,86400.0,86400.0,0.0,1,1
user_13752,8,133714.2857142857,3600.0,2.155639055016091,0,1
user_13753,9,137700.0,57600.0,1.7527152732089246,0,1
user_13754,10,116000.0,36000.0,1.360964043115596,0,1
user_13755,6,187920.0,115200.0,1.4591479126991596,0,1
user_13756,9,123300.0,7200.0,1.8365916623381988,0,1
user_13757,7,156600.0,39600.0,2.2359263434155574,0,1
user_13758,9,131400.0,10800.0,1.7527152732089246,1,1
user_13759,10,101200.0,10800.0,1.9219280891165822,0,1
user_1376,10,120400.0,25200.0,2.521928086231192,0,1
user_13760,48,0.20112412765957446,0.126269,2.7516291572889573,0,1
user_13761,9,130050.0,28800.0,2.419381936990201,0,1
user_13762,10,126800.0,21600.0,2.1219280876738873,1,1
user_13763,10,118400.0,21600.0,1.960964040230206,0,1
user_13764,4,206400.0,133200.0,0.99999999711461,0,1
user_13765,3,248400.0,201600.0,1.584962496393071,0,1
user_13766,9,127800.0,18000.0,1.224394441077901,0,1
user_13767,5,187200.0,136800.0,1.5219280905592771,0,1
user_13768,10,116800.0,14400.0,2.1219280876738873,0,1
user_13769,9,123750.0,21600.0,1.446616661857428,1,1
user_1377,9,129600.0,14400.0,2.5032583261194756,1,1
user_13770,21,0.19927330000000001,0.168825,2.5701906266565424,0,-1
user_13771,2,234000.0,234000.0,0.99999999711461,0,1
user_13772,7,168000.0,79200.0,1.3787834891580906,0,1
user_13773,3,246600.0,237600.0,-1.4426951595367387e-09,0,-1
user_13774,7,148800.0,21600.0,1.3787834891580906,0,1
user_13775,7,150600.0,72000.0,1.1488348499528316,0,1
user_13776,8,154800.0,50400.0,1.74999999422922,0,1
user_13777,7,153600.0,3600.0,1.8423709874063285,0,1
user_13778,2,266400.0,266400.0,-1.4426951595367387e-09,0,-1
user_13779,4,236400.0,187200.0,0.8112781215737428,0,1
user_1378,3,257400.0,252000.0,-1.4426951595367387e-09,0,-1
user_13780,9,111150.0,10800.0,1.7527152732089246,0,1
user_13781,4,207600.0,169200.0,1.4999999956719148,0,1
user_13782,6,157680.0,54000.0,1.9182958282837093,0,1
user_13783,6,156960.0,50400.0,0.99999999711461,1,1
user_13784,8,126000.0,10800.0,1.9056390564587862,0,1
user_13785,6,162000.0,104400.0,1.4591479126991596,0,1
user_13786,4,235200.0,212400.0,1.4999999956719148,0,1
user_13787,10,116800.0,3600.0,2.0464393374575405,0,1
user_13788,3,223200.0,194400.0,1.584962496393071,0,1
user_13789,59,0.20051249999999998,0.110639,2.736173160551913,0,1
user_1379,6,154800.0,64800.0,2.2516291601743474,0,1
user_13790,2,284400.0,284400.0,0.99999999711461,0,-1
user_13791,3,212400.0,190800.0,0.9182958311690995,0,1
user_13792,7,143400.0,54000.0,0.9852281331488615,0,1
user_13793,8,128057.14285714286,57600.0,1.74999999422922,0,1
user_13794,6,183600.0,50400.0,1.792481244589798,0,1
user_13795,1,86400.0,86400.0,0.0,0,1
user_13796,5,187200.0,104400.0,1.9219280891165822,1,1
user_13797,9,136800.0,64800.0,1.8365916623381988,0,1
user_13798,5,194400.0,111600.0,1.5219280905592771,0,1
user_13799,1,86400.0,86400.0,0.0,0,1
user_138,3,225000.0,180000.0,1.584962496393071,0,1
user_1380,10,122800.0,21600.0,2.1709505872411934,0,1
user_13800,6,154080.0,50400.0,1.9182958282837093,0,1
user_13801,2,280800.0,280800.0,0.99999999711461,0,1
user_13802,3,248400.0,241200.0,0.9182958311690995,0,1
user_13803,2,280800.0,280800.0,0.99999999711461,1,1
user_13804,2,226800.0,226800.0,-1.4426951595367387e-09,0,-1
user_13805,3,226800.0,183600.0,0.9182958311690995,0,1
user_13806,3,235800.0,201600.0,0.9182958311690995,0,1
user_13807,9,132750.0,50400.0,1.3516441108253072,0,1
user_13808,7,139800.0,28800.0,1.8423709874063285,0,1
user_13809,27,0.1985743076923077,0.116273,2.6891675842565537,0,1
user_1381,10,114800.0,21600.0,2.24643933745754,0,1
user_13810,1,86400.0,86400.0,0.0,0,1
user_13811,9,117900.0,21600.0,1.7527152732089246,0,1
user_13812,5,191700.0,126000.0,1.5219280905592771,0,1
user_13813,9,117000.0,10800.0,2.197159716210674,0,1
user_13814,8,129600.0,10800.0,1.5487949349246184,0,1
user_13815,6,174960.0,97200.0,1.9182958282837093,0,1
user_13816,74,0.1998030684931507,0.11362,2.704921523945225,0,-1
user_13817,8,136285.7142857143,32400.0,2.249999992786525,0,1
user_13818,4,222000.0,190800.0,0.99999999711461,0,1
user_13819,2,255600.0,255600.0,-1.4426951595367387e-09,0,-1
user_1382,5,187200.0,93600.0,0.9709505915692787,0,1
user_13820,5,205200.0,118800.0,1.3709505901265835,0,1
user_13821,9,122850.0,25200.0,2.419381936990201,0,1
user_13822,43,0.19919657142857147,0.111686,2.680797013247157,0,1
user_13823,4,218400.0,158400.0,-1.4426951595367387e-09,0,-1
user_13824,6,167760.0,93600.0,1.792481244589798,0,1
user_13825,6,167040.0,90000.0,1.4591479126991596,0,1
user_13826,8,137314.2857142857,46800.0,1.8112781186883526,0,1
user_13827,5,186300.0,129600.0,1.5219280905592771,0,1
user_13828,7,147000.0,46800.0,2.2359263434155574,1,1
user_13829,1,86400.0,86400.0,0.0,0,1
user_1383,4,226800.0,194400.0,1.4999999956719148,0,1
user_13830,1,86400.0,86400.0,0.0,0,1
user_13831,4,228000.0,198000.0,1.4999999956719148,0,1
user_13832,6,182160.0,122400.0,1.584962496393071,0,1
user_13833,8,133200.0,64800.0,1.9056390564587862,0,1
user_13834,3,237600.0,198000.0,-1.4426951595367387e-09,0,-1
user_13835,2,244800.0,244800.0,0.99999999711461,0,1
user_13836,4,208800.0,183600.0,0.8112781215737428,0,1
user_13837,10,116400.0,21600.0,2.0464393374575405,0,1
user_13838,6,183600.0,64800.0,2.2516291601743474,0,1
user_13839,2,248400.0,248400.0,0.99999999711461,0,1
user_1384,10,128000.0,14400.0,2.446439336014845,0,1
user_13840,5,207000.0,126000.0,1.3709505901265835,0,1
user_13841,44,0.19875065116279073,0.122601,2.6362518475227095,0,-1
user_13842,5,186300.0,100800.0,0.9709505915692787,0,1
user_13843,8,131657.14285714287,46800.0,1.5487949349246184,0,1
user_13844,5,196200.0,129600.0,1.5219280905592771,0,1
user_13845,9,127350.0,21600.0,1.7527152732089246,0,1
user_13846,7,147600.0,50400.0,1.950212059143967,0,1
user_13847,4,205200.0,194400.0,0.8112781215737428,0,1
user_13848,5,185400.0,151200.0,1.9219280891165822,1,1
user_13849,7,159000.0,79200.0,1.950212059143967,0,1
user_1385,7,138600.0,21600.0,2.521640627687148,1,1
user_13850,8,140914.2857142857,10800.0,1.4056390579014812,1,1
user_13851,3,250200.0,205200.0,1.584962496393071,0,1
user_13852,9,125550.0,18000.0,2.5032583261194756,0,1
user_13853,8,125485.71428571429,21600.0,1.9056390564587862,0,1
user_13854,4,199200.0,151200.0,0.99999999711461,0,1
user_13855,1,86400.0,86400.0,0.0,0,1
user_13856,7,143400.0,54000.0,2.2359263434155574,0,1
user_13857,6,169200.0,108000.0,1.4591479126991596,0,1
user_13858,5,199800.0,162000.0,0.7219280920019722,1,1
user_13859,3,248400.0,226800.0,1.584962496393071,0,1
user_1386,5,206100.0,115200.0,1.9219280891165822,0,1
user_13860,10,107600.0,7200.0,1.8464393389002354,0,1
user_13861,56,0.2005711636363636,0.119622,2.7203214779169085,0,1
user_13862,51,0.19939224,0.118741,2.7109975185981456,0,1
user_13863,4,212400.0,165600.0,1.4999999956719148,0,1
user_13864,7,154800.0,14400.0,2.128085271677919,0,1
user_13865,9,133650.0,32400.0,1.6577427207341087,1,1
user_13866,1,86400.0,86400.0,0.0,0,1
user_13867,7,144000.0,61200.0,1.4488156313970995,0,1
user_13868,10,101200.0,3600.0,1.8464393389002354,0,1
user_13869,1,86400.0,86400.0,0.0,0,1
user_1387,7,135600.0,36000.0,1.8423709874063285,0,1
user_13870,3,228600.0,190800.0,0.9182958311690995,1,1
user_13871,9,117900.0,32400.0,1.3921472193364495,1,1
user_13872,7,150000.0,39600.0,1.3787834891580906,0,1
user_13873,8,121371.42857142857,14400.0,1.74999999422922,0,1
user_13874,10,126000.0,43200.0,1.8464393389002354,0,1
user_13875,60,0.1995687118644068,0.117768,2.6593598533356344,0,1
user_13876,2,270000.0,270000.0,-1.4426951595367387e-09,0,-1
user_13877,7,168600.0,57600.0,0.9852281331488615,0,1
user_13878,8,140914.2857142857,46800.0,1.9056390564587862,0,1
user_13879,10,114400.0,10800.0,2.1709505872411934,0,1
user_1388,3,219600.0,180000.0,0.9182958311690995,1,1
user_13880,6,167760.0,82800.0,1.9182958282837093,0,1
user_13881,10,112400.0,3600.0,1.8464393389002354,0,1
user_13882,9,125550.0,25200.0,1.6577427207341087,0,1
user_13883,8,127028.57142857143,18000.0,1.5612781201310477,0,1
user_13884,1,86400.0,86400.0,0.0,1,1
user_13885,41,0.20015655,0.118189,2.643475473547425,0,1
user_13886,9,128250.0,7200.0,2.058813883117726,1,1
user_13887,10,108000.0,7200.0,2.0464393374575405,0,1
user_13888,8,123942.85714285714,10800.0,1.4056390579014812,0,1
user_13889,6,192960.0,93600.0,1.4591479126991596,0,1
user_1389,27,0.20140315384615384,0.108699,2.6522615686139743,0,-1
user_13890,9,119250.0,39600.0,1.224394441077901,0,1
user_13891,4,222000.0,147600.0,0.8112781215737428,0,1
user_13892,10,112800.0,7200.0,2.7219280847884972,0,1
user_13893,43,0.19849816666666667,0.118825,2.7363867696556032,0,1
user_13894,3,259200.0,223200.0,1.584962496393071,1,1
user_13895,8,148114.2857142857,7200.0,1.9056390564587862,0,1
user_13896,3,264600.0,237600.0,0.9182958311690995,0,1
user_13897,6,167760.0,61200.0,1.4591479126991596,0,1
user_13898,9,126450.0,3600.0,1.4355204999545814,0,1
user_13899,23,0.20103072727272728,0.122142,2.7199122305075374,0,1
user_139,2,234000.0,234000.0,0.99999999711461,0,1
user_1390,5,189000.0,118800.0,1.5219280905592771,0,1
user_13900,7,158400.0,79200.0,1.8423709874063285,1,1
user_13901,9,124650.0,21600.0,1.6577427207341087,0,1
user_13902,10,119600.0,28800.0,1.760964041672901,0,1
user_13903,1,86400.0,86400.0,0.0,0,1
user_13904,2,273600.0,273600.0,0.99999999711461,0,1
user_13905,61,0.19987729999999998,0.127374,2.5883208295935534,0,-1
user_13906,10,112400.0,25200.0,1.8464393389002354,0,1
user_13907,1,86400.0,86400.0,0.0,0,1
user_13908,3,239400.0,201600.0,0.9182958311690995,0,1
user_13909,3,234000.0,208800.0,0.9182958311690995,0,1
user_1391,1,86400.0,86400.0,0.0,0,1
user_13910,8,140400.0,46800.0,0.9544340000395749,1,1
user_13911,7,144600.0,57600.0,1.1488348499528316,0,1
user_13912,4,236400.0,183600.0,1.4999999956719148,1,1
user_13913,8,128571.42857142857,3600.0,1.5487949349246184,0,1
user_13914,9,111600.0,10800.0,2.197159716210674,1,1
user_13915,9,131850.0,39600.0,1.8365916623381988,0,1
user_13916,6,162000.0,54000.0,2.2516291601743474,0,1
user_13917,5,193500.0,108000.0,1.3709505901265835,0,1
user_13918,10,113200.0,25200.0,0.9219280905592773,0,1
user_13919,78,0.1994847272727273,0.117511,2.7769832848588534,0,-1
user_1392,2,252000.0,252000.0,0.99999999711461,0,1
user_13920,10,120400.0,3600.0,2.1219280876738873,0,1
user_13921,7,147600.0,32400.0,1.8423709874063285,0,1
user_13922,57,0.1991607857142857,0.117948,2.741312644685319,0,1
user_13923,3,239400.0,226800.0,0.9182958311690995,0,1
user_13924,6,187200.0,86400.0,1.9182958282837093,0,1
user_13925,4,201600.0,176400.0,1.9999999942292197,0,1
user_13926,6,167760.0,68400.0,1.4591479126991596,0,1
user_13927,3,273600.0,255600.0,-1.4426951595367387e-09,0,-1
user_13928,4,210000.0,144000.0,1.4999999956719148,0,1
user_13929,4,204000.0,154800.0,1.9999999942292197,0,1
user_1393,8,145028.57142857142,3600.0,1.2987949363673135,0,1
user_13930,4,196800.0,140400.0,1.4999999956719148,1,1
user_13931,21,0.20058585,0.111833,2.5274955336927443,0,-1
user_13932,7,149400.0,18000.0,1.950212059143967,0,1
user_13933,4,230400.0,187200.0,1.4999999956719148,0,1
user_13934,1,86400.0,86400.0,0.0,0,1
user_13935,9,134100.0,50400.0,1.6577427207341087,1,1
user_13936,5,198900.0,118800.0,1.5219280905592771,0,1
user_13937,7,141000.0,21600.0,1.3787834891580906,0,1
user_13938,5,203400.0,144000.0,1.3709505901265835,0,1
user_13939,9,130500.0,50400.0,2.058813883117726,0,1
user_1394,8,142457.14285714287,14400.0,1.8112781186883526,0,1
user_13940,1,86400.0,86400.0,0.0,0,1
user_13941,1,86400.0,86400.0,0.0,0,1
user_13942,42,0.1997448292682927,0.123937,2.6587459852876396,0,1
user_13943,3,235800.0,194400.0,0.9182958311690995,0,1
user_13944,8,142457.14285714287,25200.0,1.8112781186883526,0,1
user_13945,9,111150.0,10800.0,0.9182958311690995,0,1
user_13946,57,0.20004271428571427,0.100194,2.6642761606616934,0,-1
user_13947,1,86400.0,86400.0,0.0,0,1
user_13948,29,0.19983985714285718,0.132859,2.4259352949259205,0,-1
user_13949,8,135771.42857142858,7200.0,1.2987949363673135,0,1
user_1395,50,0.20072618367346942,0.135085,2.7139826927546893,0,-1
user_13950,9,130950.0,7200.0,1.8910611063018725,0,1
user_13951,5,202500.0,133200.0,1.3709505901265835,0,1
user_13952,10,112800.0,21600.0,2.1709505872411934,0,1
user_13953,3,228600.0,208800.0,1.584962496393071,0,1
user_13954,76,0.20014029333333336,0.111667,2.742743011065263,0,-1
user_13955,6,176400.0,122400.0,2.2516291601743474,0,1
user_13956,6,165600.0,57600.0,1.9182958282837093,0,1
user_13957,1,86400.0,86400.0,0.0,0,1
user_13958,9,124200.0,14400.0,1.3921472193364495,0,1
user_13959,4,218400.0,140400.0,0.8112781215737428,0,1
user_1396,1,86400.0,86400.0,0.0,0,1
user_13960,7,159000.0,43200.0,1.8423709874063285,0,1
user_13961,10,111600.0,3600.0,2.1709505872411934,0,1
user_13962,10,113200.0,18000.0,1.5219280905592771,0,1
user_13963,9,123750.0,61200.0,1.8910611063018725,0,1
user_13964,8,128057.14285714286,28800.0,2.249999992786525,0,1
user_13965,6,162720.0,93600.0,1.4591479126991596,0,1
user_13966,10,104000.0,3600.0,2.0464393374575405,0,1
user_13967,5,192600.0,147600.0,1.9219280891165822,0,1
user_13968,3,243000.0,219600.0,0.9182958311690995,0,1
user_13969,7,156000.0,7200.0,1.8423709874063285,0,1
user_1397,5,214200.0,165600.0,1.5219280905592771,0,1
user_13970,61,0.19971881666666666,0.120351,2.65488611415534,0,-1
user_13971,5,192600.0,108000.0,1.9219280891165822,1,1
user_13972,9,135900.0,32400.0,2.5032583261194756,0,1
user_13973,7,155400.0,18000.0,1.8423709874063285,0,1
user_13974,64,0.19985446031746032,0.113974,2.694110698441662,0,1
user_13975,30,0.19961882758620686,0.103977,2.7371044545162917,0,-1
user_13976,9,123300.0,18000.0,0.9182958311690995,0,1
user_13977,2,237600.0,237600.0,-1.4426951595367387e-09,0,-1
user_13978,5,212400.0,144000.0,1.9219280891165822,0,1
user_13979,65,0.199211578125,0.113438,2.712745591965984,0,1
user_1398,8,144000.0,61200.0,2.155639055016091,0,1
user_13980,6,188640.0,115200.0,1.4591479126991596,0,1
user_13981,6,172080.0,82800.0,1.584962496393071,0,1
user_13982,30,0.19998655172413796,0.1058,2.6513073559960953,0,-1
user_13983,8,135257.14285714287,18000.0,1.4056390579014812,0,1
user_13984,6,184320.0,100800.0,1.9182958282837093,0,1
user_13985,3,241200.0,205200.0,0.9182958311690995,0,1
user_13986,5,192600.0,147600.0,1.5219280905592771,0,1
user_13987,8,135771.42857142858,7200.0,1.061278120131048,0,1
user_13988,9,126450.0,3600.0,1.3921472193364495,0,1
user_13989,5,180900.0,122400.0,1.3709505901265835,0,1
user_1399,8,134228.57142857142,39600.0,2.249999992786525,0,1
user_13990,2,259200.0,259200.0,-1.4426951595367387e-09,0,-1
user_13991,10,117200.0,10800.0,1.8464393389002354,0,1
user_13992,2,295200.0,295200.0,0.99999999711461,0,-1
user_13993,10,95600.0,10800.0,2.0464393374575405,0,1
user_13994,10,115200.0,14400.0,2.1219280876738873,0,1
user_13995,9,108900.0,3600.0,1.224394441077901,0,1
user_13996,8,136800.0,28800.0,1.9056390564587862,0,1
user_13997,10,115200.0,10800.0,2.1219280876738873,0,1
user_13998,6,192240.0,100800.0,1.792481244589798,0,1
user_13999,2,255600.0,255600.0,0.99999999711461,0,1
user_14,6,174960.0,64800.0,0.9182958311690995,0,1
user_140,2,241200.0,241200.0,0.99999999711461,0,1
user_1400,5,185400.0,133200.0,1.9219280891165822,0,1
user_14000,3,244800.0,244800.0,0.9182958311690995,0,1
user_14001,3,226800.0,180000.0,0.9182958311690995,0,1
user_14002,2,262800.0,262800.0,0.99999999711461,0,1
user_14003,5,176400.0,97200.0,0.9709505915692787,0,1
user_14004,10,108400.0,3600.0,1.1567796451189545,0,1
user_14005,4,228000.0,201600.0,1.4999999956719148,0,1
user_14006,10,118800.0,3600.0,2.6464393345721504,0,1
user_14007,1,86400.0,86400.0,0.0,0,1
user_14008,5,189900.0,100800.0,1.3709505901265835,0,1
user_14009,2,298800.0,298800.0,-1.4426951595367387e-09,0,-1
user_1401,5,179100.0,93600.0,1.9219280891165822,0,1
user_14010,9,123300.0,18000.0,1.879964941513636,0,1
user_14011,2,270000.0,270000.0,0.99999999711461,1,1
user_14012,3,241200.0,230400.0,0.9182958311690995,0,1
user_14013,71,0.1994631,0.118699,2.7774243383011377,0,-1
user_14014,3,208800.0,183600.0,0.9182958311690995,0,1
user_14015,5,194400.0,122400.0,1.5219280905592771,0,1
user_14016,1,86400.0,86400.0,0.0,0,1
user_14017,70,0.199887,0.123485,2.7580949606425476,0,-1
user_14018,7,152400.0,72000.0,2.2359263434155574,0,1
user_14019,3,239400.0,234000.0,1.584962496393071,0,1
user_1402,48,0.20000219148936166,0.116706,2.7437583980192675,0,1
user_14020,7,146400.0,50400.0,1.664497773429681,0,1
user_14021,5,200700.0,122400.0,0.7219280920019722,0,1
user_14022,2,248400.0,248400.0,0.99999999711461,1,1
user_14023,2,252000.0,252000.0,0.99999999711461,0,1
user_14024,71,0.20031112857142858,0.104058,2.775875183076245,0,-1
user_14025,4,213600.0,183600.0,1.9999999942292197,0,1
user_14026,7,157200.0,57600.0,1.950212059143967,0,1
user_14027,9,114300.0,7200.0,2.419381936990201,0,1
user_14028,8,142971.42857142858,50400.0,1.9056390564587862,0,1
user_14029,3,230400.0,219600.0,0.9182958311690995,1,1
user_1403,26,0.19845931999999997,0.11577,2.50353911270516,0,-1
user_14030,5,184500.0,100800.0,1.3709505901265835,0,1
user_14031,5,189000.0,133200.0,1.9219280891165822,1,1
user_14032,5,210600.0,158400.0,1.5219280905592771,0,1
user_14033,3,252000.0,248400.0,0.9182958311690995,0,1
user_14034,7,153600.0,75600.0,1.950212059143967,0,1
user_14035,5,213300.0,133200.0,1.9219280891165822,0,1
user_14036,22,0.19735866666666665,0.13554,2.517201793926556,0,-1
user_14037,6,171360.0,115200.0,1.4591479126991596,1,1
user_14038,7,151200.0,57600.0,2.2359263434155574,0,1
user_14039,3,241200.0,237600.0,0.9182958311690995,0,1
user_1404,7,142200.0,7200.0,1.950212059143967,0,1
user_14040,10,118800.0,7200.0,2.446439336014845,0,1
user_14041,9,130950.0,32400.0,1.584962496393071,0,1
user_14042,5,198000.0,122400.0,1.9219280891165822,0,1
user_14043,8,116228.57142857143,14400.0,1.2987949363673135,0,1
user_14044,7,145800.0,25200.0,2.2359263434155574,0,1
user_14045,3,244800.0,190800.0,1.584962496393071,0,1
user_14046,6,160560.0,61200.0,1.9182958282837093,0,1
user_14047,9,132300.0,43200.0,1.224394441077901,0,1
user_14048,3,219600.0,219600.0,1.584962496393071,0,1
user_14049,4,226800.0,205200.0,1.4999999956719148,0,1
user_1405,6,199440.0,118800.0,1.4591479126991596,0,1
user_14050,3,237600.0,234000.0,0.9182958311690995,0,1
user_14051,4,230400.0,190800.0,1.4999999956719148,0,1
user_14052,5,204300.0,122400.0,1.3709505901265835,0,1
user_14053,10,109200.0,7200.0,1.760964041672901,0,1
user_14054,6,160560.0,54000.0,1.792481244589798,0,1
user_14055,5,195300.0,144000.0,0.9709505915692787,0,1
user_14056,2,234000.0,234000.0,0.99999999711461,0,1
user_14057,7,159600.0,32400.0,1.8423709874063285,1,1
user_14058,1,86400.0,86400.0,0.0,0,1
user_14059,9,119700.0,7200.0,1.8910611063018725,0,1
user_1406,1,86400.0,86400.0,0.0,0,1
user_14060,8,137314.2857142857,46800.0,1.74999999422922,0,1
user_14061,9,128250.0,54000.0,2.197159716210674,0,1
user_14062,6,170640.0,79200.0,2.2516291601743474,0,1
user_14063,1,86400.0,86400.0,0.0,0,1
user_14064,28,0.20199711111111113,0.118825,2.721413056367071,0,-1
user_14065,7,144000.0,28800.0,2.521640627687148,0,1
user_14066,6,186480.0,100800.0,1.9182958282837093,1,1
user_14067,72,0.19917992957746478,0.114696,2.765246518279876,0,-1
user_14068,6,174240.0,104400.0,1.2516291630597378,0,1
user_14069,10,128000.0,10800.0,2.446439336014845,0,1
user_1407,8,128571.42857142857,3600.0,1.74999999422922,0,1
user_14070,4,198000.0,140400.0,0.8112781215737428,0,1
user_14071,6,169920.0,50400.0,1.792481244589798,0,1
user_14072,8,148628.57142857142,28800.0,1.2987949363673135,0,1
user_14073,1,86400.0,86400.0,0.0,0,1
user_14074,72,0.20084604225352115,0.120667,2.77455953197371,0,-1
user_14075,3,253800.0,230400.0,0.9182958311690995,0,1
user_14076,9,134100.0,39600.0,1.8910611063018725,0,1
user_14077,33,0.1990968125,0.104753,2.506557564960969,0,-1
user_14078,9,114750.0,21600.0,1.6577427207341087,0,1
user_14079,3,243000.0,212400.0,0.9182958311690995,0,1
user_1408,7,157200.0,64800.0,2.2359263434155574,0,1
user_14080,1,86400.0,86400.0,0.0,0,1
user_14081,2,298800.0,298800.0,-1.4426951595367387e-09,0,-1
user_14082,65,0.19989890625,0.108027,2.7567280777849534,0,1
user_14083,5,204300.0,133200.0,1.9219280891165822,0,1
user_14084,37,0.20039458333333335,0.126578,2.6884496431018805,0,1
user_14085,2,259200.0,259200.0,0.99999999711461,0,1
user_14086,3,244800.0,219600.0,1.584962496393071,0,1
user_14087,60,0.20108908474576273,0.106462,2.7448470966143534,0,-1
user_14088,4,232800.0,187200.0,1.9999999942292197,0,1
user_14089,1,86400.0,86400.0,0.0,0,1
user_1409,1,86400.0,86400.0,0.0,0,1
user_14090,5,207900.0,147600.0,0.9709505915692787,1,1
user_14091,10,103600.0,3600.0,1.8464393389002354,0,1
user_14092,2,270000.0,270000.0,0.99999999711461,0,1
user_14093,8,128057.14285714286,18000.0,1.8112781186883526,0,1
user_14094,6,198000.0,108000.0,1.9182958282837093,0,1
user_14095,4,234000.0,176400.0,1.4999999956719148,0,1
user_14096,7,135600.0,28800.0,2.128085271677919,0,1
user_14097,38,0.1993265135135135,0.115688,2.699376612441722,0,1
user_14098,3,226800.0,180000.0,0.9182958311690995,0,1
user_14099,9,126900.0,32400.0,2.058813883117726,1,1
user_141,10,106400.0,36000.0,1.8464393389002354,0,1
user_1410,8,148628.57142857142,39600.0,2.155639055016091,0,1
user_14100,58,0.19899250877192987,0.114305,2.720882823703678,0,1
user_14101,46,0.2006494666666667,0.111294,2.697688448522482,0,1
user_14102,9,136800.0,50400.0,2.419381936990201,0,1
user_14103,37,0.1995806666666667,0.129089,2.694978694998804,0,1
user_14104,3,234000.0,223200.0,0.9182958311690995,0,1
user_14105,7,169200.0,68400.0,1.8423709874063285,0,1
user_14106,2,270000.0,270000.0,0.99999999711461,0,1
user_14107,3,226800.0,216000.0,0.9182958311690995,0,1
user_14108,44,0.19971100000000003,0.110568,2.742047802796655,0,1
user_14109,8,144000.0,61200.0,2.249999992786525,1,1
user_1411,5,198000.0,104400.0,1.5219280905592771,0,1
user_14110,4,236400.0,183600.0,1.4999999956719148,0,1
user_14111,6,170640.0,64800.0,1.792481244589798,0,1
user_14112,79,0.19942560256410255,0.107663,2.7846729817060867,0,-1
user_14113,8,142457.14285714287,39600.0,1.9056390564587862,0,1
user_14114,31,0.1994292,0.109997,2.7772948985020736,0,1
user_14115,29,0.2018317857142857,0.11126,2.7547493140048807,0,-1
user_14116,8,135257.14285714287,21600.0,1.74999999422922,0,1
user_14117,48,0.20153755319148936,0.113325,2.755180199807112,0,-1
user_14118,58,0.19939403508771927,0.105914,2.7706796282062114,0,1
user_14119,1,86400.0,86400.0,0.0,0,1
user_1412,9,138600.0,14400.0,1.3516441108253072,0,1
user_14120,44,0.20166653488372097,0.112672,2.717495178672655,0,-1
user_14121,10,98800.0,7200.0,1.1567796451189545,0,1
user_14122,1,86400.0,86400.0,0.0,0,1
user_14123,7,149400.0,3600.0,1.3787834891580906,0,1
user_14124,1,86400.0,86400.0,0.0,0,1
user_14125,1,86400.0,86400.0,0.0,0,1
user_14126,3,252000.0,208800.0,1.584962496393071,0,1
user_14127,5,188100.0,147600.0,1.3709505901265835,0,1
user_14128,9,130950.0,39600.0,2.058813883117726,0,1
user_14129,7,162600.0,68400.0,2.2359263434155574,0,1
user_1413,10,106000.0,7200.0,1.8954618384675417,0,1
user_14130,10,115600.0,25200.0,1.9219280891165822,0,1
user_14131,4,206400.0,158400.0,1.9999999942292197,0,1
user_14132,3,246600.0,244800.0,0.9182958311690995,0,1
user_14133,8,138342.85714285713,10800.0,2.155639055016091,0,1
user_14134,4,218400.0,154800.0,1.4999999956719148,0,1
user_14135,10,123600.0,39600.0,1.960964040230206,0,1
user_14136,5,174600.0,97200.0,1.5219280905592771,0,1
user_14137,5,194400.0,136800.0,1.5219280905592771,0,1
user_14138,5,206100.0,126000.0,1.9219280891165822,0,1
user_14139,10,112000.0,3600.0,1.6854752914565543,0,1
user_1414,10,124000.0,46800.0,1.960964040230206,0,1
user_14140,10,103600.0,18000.0,2.1709505872411934,0,1
user_14141,1,86400.0,86400.0,0.0,0,1
user_14142,4,195600.0,136800.0,1.4999999956719148,0,1
user_14143,1,86400.0,86400.0,0.0,0,1
user_14144,4,213600.0,151200.0,0.8112781215737428,0,1
user_14145,2,277200.0,277200.0,-1.4426951595367387e-09,0,-1
user_14146,5,190800.0,93600.0,1.3709505901265835,0,1
user_14147,8,139885.7142857143,57600.0,1.2987949363673135,0,1
user_14148,5,204300.0,104400.0,1.5219280905592771,0,1
user_14149,2,273600.0,273600.0,0.99999999711461,0,1
user_1415,9,121050.0,43200.0,1.7527152732089246,1,1
user_14150,55,0.2002429259259259,0.105063,2.7342178178133296,0,1
user_14151,1,86400.0,86400.0,0.0,0,1
user_14152,8,154800.0,68400.0,1.4056390579014812,1,1
user_14153,56,0.19988054545454548,0.120068,2.737648056953818,0,1
user_14154,9,137250.0,7200.0,1.8365916623381988,0,1
user_14155,5,207000.0,133200.0,1.9219280891165822,0,1
user_14156,74,0.20000280821917807,0.110202,2.751231564313616,0,-1
user_14157,9,113850.0,21600.0,2.197159716210674,0,1
user_14158,10,126000.0,32400.0,1.960964040230206,0,1
user_14159,1,86400.0,86400.0,0.0,0,1
user_1416,9,123750.0,28800.0,2.1132833270813998,0,1
user_14160,10,106000.0,7200.0,2.1709505872411934,1,1
user_14161,48,0.2019098723404255,0.132904,2.5982455625022958,0,-1
user_14162,6,172800.0,79200.0,1.9182958282837093,0,1
user_14163,3,226800.0,176400.0,0.9182958311690995,0,1
user_14164,8,134228.57142857142,3600.0,1.8112781186883526,0,1
user_14165,27,0.19972680769230772,0.136302,2.5932383077460743,0,-1
user_14166,50,0.19995516326530613,0.113601,2.7317764302769407,0,1
user_14167,2,273600.0,273600.0,-1.4426951595367387e-09,0,-1
user_14168,20,0.2027232105263158,0.152703,2.703701685958483,0,-1
user_14169,6,175680.0,104400.0,1.9182958282837093,0,1
user_1417,4,208800.0,133200.0,1.4999999956719148,0,1
user_14170,5,201600.0,158400.0,1.5219280905592771,0,1
user_14171,10,108800.0,21600.0,2.1219280876738873,1,1
user_14172,7,149400.0,54000.0,1.3787834891580906,0,1
user_14173,4,196800.0,140400.0,0.99999999711461,0,1
user_14174,2,226800.0,226800.0,-1.4426951595367387e-09,0,-1
user_14175,3,235800.0,180000.0,0.9182958311690995,0,1
user_14176,8,139885.7142857143,36000.0,1.9056390564587862,0,1
user_14177,2,244800.0,244800.0,0.99999999711461,0,1
user_14178,8,134228.57142857142,14400.0,1.5487949349246184,0,1
user_14179,6,180720.0,108000.0,1.792481244589798,0,1
user_1418,1,86400.0,86400.0,0.0,0,1
user_14180,5,204300.0,133200.0,1.5219280905592771,0,1
user_14181,3,207000.0,190800.0,1.584962496393071,0,1
user_14182,4,214800.0,154800.0,0.99999999711461,1,1
user_14183,3,225000.0,198000.0,1.584962496393071,0,1
user_14184,2,295200.0,295200.0,0.99999999711461,0,-1
user_14185,1,86400.0,86400.0,0.0,0,1
user_14186,9,128250.0,50400.0,2.197159716210674,0,1
user_14187,9,122850.0,28800.0,2.197159716210674,0,1
user_14188,8,135257.14285714287,50400.0,1.74999999422922,0,1
user_14189,6,166320.0,75600.0,1.4591479126991596,0,1
user_1419,52,0.19946392156862744,0.117335,2.7892633822071895,0,1
user_14190,10,117600.0,7200.0,1.960964040230206,0,1
user_14191,1,86400.0,86400.0,0.0,0,1
user_14192,6,167040.0,54000.0,1.2516291630597378,0,1
user_14193,3,234000.0,194400.0,1.584962496393071,0,1
user_14194,10,114000.0,7200.0,2.1219280876738873,0,1
user_14195,3,225000.0,183600.0,1.584962496393071,0,1
user_14196,57,0.20007460714285713,0.127423,2.755561573255906,0,1
user_14197,1,86400.0,86400.0,0.0,1,1
user_14198,9,122400.0,7200.0,1.8910611063018725,0,1
user_14199,2,252000.0,252000.0,0.99999999711461,0,1
user_142,8,127542.85714285714,43200.0,1.4056390579014812,0,1
user_1420,9,128700.0,18000.0,1.9749374954311467,0,1
user_14200,2,298800.0,298800.0,0.99999999711461,1,-1
user_14201,2,237600.0,237600.0,0.99999999711461,0,1
user_14202,1,86400.0,86400.0,0.0,0,1
user_14203,3,210600.0,176400.0,1.584962496393071,0,1
user_14204,1,86400.0,86400.0,0.0,0,1
user_14205,7,146400.0,43200.0,1.5566567031347378,0,1
user_14206,5,197100.0,93600.0,1.9219280891165822,0,1
user_14207,2,255600.0,255600.0,0.99999999711461,0,1
user_14208,60,0.19987142372881359,0.124787,2.6838711031192872,0,1
user_14209,1,86400.0,86400.0,0.0,1,1
user_1421,3,241200.0,187200.0,0.9182958311690995,0,1
user_14210,1,86400.0,86400.0,0.0,0,1
user_14211,10,116400.0,7200.0,2.1609640387875113,0,1
user_14212,1,86400.0,86400.0,0.0,0,1
user_14213,5,203400.0,133200.0,0.9709505915692787,1,1
user_14214,8,131657.14285714287,61200.0,1.74999999422922,1,1
user_14215,1,86400.0,86400.0,0.0,0,1
user_14216,8,144514.2857142857,28800.0,1.8112781186883526,0,1
user_14217,6,174240.0,82800.0,1.2516291630597378,0,1
user_14218,5,192600.0,115200.0,1.9219280891165822,0,1
user_14219,74,0.19894412328767125,0.123168,2.7287419910939623,0,-1
user_1422,2,223200.0,223200.0,-1.4426951595367387e-09,0,-1
user_14220,1,86400.0,86400.0,0.0,0,1
user_14221,5,177300.0,97200.0,1.5219280905592771,0,1
user_14222,3,248400.0,237600.0,1.584962496393071,0,1
user_14223,3,235800.0,212400.0,1.584962496393071,0,1
user_14224,8,133714.2857142857,18000.0,1.5487949349246184,0,1
user_14225,3,219600.0,183600.0,0.9182958311690995,0,1
user_14226,4,206400.0,190800.0,1.4999999956719148,1,1
user_14227,5,193500.0,111600.0,1.9219280891165822,0,1
user_14228,6,163440.0,111600.0,1.9182958282837093,0,1
user_14229,9,126450.0,14400.0,1.3921472193364495,0,1
user_1423,7,171000.0,54000.0,1.950212059143967,0,1
user_14230,6,162720.0,72000.0,1.4591479126991596,1,1
user_14231,4,218400.0,169200.0,0.99999999711461,1,1
user_14232,10,120800.0,21600.0,1.8464393389002354,0,1
user_14233,2,234000.0,234000.0,0.99999999711461,0,1
user_14234,3,226800.0,183600.0,0.9182958311690995,0,1
user_14235,8,117771.42857142857,14400.0,1.4999999956719148,0,1
user_14236,37,0.19955844444444445,0.141287,2.620089507615913,0,-1
user_14237,4,223200.0,169200.0,0.8112781215737428,1,1
user_14238,6,200880.0,122400.0,1.4591479126991596,1,1
user_14239,10,124400.0,39600.0,1.6854752914565543,0,1
user_1424,63,0.2011647580645161,0.122952,2.710988530246634,0,-1
user_14240,9,117900.0,3600.0,1.879964941513636,0,1
user_14241,9,120150.0,39600.0,1.5304930524293974,0,1
user_14242,41,0.1996143,0.118217,2.761884082627262,0,1
user_14243,1,86400.0,86400.0,0.0,1,1
user_14244,8,127542.85714285714,7200.0,2.49999999134383,1,1
user_14245,68,0.20018285074626868,0.10349,2.7514646594131498,0,-1
user_14246,8,127542.85714285714,46800.0,1.9056390564587862,0,1
user_14247,2,273600.0,273600.0,0.99999999711461,0,1
user_14248,5,199800.0,104400.0,1.3709505901265835,0,1
user_14249,10,119600.0,18000.0,2.0464393374575405,0,1
user_1425,3,205200.0,187200.0,1.584962496393071,0,1
user_14250,9,122400.0,3600.0,2.1132833270813998,0,1
user_14251,77,0.1992887105263158,0.108863,2.68527325503887,0,-1
user_14252,4,195600.0,162000.0,1.9999999942292197,0,1
user_14253,4,193200.0,133200.0,1.4999999956719148,0,1
user_14254,6,180720.0,46800.0,1.4591479126991596,0,1
user_14255,5,193500.0,115200.0,1.9219280891165822,0,1
user_14256,6,151920.0,50400.0,1.2516291630597378,0,1
user_14257,4,217200.0,172800.0,1.9999999942292197,0,1
user_14258,9,134550.0,28800.0,1.6577427207341087,0,1
user_14259,3,244800.0,194400.0,0.9182958311690995,0,1
user_1426,4,230400.0,208800.0,0.8112781215737428,0,1
user_14260,4,217200.0,158400.0,0.99999999711461,0,1
user_14261,7,154200.0,54000.0,1.8423709874063285,0,1
user_14262,55,0.1996166666666667,0.116496,2.7893351602441974,0,1
user_14263,5,181800.0,118800.0,1.3709505901265835,0,1
user_14264,1,86400.0,86400.0,0.0,1,1
user_14265,10,121600.0,14400.0,1.5709505886838886,0,1
user_14266,1,86400.0,86400.0,0.0,0,1
user_14267,2,230400.0,230400.0,0.99999999711461,0,1
user_14268,7,148800.0,32400.0,1.8423709874063285,0,1
user_14269,7,172200.0,50400.0,2.2359263434155574,0,1
user_1427,6,203040.0,118800.0,2.2516291601743474,0,1
user_14270,38,0.2016488108108108,0.126247,2.6520011108685573,0,-1
user_14271,5,218700.0,158400.0,0.9709505915692787,0,1
user_14272,5,190800.0,144000.0,0.9709505915692787,0,1
user_14273,27,0.19966261538461538,0.119661,2.6710111029353287,0,1
user_14274,7,132600.0,10800.0,1.5566567031347378,0,1
user_14275,62,0.2007730491803279,0.128584,2.7624810235187254,0,-1
user_14276,10,105600.0,21600.0,2.321928086231192,0,1
user_14277,7,161400.0,75600.0,1.950212059143967,0,1
user_14278,1,86400.0,86400.0,0.0,1,1
user_14279,1,86400.0,86400.0,0.0,0,1
user_1428,7,150000.0,36000.0,2.2359263434155574,0,1
user_14280,4,241200.0,194400.0,0.8112781215737428,0,1
user_14281,2,252000.0,252000.0,-1.4426951595367387e-09,0,-1
user_14282,1,86400.0,86400.0,0.0,0,1
user_14283,5,196200.0,126000.0,1.5219280905592771,0,1
user_14284,10,124000.0,25200.0,1.8464393389002354,1,1
user_14285,1,86400.0,86400.0,0.0,0,1
user_14286,5,172800.0,115200.0,1.9219280891165822,0,1
user_14287,3,219600.0,190800.0,1.584962496393071,1,1
user_14288,9,103950.0,3600.0,1.3516441108253072,1,1
user_14289,34,0.20032266666666668,0.125815,2.580542437625676,0,-1
user_1429,1,86400.0,86400.0,0.0,0,1
user_14290,3,207000.0,183600.0,1.584962496393071,0,1
user_14291,1,86400.0,86400.0,0.0,0,1
user_14292,7,156600.0,61200.0,1.950212059143967,0,1
user_14293,35,0.2004416470588235,0.123069,2.7544425645957085,0,1
user_14294,6,180000.0,104400.0,1.9182958282837093,0,1
user_14295,8,132171.42857142858,57600.0,1.5487949349246184,1,1
user_14296,4,195600.0,151200.0,1.4999999956719148,0,1
user_14297,10,111600.0,32400.0,1.760964041672901,0,1
user_14298,8,150685.7142857143,46800.0,1.74999999422922,0,1
user_14299,5,192600.0,151200.0,1.9219280891165822,0,1
user_143,1,86400.0,86400.0,0.0,0,1
user_1430,6,159120.0,72000.0,1.792481244589798,0,1
user_14300,10,129600.0,50400.0,1.8464393389002354,0,1
user_14301,7,162600.0,21600.0,1.664497773429681,0,1
user_14302,32,0.20150167741935485,0.116112,2.6551386636618415,0,-1
user_14303,6,179280.0,93600.0,1.792481244589798,1,1
user_14304,7,148200.0,21600.0,1.950212059143967,0,1
user_14305,1,86400.0,86400.0,0.0,0,1
user_14306,7,140400.0,68400.0,2.128085271677919,0,1
user_14307,10,104000.0,7200.0,1.360964043115596,0,1
user_14308,10,118000.0,14400.0,1.4854752928992492,0,1
user_14309,9,117450.0,7200.0,1.8910611063018725,0,1
user_1431,7,160200.0,39600.0,0.9852281331488615,0,1
user_14310,3,234000.0,226800.0,-1.4426951595367387e-09,0,-1
user_14311,1,86400.0,86400.0,0.0,0,1
user_14312,40,0.1993338205128205,0.129348,2.485302535225289,0,-1
user_14313,63,0.2008214193548387,0.120723,2.773747654490944,0,-1
user_14314,10,101200.0,3600.0,2.3709505857984983,0,1
user_14315,2,298800.0,298800.0,-1.4426951595367387e-09,0,-1
user_14316,9,124650.0,25200.0,2.5032583261194756,0,1
user_14317,9,137250.0,18000.0,1.4355204999545814,0,1
user_14318,1,86400.0,86400.0,0.0,0,1
user_14319,9,126450.0,36000.0,1.6577427207341087,0,1
user_1432,2,262800.0,262800.0,0.99999999711461,1,1
user_14320,3,207000.0,187200.0,1.584962496393071,0,1
user_14321,7,157200.0,43200.0,1.664497773429681,0,1
user_14322,9,113850.0,14400.0,1.6577427207341087,0,1
user_14323,5,199800.0,118800.0,1.9219280891165822,0,1
user_14324,6,158400.0,57600.0,2.584962492064986,0,1
user_14325,2,223200.0,223200.0,0.99999999711461,0,1
user_14326,10,110400.0,10800.0,1.2954618399102367,0,1
user_14327,41,0.2003416,0.106047,2.437484327354803,0,-1
user_14328,9,120600.0,7200.0,1.9749374954311467,1,1
user_14329,6,191520.0,111600.0,1.792481244589798,0,1
user_1433,2,262800.0,262800.0,0.99999999711461,0,1
user_14330,2,259200.0,259200.0,-1.4426951595367387e-09,1,-1
user_14331,43,0.19923507142857141,0.105887,2.7572378615681554,0,1
user_14332,3,275400.0,255600.0,1.584962496393071,0,-1
user_14333,9,127350.0,14400.0,2.1132833270813998,0,1
user_14334,9,129600.0,50400.0,1.224394441077901,0,1
user_14335,7,146400.0,32400.0,1.1488348499528316,0,1
user_14336,7,161400.0,64800.0,1.8423709874063285,0,1
user_14337,6,187920.0,111600.0,1.2516291630597378,0,1
user_14338,9,113400.0,3600.0,2.197159716210674,0,1
user_14339,4,242400.0,212400.0,0.8112781215737428,0,1
user_1434,9,136350.0,39600.0,1.7527152732089246,0,1
user_14340,2,262800.0,262800.0,0.99999999711461,0,1
user_14341,6,188640.0,93600.0,1.2516291630597378,0,1
user_14342,5,214200.0,147600.0,1.9219280891165822,0,1
user_14343,4,214800.0,198000.0,1.4999999956719148,0,1
user_14344,3,230400.0,212400.0,1.584962496393071,0,1
user_14345,5,191700.0,154800.0,1.3709505901265835,0,1
user_14346,76,0.19985890666666667,0.103009,2.7596995734016785,0,-1
user_14347,2,241200.0,241200.0,0.99999999711461,0,1
user_14348,5,173700.0,129600.0,1.9219280891165822,0,1
user_14349,62,0.20022324590163934,0.133183,2.7143640644620532,0,-1
user_1435,10,106000.0,3600.0,1.7219280891165822,0,1
user_14350,10,108000.0,10800.0,2.321928086231192,1,1
user_14351,3,232200.0,223200.0,-1.4426951595367387e-09,0,-1
user_14352,5,199800.0,144000.0,0.9709505915692787,0,1
user_14353,8,125485.71428571429,14400.0,1.74999999422922,0,1
user_14354,10,116800.0,28800.0,2.1609640387875113,0,1
user_14355,10,124400.0,10800.0,2.1709505872411934,0,1
user_14356,6,187200.0,111600.0,2.2516291601743474,0,1
user_14357,9,134100.0,21600.0,2.1132833270813998,0,1
user_14358,21,0.19916250000000002,0.132091,2.6654287218946378,0,-1
user_14359,1,86400.0,86400.0,0.0,0,1
user_1436,8,131657.14285714287,18000.0,2.249999992786525,0,1
user_14360,4,214800.0,172800.0,-1.4426951595367387e-09,1,-1
user_14361,7,147600.0,21600.0,1.5566567031347378,0,1
user_14362,8,136285.7142857143,36000.0,1.5487949349246184,0,1
user_14363,4,246000.0,212400.0,1.4999999956719148,0,1
user_14364,1,86400.0,86400.0,0.0,0,1
user_14365,3,259200.0,252000.0,0.9182958311690995,0,1
user_14366,9,118350.0,10800.0,1.3516441108253072,0,1
user_14367,5,180900.0,133200.0,1.3709505901265835,0,1
user_14368,9,111150.0,14400.0,2.1132833270813998,0,1
user_14369,33,0.20043978125,0.11419,2.664931992360192,0,1
user_1437,7,146400.0,25200.0,2.2359263434155574,0,1
user_14370,5,202500.0,129600.0,0.9709505915692787,0,1
user_14371,10,114400.0,3600.0,1.8464393389002354,0,1
user_14372,8,129600.0,3600.0,1.9999999927865248,0,1
user_14373,10,111600.0,3600.0,0.9219280905592773,0,1
user_14374,6,180720.0,100800.0,1.792481244589798,0,1
user_14375,4,208800.0,169200.0,0.8112781215737428,0,1
user_14376,1,86400.0,86400.0,0.0,0,1
user_14377,3,241200.0,187200.0,0.9182958311690995,0,1
user_14378,7,159000.0,28800.0,1.8423709874063285,0,1
user_14379,7,158400.0,64800.0,1.3787834891580906,0,1
user_1438,3,262800.0,252000.0,1.584962496393071,0,-1
user_14380,9,125550.0,14400.0,1.7527152732089246,1,1
user_14381,8,138342.85714285713,18000.0,1.2987949363673135,1,1
user_14382,2,273600.0,273600.0,0.99999999711461,0,1
user_14383,7,160200.0,25200.0,1.5566567031347378,1,1
user_14384,5,217800.0,162000.0,1.5219280905592771,0,1
user_14385,33,0.20148946875,0.11907,2.6802725204413003,0,1
user_14386,7,163200.0,54000.0,2.2359263434155574,0,1
user_14387,41,0.1986946,0.131816,2.713103594822384,0,-1
user_14388,2,234000.0,234000.0,0.99999999711461,0,1
user_14389,9,117450.0,7200.0,1.8910611063018725,1,1
user_1439,4,242400.0,194400.0,0.99999999711461,0,1
user_14390,4,236400.0,187200.0,0.8112781215737428,0,1
user_14391,8,133714.2857142857,10800.0,1.74999999422922,0,1
user_14392,4,202800.0,162000.0,1.4999999956719148,0,1
user_14393,3,221400.0,205200.0,-1.4426951595367387e-09,0,-1
user_14394,5,201600.0,151200.0,1.9219280891165822,1,1
user_14395,3,217800.0,190800.0,1.584962496393071,1,1
user_14396,40,0.20064461538461537,0.134453,2.6620142638233144,0,-1
user_14397,62,0.2001850983606558,0.110981,2.7686795165226554,0,1
user_14398,1,86400.0,86400.0,0.0,0,1
user_14399,6,168480.0,57600.0,1.9182958282837093,0,1
user_144,7,162000.0,18000.0,1.5566567031347378,0,1
user_1440,6,191520.0,75600.0,2.2516291601743474,0,1
user_14400,7,147000.0,7200.0,2.128085271677919,0,1
user_14401,9,109350.0,21600.0,1.3921472193364495,0,1
user_14402,3,214200.0,183600.0,0.9182958311690995,0,1
user_14403,8,122914.28571428571,3600.0,1.2987949363673135,0,1
user_14404,3,257400.0,216000.0,1.584962496393071,0,1
user_14405,35,0.2006065,0.116739,2.634990865527593,0,1
user_14406,6,178560.0,122400.0,1.4591479126991596,0,1
user_14407,9,112950.0,10800.0,1.8910611063018725,0,1
user_14408,66,0.2000186769230769,0.10591,2.750114393509909,0,-1
user_14409,77,0.20044215789473685,0.101438,2.7732585561479874,0,-1
user_1441,9,123300.0,18000.0,1.8910611063018725,0,1
user_14410,6,169920.0,90000.0,2.2516291601743474,0,1
user_14411,5,201600.0,97200.0,1.5219280905592771,0,1
user_14412,3,228600.0,198000.0,0.9182958311690995,0,1
user_14413,4,204000.0,151200.0,0.8112781215737428,0,1
user_14414,1,86400.0,86400.0,0.0,0,1
user_14415,6,162000.0,46800.0,2.2516291601743474,0,1
user_14416,1,86400.0,86400.0,0.0,0,1
user_14417,9,124200.0,46800.0,0.9910760569528321,0,1
user_14418,10,110800.0,7200.0,1.960964040230206,0,1
user_14419,2,266400.0,266400.0,0.99999999711461,0,1
user_1442,42,0.20013580487804877,0.117905,2.5438041571921763,0,-1
user_14420,2,298800.0,298800.0,0.99999999711461,0,-1
user_14421,8,120857.14285714286,7200.0,2.155639055016091,0,1
user_14422,10,118000.0,7200.0,1.2954618399102367,0,1
user_14423,8,126000.0,18000.0,0.9544340000395749,0,1
user_14424,4,223200.0,183600.0,1.9999999942292197,0,1
user_14425,5,210600.0,108000.0,1.9219280891165822,0,1
user_14426,7,141600.0,54000.0,1.5566567031347378,0,1
user_14427,3,243000.0,230400.0,0.9182958311690995,0,1
user_14428,53,0.1999213846153846,0.11847,2.7273818634857387,0,1
user_14429,68,0.20034926865671643,0.124861,2.7160969048063013,0,-1
user_1443,4,234000.0,198000.0,1.4999999956719148,0,1
user_14430,7,157200.0,50400.0,0.9852281331488615,0,1
user_14431,1,86400.0,86400.0,0.0,1,1
user_14432,71,0.2004164142857143,0.119275,2.794447561843712,0,-1
user_14433,9,133650.0,10800.0,2.058813883117726,0,1
user_14434,8,133714.2857142857,25200.0,2.155639055016091,1,1
user_14435,7,145800.0,32400.0,1.8423709874063285,0,1
user_14436,51,0.20081877999999997,0.113221,2.7718485587503072,0,1
user_14437,1,86400.0,86400.0,0.0,1,1
user_14438,1,86400.0,86400.0,0.0,0,1
user_14439,1,86400.0,86400.0,0.0,0,1
user_1444,9,109350.0,7200.0,1.5304930524293974,0,1
user_14440,2,284400.0,284400.0,0.99999999711461,0,-1
user_14441,7,157800.0,64800.0,2.128085271677919,0,1
user_14442,3,237600.0,183600.0,1.584962496393071,0,1
user_14443,3,252000.0,230400.0,1.584962496393071,0,1
user_14444,8,128571.42857142857,14400.0,2.155639055016091,0,1
user_14445,6,179280.0,64800.0,1.792481244589798,0,1
user_14446,7,154800.0,46800.0,1.8423709874063285,0,1
user_14447,44,0.2001498372093023,0.115676,2.7166375565361376,0,1
user_14448,5,185400.0,111600.0,0.9709505915692787,0,1
user_14449,2,248400.0,248400.0,0.99999999711461,0,1
user_1445,3,241200.0,216000.0,0.9182958311690995,0,1
user_14450,2,288000.0,288000.0,0.99999999711461,0,-1
user_14451,1,86400.0,86400.0,0.0,1,1
user_14452,5,180900.0,122400.0,2.321928087673887,1,1
user_14453,9,118350.0,21600.0,2.1132833270813998,0,1
user_14454,4,217200.0,180000.0,1.4999999956719148,0,1
user_14455,7,160800.0,50400.0,1.8423709874063285,0,1
user_14456,77,0.19934017105263158,0.103873,2.774215588275613,0,-1
user_14457,8,133714.2857142857,43200.0,1.9056390564587862,0,1
user_14458,7,149400.0,25200.0,1.1488348499528316,0,1
user_14459,10,110800.0,25200.0,1.8464393389002354,0,1
user_1446,8,144000.0,18000.0,2.155639055016091,0,1
user_14460,8,124457.14285714286,21600.0,1.74999999422922,0,1
user_14461,5,191700.0,147600.0,1.3709505901265835,1,1
user_14462,6,173520.0,72000.0,0.99999999711461,0,1
user_14463,1,86400.0,86400.0,0.0,0,1
user_14464,8,121885.71428571429,18000.0,2.49999999134383,0,1
user_14465,5,192600.0,133200.0,1.9219280891165822,0,1
user_14466,7,141000.0,50400.0,1.3787834891580906,0,1
user_14467,6,156240.0,50400.0,2.2516291601743474,0,1
user_14468,6,149760.0,61200.0,1.4591479126991596,0,1
user_14469,1,86400.0,86400.0,0.0,0,1
user_1447,7,138000.0,7200.0,2.2359263434155574,0,1
user_14470,9,130050.0,50400.0,2.5032583261194756,0,1
user_14471,4,219600.0,147600.0,1.9999999942292197,0,1
user_14472,7,168600.0,46800.0,2.2359263434155574,0,1
user_14473,9,126900.0,14400.0,1.7527152732089246,1,1
user_14474,8,131142.85714285713,14400.0,2.155639055016091,0,1
user_14475,4,223200.0,136800.0,1.9999999942292197,0,1
user_14476,3,243000.0,234000.0,0.9182958311690995,0,1
user_14477,6,164880.0,57600.0,1.584962496393071,0,1
user_14478,63,0.20088446774193547,0.128043,2.708140787236136,0,-1
user_14479,2,298800.0,298800.0,0.99999999711461,0,-1
user_1448,8,136285.7142857143,46800.0,1.4999999956719148,0,1
user_14480,3,230400.0,216000.0,1.584962496393071,1,1
user_14481,4,232800.0,187200.0,1.4999999956719148,1,1
user_14482,1,86400.0,86400.0,0.0,0,1
user_14483,5,169200.0,111600.0,1.9219280891165822,0,1
user_14484,9,138600.0,43200.0,1.4355204999545814,0,1
user_14485,3,235800.0,234000.0,0.9182958311690995,0,1
user_14486,3,234000.0,180000.0,0.9182958311690995,0,1
user_14487,6,149040.0,54000.0,1.2516291630597378,1,1
user_14488,9,126450.0,39600.0,1.8365916623381988,0,1
user_14489,80,0.1989875949367089,0.12881,2.7496414839355463,0,-1
user_1449,7,162600.0,61200.0,1.8423709874063285,1,1
user_14490,6,174960.0,111600.0,2.2516291601743474,1,1
user_14491,8,157371.42857142858,57600.0,1.8112781186883526,0,1
user_14492,79,0.19923610256410254,0.123412,2.7150205156396954,0,-1
user_14493,5,199800.0,122400.0,1.9219280891165822,0,1
user_14494,40,0.1988722051282051,0.122536,2.753705812937821,0,1
user_14495,25,0.20034358333333335,0.114776,2.6343029413747594,0,-1
user_14496,36,0.1988892,0.122724,2.7278097979852904,0,1
user_14497,9,112950.0,36000.0,2.058813883117726,0,1
user_14498,4,222000.0,212400.0,1.9999999942292197,0,1
user_14499,8,133714.2857142857,25200.0,2.4056390535733962,0,1
user_145,3,210600.0,194400.0,0.9182958311690995,0,1
user_1450,1,86400.0,86400.0,0.0,0,1
user_14500,2,226800.0,226800.0,0.99999999711461,0,1
user_14501,5,199800.0,140400.0,2.321928087673887,0,1
user_14502,3,225000.0,219600.0,1.584962496393071,1,1
user_14503,4,228000.0,165600.0,1.4999999956719148,1,1
user_14504,8,133200.0,3600.0,1.9999999927865248,0,1
user_14505,4,216000.0,151200.0,0.99999999711461,0,1
user_14506,10,117600.0,54000.0,2.1709505872411934,1,1
user_14507,23,0.2016921363636364,0.124716,2.772924445675956,0,-1
user_14508,2,262800.0,262800.0,-1.4426951595367387e-09,0,-1
user_14509,10,123600.0,14400.0,2.1219280876738873,0,1
user_1451,9,124650.0,3600.0,1.7527152732089246,0,1
user_14510,3,237600.0,216000.0,0.9182958311690995,0,1
user_14511,69,0.20013219117647058,0.112357,2.7688520536984385,0,-1
user_14512,2,223200.0,223200.0,-1.4426951595367387e-09,0,-1
user_14513,1,86400.0,86400.0,0.0,0,1
user_14514,68,0.19954792537313434,0.107729,2.729733039673151,0,-1
user_14515,4,213600.0,201600.0,1.4999999956719148,1,1
user_14516,4,234000.0,180000.0,1.4999999956719148,0,1
user_14517,10,124400.0,32400.0,1.8464393389002354,0,1
user_14518,2,244800.0,244800.0,0.99999999711461,0,1
user_14519,3,246600.0,244800.0,1.584962496393071,0,1
user_1452,9,120150.0,50400.0,1.7527152732089246,0,1
user_14520,7,132000.0,18000.0,1.8423709874063285,0,1
user_14521,7,139800.0,39600.0,1.5566567031347378,0,1
user_14522,8,142971.42857142858,54000.0,1.5612781201310477,0,1
user_14523,9,130500.0,28800.0,1.6577427207341087,0,1
user_14524,6,180720.0,93600.0,1.584962496393071,1,1
user_14525,2,280800.0,280800.0,0.99999999711461,0,1
user_14526,9,130500.0,14400.0,2.5032583261194756,0,1
user_14527,1,86400.0,86400.0,0.0,0,1
user_14528,9,114750.0,7200.0,1.3516441108253072,0,1
user_14529,7,140400.0,7200.0,1.5566567031347378,0,1
user_1453,7,164400.0,57600.0,1.8423709874063285,0,1
user_14530,4,223200.0,208800.0,1.9999999942292197,1,1
user_14531,2,288000.0,288000.0,0.99999999711461,0,-1
user_14532,1,86400.0,86400.0,0.0,0,1
user_14533,5,180900.0,90000.0,0.9709505915692787,0,1
user_14534,5,199800.0,154800.0,1.9219280891165822,0,1
user_14535,6,176400.0,64800.0,1.4591479126991596,0,1
user_14536,4,237600.0,158400.0,1.4999999956719148,0,1
user_14537,10,107200.0,10800.0,1.4854752928992492,0,1
user_14538,6,162720.0,97200.0,1.4591479126991596,0,1
user_14539,7,154200.0,57600.0,1.950212059143967,0,1
user_1454,3,257400.0,234000.0,0.9182958311690995,0,1
user_14540,9,127800.0,3600.0,2.419381936990201,0,1
user_14541,2,277200.0,277200.0,-1.4426951595367387e-09,0,-1
user_14542,5,207000.0,154800.0,1.9219280891165822,0,1
user_14543,6,185040.0,93600.0,1.4591479126991596,0,1
user_14544,8,132685.7142857143,18000.0,1.2987949363673135,0,1
user_14545,2,259200.0,259200.0,0.99999999711461,0,1
user_14546,10,118000.0,25200.0,0.9709505915692787,1,1
user_14547,5,178200.0,97200.0,1.9219280891165822,0,1
user_14548,5,205200.0,169200.0,0.7219280920019722,0,1
user_14549,9,118800.0,3600.0,2.197159716210674,0,1
user_1455,9,123300.0,36000.0,1.224394441077901,1,1
user_14550,7,145800.0,14400.0,1.3787834891580906,1,1
user_14551,2,273600.0,273600.0,0.99999999711461,0,1
user_14552,5,211500.0,104400.0,1.3709505901265835,0,1
user_14553,80,0.20043630379746838,0.10602,2.7476212156250948,0,-1
user_14554,5,180900.0,133200.0,1.3709505901265835,0,1
user_14555,9,127350.0,10800.0,1.7527152732089246,0,1
user_14556,10,107600.0,7200.0,2.1709505872411934,0,1
user_14557,2,230400.0,230400.0,0.99999999711461,0,1
user_14558,10,112000.0,14400.0,1.6854752914565543,0,1
user_14559,2,248400.0,248400.0,0.99999999711461,1,1
user_1456,2,270000.0,270000.0,0.99999999711461,1,1
user_14560,4,230400.0,205200.0,1.4999999956719148,0,1
user_14561,3,271800.0,255600.0,1.584962496393071,0,-1
user_14562,8,140914.2857142857,7200.0,1.5487949349246184,0,1
user_14563,4,189600.0,140400.0,1.9999999942292197,0,1
user_14564,8,144000.0,57600.0,1.74999999422922,0,1
user_14565,5,179100.0,115200.0,1.5219280905592771,0,1
user_14566,10,110400.0,25200.0,2.1219280876738873,0,1
user_14567,10,118000.0,36000.0,2.3709505857984983,0,1
user_14568,6,170640.0,108000.0,1.9182958282837093,0,1
user_14569,2,237600.0,237600.0,0.99999999711461,0,1
user_1457,5,197100.0,133200.0,1.9219280891165822,0,1
user_14570,8,139885.7142857143,7200.0,1.9999999927865248,0,1
user_14571,7,135600.0,50400.0,1.8423709874063285,0,1
user_14572,6,180720.0,118800.0,0.9182958311690995,0,1
user_14573,10,122400.0,7200.0,1.960964040230206,0,1
user_14574,9,118350.0,7200.0,2.058813883117726,0,1
user_14575,3,246600.0,223200.0,0.9182958311690995,1,1
user_14576,7,152400.0,68400.0,1.8423709874063285,0,1
user_14577,6,190080.0,126000.0,1.792481244589798,0,1
user_14578,5,203400.0,147600.0,1.3709505901265835,1,1
user_14579,10,106400.0,10800.0,2.0464393374575405,0,1
user_1458,6,167040.0,79200.0,1.9182958282837093,0,1
user_14580,66,0.2001360153846154,0.106139,2.74234461994197,0,-1
user_14581,7,148200.0,64800.0,1.8423709874063285,0,1
user_14582,7,154800.0,64800.0,1.3787834891580906,0,1
user_14583,1,86400.0,86400.0,0.0,0,1
user_14584,4,224400.0,198000.0,0.8112781215737428,1,1
user_14585,9,126000.0,21600.0,2.058813883117726,0,1
user_14586,5,199800.0,97200.0,1.3709505901265835,0,1
user_14587,2,284400.0,284400.0,-1.4426951595367387e-09,0,-1
user_14588,2,219600.0,219600.0,0.99999999711461,0,1
user_14589,2,266400.0,266400.0,-1.4426951595367387e-09,0,-1
user_1459,2,237600.0,237600.0,0.99999999711461,0,1
user_14590,5,206100.0,158400.0,0.7219280920019722,0,1
user_14591,4,246000.0,198000.0,1.4999999956719148,0,1
user_14592,7,148800.0,14400.0,2.2359263434155574,0,1
user_14593,2,277200.0,277200.0,0.99999999711461,0,1
user_14594,5,179100.0,140400.0,1.9219280891165822,0,1
user_14595,1,86400.0,86400.0,0.0,1,1
user_14596,35,0.19989573529411764,0.134678,2.704403995323905,0,1
user_14597,6,170640.0,72000.0,1.792481244589798,0,1
user_14598,7,135000.0,36000.0,1.8423709874063285,1,1
user_14599,10,119600.0,7200.0,1.360964043115596,0,1
user_146,7,148200.0,18000.0,0.863120565681241,0,1
user_1460,4,219600.0,194400.0,1.4999999956719148,0,1
user_14600,8,141942.85714285713,61200.0,1.2987949363673135,0,1
user_14601,9,128250.0,28800.0,1.4355204999545814,0,1
user_14602,4,210000.0,154800.0,0.8112781215737428,0,1
user_14603,7,140400.0,7200.0,1.664497773429681,0,1
user_14604,5,195300.0,147600.0,1.3709505901265835,0,1
user_14605,2,237600.0,237600.0,0.99999999711461,0,1
user_14606,8,124457.14285714286,21600.0,1.74999999422922,0,1
user_14607,4,213600.0,180000.0,0.99999999711461,0,1
user_14608,5,189900.0,165600.0,1.5219280905592771,0,1
user_14609,2,262800.0,262800.0,0.99999999711461,0,1
user_1461,2,230400.0,230400.0,0.99999999711461,0,1
user_14610,4,202800.0,136800.0,1.9999999942292197,0,1
user_14611,2,295200.0,295200.0,-1.4426951595367387e-09,0,-1
user_14612,2,273600.0,273600.0,0.99999999711461,0,1
user_14613,10,119600.0,32400.0,2.1709505872411934,1,1
user_14614,6,165600.0,68400.0,1.9182958282837093,0,1
user_14615,7,148800.0,7200.0,1.8423709874063285,0,1
user_14616,1,86400.0,86400.0,0.0,0,1
user_14617,45,0.2016089318181818,0.114228,2.716652333528105,0,-1
user_14618,56,0.19913469090909092,0.119141,2.7634488326333946,0,1
user_14619,2,298800.0,298800.0,0.99999999711461,0,-1
user_1462,8,140400.0,14400.0,2.155639055016091,0,1
user_14620,2,223200.0,223200.0,0.99999999711461,0,1
user_14621,23,0.20228477272727272,0.118454,2.4189370797240297,0,-1
user_14622,2,226800.0,226800.0,0.99999999711461,0,1
user_14623,9,108000.0,10800.0,2.197159716210674,0,1
user_14624,7,152400.0,50400.0,1.8423709874063285,0,1
user_14625,9,123750.0,32400.0,2.281036105339948,0,1
user_14626,10,107600.0,3600.0,1.960964040230206,0,1
user_14627,9,126900.0,3600.0,1.879964941513636,1,1
user_14628,73,0.19898466666666667,0.13137,2.7208382642934272,0,-1
user_14629,65,0.19988778125,0.107401,2.749251903776648,0,1
user_1463,3,225000.0,190800.0,0.9182958311690995,0,1
user_14630,4,235200.0,201600.0,1.4999999956719148,0,1
user_14631,9,126450.0,3600.0,1.8910611063018725,0,1
user_14632,3,217800.0,180000.0,1.584962496393071,1,1
user_14633,4,218400.0,176400.0,1.9999999942292197,0,1
user_14634,8,120342.85714285714,14400.0,1.5487949349246184,0,1
user_14635,5,194400.0,100800.0,1.3709505901265835,0,1
user_14636,9,141750.0,72000.0,2.197159716210674,0,1
user_14637,7,160800.0,72000.0,1.1488348499528316,0,1
user_14638,7,150000.0,39600.0,1.1488348499528316,0,1
user_14639,35,0.19785282352941178,0.125419,2.4980587833513006,0,-1
user_1464,10,115200.0,7200.0,2.0464393374575405,0,1
user_14640,2,273600.0,273600.0,0.99999999711461,0,1
user_14641,1,86400.0,86400.0,0.0,0,1
user_14642,5,191700.0,104400.0,1.9219280891165822,0,1
user_14643,6,177120.0,93600.0,1.4591479126991596,0,1
user_14644,6,170640.0,72000.0,1.4591479126991596,0,1
user_14645,3,223200.0,190800.0,1.584962496393071,0,1
user_14646,4,232800.0,158400.0,1.4999999956719148,0,1
user_14647,5,189900.0,144000.0,0.7219280920019722,0,1
user_14648,6,151920.0,57600.0,1.4591479126991596,0,1
user_14649,7,144000.0,64800.0,1.8423709874063285,0,1
user_1465,5,216000.0,158400.0,0.7219280920019722,0,1
user_14650,4,183600.0,151200.0,1.9999999942292197,0,1
user_14651,4,230400.0,187200.0,1.4999999956719148,0,1
user_14652,5,196200.0,154800.0,0.9709505915692787,0,1
user_14653,1,86400.0,86400.0,0.0,0,1
user_14654,5,209700.0,90000.0,1.5219280905592771,0,1
user_14655,5,192600.0,162000.0,1.3709505901265835,0,1
user_14656,8,147600.0,64800.0,1.9056390564587862,1,1
user_14657,5,171900.0,93600.0,0.9709505915692787,0,1
user_14658,2,252000.0,252000.0,0.99999999711461,0,1
user_14659,5,174600.0,118800.0,1.9219280891165822,1,1
user_1466,8,147600.0,79200.0,1.9056390564587862,0,1
user_14660,6,185040.0,126000.0,2.2516291601743474,1,1
user_14661,4,237600.0,201600.0,1.4999999956719148,0,1
user_14662,10,113200.0,10800.0,2.446439336014845,1,1
user_14663,2,262800.0,262800.0,0.99999999711461,0,1
user_14664,5,182700.0,126000.0,1.9219280891165822,1,1
user_14665,1,86400.0,86400.0,0.0,0,1
user_14666,59,0.20039748275862068,0.113812,2.7840141866299075,0,1
user_14667,10,116800.0,14400.0,1.5219280905592771,0,1
user_14668,8,136285.7142857143,3600.0,0.8112781215737428,0,1
user_14669,8,127028.57142857143,43200.0,1.9056390564587862,0,1
user_1467,3,228600.0,216000.0,0.9182958311690995,0,1
user_14670,5,207900.0,122400.0,1.9219280891165822,0,1
user_14671,3,250200.0,219600.0,0.9182958311690995,0,1
user_14672,9,129600.0,28800.0,2.197159716210674,0,1
user_14673,1,86400.0,86400.0,0.0,0,1
user_14674,5,185400.0,90000.0,1.9219280891165822,0,1
user_14675,72,0.19917367605633798,0.114461,2.7873710389348583,0,-1
user_14676,7,151200.0,54000.0,0.5916727756969373,0,1
user_14677,8,129600.0,7200.0,1.5487949349246184,0,1
user_14678,5,200700.0,100800.0,1.5219280905592771,0,1
user_14679,2,298800.0,298800.0,0.99999999711461,0,-1
user_1468,7,160800.0,57600.0,1.8423709874063285,0,1
user_14680,5,183600.0,108000.0,1.3709505901265835,0,1
user_14681,4,217200.0,183600.0,-1.4426951595367387e-09,0,-1
user_14682,4,248400.0,205200.0,1.4999999956719148,0,1
user_14683,5,201600.0,154800.0,1.5219280905592771,0,1
user_14684,66,0.2003688923076923,0.122559,2.744464774122121,0,1
user_14685,2,280800.0,280800.0,0.99999999711461,0,1
user_14686,4,204000.0,158400.0,1.4999999956719148,0,1
user_14687,7,140400.0,10800.0,1.4488156313970995,0,1
user_14688,6,174960.0,90000.0,1.792481244589798,0,1
user_14689,4,213600.0,147600.0,1.4999999956719148,0,1
user_1469,5,180900.0,154800.0,1.9219280891165822,0,1
user_14690,10,104800.0,18000.0,1.960964040230206,0,1
user_14691,1,86400.0,86400.0,0.0,1,1
user_14692,10,115200.0,10800.0,1.760964041672901,0,1
user_14693,1,86400.0,86400.0,0.0,0,1
user_14694,4,211200.0,133200.0,0.99999999711461,0,1
user_14695,3,212400.0,205200.0,-1.4426951595367387e-09,0,-1
user_14696,5,192600.0,144000.0,0.7219280920019722,0,1
user_14697,9,122850.0,7200.0,1.8365916623381988,0,1
user_14698,3,244800.0,234000.0,1.584962496393071,0,1
user_14699,7,146400.0,54000.0,2.128085271677919,0,1
user_147,7,156600.0,54000.0,2.2359263434155574,0,1
user_1470,4,205200.0,180000.0,0.8112781215737428,0,1
user_14700,10,116800.0,36000.0,1.8464393389002354,0,1
user_14701,3,237600.0,223200.0,1.584962496393071,0,1
user_14702,1,86400.0,86400.0,0.0,0,1
user_14703,1,86400.0,86400.0,0.0,1,1
user_14704,8,118285.71428571429,10800.0,1.74999999422922,0,1
user_14705,74,0.19920705479452053,0.117333,2.7690600980724946,0,-1
user_14706,2,277200.0,277200.0,0.99999999711461,0,1
user_14707,6,198720.0,122400.0,1.4591479126991596,0,1
user_14708,3,219600.0,201600.0,0.9182958311690995,1,1
user_14709,45,0.19968045454545447,0.123396,2.658256203755001,0,1
user_1471,9,124650.0,21600.0,1.8365916623381988,0,1
user_14710,6,164160.0,79200.0,0.9182958311690995,0,1
user_14711,9,130500.0,25200.0,2.197159716210674,1,1
user_14712,1,86400.0,86400.0,0.0,0,1
user_14713,38,0.19776545945945948,0.120774,2.6046256092953928,0,-1
user_14714,10,110800.0,3600.0,1.960964040230206,0,1
user_14715,6,162000.0,57600.0,1.792481244589798,0,1
user_14716,3,230400.0,230400.0,1.584962496393071,0,1
user_14717,2,259200.0,259200.0,0.99999999711461,0,1
user_14718,8,147600.0,28800.0,1.4056390579014812,0,1
user_14719,73,0.19922344444444443,0.119119,2.7705632860821052,0,-1
user_1472,6,164880.0,97200.0,1.584962496393071,0,1
user_14720,9,120600.0,43200.0,2.058813883117726,0,1
user_14721,7,153600.0,39600.0,0.863120565681241,0,1
user_14722,10,111600.0,36000.0,2.1709505872411934,1,1
user_14723,1,86400.0,86400.0,0.0,0,1
user_14724,1,86400.0,86400.0,0.0,0,1
user_14725,10,116800.0,14400.0,2.446439336014845,0,1
user_14726,2,273600.0,273600.0,0.99999999711461,0,1
user_14727,63,0.2014223387096774,0.109674,2.7392912183993645,0,-1
user_14728,2,262800.0,262800.0,0.99999999711461,1,1
user_14729,2,266400.0,266400.0,0.99999999711461,0,1
user_1473,9,123300.0,25200.0,1.224394441077901,0,1
user_14730,9,127350.0,3600.0,2.419381936990201,0,1
user_14731,7,136200.0,10800.0,1.3787834891580906,0,1
user_14732,2,248400.0,248400.0,0.99999999711461,0,1
user_14733,6,182880.0,57600.0,1.2516291630597378,0,1
user_14734,21,0.19605485,0.114795,2.398302986459389,0,-1
user_14735,5,197100.0,140400.0,1.9219280891165822,0,1
user_14736,4,234000.0,208800.0,1.4999999956719148,0,1
user_14737,5,195300.0,122400.0,1.9219280891165822,0,1
user_14738,2,241200.0,241200.0,0.99999999711461,0,1
user_14739,1,86400.0,86400.0,0.0,0,1
user_1474,9,115200.0,7200.0,1.8910611063018725,0,1
user_14740,10,102000.0,3600.0,2.1709505872411934,0,1
user_14741,31,0.19774593333333332,0.129622,2.706112930232817,0,-1
user_14742,8,133200.0,25200.0,1.5487949349246184,0,1
user_14743,7,144000.0,3600.0,1.3787834891580906,1,1
user_14744,7,146400.0,7200.0,1.1488348499528316,0,1
user_14745,7,162600.0,72000.0,2.2359263434155574,0,1
user_14746,4,207600.0,147600.0,1.9999999942292197,0,1
user_14747,2,241200.0,241200.0,-1.4426951595367387e-09,0,-1
user_14748,56,0.2001466363636364,0.113978,2.6229869900918676,0,1
user_14749,7,147600.0,39600.0,1.8423709874063285,0,1
user_1475,10,119600.0,36000.0,1.9219280891165822,0,1
user_14750,1,86400.0,86400.0,0.0,0,1
user_14751,9,123300.0,7200.0,1.6577427207341087,0,1
user_14752,9,129600.0,25200.0,1.7527152732089246,0,1
user_14753,1,86400.0,86400.0,0.0,0,1
user_14754,6,177120.0,82800.0,1.4591479126991596,0,1
user_14755,7,143400.0,46800.0,1.664497773429681,0,1
user_14756,5,188100.0,108000.0,1.3709505901265835,0,1
user_14757,8,149657.14285714287,36000.0,1.4056390579014812,1,1
user_14758,10,114000.0,21600.0,2.1219280876738873,0,1
user_14759,5,197100.0,151200.0,1.5219280905592771,0,1
user_1476,22,0.19608690476190477,0.126346,2.5152997933944783,0,-1
user_14760,2,280800.0,280800.0,0.99999999711461,0,1
user_14761,10,127200.0,3600.0,0.9219280905592773,0,1
user_14762,4,213600.0,162000.0,0.8112781215737428,1,1
user_14763,2,270000.0,270000.0,0.99999999711461,0,1
user_14764,2,237600.0,237600.0,0.99999999711461,1,1
user_14765,10,126400.0,43200.0,0.7219280920019722,0,1
user_14766,10,99200.0,7200.0,1.960964040230206,0,1
user_14767,24,0.1979178695652174,0.114885,2.7008257844192234,0,-1
user_14768,9,110250.0,18000.0,2.197159716210674,0,1
user_14769,5,194400.0,126000.0,1.3709505901265835,0,1
user_1477,3,237600.0,183600.0,0.9182958311690995,0,1
user_14770,1,86400.0,86400.0,0.0,1,1
user_14771,1,86400.0,86400.0,0.0,0,1
user_14772,5,182700.0,136800.0,1.9219280891165822,0,1
user_14773,9,129150.0,10800.0,1.9749374954311467,0,1
user_14774,3,223200.0,208800.0,1.584962496393071,0,1
user_14775,29,0.2028969642857143,0.124301,2.73206772798032,0,-1
user_14776,9,130500.0,43200.0,1.3516441108253072,0,1
user_14777,4,188400.0,151200.0,1.4999999956719148,0,1
user_14778,4,211200.0,187200.0,1.4999999956719148,1,1
user_14779,10,117600.0,21600.0,2.1219280876738873,0,1
user_1478,3,244800.0,237600.0,1.584962496393071,0,1
user_14780,2,255600.0,255600.0,0.99999999711461,0,1
user_14781,1,86400.0,86400.0,0.0,0,1
user_14782,1,86400.0,86400.0,0.0,0,1
user_14783,61,0.19985889999999998,0.106093,2.759196954150489,0,1
user_14784,4,219600.0,176400.0,1.9999999942292197,0,1
user_14785,6,161280.0,61200.0,1.9182958282837093,0,1
user_14786,2,252000.0,252000.0,0.99999999711461,0,1
user_14787,1,86400.0,86400.0,0.0,0,1
user_14788,7,163200.0,46800.0,1.8423709874063285,0,1
user_14789,63,0.20000832258064516,0.118029,2.7623592062828246,0,1
user_1479,27,0.20009388461538463,0.13259,2.698969899311754,0,-1
user_14790,9,132750.0,50400.0,2.058813883117726,0,1
user_14791,10,122000.0,14400.0,1.3567796436762596,0,1
user_14792,7,152400.0,10800.0,1.3787834891580906,0,1
user_14793,6,173520.0,72000.0,1.792481244589798,0,1
user_14794,10,121600.0,7200.0,2.1709505872411934,0,1
user_14795,5,198000.0,90000.0,1.9219280891165822,0,1
user_14796,10,126800.0,25200.0,2.0464393374575405,0,1
user_14797,3,259200.0,234000.0,-1.4426951595367387e-09,0,-1
user_14798,9,111150.0,10800.0,2.419381936990201,0,1
user_14799,6,162720.0,50400.0,1.792481244589798,0,1
user_148,7,148200.0,7200.0,1.4488156313970995,0,1
user_1480,27,0.1976952307692308,0.124511,2.494904158410756,0,-1
user_14800,6,179280.0,115200.0,1.4591479126991596,0,1
user_14801,10,113600.0,32400.0,2.3709505857984983,0,1
user_14802,8,136800.0,39600.0,1.8112781186883526,0,1
user_14803,10,98400.0,3600.0,1.5709505901265834,0,1
user_14804,10,112800.0,3600.0,2.321928086231192,0,1
user_14805,6,167040.0,93600.0,0.99999999711461,0,1
user_14806,79,0.1996698846153846,0.106204,2.7471086592019103,0,-1
user_14807,1,86400.0,86400.0,0.0,0,1
user_14808,9,108000.0,10800.0,2.058813883117726,1,1
user_14809,3,241200.0,230400.0,1.584962496393071,0,1
user_1481,8,132171.42857142858,3600.0,2.155639055016091,0,1
user_14810,4,242400.0,212400.0,1.4999999956719148,0,1
user_14811,26,0.19864948000000002,0.127126,2.7493221713806673,0,-1
user_14812,10,126800.0,36000.0,1.8464393389002354,0,1
user_14813,4,201600.0,151200.0,0.99999999711461,0,1
user_14814,3,228600.0,216000.0,0.9182958311690995,0,1
user_14815,2,295200.0,295200.0,0.99999999711461,0,-1
user_14816,74,0.20028775342465752,0.119207,2.73317919116402,0,-1
user_14817,5,200700.0,97200.0,1.5219280905592771,0,1
user_14818,9,135900.0,57600.0,1.9749374954311467,0,1
user_14819,1,86400.0,86400.0,0.0,0,1
user_1482,3,255600.0,223200.0,0.9182958311690995,0,1
user_14820,10,127200.0,25200.0,1.8464393389002354,0,1
user_14821,8,123428.57142857143,18000.0,1.4999999956719148,0,1
user_14822,1,86400.0,86400.0,0.0,0,1
user_14823,8,136800.0,18000.0,2.49999999134383,0,1
user_14824,7,144600.0,3600.0,1.4488156313970995,0,1
user_14825,8,139885.7142857143,43200.0,1.9999999927865248,0,1
user_14826,6,172800.0,111600.0,1.792481244589798,0,1
user_14827,7,151800.0,50400.0,1.8423709874063285,0,1
user_14828,4,205200.0,147600.0,0.8112781215737428,0,1
user_14829,34,0.20079654545454545,0.13992,2.759950245570084,0,-1
user_1483,1,86400.0,86400.0,0.0,0,1
user_14830,27,0.19876511538461536,0.103316,2.7315841408390225,0,-1
user_14831,3,212400.0,183600.0,0.9182958311690995,0,1
user_14832,9,126900.0,43200.0,2.1132833270813998,0,1
user_14833,2,288000.0,288000.0,-1.4426951595367387e-09,0,-1
user_14834,5,189900.0,122400.0,1.9219280891165822,0,1
user_14835,7,165600.0,75600.0,1.4488156313970995,0,1
user_14836,1,86400.0,86400.0,0.0,0,1
user_14837,4,212400.0,144000.0,1.4999999956719148,0,1
user_14838,8,126514.28571428571,14400.0,1.74999999422922,0,1
user_14839,4,206400.0,144000.0,0.8112781215737428,0,1
user_1484,2,219600.0,219600.0,0.99999999711461,0,1
user_14840,8,144000.0,61200.0,2.155639055016091,1,1
user_14841,2,219600.0,219600.0,0.99999999711461,1,1
user_14842,5,183600.0,111600.0,0.9709505915692787,0,1
user_14843,9,118800.0,10800.0,2.197159716210674,0,1
user_14844,3,241200.0,183600.0,-1.4426951595367387e-09,0,-1
user_14845,69,0.20026413235294116,0.115538,2.76659147947648,0,1
user_14846,4,223200.0,183600.0,1.4999999956719148,0,1
user_14847,9,115200.0,10800.0,2.1132833270813998,0,1
user_14848,7,148800.0,25200.0,0.9852281331488615,0,1
user_14849,4,207600.0,144000.0,0.99999999711461,0,1
user_1485,8,137828.57142857142,39600.0,1.4056390579014812,0,1
user_14850,5,207000.0,165600.0,1.3709505901265835,0,1
user_14851,4,223200.0,151200.0,1.4999999956719148,0,1
user_14852,9,122850.0,3600.0,1.6577427207341087,0,1
user_14853,6,172080.0,68400.0,0.6500224187629642,0,1
user_14854,1,86400.0,86400.0,0.0,0,1
user_14855,6,173520.0,108000.0,1.9182958282837093,0,1
user_14856,6,166320.0,75600.0,1.4591479126991596,1,1
user_14857,8,134228.57142857142,14400.0,1.4056390579014812,0,1
user_14858,7,140400.0,3600.0,2.521640627687148,0,1
user_14859,7,153000.0,50400.0,2.2359263434155574,0,1
user_1486,2,237600.0,237600.0,0.99999999711461,0,1
user_14860,2,266400.0,266400.0,-1.4426951595367387e-09,0,-1
user_14861,7,137400.0,18000.0,1.8423709874063285,0,1
user_14862,3,264600.0,234000.0,-1.4426951595367387e-09,0,-1
user_14863,5,192600.0,100800.0,1.5219280905592771,0,1
user_14864,4,220800.0,162000.0,0.99999999711461,0,1
user_14865,6,192240.0,118800.0,0.99999999711461,0,1
user_14866,5,199800.0,147600.0,1.9219280891165822,0,1
user_14867,2,223200.0,223200.0,-1.4426951595367387e-09,0,-1
user_14868,5,201600.0,118800.0,1.9219280891165822,0,1
user_14869,1,86400.0,86400.0,0.0,0,1
user_1487,5,214200.0,122400.0,1.5219280905592771,0,1
user_14870,1,86400.0,86400.0,0.0,0,1
user_14871,7,153600.0,75600.0,1.3787834891580906,0,1
user_14872,7,167400.0,75600.0,1.4488156313970995,0,1
user_14873,1,86400.0,86400.0,0.0,0,1
user_14874,5,203400.0,140400.0,1.9219280891165822,0,1
user_14875,8,151714.2857142857,61200.0,2.249999992786525,0,1
user_14876,6,182880.0,104400.0,0.99999999711461,0,1
user_14877,2,234000.0,234000.0,0.99999999711461,0,1
user_14878,10,118000.0,21600.0,2.3709505857984983,0,1
user_14879,2,295200.0,295200.0,0.99999999711461,0,-1
user_1488,1,86400.0,86400.0,0.0,0,1
user_14880,3,248400.0,234000.0,1.584962496393071,0,1
user_14881,2,252000.0,252000.0,0.99999999711461,0,1
user_14882,1,86400.0,86400.0,0.0,0,1
user_14883,1,86400.0,86400.0,0.0,0,1
user_14884,8,151200.0,10800.0,1.9056390564587862,0,1
user_14885,10,130400.0,36000.0,1.5709505886838886,0,1
user_14886,4,194400.0,144000.0,1.4999999956719148,0,1
user_14887,2,244800.0,244800.0,0.99999999711461,0,1
user_14888,4,201600.0,176400.0,1.4999999956719148,0,1
user_14889,3,235800.0,183600.0,0.9182958311690995,0,1
user_1489,79,0.20072255128205124,0.112255,2.7076621837427153,0,-1
user_14890,7,147000.0,36000.0,1.1488348499528316,0,1
user_14891,30,0.20122896551724134,0.149685,2.644413819478746,0,-1
user_14892,5,180900.0,108000.0,1.5219280905592771,0,1
user_14893,4,196800.0,136800.0,1.4999999956719148,1,1
user_14894,5,185400.0,133200.0,1.5219280905592771,0,1
user_14895,20,0.20468321052631577,0.124173,2.74643933457215,0,-1
user_14896,3,230400.0,176400.0,1.584962496393071,0,1
user_14897,9,121500.0,28800.0,1.6577427207341087,0,1
user_14898,1,86400.0,86400.0,0.0,0,1
user_14899,1,86400.0,86400.0,0.0,0,1
user_149,8,157885.7142857143,50400.0,1.8112781186883526,0,1
user_1490,8,140914.2857142857,43200.0,2.49999999134383,0,1
user_14900,6,187200.0,118800.0,1.4591479126991596,0,1
user_14901,7,168600.0,25200.0,1.4488156313970995,0,1
user_14902,4,213600.0,180000.0,1.4999999956719148,0,1
user_14903,10,110800.0,21600.0,1.8464393389002354,0,1
user_14904,4,222000.0,187200.0,1.9999999942292197,0,1
user_14905,24,0.19922591304347828,0.133008,2.392079555269541,0,-1
user_14906,5,198000.0,136800.0,1.9219280891165822,0,1
user_14907,3,205200.0,187200.0,1.584962496393071,0,1
user_14908,8,137314.2857142857,64800.0,2.155639055016091,0,1
user_14909,10,122800.0,28800.0,1.8464393389002354,0,1
user_1491,1,86400.0,86400.0,0.0,0,1
user_14910,9,134100.0,7200.0,1.8910611063018725,1,1
user_14911,6,172800.0,122400.0,1.792481244589798,0,1
user_14912,5,205200.0,136800.0,1.5219280905592771,1,1
user_14913,3,257400.0,248400.0,0.9182958311690995,0,1
user_14914,8,141428.57142857142,46800.0,1.2987949363673135,0,1
user_14915,6,170640.0,93600.0,1.4591479126991596,0,1
user_14916,7,147600.0,32400.0,1.5566567031347378,0,1
user_14917,7,146400.0,25200.0,1.3787834891580906,0,1
user_14918,5,197100.0,115200.0,1.5219280905592771,0,1
user_14919,10,105600.0,14400.0,2.1709505872411934,0,1
user_1492,10,120000.0,25200.0,1.760964041672901,0,1
user_14920,4,213600.0,169200.0,1.4999999956719148,0,1
user_14921,7,142800.0,18000.0,1.3787834891580906,0,1
user_14922,5,198000.0,115200.0,2.321928087673887,0,1
user_14923,7,150000.0,72000.0,0.9852281331488615,0,1
user_14924,7,162000.0,57600.0,1.664497773429681,0,1
user_14925,10,110000.0,25200.0,1.960964040230206,0,1
user_14926,7,155400.0,46800.0,1.8423709874063285,0,1
user_14927,4,198000.0,176400.0,1.4999999956719148,0,1
user_14928,10,112800.0,10800.0,1.7219280891165822,0,1
user_14929,6,169920.0,108000.0,1.9182958282837093,0,1
user_1493,7,157200.0,46800.0,1.8423709874063285,0,1
user_14930,57,0.19890598214285715,0.121,2.7255702408954376,0,1
user_14931,3,214200.0,208800.0,0.9182958311690995,0,1
user_14932,7,156000.0,72000.0,2.2359263434155574,0,1
user_14933,2,230400.0,230400.0,0.99999999711461,0,1
user_14934,2,248400.0,248400.0,0.99999999711461,0,1
user_14935,9,120600.0,14400.0,0.9864267244027574,0,1
user_14936,52,0.20106158823529413,0.124817,2.7505201555206025,0,1
user_14937,3,246600.0,219600.0,0.9182958311690995,0,1
user_14938,6,161280.0,61200.0,1.2516291630597378,0,1
user_14939,7,141000.0,64800.0,1.4488156313970995,0,1
user_1494,68,0.20003050746268655,0.113396,2.7412292344835563,0,1
user_14940,73,0.20076998611111108,0.105596,2.744989513776534,0,-1
user_14941,28,0.19899066666666668,0.134674,2.654473664191099,0,-1
user_14942,24,0.20207969565217385,0.115472,2.6939592412367013,0,-1
user_14943,1,86400.0,86400.0,0.0,1,1
user_14944,6,170640.0,61200.0,1.4591479126991596,0,1
user_14945,37,0.2004158888888889,0.109736,2.5490671876215965,0,-1
user_14946,2,284400.0,284400.0,-1.4426951595367387e-09,0,-1
user_14947,7,147000.0,7200.0,1.8423709874063285,0,1
user_14948,4,223200.0,205200.0,0.99999999711461,0,1
user_14949,10,110800.0,7200.0,2.0464393374575405,1,1
user_1495,3,253800.0,230400.0,1.584962496393071,0,1
user_14950,3,216000.0,194400.0,1.584962496393071,0,1
user_14951,3,257400.0,252000.0,0.9182958311690995,0,1
user_14952,4,244800.0,194400.0,0.8112781215737428,0,1
user_14953,8,135771.42857142858,39600.0,1.4056390579014812,0,1
user_14954,3,253800.0,252000.0,0.9182958311690995,1,1
user_14955,9,130500.0,54000.0,2.058813883117726,0,1
user_14956,7,131400.0,39600.0,1.3787834891580906,0,1
user_14957,4,217200.0,180000.0,1.4999999956719148,0,1
user_14958,8,154800.0,54000.0,1.2987949363673135,0,1
user_14959,9,124200.0,3600.0,1.9749374954311467,0,1
user_1496,57,0.19919208928571427,0.113318,2.727504268486301,0,1
user_14960,7,153000.0,25200.0,0.863120565681241,0,1
user_14961,10,124000.0,7200.0,1.7219280891165822,0,1
user_14962,1,86400.0,86400.0,0.0,0,1
user_14963,7,158400.0,72000.0,1.8423709874063285,0,1
user_14964,47,0.2001045869565218,0.114946,2.747030395234062,0,1
user_14965,10,117200.0,43200.0,1.6854752914565543,0,1
user_14966,10,108000.0,3600.0,1.8464393389002354,0,1
user_14967,10,117600.0,7200.0,2.24643933745754,0,1
user_14968,4,219600.0,165600.0,0.8112781215737428,0,1
user_14969,6,181440.0,93600.0,0.6500224187629642,0,1
user_1497,7,127200.0,25200.0,2.2359263434155574,0,1
user_14970,6,182160.0,111600.0,1.9182958282837093,0,1
user_14971,35,0.20080879411764704,0.140671,2.744027479549986,0,-1
user_14972,5,192600.0,133200.0,0.9709505915692787,0,1
user_14973,4,201600.0,136800.0,1.4999999956719148,0,1
user_14974,4,201600.0,169200.0,1.4999999956719148,0,1
user_14975,3,237600.0,176400.0,1.584962496393071,0,1
user_14976,2,298800.0,298800.0,0.99999999711461,1,-1
user_14977,10,110400.0,7200.0,2.321928086231192,0,1
user_14978,9,122850.0,18000.0,1.3921472193364495,0,1
user_14979,10,121200.0,25200.0,1.7709505872411937,0,1
user_1498,8,127542.85714285714,18000.0,1.8112781186883526,0,1
user_14980,8,133714.2857142857,18000.0,1.74999999422922,0,1
user_14981,9,132300.0,43200.0,1.879964941513636,0,1
user_14982,4,194400.0,144000.0,1.4999999956719148,0,1
user_14983,25,0.20096320833333334,0.140852,2.6684930602656936,0,-1
user_14984,9,126000.0,43200.0,1.7527152732089246,0,1
user_14985,7,145200.0,18000.0,1.950212059143967,0,1
user_14986,1,86400.0,86400.0,0.0,1,1
user_14987,4,222000.0,151200.0,0.8112781215737428,0,1
user_14988,10,120400.0,36000.0,1.2954618399102367,0,1
user_14989,7,154800.0,39600.0,0.5916727756969373,0,1
user_1499,7,135600.0,72000.0,2.2359263434155574,1,1
user_14990,4,220800.0,183600.0,0.8112781215737428,0,1
user_14991,9,123750.0,32400.0,2.5032583261194756,0,1
user_14992,2,295200.0,295200.0,0.99999999711461,0,-1
user_14993,2,273600.0,273600.0,0.99999999711461,0,1
user_14994,6,204480.0,118800.0,1.4591479126991596,0,1
user_14995,2,255600.0,255600.0,0.99999999711461,0,1
user_14996,3,232200.0,194400.0,0.9182958311690995,0,1
user_14997,7,166200.0,79200.0,1.1488348499528316,0,1
user_14998,5,200700.0,115200.0,1.5219280905592771,0,1
user_14999,4,204000.0,183600.0,0.8112781215737428,0,1
user_15,5,210600.0,162000.0,1.5219280905592771,1,1
user_150,2,237600.0,237600.0,0.99999999711461,1,1
user_1500,8,135771.42857142858,39600.0,1.8112781186883526,1,1
user_1501,31,0.19852896666666667,0.10858,2.5256733159285174,0,-1
user_1502,9,120150.0,7200.0,2.281036105339948,0,1
user_1503,6,178560.0,122400.0,1.4591479126991596,0,1
user_1504,2,237600.0,237600.0,0.99999999711461,0,1
user_1505,3,235800.0,205200.0,0.9182958311690995,0,1
user_1506,5,180900.0,104400.0,1.9219280891165822,0,1
user_1507,10,128400.0,28800.0,2.1709505872411934,0,1
user_1508,8,147600.0,43200.0,1.9056390564587862,0,1
user_1509,7,133800.0,3600.0,1.3787834891580906,0,1
user_151,7,145800.0,50400.0,2.2359263434155574,1,1
user_1510,2,241200.0,241200.0,0.99999999711461,0,1
user_1511,5,191700.0,104400.0,1.9219280891165822,1,1
user_1512,36,0.2015108285714286,0.12022,2.5183107731638885,0,-1
user_1513,3,223200.0,198000.0,-1.4426951595367387e-09,1,-1
user_1514,7,157800.0,3600.0,0.9852281331488615,0,1
user_1515,3,246600.0,234000.0,0.9182958311690995,0,1
user_1516,1,86400.0,86400.0,0.0,0,1
user_1517,8,134228.57142857142,14400.0,2.155639055016091,0,1
user_1518,2,288000.0,288000.0,0.99999999711461,0,-1
user_1519,57,0.20116689285714287,0.120891,2.787279103075045,0,-1
user_152,59,0.2000491724137931,0.113895,2.77499509369519,0,1
user_1520,2,252000.0,252000.0,-1.4426951595367387e-09,0,-1
user_1521,2,244800.0,244800.0,0.99999999711461,0,1
user_1522,8,128571.42857142857,10800.0,1.74999999422922,0,1
user_1523,2,241200.0,241200.0,0.99999999711461,0,1
user_1524,71,0.19928612857142855,0.109452,2.7326138372466744,0,-1
user_1525,8,132171.42857142858,61200.0,1.9056390564587862,0,1
user_1526,9,126450.0,3600.0,1.7527152732089246,1,1
user_1527,56,0.2009164,0.121737,2.6618566483315886,0,1
user_1528,74,0.20003823287671235,0.113448,2.796140416002037,0,-1
user_1529,3,226800.0,176400.0,0.9182958311690995,0,1
user_153,39,0.19999815789473682,0.11194,2.718398774444031,0,1
user_1530,20,0.19894284210526314,0.103316,2.628212935742136,0,-1
user_1531,6,180720.0,115200.0,1.4591479126991596,0,1
user_1532,10,120000.0,46800.0,1.6854752914565543,0,1
user_1533,5,187200.0,126000.0,1.5219280905592771,0,1
user_1534,2,273600.0,273600.0,0.99999999711461,0,1
user_1535,28,0.20191862962962961,0.122256,2.4612626093976324,0,-1
user_1536,1,86400.0,86400.0,0.0,0,1
user_1537,8,142457.14285714287,68400.0,1.74999999422922,0,1
user_1538,7,144000.0,3600.0,1.8423709874063285,0,1
user_1539,5,189900.0,118800.0,1.3709505901265835,0,1
user_154,3,234000.0,190800.0,0.9182958311690995,0,1
user_1540,5,213300.0,151200.0,1.3709505901265835,0,1
user_1541,3,244800.0,223200.0,1.584962496393071,0,1
user_1542,5,199800.0,115200.0,1.9219280891165822,0,1
user_1543,2,230400.0,230400.0,-1.4426951595367387e-09,0,-1
user_1544,3,239400.0,234000.0,-1.4426951595367387e-09,0,-1
user_1545,73,0.200517375,0.114594,2.796531071115897,0,-1
user_1546,8,142457.14285714287,7200.0,1.9056390564587862,0,1
user_1547,2,295200.0,295200.0,0.99999999711461,0,-1
user_1548,2,291600.0,291600.0,0.99999999711461,0,-1
user_1549,3,246600.0,244800.0,0.9182958311690995,0,1
user_155,1,86400.0,86400.0,0.0,0,1
user_1550,6,169920.0,68400.0,1.792481244589798,0,1
user_1551,10,115200.0,14400.0,1.7219280891165822,0,1
user_1552,5,211500.0,122400.0,1.9219280891165822,0,1
user_1553,3,219600.0,190800.0,0.9182958311690995,0,1
user_1554,5,202500.0,136800.0,1.9219280891165822,0,1
user_1555,4,218400.0,201600.0,1.4999999956719148,0,1
user_1556,10,111200.0,28800.0,2.3709505857984983,1,1
user_1557,5,198000.0,100800.0,2.321928087673887,1,1
user_1558,3,243000.0,237600.0,0.9182958311690995,0,1
user_1559,1,86400.0,86400.0,0.0,0,1
user_156,10,114400.0,21600.0,1.360964043115596,0,1
user_1560,3,259200.0,255600.0,0.9182958311690995,0,1
user_1561,6,197280.0,104400.0,0.99999999711461,0,1
user_1562,10,133200.0,43200.0,1.8954618384675417,0,1
user_1563,9,129600.0,14400.0,2.1132833270813998,0,1
user_1564,1,86400.0,86400.0,0.0,0,1
user_1565,10,108000.0,21600.0,2.1219280876738873,0,1
user_1566,7,159000.0,54000.0,1.8423709874063285,0,1
user_1567,10,126000.0,18000.0,2.0464393374575405,0,1
user_1568,2,291600.0,291600.0,0.99999999711461,1,-1
user_1569,1,86400.0,86400.0,0.0,0,1
user_157,3,228600.0,176400.0,0.9182958311690995,1,1
user_1570,2,270000.0,270000.0,0.99999999711461,1,1
user_1571,4,205200.0,165600.0,0.8112781215737428,0,1
user_1572,8,129085.71428571429,14400.0,1.2987949363673135,0,1
user_1573,7,142200.0,18000.0,1.8423709874063285,0,1
user_1574,1,86400.0,86400.0,0.0,0,1
user_1575,1,86400.0,86400.0,0.0,0,1
user_1576,2,295200.0,295200.0,0.99999999711461,0,-1
user_1577,10,122800.0,18000.0,1.5709505886838886,0,1
user_1578,7,150600.0,68400.0,1.664497773429681,1,1
user_1579,3,234000.0,205200.0,0.9182958311690995,0,1
user_158,45,0.19862038636363638,0.136737,2.698047648665987,0,-1
user_1580,7,152400.0,75600.0,2.2359263434155574,0,1
user_1581,10,120400.0,32400.0,1.6854752914565543,0,1
user_1582,3,270000.0,252000.0,0.9182958311690995,0,1
user_1583,5,207000.0,136800.0,1.9219280891165822,1,1
user_1584,55,0.19969866666666666,0.13173,2.7117142742639473,0,-1
user_1585,3,216000.0,187200.0,1.584962496393071,0,1
user_1586,7,163200.0,72000.0,1.3787834891580906,0,1
user_1587,3,230400.0,176400.0,1.584962496393071,0,1
user_1588,75,0.19916391891891894,0.108333,2.7860444608255865,0,-1
user_1589,6,186480.0,90000.0,1.4591479126991596,1,1
user_159,7,139200.0,46800.0,1.950212059143967,0,1
user_1590,3,239400.0,234000.0,0.9182958311690995,0,1
user_1591,36,0.20004765714285713,0.115113,2.5786968659227725,0,1
user_1592,31,0.20047890000000004,0.109587,2.470527962878624,0,-1
user_1593,4,213600.0,172800.0,0.8112781215737428,0,1
user_1594,6,168480.0,75600.0,1.4591479126991596,0,1
user_1595,6,152640.0,79200.0,1.792481244589798,0,1
user_1596,4,206400.0,158400.0,0.8112781215737428,0,1
user_1597,1,86400.0,86400.0,0.0,0,1
user_1598,1,86400.0,86400.0,0.0,0,1
user_1599,1,86400.0,86400.0,0.0,0,1
user_16,3,235800.0,223200.0,1.584962496393071,0,1
user_160,5,180000.0,93600.0,1.3709505901265835,0,1
user_1600,6,170640.0,57600.0,0.9182958311690995,1,1
user_1601,1,86400.0,86400.0,0.0,0,1
user_1602,6,169200.0,104400.0,1.9182958282837093,0,1
user_1603,9,116100.0,18000.0,1.224394441077901,0,1
user_1604,33,0.19900737500000001,0.107087,2.5133096429649973,0,-1
user_1605,2,230400.0,230400.0,0.99999999711461,0,1
user_1606,5,210600.0,151200.0,1.3709505901265835,0,1
user_1607,2,252000.0,252000.0,0.99999999711461,0,1
user_1608,8,135257.14285714287,43200.0,2.155639055016091,0,1
user_1609,9,117000.0,7200.0,2.197159716210674,0,1
user_161,5,207000.0,108000.0,1.5219280905592771,0,1
user_1610,1,86400.0,86400.0,0.0,0,1
user_1611,9,133200.0,14400.0,1.8365916623381988,0,1
user_1612,42,0.19873031707317074,0.113897,2.7705147264432317,0,1
user_1613,8,135771.42857142858,10800.0,1.4056390579014812,0,1
user_1614,4,217200.0,180000.0,1.9999999942292197,0,1
user_1615,2,284400.0,284400.0,-1.4426951595367387e-09,0,-1
user_1616,9,118350.0,7200.0,1.8910611063018725,0,1
user_1617,3,241200.0,226800.0,0.9182958311690995,0,1
user_1618,2,277200.0,277200.0,0.99999999711461,0,1
user_1619,4,229200.0,162000.0,1.4999999956719148,1,1
user_162,3,228600.0,226800.0,0.9182958311690995,1,1
user_1620,8,144514.2857142857,25200.0,1.9056390564587862,0,1
user_1621,3,234000.0,201600.0,-1.4426951595367387e-09,0,-1
user_1622,68,0.2001398507462687,0.12183,2.727764882533787,0,-1
user_1623,7,166800.0,68400.0,1.4488156313970995,0,1
user_1624,9,117900.0,14400.0,1.8365916623381988,0,1
user_1625,78,0.19943012987012987,0.121945,2.776467043841221,0,-1
user_1626,5,189000.0,115200.0,1.9219280891165822,1,1
user_1627,76,0.20001372,0.11353,2.743481817911962,0,-1
user_1628,4,234000.0,205200.0,0.99999999711461,0,1
user_1629,8,157885.7142857143,28800.0,2.155639055016091,0,1
user_163,10,116800.0,7200.0,2.1709505872411934,0,1
user_1630,3,239400.0,201600.0,1.584962496393071,0,1
user_1631,2,266400.0,266400.0,0.99999999711461,0,1
user_1632,6,156960.0,57600.0,1.792481244589798,0,1
user_1633,74,0.19995578082191784,0.116137,2.76889700477226,0,-1
user_1634,9,132300.0,3600.0,2.197159716210674,0,1
user_1635,1,86400.0,86400.0,0.0,0,1
user_1636,6,166320.0,75600.0,1.9182958282837093,0,1
user_1637,1,86400.0,86400.0,0.0,0,1
user_1638,26,0.19869823999999997,0.114518,2.7241290163016827,0,-1
user_1639,9,134100.0,25200.0,2.197159716210674,0,1
user_164,2,291600.0,291600.0,0.99999999711461,0,-1
user_1640,1,86400.0,86400.0,0.0,0,1
user_1641,7,146400.0,50400.0,1.8423709874063285,0,1
user_1642,10,110000.0,28800.0,2.1219280876738873,1,1
user_1643,8,141942.85714285713,43200.0,2.155639055016091,0,1
user_1644,64,0.19996749206349207,0.123355,2.7684943907965667,0,1
user_1645,4,198000.0,176400.0,1.9999999942292197,0,1
user_1646,48,0.20133861702127662,0.115452,2.694497398506762,0,1
user_1647,50,0.20087022448979588,0.104501,2.6575314321328336,0,-1
user_1648,10,125600.0,36000.0,1.8464393389002354,1,1
user_1649,10,122400.0,14400.0,1.8464393389002354,1,1
user_165,6,186480.0,111600.0,1.4591479126991596,0,1
user_1650,3,250200.0,219600.0,0.9182958311690995,0,1
user_1651,5,180900.0,100800.0,1.9219280891165822,1,1
user_1652,3,270000.0,248400.0,1.584962496393071,0,-1
user_1653,8,128057.14285714286,25200.0,0.99999999711461,0,1
user_1654,28,0.19836692592592595,0.112546,2.682928359981452,0,-1
user_1655,10,108000.0,7200.0,1.5219280905592771,0,1
user_1656,3,223200.0,176400.0,0.9182958311690995,0,1
user_1657,3,235800.0,219600.0,1.584962496393071,0,1
user_1658,4,225600.0,187200.0,1.9999999942292197,0,1
user_1659,4,207600.0,154800.0,1.4999999956719148,0,1
user_166,56,0.19920563636363636,0.12184,2.7614039530296015,0,1
user_1660,6,167760.0,126000.0,1.9182958282837093,0,1
user_1661,9,131850.0,18000.0,2.419381936990201,0,1
user_1662,4,224400.0,172800.0,0.99999999711461,0,1
user_1663,3,232200.0,180000.0,1.584962496393071,0,1
user_1664,8,152742.85714285713,57600.0,1.9056390564587862,0,1
user_1665,8,130628.57142857143,7200.0,1.74999999422922,0,1
user_1666,4,230400.0,169200.0,1.9999999942292197,0,1
user_1667,9,108000.0,7200.0,2.197159716210674,0,1
user_1668,5,201600.0,122400.0,1.9219280891165822,0,1
user_1669,80,0.2000531772151899,0.114767,2.747478299212942,0,-1
user_167,1,86400.0,86400.0,0.0,0,1
user_1670,10,132000.0,39600.0,2.1219280876738873,0,1
user_1671,8,129600.0,43200.0,1.74999999422922,0,1
user_1672,4,200400.0,144000.0,0.99999999711461,0,1
user_1673,3,243000.0,208800.0,1.584962496393071,0,1
user_1674,69,0.1991113676470588,0.102359,2.750325073272062,0,-1
user_1675,6,150480.0,46800.0,0.9182958311690995,0,1
user_1676,8,153257.14285714287,25200.0,2.155639055016091,1,1
user_1677,2,266400.0,266400.0,0.99999999711461,0,1
user_1678,4,213600.0,136800.0,1.4999999956719148,0,1
user_1679,28,0.2020441481481481,0.124108,2.667492520498252,0,-1
user_168,2,262800.0,262800.0,-1.4426951595367387e-09,0,-1
user_1680,67,0.19934145454545457,0.115016,2.721975293515631,0,1
user_1681,10,129600.0,3600.0,1.5219280905592771,0,1
user_1682,8,144000.0,54000.0,1.5612781201310477,0,1
user_1683,6,187920.0,61200.0,1.4591479126991596,0,1
user_1684,70,0.19961979710144925,0.104725,2.7175220294343934,0,-1
user_1685,6,162000.0,57600.0,1.9182958282837093,0,1
user_1686,1,86400.0,86400.0,0.0,0,1
user_1687,3,225000.0,187200.0,1.584962496393071,0,1
user_1688,5,189000.0,133200.0,1.5219280905592771,0,1
user_1689,1,86400.0,86400.0,0.0,0,1
user_169,3,257400.0,223200.0,0.9182958311690995,0,1
user_1690,6,177120.0,82800.0,1.2516291630597378,0,1
user_1691,1,86400.0,86400.0,0.0,0,1
user_1692,10,119600.0,10800.0,1.8464393389002354,0,1
user_1693,3,243000.0,219600.0,1.584962496393071,0,1
user_1694,2,234000.0,234000.0,-1.4426951595367387e-09,0,-1
user_1695,7,157200.0,75600.0,1.3787834891580906,0,1
user_1696,2,280800.0,280800.0,-1.4426951595367387e-09,0,-1
user_1697,25,0.20108204166666668,0.121529,2.6276013014131916,0,1
user_1698,7,159600.0,43200.0,1.3787834891580906,0,1
user_1699,2,226800.0,226800.0,0.99999999711461,0,1
user_17,8,142457.14285714287,36000.0,1.2987949363673135,0,1
user_170,2,223200.0,223200.0,-1.4426951595367387e-09,0,-1
user_1700,6,194400.0,115200.0,0.9182958311690995,0,1
user_1701,5,194400.0,126000.0,0.9709505915692787,0,1
user_1702,8,144000.0,54000.0,1.9056390564587862,0,1
user_1703,6,182160.0,108000.0,1.2516291630597378,1,1
user_1704,4,224400.0,212400.0,1.4999999956719148,0,1
user_1705,10,117600.0,18000.0,2.0464393374575405,0,1
user_1706,5,208800.0,118800.0,0.7219280920019722,0,1
user_1707,10,126000.0,28800.0,1.5219280905592771,0,1
user_1708,4,210000.0,176400.0,1.4999999956719148,0,1
user_1709,2,230400.0,230400.0,0.99999999711461,0,1
user_171,4,204000.0,183600.0,0.99999999711461,1,1
user_1710,10,133200.0,32400.0,1.2954618399102367,0,1
user_1711,7,147000.0,10800.0,1.664497773429681,1,1
user_1712,5,201600.0,118800.0,1.9219280891165822,1,1
user_1713,42,0.19997807317073168,0.130874,2.7248882492987754,0,1
user_1714,7,147600.0,79200.0,1.664497773429681,0,1
user_1715,7,148200.0,25200.0,1.3787834891580906,0,1
user_1716,6,164880.0,46800.0,1.4591479126991596,0,1
user_1717,6,182880.0,100800.0,1.4591479126991596,0,1
user_1718,1,86400.0,86400.0,0.0,0,1
user_1719,1,86400.0,86400.0,0.0,0,1
user_172,1,86400.0,86400.0,0.0,0,1
user_1720,9,133200.0,18000.0,2.197159716210674,0,1
user_1721,7,156000.0,54000.0,1.8423709874063285,0,1
user_1722,7,141600.0,46800.0,0.9852281331488615,0,1
user_1723,7,158400.0,57600.0,1.1488348499528316,0,1
user_1724,8,147085.7142857143,28800.0,1.9056390564587862,0,1
user_1725,5,172800.0,97200.0,1.9219280891165822,0,1
user_1726,7,142800.0,28800.0,1.3787834891580906,0,1
user_1727,2,298800.0,298800.0,-1.4426951595367387e-09,0,-1
user_1728,10,108000.0,10800.0,2.1709505872411934,0,1
user_1729,47,0.20054036956521734,0.103921,2.786227802019598,0,-1
user_173,6,180720.0,100800.0,1.2516291630597378,0,1
user_1730,9,115200.0,32400.0,1.8365916623381988,0,1
user_1731,2,291600.0,291600.0,0.99999999711461,0,-1
user_1732,6,160560.0,46800.0,1.4591479126991596,0,1
user_1733,4,218400.0,172800.0,0.8112781215737428,0,1
user_1734,3,237600.0,237600.0,0.9182958311690995,0,1
user_1735,8,137314.2857142857,36000.0,0.8112781215737428,0,1
user_1736,10,125200.0,7200.0,1.6854752914565543,0,1
user_1737,9,126450.0,54000.0,2.058813883117726,0,1
user_1738,5,185400.0,97200.0,0.7219280920019722,1,1
user_1739,2,248400.0,248400.0,0.99999999711461,1,1
user_174,5,181800.0,151200.0,1.9219280891165822,0,1
user_1740,6,176400.0,111600.0,1.792481244589798,1,1
user_1741,3,232200.0,230400.0,0.9182958311690995,0,1
user_1742,6,166320.0,54000.0,1.9182958282837093,0,1
user_1743,27,0.19893988461538464,0.122651,2.596343975861125,0,-1
user_1744,5,193500.0,97200.0,1.3709505901265835,0,1
user_1745,6,188640.0,122400.0,1.4591479126991596,1,1
user_1746,59,0.19952722413793106,0.111915,2.712349798830303,0,1
user_1747,35,0.19796491176470588,0.120393,2.7288255088174296,0,1
user_1748,8,141942.85714285713,46800.0,1.2987949363673135,0,1
user_1749,8,140400.0,36000.0,0.8112781215737428,0,1
user_175,2,291600.0,291600.0,-1.4426951595367387e-09,0,-1
user_1750,9,131400.0,7200.0,1.7527152732089246,0,1
user_1751,2,230400.0,230400.0,0.99999999711461,0,1
user_1752,3,225000.0,180000.0,0.9182958311690995,0,1
user_1753,40,0.19803594871794866,0.115289,2.622173562737482,0,-1
user_1754,3,221400.0,180000.0,1.584962496393071,0,1
user_1755,6,177120.0,54000.0,1.4591479126991596,0,1
user_1756,3,234000.0,226800.0,0.9182958311690995,0,1
user_1757,10,120000.0,10800.0,1.9219280891165822,0,1
user_1758,9,124200.0,21600.0,1.7527152732089246,0,1
user_1759,5,210600.0,158400.0,1.3709505901265835,1,1
user_176,10,114800.0,10800.0,2.0464393374575405,0,1
user_1760,10,108800.0,21600.0,2.24643933745754,0,1
user_1761,5,184500.0,115200.0,1.5219280905592771,0,1
user_1762,2,237600.0,237600.0,0.99999999711461,0,1
user_1763,10,113200.0,21600.0,2.24643933745754,0,1
user_1764,9,130500.0,28800.0,2.1132833270813998,0,1
user_1765,6,172800.0,75600.0,1.4591479126991596,0,1
user_1766,3,273600.0,255600.0,0.9182958311690995,0,1
user_1767,8,135771.42857142858,43200.0,2.249999992786525,0,1
user_1768,9,107550.0,18000.0,1.224394441077901,0,1
user_1769,3,226800.0,219600.0,1.584962496393071,0,1
user_177,3,235800.0,230400.0,0.9182958311690995,0,1
user_1770,8,138857.14285714287,39600.0,1.4056390579014812,0,1
user_1771,45,0.20039713636363637,0.128043,2.7096228756521894,0,1
user_1772,10,103200.0,10800.0,1.760964041672901,0,1
user_1773,2,295200.0,295200.0,0.99999999711461,0,-1
user_1774,4,196800.0,158400.0,1.9999999942292197,0,1
user_1775,40,0.20178676923076921,0.130326,2.772173562737482,0,-1
user_1776,49,0.19954172916666665,0.112806,2.738998294820739,0,1
user_1777,2,266400.0,266400.0,-1.4426951595367387e-09,0,-1
user_1778,10,118800.0,32400.0,2.446439336014845,1,1
user_1779,3,225000.0,223200.0,1.584962496393071,0,1
user_178,4,238800.0,169200.0,1.4999999956719148,0,1
user_1780,10,106400.0,3600.0,2.1709505872411934,0,1
user_1781,8,140914.2857142857,3600.0,2.249999992786525,0,1
user_1782,3,217800.0,205200.0,1.584962496393071,1,1
user_1783,10,110800.0,21600.0,1.5219280905592771,1,1
user_1784,5,198900.0,136800.0,1.5219280905592771,0,1
user_1785,1,86400.0,86400.0,0.0,1,1
user_1786,62,0.19926249180327865,0.124137,2.643668429938163,0,-1
user_1787,8,137314.2857142857,64800.0,2.49999999134383,0,1
user_1788,1,86400.0,86400.0,0.0,0,1
user_1789,5,203400.0,144000.0,1.3709505901265835,1,1
user_179,6,154800.0,46800.0,1.9182958282837093,1,1
user_1790,26,0.20020092,0.127114,2.757004130619888,0,-1
user_1791,2,288000.0,288000.0,0.99999999711461,0,-1
user_1792,3,261000.0,237600.0,1.584962496393071,0,1
user_1793,7,165600.0,54000.0,1.3787834891580906,0,1
user_1794,7,154800.0,7200.0,0.863120565681241,0,1
user_1795,6,163440.0,100800.0,1.9182958282837093,0,1
user_1796,70,0.2008864927536232,0.116173,2.738652240657549,0,-1
user_1797,5,180900.0,126000.0,1.9219280891165822,0,1
user_1798,6,184320.0,97200.0,1.792481244589798,0,1
user_1799,7,150600.0,54000.0,1.1488348499528316,0,1
user_18,74,0.19982931506849314,0.110179,2.7227593936999592,0,-1
user_180,8,148114.2857142857,61200.0,1.8112781186883526,0,1
user_1800,7,151800.0,10800.0,1.8423709874063285,0,1
user_1801,43,0.19907045238095236,0.122794,2.7572378615681554,0,1
user_1802,9,118350.0,7200.0,1.7527152732089246,0,1
user_1803,8,144514.2857142857,61200.0,1.4999999956719148,1,1
user_1804,8,142457.14285714287,61200.0,1.4056390579014812,0,1
user_1805,10,122400.0,32400.0,2.1219280876738873,1,1
user_1806,1,86400.0,86400.0,0.0,0,1
user_1807,6,164160.0,79200.0,1.4591479126991596,0,1
user_1808,6,165600.0,72000.0,2.2516291601743474,0,1
user_1809,9,115200.0,14400.0,1.8365916623381988,0,1
user_181,4,220800.0,136800.0,1.4999999956719148,0,1
user_1810,2,223200.0,223200.0,0.99999999711461,0,1
user_1811,10,111600.0,21600.0,1.960964040230206,0,1
user_1812,6,179280.0,57600.0,1.2516291630597378,0,1
user_1813,1,86400.0,86400.0,0.0,0,1
user_1814,5,195300.0,136800.0,1.9219280891165822,0,1
user_1815,4,218400.0,183600.0,1.9999999942292197,0,1
user_1816,4,213600.0,158400.0,1.4999999956719148,1,1
user_1817,3,234000.0,183600.0,1.584962496393071,0,1
user_1818,3,228600.0,219600.0,1.584962496393071,0,1
user_1819,10,90800.0,7200.0,2.0464393374575405,1,1
user_182,8,135257.14285714287,14400.0,1.2987949363673135,0,1
user_1820,5,194400.0,118800.0,1.9219280891165822,0,1
user_1821,1,86400.0,86400.0,0.0,0,1
user_1822,4,212400.0,154800.0,1.9999999942292197,0,1
user_1823,4,204000.0,147600.0,0.8112781215737428,0,1
user_1824,41,0.19869777500000002,0.115418,2.761884082627262,0,1
user_1825,2,255600.0,255600.0,0.99999999711461,0,1
user_1826,5,207900.0,129600.0,1.3709505901265835,0,1
user_1827,47,0.20107382608695654,0.129377,2.7261697571203145,0,1
user_1828,4,196800.0,151200.0,1.9999999942292197,0,1
user_1829,1,86400.0,86400.0,0.0,0,1
user_183,10,110400.0,14400.0,2.24643933745754,1,1
user_1830,4,213600.0,180000.0,0.8112781215737428,0,1
user_1831,8,144514.2857142857,36000.0,1.9056390564587862,1,1
user_1832,50,0.20133585714285712,0.114214,2.608188683945457,0,-1
user_1833,2,234000.0,234000.0,-1.4426951595367387e-09,0,-1
user_1834,8,134742.85714285713,57600.0,1.9999999927865248,0,1
user_1835,3,232200.0,176400.0,1.584962496393071,0,1
user_1836,8,151714.2857142857,50400.0,0.9544340000395749,1,1
user_1837,5,190800.0,126000.0,2.321928087673887,0,1
user_1838,6,178560.0,97200.0,1.792481244589798,0,1
user_1839,7,148800.0,3600.0,1.5566567031347378,0,1
user_184,9,128700.0,18000.0,1.6577427207341087,1,1
user_1840,6,170640.0,93600.0,1.2516291630597378,0,1
user_1841,8,136800.0,3600.0,1.4056390579014812,0,1
user_1842,3,217800.0,187200.0,1.584962496393071,0,1
user_1843,10,103600.0,18000.0,1.2954618399102367,0,1
user_1844,9,108900.0,10800.0,1.6577427207341087,0,1
user_1845,7,151800.0,61200.0,2.2359263434155574,0,1
user_1846,8,132171.42857142858,3600.0,1.9056390564587862,0,1
user_1847,5,196200.0,162000.0,1.9219280891165822,0,1
user_1848,3,210600.0,176400.0,-1.4426951595367387e-09,0,-1
user_1849,10,98400.0,14400.0,1.960964040230206,0,1
user_185,4,205200.0,133200.0,1.4999999956719148,0,1
user_1850,2,244800.0,244800.0,0.99999999711461,0,1
user_1851,4,210000.0,136800.0,1.9999999942292197,0,1
user_1852,3,217800.0,187200.0,0.9182958311690995,1,1
user_1853,8,150171.42857142858,46800.0,1.8112781186883526,0,1
user_1854,7,153600.0,46800.0,1.8423709874063285,1,1
user_1855,7,144600.0,72000.0,1.8423709874063285,1,1
user_1856,5,207900.0,100800.0,1.3709505901265835,0,1
user_1857,9,118800.0,39600.0,1.8910611063018725,0,1
user_1858,21,0.1960944,0.121148,2.7013757458071836,0,-1
user_1859,4,248400.0,198000.0,1.4999999956719148,0,1
user_186,10,126000.0,7200.0,1.2954618399102367,0,1
user_1860,2,234000.0,234000.0,0.99999999711461,1,1
user_1861,8,138342.85714285713,14400.0,2.155639055016091,0,1
user_1862,41,0.199663325,0.112958,2.761884082627262,0,1
user_1863,3,243000.0,205200.0,1.584962496393071,0,1
user_1864,6,172800.0,79200.0,1.2516291630597378,1,1
user_1865,9,129150.0,28800.0,2.5032583261194756,0,1
user_1866,8,114171.42857142857,7200.0,1.8112781186883526,0,1
user_1867,8,145028.57142857142,54000.0,2.155639055016091,0,1
user_1868,6,169920.0,111600.0,1.792481244589798,0,1
user_1869,26,0.20069236000000001,0.112115,2.5900256540700406,0,-1
user_187,3,255600.0,212400.0,0.9182958311690995,0,1
user_1870,2,298800.0,298800.0,-1.4426951595367387e-09,0,-1
user_1871,7,148800.0,32400.0,1.5566567031347378,0,1
user_1872,9,118800.0,7200.0,1.5304930524293974,1,1
user_1873,8,134742.85714285713,57600.0,2.49999999134383,0,1
user_1874,66,0.1996305846153846,0.103075,2.776724789963256,0,-1
user_1875,7,153000.0,36000.0,1.4488156313970995,0,1
user_1876,31,0.19926123333333334,0.10406,2.7772948985020736,0,-1
user_1877,10,120000.0,28800.0,0.9709505915692787,0,1
user_1878,8,152742.85714285713,64800.0,1.74999999422922,0,1
user_1879,7,162000.0,54000.0,1.3787834891580906,0,1
user_188,68,0.19970797014925373,0.107648,2.75084687913168,0,-1
user_1880,52,0.19985354901960778,0.122821,2.7654517971743178,0,1
user_1881,3,237600.0,212400.0,1.584962496393071,0,1
user_1882,1,86400.0,86400.0,0.0,1,1
user_1883,7,145800.0,54000.0,1.664497773429681,1,1
user_1884,6,166320.0,61200.0,1.9182958282837093,0,1
user_1885,10,121200.0,3600.0,2.0464393374575405,0,1
user_1886,71,0.20010667142857144,0.112885,2.7476016957153924,0,1
user_1887,3,230400.0,176400.0,1.584962496393071,0,1
user_1888,5,197100.0,136800.0,0.9709505915692787,0,1
user_1889,51,0.20145311999999996,0.109169,2.689445962468204,0,-1
user_189,8,141428.57142857142,25200.0,1.8112781186883526,0,1
user_1890,7,170400.0,79200.0,1.8423709874063285,0,1
user_1891,34,0.20056681818181815,0.13498,2.6781643911251907,0,-1
user_1892,2,298800.0,298800.0,0.99999999711461,0,-1
user_1893,5,189000.0,154800.0,1.3709505901265835,0,1
user_1894,67,0.2008728787878788,0.120471,2.6221940224140723,0,-1
user_1895,1,86400.0,86400.0,0.0,0,1
user_1896,8,117257.14285714286,21600.0,1.8112781186883526,0,1
user_1897,6,170640.0,61200.0,2.584962492064986,0,1
user_1898,10,141200.0,50400.0,1.4854752928992492,0,1
user_1899,47,0.19998645652173913,0.116833,2.5604445380028706,0,-1
user_19,3,253800.0,234000.0,0.9182958311690995,0,1
user_190,6,192960.0,108000.0,1.9182958282837093,0,1
user_1900,4,229200.0,176400.0,0.8112781215737428,0,1
user_1901,10,109200.0,18000.0,2.0464393374575405,0,1
user_1902,58,0.20130801754385966,0.111465,2.720165678388944,0,1
user_1903,2,288000.0,288000.0,-1.4426951595367387e-09,1,-1
user_1904,6,169200.0,104400.0,1.4591479126991596,0,1
user_1905,2,298800.0,298800.0,0.99999999711461,0,-1
user_1906,10,124000.0,7200.0,1.2954618399102367,0,1
user_1907,3,225000.0,194400.0,1.584962496393071,0,1
user_1908,1,86400.0,86400.0,0.0,0,1
user_1909,10,114400.0,21600.0,2.1219280876738873,0,1
user_191,5,182700.0,126000.0,1.5219280905592771,1,1
user_1910,4,206400.0,147600.0,1.4999999956719148,0,1
user_1911,38,0.199545027027027,0.125979,2.640314075853466,0,-1
user_1912,2,255600.0,255600.0,-1.4426951595367387e-09,1,-1
user_1913,7,133200.0,25200.0,1.3787834891580906,0,1
user_1914,10,118400.0,25200.0,2.0464393374575405,0,1
user_1915,6,181440.0,118800.0,0.9182958311690995,0,1
user_1916,7,144000.0,14400.0,1.8423709874063285,0,1
user_1917,5,215100.0,140400.0,1.5219280905592771,1,1
user_1918,5,226800.0,162000.0,1.3709505901265835,0,1
user_1919,1,86400.0,86400.0,0.0,0,1
user_192,9,114300.0,14400.0,1.5304930524293974,1,1
user_1920,9,130050.0,43200.0,1.8910611063018725,0,1
user_1921,9,118800.0,3600.0,1.7527152732089246,0,1
user_1922,8,126000.0,61200.0,1.5487949349246184,0,1
user_1923,2,234000.0,234000.0,0.99999999711461,0,1
user_1924,32,0.1995050322580645,0.126793,2.6748008662584253,0,1
user_1925,8,125485.71428571429,14400.0,1.74999999422922,0,1
user_1926,1,86400.0,86400.0,0.0,0,1
user_1927,6,158400.0,75600.0,1.792481244589798,0,1
user_1928,7,148200.0,25200.0,1.8423709874063285,0,1
user_1929,4,226800.0,169200.0,1.4999999956719148,0,1
user_193,6,173520.0,82800.0,1.9182958282837093,0,1
user_1930,7,136200.0,7200.0,1.8423709874063285,0,1
user_1931,9,106650.0,14400.0,1.5304930524293974,0,1
user_1932,6,175680.0,108000.0,1.4591479126991596,0,1
user_1933,9,110250.0,3600.0,1.446616661857428,0,1
user_1934,5,193500.0,136800.0,1.9219280891165822,0,1
user_1935,7,149400.0,57600.0,0.863120565681241,0,1
user_1936,7,160200.0,46800.0,1.8423709874063285,0,1
user_1937,5,201600.0,162000.0,1.3709505901265835,1,1
user_1938,5,187200.0,136800.0,1.9219280891165822,0,1
user_1939,3,257400.0,234000.0,0.9182958311690995,0,1
user_194,6,167040.0,100800.0,2.584962492064986,0,1
user_1940,71,0.20079144285714282,0.114774,2.7323496626880526,0,-1
user_1941,4,212400.0,140400.0,0.99999999711461,0,1
user_1942,8,141942.85714285713,54000.0,1.9056390564587862,0,1
user_1943,3,225000.0,180000.0,0.9182958311690995,0,1
user_1944,6,164160.0,90000.0,0.6500224187629642,0,1
user_1945,2,248400.0,248400.0,0.99999999711461,0,1
user_1946,3,223200.0,194400.0,1.584962496393071,0,1
user_1947,8,127028.57142857143,10800.0,1.4999999956719148,0,1
user_1948,4,243600.0,205200.0,1.4999999956719148,0,1
user_1949,7,135000.0,18000.0,1.4488156313970995,0,1
user_195,6,155520.0,72000.0,2.2516291601743474,0,1
user_1950,1,86400.0,86400.0,0.0,0,1
user_1951,7,148800.0,39600.0,1.3787834891580906,0,1
user_1952,7,142800.0,43200.0,1.664497773429681,0,1
user_1953,7,154800.0,43200.0,1.8423709874063285,0,1
user_1954,8,131142.85714285713,18000.0,0.99999999711461,0,1
user_1955,4,230400.0,180000.0,0.8112781215737428,0,1
user_1956,1,86400.0,86400.0,0.0,0,1
user_1957,10,119600.0,39600.0,2.0464393374575405,0,1
user_1958,42,0.20216968292682927,0.12407,2.7569115342498804,0,-1
user_1959,6,182160.0,108000.0,0.9182958311690995,0,1
user_196,2,259200.0,259200.0,0.99999999711461,0,1
user_1960,5,202500.0,140400.0,0.9709505915692787,0,1
user_1961,8,141428.57142857142,46800.0,0.9544340000395749,0,1
user_1962,9,115650.0,18000.0,2.058813883117726,0,1
user_1963,2,226800.0,226800.0,0.99999999711461,1,1
user_1964,62,0.20104780327868849,0.108109,2.751707998357573,0,-1
user_1965,10,116400.0,7200.0,2.0464393374575405,0,1
user_1966,8,162514.2857142857,79200.0,1.74999999422922,0,1
user_1967,4,194400.0,144000.0,1.9999999942292197,0,1
user_1968,1,86400.0,86400.0,0.0,0,1
user_1969,1,86400.0,86400.0,0.0,0,1
user_197,10,108800.0,7200.0,1.6854752914565543,0,1
user_1970,9,117450.0,25200.0,1.7527152732089246,0,1
user_1971,3,212400.0,180000.0,1.584962496393071,0,1
user_1972,4,210000.0,140400.0,1.4999999956719148,0,1
user_1973,6,172800.0,90000.0,0.6500224187629642,0,1
user_1974,8,135771.42857142858,25200.0,1.9999999927865248,0,1
user_1975,2,280800.0,280800.0,0.99999999711461,0,1
user_1976,64,0.19993687301587296,0.112241,2.7425365224784004,0,1
user_1977,2,226800.0,226800.0,0.99999999711461,0,1
user_1978,6,186480.0,111600.0,1.4591479126991596,0,1
user_1979,7,148800.0,43200.0,0.9852281331488615,0,1
user_198,1,86400.0,86400.0,0.0,0,1
user_1980,5,194400.0,158400.0,2.321928087673887,0,1
user_1981,8,128057.14285714286,3600.0,1.4056390579014812,0,1
user_1982,24,0.19980726086956527,0.119388,2.6462406150814237,0,1
user_1983,65,0.19851945312500002,0.113154,2.702241577812835,0,-1
user_1984,8,148628.57142857142,64800.0,2.49999999134383,0,1
user_1985,4,237600.0,212400.0,1.4999999956719148,0,1
user_1986,2,252000.0,252000.0,0.99999999711461,0,1
user_1987,8,133200.0,18000.0,1.5487949349246184,0,1
user_1988,49,0.20010639583333334,0.119516,2.78185269216992,0,1
user_1989,24,0.20028604347826082,0.109993,2.584295305997145,0,-1
user_199,6,162000.0,46800.0,0.6500224187629642,0,1
user_1990,7,148800.0,61200.0,2.2359263434155574,0,1
user_1991,3,214200.0,198000.0,0.9182958311690995,0,1
user_1992,7,154200.0,61200.0,2.2359263434155574,0,1
user_1993,4,235200.0,198000.0,1.4999999956719148,0,1
user_1994,10,114800.0,21600.0,2.0464393374575405,0,1
user_1995,2,266400.0,266400.0,0.99999999711461,0,1
user_1996,3,210600.0,190800.0,0.9182958311690995,0,1
user_1997,5,189000.0,118800.0,1.3709505901265835,1,1
user_1998,2,255600.0,255600.0,-1.4426951595367387e-09,0,-1
user_1999,10,119200.0,28800.0,1.2954618399102367,0,1
user_2,8,140914.2857142857,61200.0,1.9999999927865248,0,1
user_20,5,187200.0,129600.0,1.5219280905592771,1,1
user_200,30,0.19973275862068965,0.124969,2.5810760018157417,0,-1
user_2000,1,86400.0,86400.0,0.0,0,1
user_2001,79,0.20090110256410254,0.102775,2.6921568764350217,0,-1
user_2002,2,244800.0,244800.0,0.99999999711461,0,1
user_2003,10,120000.0,10800.0,2.521928086231192,0,1
user_2004,2,223200.0,223200.0,0.99999999711461,0,1
user_2005,1,86400.0,86400.0,0.0,0,1
user_2006,2,219600.0,219600.0,0.99999999711461,0,1
user_2007,9,129600.0,39600.0,1.5304930524293974,0,1
user_2008,10,110000.0,14400.0,1.7219280891165822,0,1
user_2009,9,126450.0,7200.0,2.058813883117726,0,1
user_201,10,118400.0,3600.0,1.7219280891165822,0,1
user_2010,1,86400.0,86400.0,0.0,1,1
user_2011,9,117900.0,3600.0,2.058813883117726,0,1
user_2012,8,146571.42857142858,43200.0,1.4056390579014812,0,1
user_2013,7,142200.0,21600.0,2.2359263434155574,1,1
user_2014,7,145200.0,3600.0,1.3787834891580906,0,1
user_2015,7,151800.0,68400.0,2.2359263434155574,0,1
user_2016,10,125200.0,25200.0,1.360964043115596,0,1
user_2017,7,134400.0,46800.0,1.3787834891580906,0,1
user_2018,8,124457.14285714286,3600.0,1.2987949363673135,0,1
user_2019,9,107100.0,7200.0,1.8910611063018725,0,1
user_202,3,217800.0,183600.0,1.584962496393071,0,1
user_2020,6,175680.0,104400.0,1.2516291630597378,0,1
user_2021,2,284400.0,284400.0,0.99999999711461,0,-1
user_2022,7,156000.0,79200.0,1.664497773429681,0,1
user_2023,2,241200.0,241200.0,-1.4426951595367387e-09,1,-1
user_2024,37,0.19861994444444442,0.128117,2.7622820732602382,0,1
user_2025,7,141600.0,21600.0,1.4488156313970995,0,1
user_2026,7,143400.0,25200.0,0.9852281331488615,0,1
user_2027,7,164400.0,72000.0,1.3787834891580906,0,1
user_2028,10,117200.0,32400.0,2.321928086231192,0,1
user_2029,5,192600.0,144000.0,0.9709505915692787,0,1
user_203,8,140914.2857142857,18000.0,0.9544340000395749,0,1
user_2030,9,135900.0,25200.0,2.5032583261194756,1,1
user_2031,4,204000.0,169200.0,0.99999999711461,0,1
user_2032,10,122000.0,14400.0,2.0464393374575405,0,1
user_2033,7,139800.0,39600.0,2.2359263434155574,0,1
user_2034,4,194400.0,147600.0,0.99999999711461,0,1
user_2035,1,86400.0,86400.0,0.0,0,1
user_2036,10,118800.0,21600.0,2.0464393374575405,0,1
user_2037,58,0.19952710526315792,0.112014,2.7734491268771078,0,1
user_2038,2,270000.0,270000.0,0.99999999711461,0,1
user_2039,1,86400.0,86400.0,0.0,0,1
user_204,8,149142.85714285713,43200.0,1.9056390564587862,1,1
user_2040,10,123200.0,32400.0,2.446439336014845,1,1
user_2041,36,0.19932399999999997,0.132185,2.6531650209510085,0,-1
user_2042,2,277200.0,277200.0,-1.4426951595367387e-09,0,-1
user_2043,8,134228.57142857142,46800.0,1.8112781186883526,0,1
user_2044,3,244800.0,237600.0,1.584962496393071,0,1
user_2045,26,0.19721771999999999,0.122909,2.6762400740772008,0,-1
user_2046,4,228000.0,158400.0,1.4999999956719148,0,1
user_2047,10,128400.0,18000.0,1.8464393389002354,0,1
user_2048,8,125485.71428571429,3600.0,1.5612781201310477,0,1
user_2049,8,123942.85714285714,25200.0,1.2987949363673135,0,1
user_205,6,167760.0,90000.0,1.2516291630597378,0,1
user_2050,8,138857.14285714287,64800.0,2.155639055016091,0,1
user_2051,5,202500.0,100800.0,1.3709505901265835,0,1
user_2052,3,221400.0,190800.0,1.584962496393071,1,1
user_2053,5,207000.0,162000.0,2.321928087673887,0,1
user_2054,4,214800.0,133200.0,1.9999999942292197,0,1
user_2055,7,144000.0,7200.0,1.8423709874063285,0,1
user_2056,1,86400.0,86400.0,0.0,0,1
user_2057,2,234000.0,234000.0,0.99999999711461,0,1
user_2058,9,126000.0,10800.0,1.8365916623381988,0,1
user_2059,8,150171.42857142858,3600.0,1.74999999422922,0,1
user_206,8,144514.2857142857,43200.0,2.4056390535733962,1,1
user_2060,34,0.20007324242424246,0.120544,2.5156412312625305,0,-1
user_2061,10,100800.0,7200.0,1.9709505886838885,0,1
user_2062,2,255600.0,255600.0,-1.4426951595367387e-09,0,-1
user_2063,40,0.19966351282051284,0.105457,2.740068249858875,0,1
user_2064,10,104800.0,32400.0,1.8464393389002354,0,1
user_2065,3,235800.0,226800.0,0.9182958311690995,0,1
user_2066,6,180720.0,122400.0,1.9182958282837093,0,1
user_2067,1,86400.0,86400.0,0.0,0,1
user_2068,28,0.20356251851851848,0.119164,2.6369656286313465,0,-1
user_2069,8,134742.85714285713,14400.0,2.49999999134383,0,1
user_207,23,0.19914863636363636,0.137702,2.403784229915474,0,-1
user_2070,7,143400.0,50400.0,1.8423709874063285,0,1
user_2071,5,199800.0,140400.0,1.9219280891165822,0,1
user_2072,9,125550.0,43200.0,1.446616661857428,0,1
user_2073,50,0.19996006122448978,0.124927,2.749360534314512,0,1
user_2074,2,277200.0,277200.0,0.99999999711461,0,1
user_2075,1,86400.0,86400.0,0.0,0,1
user_2076,34,0.20068124242424243,0.155334,2.50955869904134,0,-1
user_2077,1,86400.0,86400.0,0.0,0,1
user_2078,6,177120.0,118800.0,1.2516291630597378,0,1
user_2079,10,106000.0,7200.0,2.0464393374575405,0,1
user_208,1,86400.0,86400.0,0.0,0,1
user_2080,4,220800.0,208800.0,0.8112781215737428,0,1
user_2081,7,132600.0,50400.0,1.3787834891580906,0,1
user_2082,5,198900.0,158400.0,1.5219280905592771,0,1
user_2083,3,250200.0,241200.0,1.584962496393071,0,1
user_2084,8,148628.57142857142,36000.0,1.8112781186883526,0,1
user_2085,36,0.20135714285714287,0.127835,2.636581672564616,0,-1
user_2086,4,208800.0,187200.0,0.8112781215737428,0,1
user_2087,10,120000.0,3600.0,1.360964043115596,0,1
user_2088,55,0.2007887407407408,0.119627,2.6106130686387043,0,-1
user_2089,1,86400.0,86400.0,0.0,0,1
user_209,7,158400.0,50400.0,1.3787834891580906,0,1
user_2090,1,86400.0,86400.0,0.0,0,1
user_2091,57,0.2006744642857143,0.118092,2.71241131401087,0,1
user_2092,7,165000.0,57600.0,1.3787834891580906,0,1
user_2093,9,125100.0,14400.0,0.9182958311690995,1,1
user_2094,10,105600.0,14400.0,2.1709505872411934,0,1
user_2095,5,177300.0,144000.0,1.3709505901265835,0,1
user_2096,3,243000.0,241200.0,0.9182958311690995,0,1
user_2097,4,194400.0,140400.0,1.4999999956719148,0,1
user_2098,2,259200.0,259200.0,0.99999999711461,0,1
user_2099,4,202800.0,176400.0,0.8112781215737428,0,1
user_21,5,200700.0,151200.0,2.321928087673887,0,1
user_210,5,189900.0,97200.0,1.9219280891165822,0,1
user_2100,1,86400.0,86400.0,0.0,0,1
user_2101,8,140914.2857142857,54000.0,2.155639055016091,1,1
user_2102,6,163440.0,93600.0,2.2516291601743474,0,1
user_2103,31,0.1981188,0.118799,2.7074627360381855,0,1
user_2104,5,201600.0,147600.0,1.9219280891165822,0,1
user_2105,3,237600.0,180000.0,0.9182958311690995,1,1
user_2106,1,86400.0,86400.0,0.0,0,1
user_2107,6,174960.0,68400.0,1.792481244589798,0,1
user_2108,10,132800.0,25200.0,1.8464393389002354,0,1
user_2109,7,150600.0,79200.0,2.2359263434155574,0,1
user_211,3,255600.0,234000.0,0.9182958311690995,0,1
user_2110,5,204300.0,158400.0,1.3709505901265835,0,1
user_2111,4,216000.0,180000.0,1.4999999956719148,0,1
user_2112,4,229200.0,172800.0,0.8112781215737428,0,1
user_2113,9,128250.0,25200.0,2.058813883117726,0,1
user_2114,9,133200.0,18000.0,2.1132833270813998,0,1
user_2115,10,123200.0,14400.0,2.1219280876738873,0,1
user_2116,5,192600.0,93600.0,1.3709505901265835,0,1
user_2117,2,219600.0,219600.0,0.99999999711461,0,1
user_2118,2,248400.0,248400.0,-1.4426951595367387e-09,0,-1
user_2119,7,151200.0,39600.0,0.9852281331488615,0,1
user_212,6,175680.0,126000.0,2.2516291601743474,0,1
user_2120,9,132750.0,10800.0,1.8365916623381988,0,1
user_2121,1,86400.0,86400.0,0.0,0,1
user_2122,4,187200.0,151200.0,0.99999999711461,0,1
user_2123,9,130500.0,39600.0,1.446616661857428,0,1
user_2124,6,168480.0,90000.0,1.584962496393071,0,1
user_2125,5,200700.0,126000.0,1.3709505901265835,0,1
user_2126,3,237600.0,223200.0,0.9182958311690995,0,1
user_2127,9,117450.0,10800.0,1.446616661857428,0,1
user_2128,10,111600.0,3600.0,1.6854752914565543,0,1
user_2129,79,0.1988774615384615,0.105877,2.7411660422254274,0,-1
user_213,5,184500.0,93600.0,2.321928087673887,0,1
user_2130,9,131850.0,18000.0,1.224394441077901,0,1
user_2131,5,181800.0,144000.0,1.3709505901265835,0,1
user_2132,9,126000.0,32400.0,1.8910611063018725,0,1
user_2133,8,126000.0,7200.0,1.9999999927865248,0,1
user_2134,3,214200.0,208800.0,1.584962496393071,0,1
user_2135,1,86400.0,86400.0,0.0,0,1
user_2136,7,153000.0,43200.0,1.3787834891580906,0,1
user_2137,4,220800.0,169200.0,1.4999999956719148,0,1
user_2138,6,190080.0,118800.0,1.792481244589798,0,1
user_2139,4,240000.0,208800.0,0.99999999711461,0,1
user_214,5,185400.0,122400.0,1.3709505901265835,0,1
user_2140,1,86400.0,86400.0,0.0,0,1
user_2141,6,169200.0,57600.0,1.9182958282837093,0,1
user_2142,1,86400.0,86400.0,0.0,0,1
user_2143,60,0.20107930508474575,0.105965,2.7367479081053556,0,-1
user_2144,38,0.2007168918918919,0.104859,2.64766434675328,0,-1
user_2145,3,217800.0,190800.0,-1.4426951595367387e-09,0,-1
user_2146,33,0.19957846875,0.130251,2.72983227872614,0,1
user_2147,3,226800.0,201600.0,0.9182958311690995,0,1
user_2148,3,223200.0,205200.0,0.9182958311690995,0,1
user_2149,9,130950.0,32400.0,2.058813883117726,0,1
user_215,7,151200.0,64800.0,1.950212059143967,0,1
user_2150,10,113600.0,25200.0,1.1567796451189545,0,1
user_2151,4,224400.0,165600.0,0.99999999711461,0,1
user_2152,3,228600.0,205200.0,0.9182958311690995,0,1
user_2153,37,0.1996325,0.128897,2.663593304222313,0,1
user_2154,1,86400.0,86400.0,0.0,0,1
user_2155,4,235200.0,180000.0,0.8112781215737428,1,1
user_2156,3,244800.0,212400.0,1.584962496393071,0,1
user_2157,10,123200.0,18000.0,1.9709505886838885,0,1
user_2158,7,135600.0,3600.0,2.2359263434155574,1,1
user_2159,69,0.20010976470588235,0.107896,2.7541636906646074,0,-1
user_216,3,214200.0,208800.0,1.584962496393071,0,1
user_2160,3,216000.0,176400.0,0.9182958311690995,0,1
user_2161,7,157200.0,75600.0,2.128085271677919,0,1
user_2162,10,114400.0,21600.0,2.0464393374575405,0,1
user_2163,10,118800.0,25200.0,1.6854752914565543,0,1
user_2164,9,112050.0,3600.0,2.058813883117726,0,1
user_2165,60,0.20143823728813562,0.12195,2.7346959391788945,0,-1
user_2166,4,190800.0,144000.0,1.4999999956719148,0,1
user_2167,54,0.20046015094339625,0.116663,2.690927525004086,0,1
user_2168,1,86400.0,86400.0,0.0,0,1
user_2169,1,86400.0,86400.0,0.0,1,1
user_217,3,230400.0,205200.0,1.584962496393071,0,1
user_2170,34,0.20217366666666664,0.11542,2.6772176281492923,0,-1
user_2171,8,136285.7142857143,28800.0,1.4999999956719148,0,1
user_2172,8,142971.42857142858,28800.0,2.249999992786525,0,1
user_2173,6,172080.0,111600.0,0.6500224187629642,0,1
user_2174,9,124650.0,21600.0,1.5304930524293974,0,1
user_2175,5,197100.0,115200.0,1.5219280905592771,0,1
user_2176,7,147600.0,10800.0,1.4488156313970995,0,1
user_2177,4,188400.0,151200.0,1.4999999956719148,0,1
user_2178,5,187200.0,93600.0,1.5219280905592771,0,1
user_2179,5,206100.0,147600.0,2.321928087673887,0,1
user_218,6,168480.0,50400.0,1.9182958282837093,0,1
user_2180,10,112000.0,18000.0,1.8464393389002354,0,1
user_2181,1,86400.0,86400.0,0.0,0,1
user_2182,2,280800.0,280800.0,-1.4426951595367387e-09,0,-1
user_2183,5,197100.0,154800.0,1.3709505901265835,0,1
user_2184,24,0.20056113043478263,0.123159,2.685637118727545,0,1
user_2185,9,124200.0,50400.0,2.197159716210674,0,1
user_2186,9,127800.0,21600.0,2.197159716210674,0,1
user_2187,8,136285.7142857143,36000.0,2.155639055016091,0,1
user_2188,4,211200.0,140400.0,1.4999999956719148,0,1
user_2189,2,262800.0,262800.0,0.99999999711461,0,1
user_219,6,185040.0,61200.0,1.584962496393071,0,1
user_2190,7,162000.0,61200.0,1.8423709874063285,0,1
user_2191,10,113600.0,14400.0,1.5709505886838886,0,1
user_2192,8,152742.85714285713,57600.0,2.249999992786525,1,1
user_2193,8,150171.42857142858,14400.0,2.155639055016091,0,1
user_2194,8,131142.85714285713,21600.0,1.9999999942292197,0,1
user_2195,3,210600.0,194400.0,1.584962496393071,0,1
user_2196,1,86400.0,86400.0,0.0,0,1
user_2197,6,182880.0,122400.0,2.2516291601743474,0,1
user_2198,1,86400.0,86400.0,0.0,1,1
user_2199,3,226800.0,223200.0,0.9182958311690995,0,1
user_22,1,86400.0,86400.0,0.0,0,1
user_220,4,198000.0,172800.0,1.9999999942292197,0,1
user_2200,59,0.201449724137931,0.115305,2.6923932400352655,0,-1
user_2201,5,202500.0,115200.0,1.3709505901265835,0,1
user_2202,1,86400.0,86400.0,0.0,0,1
user_2203,4,237600.0,187200.0,0.8112781215737428,0,1
user_2204,10,107600.0,10800.0,1.5219280905592771,1,1
user_2205,7,144000.0,72000.0,1.4488156313970995,0,1
user_2206,5,211500.0,154800.0,1.3709505901265835,0,1
user_2207,7,148800.0,43200.0,1.664497773429681,1,1
user_2208,8,128057.14285714286,28800.0,1.9056390564587862,0,1
user_2209,8,143485.7142857143,50400.0,1.8112781186883526,0,1
user_221,6,186480.0,115200.0,1.9182958282837093,0,1
user_2210,8,133714.2857142857,14400.0,1.061278120131048,0,1
user_2211,4,192000.0,147600.0,0.99999999711461,0,1
user_2212,2,277200.0,277200.0,0.99999999711461,0,1
user_2213,1,86400.0,86400.0,0.0,0,1
user_2214,8,135771.42857142858,32400.0,2.155639055016091,0,1
user_2215,6,172080.0,118800.0,1.4591479126991596,1,1
user_2216,6,183600.0,100800.0,1.792481244589798,0,1
user_2217,7,148800.0,32400.0,1.8423709874063285,0,1
user_2218,9,124650.0,21600.0,1.6577427207341087,1,1
user_2219,9,119700.0,39600.0,1.5304930524293974,0,1
user_222,9,123300.0,18000.0,1.6577427207341087,0,1
user_2220,10,126800.0,43200.0,1.960964040230206,0,1
user_2221,10,112000.0,21600.0,2.0464393374575405,0,1
user_2222,20,0.1985791052631579,0.112457,2.5709505843558036,0,-1
user_2223,24,0.20000021739130433,0.143706,2.7091479069283793,0,-1
user_2224,1,86400.0,86400.0,0.0,0,1
user_2225,10,114800.0,54000.0,2.1219280876738873,0,1
user_2226,5,198000.0,133200.0,1.5219280905592771,0,1
user_2227,5,179100.0,133200.0,1.5219280905592771,0,1
user_2228,3,235800.0,223200.0,1.584962496393071,0,1
user_2229,1,86400.0,86400.0,0.0,0,1
user_223,5,190800.0,111600.0,1.5219280905592771,0,1
user_2230,9,139050.0,28800.0,1.4355204999545814,0,1
user_2231,7,158400.0,46800.0,0.9852281331488615,0,1
user_2232,6,179280.0,90000.0,1.4591479126991596,0,1
user_2233,10,108000.0,3600.0,1.6854752914565543,0,1
user_2234,3,214200.0,190800.0,1.584962496393071,0,1
user_2235,9,131400.0,21600.0,0.9910760569528321,0,1
user_2236,40,0.19881941025641026,0.127579,2.669137979388992,0,-1
user_2237,6,172080.0,50400.0,0.6500224187629642,0,1
user_2238,10,128800.0,43200.0,1.8464393389002354,0,1
user_2239,3,237600.0,183600.0,1.584962496393071,1,1
user_224,36,0.2002634,0.119189,2.701368840215164,0,1
user_2240,63,0.1997901935483871,0.105927,2.7945420047148675,0,-1
user_2241,3,241200.0,230400.0,0.9182958311690995,0,1
user_2242,5,190800.0,108000.0,0.9709505915692787,0,1
user_2243,8,118800.0,3600.0,0.9544340000395749,0,1
user_2244,5,198000.0,97200.0,0.9709505915692787,0,1
user_2245,8,138342.85714285713,18000.0,1.9056390564587862,0,1
user_2246,10,119600.0,36000.0,1.960964040230206,0,1
user_2247,5,178200.0,97200.0,0.7219280920019722,0,1
user_2248,10,104400.0,7200.0,1.360964043115596,1,1
user_2249,1,86400.0,86400.0,0.0,0,1
user_225,10,118800.0,50400.0,2.1219280876738873,0,1
user_2250,4,232800.0,183600.0,1.4999999956719148,0,1
user_2251,7,158400.0,54000.0,2.128085271677919,1,1
user_2252,2,237600.0,237600.0,-1.4426951595367387e-09,0,-1
user_2253,2,226800.0,226800.0,0.99999999711461,0,1
user_2254,1,86400.0,86400.0,0.0,1,1
user_2255,10,133200.0,10800.0,2.1709505872411934,0,1
user_2256,2,266400.0,266400.0,0.99999999711461,0,1
user_2257,9,130500.0,36000.0,1.8365916623381988,1,1
user_2258,8,148114.2857142857,18000.0,1.74999999422922,0,1
user_2259,7,159600.0,43200.0,1.5566567031347378,0,1
user_226,10,123200.0,10800.0,2.1709505872411934,0,1
user_2260,1,86400.0,86400.0,0.0,0,1
user_2261,9,125100.0,25200.0,1.7527152732089246,1,1
user_2262,8,148114.2857142857,82800.0,1.74999999422922,0,1
user_2263,1,86400.0,86400.0,0.0,0,1
user_2264,10,114000.0,3600.0,2.1709505872411934,0,1
user_2265,3,221400.0,190800.0,0.9182958311690995,0,1
user_2266,21,0.20287935000000004,0.103416,2.6606732233179766,0,-1
user_2267,60,0.19998203389830507,0.125719,2.7796209619908785,0,1
user_2268,1,86400.0,86400.0,0.0,0,1
user_2269,6,178560.0,97200.0,1.2516291630597378,1,1
user_227,9,130050.0,46800.0,1.224394441077901,0,1
user_2270,10,114000.0,18000.0,1.9709505886838885,1,1
user_2271,5,206100.0,147600.0,1.3709505901265835,0,1
user_2272,4,224400.0,172800.0,0.8112781215737428,0,1
user_2273,8,129085.71428571429,43200.0,1.74999999422922,0,1
user_2274,7,153600.0,54000.0,1.1488348499528316,0,1
user_2275,6,158400.0,82800.0,0.9182958311690995,0,1
user_2276,1,86400.0,86400.0,0.0,0,1
user_2277,1,86400.0,86400.0,0.0,0,1
user_2278,2,255600.0,255600.0,-1.4426951595367387e-09,0,-1
user_2279,3,241200.0,212400.0,1.584962496393071,0,1
user_228,33,0.20079884374999998,0.105576,2.5354853965483395,0,-1
user_2280,2,241200.0,241200.0,-1.4426951595367387e-09,0,-1
user_2281,4,234000.0,198000.0,1.9999999942292197,0,1
user_2282,9,120600.0,28800.0,1.584962496393071,0,1
user_2283,2,298800.0,298800.0,0.99999999711461,0,-1
user_2284,2,226800.0,226800.0,0.99999999711461,0,1
user_2285,7,151800.0,50400.0,1.950212059143967,0,1
user_2286,78,0.19974924675324676,0.115406,2.710758500963169,0,-1
user_2287,70,0.1997881014492754,0.122252,2.7792056769614035,0,-1
user_2288,7,157200.0,61200.0,1.8423709874063285,0,1
user_2289,10,118400.0,54000.0,2.321928086231192,0,1
user_229,8,132171.42857142858,54000.0,0.5435644403142064,0,1
user_2290,67,0.20125492424242425,0.112382,2.7813088110798034,0,-1
user_2291,2,291600.0,291600.0,0.99999999711461,0,-1
user_2292,4,224400.0,140400.0,1.4999999956719148,0,1
user_2293,8,113657.14285714286,3600.0,2.4056390535733962,0,1
user_2294,5,199800.0,165600.0,1.3709505901265835,0,1
user_2295,5,191700.0,126000.0,2.321928087673887,0,1
user_2296,74,0.20033772602739724,0.120377,2.7793168022363206,0,-1
user_2297,6,178560.0,68400.0,0.9182958311690995,0,1
user_2298,10,121200.0,36000.0,2.3709505857984983,0,1
user_2299,8,133714.2857142857,64800.0,1.061278120131048,0,1
user_23,9,133650.0,50400.0,1.6577427207341087,0,1
user_230,8,160457.14285714287,21600.0,1.9056390564587862,0,1
user_2300,8,147085.7142857143,57600.0,2.155639055016091,1,1
user_2301,7,149400.0,3600.0,1.8423709874063285,0,1
user_2302,9,126900.0,36000.0,1.8365916623381988,0,1
user_2303,3,252000.0,208800.0,1.584962496393071,0,1
user_2304,7,136200.0,50400.0,1.3787834891580906,0,1
user_2305,9,118350.0,18000.0,2.1132833270813998,0,1
user_2306,69,0.20010641176470587,0.113679,2.7566508296584793,0,1
user_2307,2,295200.0,295200.0,0.99999999711461,0,-1
user_2308,9,105300.0,21600.0,1.3921472193364495,0,1
user_2309,1,86400.0,86400.0,0.0,0,1
user_231,32,0.20085399999999998,0.136158,2.6647169913636173,0,-1
user_2310,6,174240.0,82800.0,1.9182958282837093,0,1
user_2311,10,108400.0,14400.0,1.3709505901265835,0,1
user_2312,4,226800.0,198000.0,0.8112781215737428,0,1
user_2313,9,115650.0,3600.0,2.2810361038972533,1,1
user_2314,5,201600.0,140400.0,1.5219280905592771,0,1
user_2315,8,129600.0,3600.0,1.5487949349246184,1,1
user_2316,3,232200.0,226800.0,0.9182958311690995,0,1
user_2317,10,108400.0,25200.0,1.8464393389002354,0,1
user_2318,8,138857.14285714287,7200.0,1.4056390579014812,0,1
user_2319,6,159120.0,46800.0,1.4591479126991596,0,1
user_232,3,216000.0,212400.0,0.9182958311690995,0,1
user_2320,7,157200.0,28800.0,1.8423709874063285,0,1
user_2321,1,86400.0,86400.0,0.0,0,1
user_2322,5,201600.0,111600.0,1.9219280891165822,0,1
user_2323,8,156342.85714285713,61200.0,1.9056390564587862,0,1
user_2324,4,223200.0,172800.0,1.4999999956719148,1,1
user_2325,9,120150.0,14400.0,1.224394441077901,0,1
user_2326,10,114800.0,14400.0,1.7219280891165822,0,1
user_2327,3,253800.0,212400.0,-1.4426951595367387e-09,0,-1
user_2328,10,115600.0,7200.0,1.760964041672901,0,1
user_2329,10,130800.0,25200.0,1.3709505901265835,0,1
user_233,7,154200.0,46800.0,2.128085271677919,1,1
user_2330,67,0.1998628636363636,0.110721,2.665815058002665,0,-1
user_2331,1,86400.0,86400.0,0.0,0,1
user_2332,3,252000.0,248400.0,0.9182958311690995,0,1
user_2333,9,127800.0,32400.0,1.3921472193364495,0,1
user_2334,3,230400.0,176400.0,-1.4426951595367387e-09,0,-1
user_2335,2,234000.0,234000.0,0.99999999711461,0,1
user_2336,3,239400.0,234000.0,0.9182958311690995,1,1
user_2337,3,235800.0,194400.0,0.9182958311690995,0,1
user_2338,4,248400.0,198000.0,1.4999999956719148,0,1
user_2339,2,230400.0,230400.0,0.99999999711461,0,1
user_234,7,157200.0,32400.0,2.2359263434155574,0,1
user_2340,66,0.1990338,0.111881,2.7658539984918695,0,-1
user_2341,8,132685.7142857143,28800.0,2.249999992786525,0,1
user_2342,3,235800.0,180000.0,1.584962496393071,0,1
user_2343,3,226800.0,198000.0,1.584962496393071,0,1
user_2344,47,0.19875343478260876,0.116549,2.7145049382731545,0,1
user_2345,9,117900.0,10800.0,2.197159716210674,1,1
user_2346,6,181440.0,61200.0,1.9182958282837093,0,1
user_2347,7,146400.0,14400.0,1.8423709874063285,0,1
user_2348,7,150000.0,21600.0,1.4488156313970995,0,1
user_2349,5,203400.0,133200.0,1.9219280891165822,0,1
user_235,4,235200.0,165600.0,0.8112781215737428,0,1
user_2350,6,201600.0,118800.0,2.2516291601743474,0,1
user_2351,5,208800.0,136800.0,2.321928087673887,0,1
user_2352,4,225600.0,194400.0,1.4999999956719148,1,1
user_2353,7,142800.0,50400.0,1.8423709874063285,0,1
user_2354,8,132171.42857142858,10800.0,0.9544340000395749,0,1
user_2355,2,291600.0,291600.0,0.99999999711461,0,-1
user_2356,1,86400.0,86400.0,0.0,0,1
user_2357,7,148200.0,36000.0,1.8423709874063285,0,1
user_2358,10,103600.0,10800.0,1.6854752914565543,0,1
user_2359,9,117450.0,7200.0,1.6577427207341087,0,1
user_236,9,117000.0,7200.0,1.9749374954311467,0,1
user_2360,4,241200.0,183600.0,1.4999999956719148,0,1
user_2361,57,0.20007842857142857,0.122336,2.6631140781693636,0,1
user_2362,8,121371.42857142857,10800.0,1.9056390564587862,0,1
user_2363,8,132171.42857142858,18000.0,1.2987949363673135,0,1
user_2364,7,156600.0,46800.0,2.2359263434155574,0,1
user_2365,10,110400.0,36000.0,2.0464393374575405,0,1
user_2366,1,86400.0,86400.0,0.0,1,1
user_2367,10,118800.0,3600.0,2.0464393374575405,0,1
user_2368,6,171360.0,72000.0,1.4591479126991596,0,1
user_2369,51,0.20088352,0.11632,2.7605953635423486,0,1
user_237,10,114800.0,10800.0,0.9709505915692787,0,1
user_2370,77,0.19973563157894736,0.121294,2.7147222361859167,0,-1
user_2371,5,180000.0,129600.0,1.3709505901265835,0,1
user_2372,8,137314.2857142857,36000.0,1.5612781201310477,0,1
user_2373,3,235800.0,223200.0,1.584962496393071,0,1
user_2374,1,86400.0,86400.0,0.0,0,1
user_2375,7,157200.0,39600.0,1.4488156313970995,0,1
user_2376,2,295200.0,295200.0,0.99999999711461,0,-1
user_2377,2,226800.0,226800.0,0.99999999711461,0,1
user_2378,10,116400.0,7200.0,2.0464393374575405,0,1
user_2379,9,124200.0,18000.0,1.7527152732089246,0,1
user_238,10,125200.0,14400.0,2.0464393374575405,1,1
user_2380,2,259200.0,259200.0,-1.4426951595367387e-09,0,-1
user_2381,3,232200.0,201600.0,-1.4426951595367387e-09,0,-1
user_2382,1,86400.0,86400.0,0.0,0,1
user_2383,1,86400.0,86400.0,0.0,0,1
user_2384,10,111600.0,14400.0,2.1709505872411934,0,1
user_2385,61,0.2005828,0.1054,2.7191996812744192,0,-1
user_2386,3,235800.0,183600.0,0.9182958311690995,0,1
user_2387,1,86400.0,86400.0,0.0,0,1
user_2388,6,177840.0,54000.0,1.584962496393071,1,1
user_2389,10,114800.0,10800.0,2.1219280876738873,0,1
user_239,5,167400.0,90000.0,1.9219280891165822,1,1
user_2390,8,130114.28571428571,21600.0,1.74999999422922,0,1
user_2391,9,117900.0,21600.0,1.6577427207341087,1,1
user_2392,4,236400.0,194400.0,1.9999999942292197,0,1
user_2393,7,161400.0,28800.0,1.4488156313970995,0,1
user_2394,1,86400.0,86400.0,0.0,0,1
user_2395,4,206400.0,183600.0,1.4999999956719148,0,1
user_2396,2,255600.0,255600.0,0.99999999711461,0,1
user_2397,10,108400.0,14400.0,2.446439336014845,1,1
user_2398,4,225600.0,187200.0,1.4999999956719148,0,1
user_2399,2,280800.0,280800.0,0.99999999711461,0,1
user_24,10,109600.0,7200.0,1.960964040230206,0,1
user_240,6,190800.0,122400.0,1.792481244589798,0,1
user_2400,2,252000.0,252000.0,-1.4426951595367387e-09,0,-1
user_2401,8,141942.85714285713,50400.0,0.99999999711461,0,1
user_2402,6,156240.0,61200.0,1.2516291630597378,1,1
user_2403,1,86400.0,86400.0,0.0,0,1
user_2404,9,135450.0,7200.0,1.7527152732089246,0,1
user_2405,5,193500.0,144000.0,1.9219280891165822,0,1
user_2406,10,118800.0,3600.0,2.3709505857984983,1,1
user_2407,9,129600.0,39600.0,1.8910611063018725,0,1
user_2408,3,241200.0,237600.0,1.584962496393071,0,1
user_2409,1,86400.0,86400.0,0.0,0,1
user_241,41,0.20137795,0.106605,2.6698246311439124,0,-1
user_2410,2,273600.0,273600.0,0.99999999711461,0,1
user_2411,1,86400.0,86400.0,0.0,0,1
user_2412,3,235800.0,205200.0,1.584962496393071,0,1
user_2413,2,252000.0,252000.0,-1.4426951595367387e-09,0,-1
user_2414,78,0.2005228181818182,0.109004,2.7635418623822687,0,-1
user_2415,8,135771.42857142858,18000.0,1.5612781201310477,0,1
user_2416,9,117450.0,46800.0,2.058813883117726,0,1
user_2417,46,0.19854631111111112,0.129413,2.759246391695724,0,-1
user_2418,10,120000.0,14400.0,1.7219280891165822,0,1
user_2419,5,198900.0,140400.0,1.3709505901265835,0,1
user_242,9,113850.0,18000.0,1.3516441108253072,0,1
user_2420,7,165600.0,82800.0,1.3787834891580906,0,1
user_2421,5,203400.0,100800.0,1.5219280905592771,0,1
user_2422,1,86400.0,86400.0,0.0,0,1
user_2423,9,129150.0,36000.0,1.3516441108253072,0,1
user_2424,1,86400.0,86400.0,0.0,0,1
user_2425,9,126900.0,10800.0,2.1132833270813998,1,1
user_2426,44,0.2005213953488372,0.129054,2.585827929044177,0,-1
user_2427,10,114400.0,18000.0,2.0464393374575405,0,1
user_2428,4,211200.0,140400.0,1.4999999956719148,0,1
user_2429,7,149400.0,10800.0,1.4488156313970995,0,1
user_243,22,0.19775709523809523,0.10881,2.4651451108480718,0,-1
user_2430,4,204000.0,144000.0,1.4999999956719148,0,1
user_2431,2,234000.0,234000.0,-1.4426951595367387e-09,0,-1
user_2432,2,237600.0,237600.0,0.99999999711461,0,1
user_2433,7,159600.0,72000.0,1.4488156313970995,0,1
user_2434,55,0.2000449814814815,0.114043,2.714216107793341,0,1
user_2435,1,86400.0,86400.0,0.0,0,1
user_2436,1,86400.0,86400.0,0.0,0,1
user_2437,9,133650.0,3600.0,2.1132833270813998,0,1
user_2438,7,141000.0,21600.0,1.8423709874063285,0,1
user_2439,3,232200.0,201600.0,1.584962496393071,0,1
user_244,3,228600.0,219600.0,1.584962496393071,0,1
user_2440,5,216000.0,136800.0,1.9219280891165822,0,1
user_2441,65,0.199971453125,0.12356,2.7623093965055014,0,1
user_2442,70,0.2003222898550725,0.118799,2.7926314708972204,0,-1
user_2443,9,110250.0,14400.0,1.7527152732089246,0,1
user_2444,80,0.20028317721518987,0.104194,2.7574397037799794,0,-1
user_2445,7,162000.0,54000.0,2.2359263434155574,0,1
user_2446,2,252000.0,252000.0,-1.4426951595367387e-09,0,-1
user_2447,6,159840.0,79200.0,1.9182958282837093,0,1
user_2448,4,218400.0,169200.0,0.8112781215737428,0,1
user_2449,8,127542.85714285714,21600.0,1.2987949363673135,1,1
user_245,2,295200.0,295200.0,0.99999999711461,0,-1
user_2450,7,148200.0,36000.0,1.8423709874063285,0,1
user_2451,5,170100.0,126000.0,1.5219280905592771,0,1
user_2452,3,235800.0,226800.0,1.584962496393071,0,1
user_2453,9,111600.0,7200.0,2.1132833270813998,0,1
user_2454,10,104400.0,7200.0,1.760964041672901,0,1
user_2455,6,174240.0,97200.0,1.9182958282837093,0,1
user_2456,4,224400.0,144000.0,1.9999999942292197,0,1
user_2457,2,244800.0,244800.0,0.99999999711461,0,1
user_2458,3,237600.0,187200.0,0.9182958311690995,0,1
user_2459,8,136285.7142857143,25200.0,1.4056390579014812,0,1
user_246,6,182880.0,86400.0,1.4591479126991596,0,1
user_2460,4,219600.0,201600.0,1.4999999956719148,0,1
user_2461,2,288000.0,288000.0,-1.4426951595367387e-09,0,-1
user_2462,5,196200.0,108000.0,0.9709505915692787,0,1
user_2463,10,121200.0,43200.0,1.760964041672901,0,1
user_2464,9,117000.0,10800.0,1.8910611063018725,0,1
user_2465,3,221400.0,194400.0,0.9182958311690995,0,1
user_2466,6,168480.0,111600.0,1.4591479126991596,0,1
user_2467,3,216000.0,198000.0,0.9182958311690995,0,1
user_2468,10,118400.0,32400.0,1.5709505886838886,0,1
user_2469,2,298800.0,298800.0,0.99999999711461,1,-1
user_247,8,153257.14285714287,68400.0,1.9056390564587862,0,1
user_2470,7,149400.0,18000.0,2.2359263434155574,0,1
user_2471,24,0.20150547826086954,0.158516,2.654183472804067,0,-1
user_2472,3,244800.0,234000.0,1.584962496393071,1,1
user_2473,8,148114.2857142857,32400.0,1.74999999422922,0,1
user_2474,3,257400.0,223200.0,1.584962496393071,0,1
user_2475,7,161400.0,10800.0,1.8423709874063285,0,1
user_2476,7,153600.0,10800.0,1.8423709874063285,0,1
user_2477,1,86400.0,86400.0,0.0,0,1
user_2478,3,235800.0,226800.0,1.584962496393071,0,1
user_2479,8,127028.57142857143,18000.0,1.9056390564587862,0,1
user_248,10,116800.0,32400.0,1.2954618399102367,0,1
user_2480,8,137314.2857142857,18000.0,1.74999999422922,0,1
user_2481,7,150000.0,79200.0,1.3787834891580906,0,1
user_2482,7,139800.0,57600.0,1.3787834891580906,0,1
user_2483,8,134228.57142857142,3600.0,1.4056390579014812,0,1
user_2484,10,116800.0,7200.0,2.446439336014845,0,1
user_2485,47,0.19941926086956524,0.131987,2.774354065769047,0,-1
user_2486,3,243000.0,230400.0,0.9182958311690995,0,1
user_2487,4,211200.0,165600.0,1.9999999942292197,1,1
user_2488,9,127350.0,3600.0,2.197159716210674,0,1
user_2489,9,130500.0,10800.0,1.7527152732089246,0,1
user_249,7,139800.0,14400.0,1.8423709874063285,0,1
user_2490,10,122800.0,10800.0,1.360964043115596,1,1
user_2491,6,187920.0,79200.0,2.2516291601743474,0,1
user_2492,71,0.19959712857142858,0.120888,2.75794950249898,0,-1
user_2493,10,108400.0,7200.0,1.8954618384675417,0,1
user_2494,7,158400.0,39600.0,1.5566567031347378,1,1
user_2495,2,244800.0,244800.0,0.99999999711461,0,1
user_2496,41,0.199270475,0.152994,2.7171899606526084,0,-1
user_2497,3,235800.0,230400.0,1.584962496393071,0,1
user_2498,10,114000.0,14400.0,1.6854752914565543,0,1
user_2499,7,128400.0,36000.0,1.4488156313970995,1,1
user_25,3,273600.0,252000.0,0.9182958311690995,0,1
user_250,4,208800.0,201600.0,1.4999999956719148,1,1
user_2500,5,196200.0,144000.0,1.3709505901265835,0,1
user_2501,7,141600.0,50400.0,1.8423709874063285,0,1
user_2502,1,86400.0,86400.0,0.0,0,1
user_2503,22,0.20054566666666665,0.113594,2.629219676425232,0,-1
user_2504,29,0.2019446785714286,0.111322,2.6293882097497177,0,-1
user_2505,1,86400.0,86400.0,0.0,0,1
user_2506,77,0.2007514736842105,0.111021,2.7340436209706644,0,-1
user_2507,4,214800.0,198000.0,1.4999999956719148,0,1
user_2508,1,86400.0,86400.0,0.0,0,1
user_2509,4,202800.0,176400.0,1.4999999956719148,0,1
user_251,23,0.20367018181818183,0.117495,2.772924445675956,0,-1
user_2510,2,273600.0,273600.0,0.99999999711461,0,1
user_2511,9,118800.0,43200.0,1.8365916623381988,0,1
user_2512,2,255600.0,255600.0,0.99999999711461,1,1
user_2513,10,117600.0,7200.0,1.8464393389002354,0,1
user_2514,7,168600.0,54000.0,0.9852281331488615,0,1
user_2515,7,132600.0,46800.0,2.2359263434155574,0,1
user_2516,2,237600.0,237600.0,0.99999999711461,0,1
user_2517,6,166320.0,104400.0,1.9182958282837093,0,1
user_2518,4,220800.0,180000.0,0.99999999711461,0,1
user_2519,10,119200.0,3600.0,1.9219280891165822,1,1
user_252,5,194400.0,129600.0,1.3709505901265835,0,1
user_2520,2,234000.0,234000.0,0.99999999711461,0,1
user_2521,6,184320.0,111600.0,2.2516291601743474,0,1
user_2522,45,0.19882288636363638,0.102143,2.6073563358560383,0,-1
user_2523,6,183600.0,126000.0,1.792481244589798,0,1
user_2524,10,112800.0,3600.0,1.5709505901265834,1,1
user_2525,2,226800.0,226800.0,0.99999999711461,0,1
user_2526,2,284400.0,284400.0,0.99999999711461,0,-1
user_2527,10,113600.0,14400.0,0.99999999711461,0,1
user_2528,5,193500.0,154800.0,1.5219280905592771,0,1
user_2529,44,0.20008202325581395,0.122491,2.696260353076143,0,1
user_253,10,127600.0,54000.0,1.8464393389002354,0,1
user_2530,8,140400.0,32400.0,1.8112781186883526,0,1
user_2531,22,0.19948723809523808,0.123819,2.7155894277838737,0,-1
user_2532,77,0.20027877631578947,0.1401,2.756377712104882,0,-1
user_2533,9,131400.0,54000.0,1.5304930524293974,0,1
user_2534,10,109200.0,14400.0,2.446439336014845,0,1
user_2535,8,121371.42857142857,10800.0,1.4056390579014812,0,1
user_2536,55,0.199389537037037,0.110863,2.7811827781404403,0,1
user_2537,6,184320.0,118800.0,1.792481244589798,0,1
user_2538,5,184500.0,100800.0,0.7219280920019722,0,1
user_2539,1,86400.0,86400.0,0.0,1,1
user_254,1,86400.0,86400.0,0.0,0,1
user_2540,9,117000.0,10800.0,0.9182958311690995,0,1
user_2541,1,86400.0,86400.0,0.0,0,1
user_2542,2,288000.0,288000.0,-1.4426951595367387e-09,0,-1
user_2543,10,108800.0,21600.0,1.960964040230206,0,1
user_2544,1,86400.0,86400.0,0.0,0,1
user_2545,6,172800.0,90000.0,2.2516291601743474,0,1
user_2546,33,0.20233071874999997,0.153939,2.585045154833179,0,-1
user_2547,78,0.19993246753246754,0.118389,2.7635418623822687,0,-1
user_2548,2,266400.0,266400.0,0.99999999711461,1,1
user_2549,7,144600.0,3600.0,1.3787834891580906,1,1
user_255,4,208800.0,172800.0,1.9999999942292197,1,1
user_2550,10,125600.0,46800.0,1.3709505901265835,0,1
user_2551,2,288000.0,288000.0,0.99999999711461,0,-1
user_2552,9,114750.0,3600.0,1.8365916623381988,0,1
user_2553,4,223200.0,176400.0,1.4999999956719148,0,1
user_2554,8,124457.14285714286,18000.0,1.8112781186883526,0,1
user_2555,7,167400.0,79200.0,1.3787834891580906,0,1
user_2556,1,86400.0,86400.0,0.0,0,1
user_2557,5,183600.0,97200.0,2.321928087673887,0,1
user_2558,3,246600.0,241200.0,0.9182958311690995,0,1
user_2559,10,111200.0,10800.0,1.360964043115596,0,1
user_256,10,102000.0,3600.0,1.960964040230206,0,1
user_2560,8,141942.85714285713,10800.0,1.8112781186883526,0,1
user_2561,1,86400.0,86400.0,0.0,0,1
user_2562,2,252000.0,252000.0,0.99999999711461,0,1
user_2563,2,252000.0,252000.0,0.99999999711461,0,1
user_2564,22,0.20049561904761906,0.12523,2.799007744312031,0,-1
user_2565,9,119250.0,7200.0,1.6577427207341087,0,1
user_2566,5,205200.0,129600.0,1.3709505901265835,0,1
user_2567,4,217200.0,198000.0,0.99999999711461,1,1
user_2568,10,133600.0,46800.0,1.6854752914565543,0,1
user_2569,9,130050.0,61200.0,1.8910611063018725,0,1
user_257,2,241200.0,241200.0,0.99999999711461,0,1
user_2570,3,246600.0,223200.0,0.9182958311690995,1,1
user_2571,2,262800.0,262800.0,0.99999999711461,0,1
user_2572,6,169200.0,90000.0,2.2516291601743474,0,1
user_2573,25,0.20074845833333335,0.113006,2.7103083225703646,0,1
user_2574,8,138342.85714285713,3600.0,1.74999999422922,0,1
user_2575,8,147085.7142857143,54000.0,2.49999999134383,1,1
user_2576,1,86400.0,86400.0,0.0,0,1
user_2577,4,212400.0,165600.0,0.99999999711461,0,1
user_2578,4,224400.0,172800.0,0.99999999711461,0,1
user_2579,52,0.1997783725490196,0.127706,2.778720180556872,0,1
user_258,58,0.19994533333333334,0.119198,2.7385721441250075,0,1
user_2580,1,86400.0,86400.0,0.0,0,1
user_2581,1,86400.0,86400.0,0.0,1,1
user_2582,10,104800.0,21600.0,1.2954618399102367,0,1
user_2583,10,111200.0,25200.0,1.6854752914565543,0,1
user_2584,28,0.19808922222222222,0.113409,2.6100053606969373,0,-1
user_2585,8,134742.85714285713,36000.0,2.249999992786525,0,1
user_2586,6,178560.0,90000.0,1.584962496393071,0,1
user_2587,9,127350.0,7200.0,1.7527152732089246,1,1
user_2588,61,0.19981286666666667,0.12414,2.7756760087391146,0,1
user_2589,4,210000.0,165600.0,1.4999999956719148,0,1
user_259,9,130500.0,36000.0,1.8365916623381988,0,1
user_2590,2,255600.0,255600.0,0.99999999711461,0,1
user_2591,36,0.19928128571428572,0.119737,2.725111978333868,0,1
user_2592,1,86400.0,86400.0,0.0,0,1
user_2593,1,86400.0,86400.0,0.0,0,1
user_2594,48,0.19876321276595751,0.109125,2.7177613884256178,0,1
user_2595,9,120600.0,25200.0,1.8910611063018725,0,1
user_2596,1,86400.0,86400.0,0.0,0,1
user_2597,3,261000.0,223200.0,1.584962496393071,0,1
user_2598,8,130628.57142857143,28800.0,1.9999999927865248,0,1
user_2599,8,134228.57142857142,10800.0,1.5487949349246184,0,1
user_26,4,226800.0,172800.0,0.8112781215737428,0,1
user_260,7,167400.0,46800.0,1.1488348499528316,0,1
user_2600,7,159000.0,64800.0,2.128085271677919,0,1
user_2601,4,222000.0,180000.0,0.99999999711461,0,1
user_2602,2,288000.0,288000.0,0.99999999711461,1,-1
user_2603,3,237600.0,208800.0,1.584962496393071,0,1
user_2604,5,202500.0,158400.0,1.3709505901265835,0,1
user_2605,8,124457.14285714286,28800.0,1.061278120131048,0,1
user_2606,5,219600.0,154800.0,1.3709505901265835,0,1
user_2607,21,0.19720669999999998,0.131292,2.7606668171327327,0,-1
user_2608,66,0.20025473846153846,0.11548,2.678059783430416,0,-1
user_2609,9,116550.0,10800.0,2.197159716210674,0,1
user_261,2,252000.0,252000.0,0.99999999711461,0,1
user_2610,1,86400.0,86400.0,0.0,0,1
user_2611,1,86400.0,86400.0,0.0,0,1
user_2612,4,219600.0,162000.0,1.4999999956719148,0,1
user_2613,8,132171.42857142858,10800.0,1.74999999422922,1,1
user_2614,7,150000.0,39600.0,0.9852281331488615,0,1
user_2615,28,0.2025404814814815,0.103699,2.5350101667785654,0,-1
user_2616,1,86400.0,86400.0,0.0,0,1
user_2617,4,222000.0,201600.0,1.9999999942292197,0,1
user_2618,4,200400.0,151200.0,1.4999999956719148,0,1
user_2619,1,86400.0,86400.0,0.0,0,1
user_262,10,103600.0,10800.0,1.6854752914565543,0,1
user_2620,1,86400.0,86400.0,0.0,0,1
user_2621,41,0.1988881,0.106911,2.650388129648707,0,-1
user_2622,9,109800.0,10800.0,1.3516441108253072,0,1
user_2623,1,86400.0,86400.0,0.0,0,1
user_2624,2,295200.0,295200.0,0.99999999711461,0,-1
user_2625,6,163440.0,64800.0,1.4591479126991596,1,1
user_2626,8,127542.85714285714,68400.0,1.9056390564587862,0,1
user_2627,9,121950.0,21600.0,1.879964941513636,0,1
user_2628,5,201600.0,144000.0,1.5219280905592771,0,1
user_2629,1,86400.0,86400.0,0.0,0,1
user_263,9,113850.0,36000.0,1.7527152732089246,0,1
user_2630,7,152400.0,50400.0,1.8423709874063285,0,1
user_2631,4,219600.0,162000.0,1.4999999956719148,0,1
user_2632,1,86400.0,86400.0,0.0,0,1
user_2633,5,190800.0,129600.0,0.9709505915692787,0,1
user_2634,26,0.19920104000000002,0.111342,2.5993169971541237,0,-1
user_2635,4,198000.0,136800.0,1.4999999956719148,1,1
user_2636,7,146400.0,10800.0,2.2359263434155574,0,1
user_2637,10,119200.0,18000.0,1.760964041672901,0,1
user_2638,8,145542.85714285713,36000.0,1.5612781201310477,0,1
user_2639,6,158400.0,57600.0,0.6500224187629642,0,1
user_264,7,167400.0,64800.0,1.8423709874063285,1,1
user_2640,2,241200.0,241200.0,-1.4426951595367387e-09,0,-1
user_2641,8,147085.7142857143,57600.0,2.155639055016091,0,1
user_2642,7,154800.0,72000.0,2.2359263434155574,0,1
user_2643,7,137400.0,18000.0,1.5566567031347378,0,1
user_2644,2,237600.0,237600.0,0.99999999711461,0,1
user_2645,5,191700.0,165600.0,1.5219280905592771,0,1
user_2646,42,0.2007107317073171,0.129234,2.7093578190750867,0,1
user_2647,68,0.1995358358208955,0.12719,2.7663690277857134,0,-1
user_2648,9,134100.0,57600.0,2.058813883117726,1,1
user_2649,6,171360.0,72000.0,1.4591479126991596,1,1
user_265,3,219600.0,219600.0,-1.4426951595367387e-09,0,-1
user_2650,10,118400.0,3600.0,2.1219280876738873,0,1
user_2651,3,232200.0,226800.0,0.9182958311690995,0,1
user_2652,6,169920.0,100800.0,1.792481244589798,0,1
user_2653,9,125550.0,43200.0,1.6577427207341087,0,1
user_2654,8,121885.71428571429,3600.0,1.74999999422922,0,1
user_2655,9,129600.0,21600.0,2.058813883117726,0,1
user_2656,6,174240.0,90000.0,0.6500224187629642,0,1
user_2657,6,174240.0,72000.0,1.2516291630597378,0,1
user_2658,3,228600.0,201600.0,0.9182958311690995,0,1
user_2659,1,86400.0,86400.0,0.0,0,1
user_266,5,208800.0,104400.0,1.5219280905592771,0,1
user_2660,1,86400.0,86400.0,0.0,0,1
user_2661,6,164880.0,90000.0,1.9182958282837093,0,1
user_2662,77,0.20095422368421054,0.104599,2.744755475741454,0,-1
user_2663,6,169200.0,46800.0,1.9182958282837093,0,1
user_2664,72,0.20001732394366198,0.122128,2.7450711209500396,0,-1
user_2665,4,187200.0,133200.0,0.8112781215737428,0,1
user_2666,6,181440.0,68400.0,1.9182958282837093,0,1
user_2667,3,252000.0,241200.0,0.9182958311690995,0,1
user_2668,10,120800.0,10800.0,2.446439336014845,1,1
user_2669,2,241200.0,241200.0,0.99999999711461,0,1
user_267,10,122000.0,7200.0,1.8464393389002354,1,1
user_2670,6,164880.0,79200.0,1.9182958282837093,0,1
user_2671,10,116400.0,21600.0,1.8464393389002354,0,1
user_2672,1,86400.0,86400.0,0.0,0,1
user_2673,5,210600.0,158400.0,0.7219280920019722,0,1
user_2674,2,223200.0,223200.0,0.99999999711461,0,1
user_2675,1,86400.0,86400.0,0.0,0,1
user_2676,7,133800.0,25200.0,1.8423709874063285,0,1
user_2677,63,0.2000588387096774,0.113138,2.764908903471904,0,1
user_2678,10,100000.0,10800.0,0.9709505915692787,0,1
user_2679,9,128250.0,18000.0,1.8910611063018725,0,1
user_268,4,214800.0,169200.0,-1.4426951595367387e-09,0,-1
user_2680,8,135771.42857142858,43200.0,2.249999992786525,0,1
user_2681,5,200700.0,100800.0,1.3709505901265835,1,1
user_2682,5,194400.0,93600.0,1.3709505901265835,0,1
user_2683,47,0.19983910869565216,0.116892,2.6721606641871842,0,1
user_2684,4,220800.0,187200.0,0.8112781215737428,0,1
user_2685,4,194400.0,140400.0,0.8112781215737428,0,1
user_2686,9,117900.0,7200.0,1.6577427207341087,0,1
user_2687,10,122400.0,28800.0,2.446439336014845,0,1
user_2688,6,175680.0,82800.0,2.2516291601743474,0,1
user_2689,6,172800.0,90000.0,1.4591479126991596,0,1
user_269,2,237600.0,237600.0,-1.4426951595367387e-09,1,-1
user_2690,1,86400.0,86400.0,0.0,0,1
user_2691,1,86400.0,86400.0,0.0,0,1
user_2692,10,113600.0,14400.0,1.5709505886838886,0,1
user_2693,6,172080.0,57600.0,1.4591479126991596,0,1
user_2694,6,182880.0,93600.0,2.2516291601743474,0,1
user_2695,46,0.19938466666666663,0.139565,2.73582451300825,0,-1
user_2696,4,217200.0,172800.0,0.99999999711461,1,1
user_2697,59,0.19973175862068965,0.104203,2.7369557905961246,0,1
user_2698,4,213600.0,172800.0,1.4999999956719148,0,1
user_2699,4,238800.0,208800.0,0.99999999711461,0,1
user_27,56,0.1994405999999999,0.108323,2.7259022356196705,0,1
user_270,5,198000.0,108000.0,1.5219280905592771,0,1
user_2700,3,226800.0,219600.0,1.584962496393071,0,1
user_2701,8,150171.42857142858,54000.0,0.8112781215737428,0,1
user_2702,9,132750.0,7200.0,2.419381936990201,1,1
user_2703,5,195300.0,136800.0,1.9219280891165822,0,1
user_2704,33,0.20107740625,0.110325,2.612131609062909,0,1
user_2705,66,0.19915295384615384,0.114827,2.7251773309952267,0,1
user_2706,5,189900.0,140400.0,1.9219280891165822,0,1
user_2707,3,261000.0,237600.0,0.9182958311690995,0,1
user_2708,3,261000.0,241200.0,1.584962496393071,1,1
user_2709,6,182160.0,122400.0,0.9182958311690995,0,1
user_271,3,243000.0,230400.0,0.9182958311690995,0,1
user_2710,9,135900.0,7200.0,1.7527152732089246,0,1
user_2711,6,167040.0,104400.0,2.2516291601743474,1,1
user_2712,9,129150.0,43200.0,2.197159716210674,0,1
user_2713,3,253800.0,252000.0,1.584962496393071,0,1
user_2714,3,234000.0,180000.0,1.584962496393071,0,1
user_2715,7,159600.0,46800.0,1.4488156313970995,0,1
user_2716,2,241200.0,241200.0,-1.4426951595367387e-09,0,-1
user_2717,7,147600.0,18000.0,1.8423709874063285,0,1
user_2718,58,0.20042291228070172,0.114858,2.706927867525128,0,1
user_2719,10,129200.0,43200.0,2.446439336014845,0,1
user_272,4,204000.0,158400.0,1.4999999956719148,1,1
user_2720,3,207000.0,194400.0,0.9182958311690995,0,1
user_2721,7,154800.0,32400.0,2.2359263434155574,0,1
user_2722,9,129600.0,18000.0,2.197159716210674,0,1
user_2723,2,273600.0,273600.0,-1.4426951595367387e-09,0,-1
user_2724,58,0.19897154385964913,0.111646,2.7640536529261484,0,1
user_2725,56,0.1997498181818182,0.1166,2.746688011001614,0,1
user_2726,3,208800.0,187200.0,0.9182958311690995,0,1
user_2727,4,224400.0,162000.0,0.8112781215737428,0,1
user_2728,9,103050.0,3600.0,2.281036105339948,0,1
user_2729,6,174960.0,61200.0,1.4591479126991596,0,1
user_273,1,86400.0,86400.0,0.0,0,1
user_2730,6,183600.0,93600.0,1.4591479126991596,1,1
user_2731,7,147000.0,36000.0,1.664497773429681,0,1
user_2732,7,154800.0,79200.0,1.1488348499528316,0,1
user_2733,4,204000.0,169200.0,1.9999999942292197,1,1
user_2734,10,122800.0,7200.0,1.5709505886838886,0,1
user_2735,5,203400.0,144000.0,1.9219280891165822,0,1
user_2736,3,248400.0,216000.0,1.584962496393071,0,1
user_2737,7,153000.0,36000.0,1.5566567031347378,0,1
user_2738,6,156240.0,57600.0,2.2516291601743474,0,1
user_2739,8,144514.2857142857,18000.0,1.8112781186883526,0,1
user_274,6,172080.0,72000.0,1.9182958282837093,0,1
user_2740,9,121500.0,32400.0,1.7527152732089246,0,1
user_2741,1,86400.0,86400.0,0.0,0,1
user_2742,1,86400.0,86400.0,0.0,0,1
user_2743,7,145200.0,10800.0,1.3787834891580906,0,1
user_2744,10,111600.0,36000.0,2.3709505857984983,0,1
user_2745,1,86400.0,86400.0,0.0,0,1
user_2746,7,157200.0,43200.0,1.3787834891580906,0,1
user_2747,9,134550.0,28800.0,1.224394441077901,0,1
user_2748,8,147085.7142857143,75600.0,1.8112781186883526,0,1
user_2749,62,0.20000265573770495,0.11503,2.7002752037211577,0,1
user_275,3,237600.0,226800.0,1.584962496393071,1,1
user_2750,10,124400.0,14400.0,2.446439336014845,0,1
user_2751,5,175500.0,93600.0,0.9709505915692787,0,1
user_2752,8,148114.2857142857,50400.0,1.74999999422922,0,1
user_2753,8,137828.57142857142,10800.0,2.155639055016091,0,1
user_2754,8,119314.28571428571,7200.0,2.155639055016091,0,1
user_2755,7,145800.0,50400.0,1.8423709874063285,0,1
user_2756,3,234000.0,226800.0,0.9182958311690995,0,1
user_2757,9,120150.0,21600.0,2.058813883117726,0,1
user_2758,4,224400.0,198000.0,0.8112781215737428,0,1
user_2759,6,175680.0,115200.0,1.9182958282837093,0,1
user_276,2,241200.0,241200.0,0.99999999711461,0,1
user_2760,6,185760.0,64800.0,1.9182958282837093,0,1
user_2761,1,86400.0,86400.0,0.0,0,1
user_2762,4,223200.0,165600.0,0.99999999711461,0,1
user_2763,8,124457.14285714286,64800.0,1.5612781201310477,0,1
user_2764,2,266400.0,266400.0,0.99999999711461,0,1
user_2765,10,109600.0,14400.0,1.960964040230206,0,1
user_2766,3,232200.0,226800.0,1.584962496393071,0,1
user_2767,7,156600.0,64800.0,1.664497773429681,0,1
user_2768,8,137314.2857142857,7200.0,1.8112781186883526,0,1
user_2769,2,223200.0,223200.0,0.99999999711461,0,1
user_277,8,136285.7142857143,36000.0,2.155639055016091,0,1
user_2770,7,154200.0,75600.0,1.8423709874063285,0,1
user_2771,9,118800.0,3600.0,1.8910611063018725,1,1
user_2772,7,148800.0,3600.0,1.4488156313970995,0,1
user_2773,9,108450.0,7200.0,2.197159716210674,0,1
user_2774,6,188640.0,72000.0,1.2516291630597378,0,1
user_2775,10,114000.0,36000.0,1.360964043115596,0,1
user_2776,9,125550.0,43200.0,1.7527152732089246,0,1
user_2777,7,142800.0,14400.0,1.5566567031347378,0,1
user_2778,9,133200.0,39600.0,2.1132833270813998,0,1
user_2779,3,243000.0,187200.0,0.9182958311690995,0,1
user_278,8,128057.14285714286,46800.0,2.155639055016091,0,1
user_2780,37,0.1989176388888889,0.103651,2.7943656140087,0,-1
user_2781,5,197100.0,151200.0,1.3709505901265835,0,1
user_2782,3,234000.0,223200.0,1.584962496393071,0,1
user_2783,10,119200.0,18000.0,2.0464393374575405,0,1
user_2784,7,154200.0,57600.0,1.1488348499528316,0,1
user_2785,29,0.19940467857142855,0.113737,2.6969108311301864,0,1
user_2786,6,167760.0,82800.0,1.792481244589798,0,1
user_2787,5,199800.0,90000.0,1.9219280891165822,0,1
user_2788,3,266400.0,241200.0,1.584962496393071,0,-1
user_2789,1,86400.0,86400.0,0.0,0,1
user_279,1,86400.0,86400.0,0.0,0,1
user_2790,6,180720.0,108000.0,1.9182958282837093,0,1
user_2791,5,179100.0,90000.0,1.3709505901265835,1,1
user_2792,8,141428.57142857142,7200.0,1.8112781186883526,0,1
user_2793,10,122400.0,36000.0,2.521928086231192,0,1
user_2794,9,115650.0,25200.0,1.3516441108253072,0,1
user_2795,4,238800.0,212400.0,1.4999999956719148,0,1
user_2796,6,164880.0,57600.0,1.2516291630597378,0,1
user_2797,3,252000.0,237600.0,1.584962496393071,0,1
user_2798,10,111600.0,32400.0,1.6854752914565543,0,1
user_2799,1,86400.0,86400.0,0.0,1,1
user_28,5,225900.0,169200.0,0.7219280920019722,0,1
user_280,6,199440.0,126000.0,0.9182958311690995,0,1
user_2800,4,198000.0,151200.0,1.4999999956719148,0,1
user_2801,3,246600.0,234000.0,1.584962496393071,1,1
user_2802,3,234000.0,226800.0,0.9182958311690995,0,1
user_2803,57,0.20026669642857145,0.126785,2.790097189441922,0,-1
user_2804,3,232200.0,212400.0,1.584962496393071,0,1
user_2805,4,202800.0,140400.0,1.4999999956719148,0,1
user_2806,1,86400.0,86400.0,0.0,0,1
user_2807,9,127800.0,3600.0,2.1132833270813998,0,1
user_2808,8,124971.42857142857,28800.0,1.9056390564587862,0,1
user_2809,9,140400.0,46800.0,1.8365916623381988,0,1
user_281,3,243000.0,237600.0,0.9182958311690995,0,1
user_2810,8,128571.42857142857,57600.0,1.4056390579014812,0,1
user_2811,3,221400.0,219600.0,1.584962496393071,0,1
user_2812,6,167040.0,57600.0,1.9182958282837093,0,1
user_2813,5,198900.0,144000.0,1.3709505901265835,0,1
user_2814,3,235800.0,212400.0,0.9182958311690995,0,1
user_2815,3,262800.0,244800.0,0.9182958311690995,0,1
user_2816,9,117450.0,14400.0,2.5032583261194756,1,1
user_2817,2,255600.0,255600.0,-1.4426951595367387e-09,0,-1
user_2818,8,130628.57142857143,46800.0,1.8112781186883526,1,1
user_2819,1,86400.0,86400.0,0.0,0,1
user_282,53,0.19982953846153842,0.121145,2.7293964964336084,0,1
user_2820,10,111200.0,14400.0,2.1709505872411934,0,1
user_2821,7,145200.0,3600.0,1.8423709874063285,0,1
user_2822,10,111200.0,18000.0,1.8464393389002354,0,1
user_2823,2,277200.0,277200.0,0.99999999711461,0,1
user_2824,1,86400.0,86400.0,0.0,0,1
user_2825,2,280800.0,280800.0,0.99999999711461,0,1
user_2826,9,128250.0,25200.0,2.1132833270813998,0,1
user_2827,10,118400.0,3600.0,1.8464393389002354,0,1
user_2828,5,197100.0,147600.0,0.7219280920019722,0,1
user_2829,5,172800.0,97200.0,1.9219280891165822,0,1
user_283,3,225000.0,201600.0,0.9182958311690995,0,1
user_2830,1,86400.0,86400.0,0.0,0,1
user_2831,9,128700.0,14400.0,2.419381936990201,0,1
user_2832,7,169800.0,82800.0,1.8423709874063285,0,1
user_2833,7,145200.0,21600.0,1.5566567031347378,0,1
user_2834,7,139800.0,54000.0,2.128085271677919,0,1
user_2835,1,86400.0,86400.0,0.0,0,1
user_2836,7,148800.0,61200.0,1.8423709874063285,0,1
user_2837,2,252000.0,252000.0,0.99999999711461,0,1
user_2838,4,201600.0,133200.0,1.4999999956719148,0,1
user_2839,1,86400.0,86400.0,0.0,0,1
user_284,4,201600.0,169200.0,1.9999999942292197,0,1
user_2840,7,133800.0,18000.0,2.2359263434155574,0,1
user_2841,10,105600.0,3600.0,1.6854752914565543,1,1
user_2842,7,156000.0,3600.0,1.5566567031347378,0,1
user_2843,10,112000.0,18000.0,1.1567796451189545,0,1
user_2844,4,192000.0,136800.0,0.8112781215737428,0,1
user_2845,4,210000.0,180000.0,0.99999999711461,0,1
user_2846,9,131400.0,25200.0,1.3516441108253072,0,1
user_2847,27,0.20098903846153843,0.107075,2.5502286981634756,0,-1
user_2848,1,86400.0,86400.0,0.0,0,1
user_2849,5,176400.0,104400.0,1.9219280891165822,0,1
user_285,2,295200.0,295200.0,0.99999999711461,0,-1
user_2850,1,86400.0,86400.0,0.0,0,1
user_2851,30,0.19693510344827586,0.117705,2.496765168049715,0,-1
user_2852,3,244800.0,237600.0,1.584962496393071,0,1
user_2853,9,141300.0,46800.0,1.3516441108253072,0,1
user_2854,47,0.2003426086956522,0.142115,2.667555129414709,0,-1
user_2855,6,163440.0,82800.0,1.4591479126991596,0,1
user_2856,3,270000.0,255600.0,1.584962496393071,0,-1
user_2857,6,171360.0,57600.0,1.792481244589798,0,1
user_2858,51,0.20034427999999999,0.127679,2.716186979509722,0,1
user_2859,6,169200.0,68400.0,1.4591479126991596,0,1
user_286,3,264600.0,230400.0,0.9182958311690995,0,1
user_2860,5,188100.0,162000.0,1.9219280891165822,1,1
user_2861,1,86400.0,86400.0,0.0,0,1
user_2862,3,232200.0,187200.0,-1.4426951595367387e-09,0,-1
user_2863,2,234000.0,234000.0,0.99999999711461,0,1
user_2864,8,140914.2857142857,46800.0,2.249999992786525,1,1
user_2865,7,157200.0,32400.0,1.664497773429681,0,1
user_2866,5,187200.0,158400.0,1.9219280891165822,0,1
user_2867,2,226800.0,226800.0,0.99999999711461,0,1
user_2868,78,0.19979620779220778,0.10846,2.743940396038456,0,-1
user_2869,1,86400.0,86400.0,0.0,0,1
user_287,8,144514.2857142857,14400.0,2.155639055016091,0,1
user_2870,59,0.19961882758620692,0.111958,2.7698231980484804,0,1
user_2871,8,141942.85714285713,36000.0,1.9056390564587862,0,1
user_2872,4,236400.0,201600.0,1.4999999956719148,0,1
user_2873,10,103200.0,14400.0,2.1709505872411934,0,1
user_2874,8,145028.57142857142,57600.0,1.4999999956719148,0,1
user_2875,2,284400.0,284400.0,0.99999999711461,0,-1
user_2876,7,132600.0,32400.0,1.8423709874063285,1,1
user_2877,45,0.20020436363636362,0.105711,2.699907381108939,0,1
user_2878,6,169200.0,68400.0,1.2516291630597378,0,1
user_2879,5,203400.0,151200.0,0.7219280920019722,1,1
user_288,10,107600.0,3600.0,2.1609640387875113,0,1
user_2880,9,120600.0,10800.0,1.5304930524293974,0,1
user_2881,32,0.20198812903225802,0.122087,2.6123866150915087,0,-1
user_2882,1,86400.0,86400.0,0.0,0,1
user_2883,2,273600.0,273600.0,0.99999999711461,0,1
user_2884,3,257400.0,216000.0,0.9182958311690995,0,1
user_2885,35,0.2022150588235294,0.114578,2.711306135900653,0,-1
user_2886,6,178560.0,61200.0,2.2516291601743474,0,1
user_2887,6,170640.0,115200.0,1.4591479126991596,0,1
user_2888,7,126600.0,57600.0,1.8423709874063285,0,1
user_2889,5,203400.0,129600.0,1.3709505901265835,0,1
user_289,6,169920.0,72000.0,1.584962496393071,0,1
user_2890,5,193500.0,133200.0,1.9219280891165822,0,1
user_2891,2,273600.0,273600.0,0.99999999711461,0,1
user_2892,5,212400.0,165600.0,1.5219280905592771,0,1
user_2893,6,150480.0,54000.0,2.2516291601743474,0,1
user_2894,4,213600.0,162000.0,0.99999999711461,0,1
user_2895,7,157200.0,64800.0,1.8423709874063285,0,1
user_2896,6,146160.0,46800.0,1.4591479126991596,1,1
user_2897,4,229200.0,187200.0,-1.4426951595367387e-09,0,-1
user_2898,4,228000.0,212400.0,0.8112781215737428,0,1
user_2899,7,155400.0,79200.0,1.3787834891580906,0,1
user_29,3,244800.0,230400.0,0.9182958311690995,0,1
user_290,1,86400.0,86400.0,0.0,0,1
user_2900,80,0.20073046835443037,0.114526,2.721325357585452,0,-1
user_2901,5,198000.0,136800.0,1.3709505901265835,0,1
user_2902,5,218700.0,162000.0,1.9219280891165822,1,1
user_2903,10,118400.0,7200.0,1.3709505901265835,0,1
user_2904,2,273600.0,273600.0,0.99999999711461,0,1
user_2905,1,86400.0,86400.0,0.0,0,1
user_2906,5,171000.0,104400.0,1.9219280891165822,0,1
user_2907,6,198000.0,126000.0,1.4591479126991596,0,1
user_2908,6,182160.0,75600.0,1.4591479126991596,0,1
user_2909,6,180000.0,111600.0,1.4591479126991596,0,1
user_291,4,190800.0,158400.0,1.9999999942292197,0,1
user_2910,4,243600.0,187200.0,-1.4426951595367387e-09,0,-1
user_2911,6,164880.0,118800.0,1.792481244589798,0,1
user_2912,3,261000.0,244800.0,0.9182958311690995,0,1
user_2913,1,86400.0,86400.0,0.0,0,1
user_2914,8,136800.0,54000.0,2.155639055016091,0,1
user_2915,6,159840.0,61200.0,1.4591479126991596,0,1
user_2916,10,108400.0,21600.0,1.5709505886838886,0,1
user_2917,3,235800.0,223200.0,1.584962496393071,1,1
user_2918,3,241200.0,223200.0,-1.4426951595367387e-09,1,-1
user_2919,9,123300.0,28800.0,1.3921472193364495,0,1
user_292,7,147000.0,14400.0,2.2359263434155574,0,1
user_2920,2,219600.0,219600.0,0.99999999711461,0,1
user_2921,2,219600.0,219600.0,0.99999999711461,0,1
user_2922,6,164880.0,50400.0,0.6500224187629642,0,1
user_2923,7,150000.0,3600.0,1.8423709874063285,0,1
user_2924,10,116400.0,7200.0,2.1219280876738873,0,1
user_2925,60,0.19933354237288137,0.118641,2.68526865377106,0,1
user_2926,4,193200.0,133200.0,1.4999999956719148,0,1
user_2927,39,0.19997252631578952,0.103788,2.651986198398315,0,-1
user_2928,7,149400.0,7200.0,1.8423709874063285,0,1
user_2929,4,222000.0,140400.0,1.4999999956719148,0,1
user_293,3,225000.0,198000.0,0.9182958311690995,0,1
user_2930,5,179100.0,118800.0,0.7219280920019722,0,1
user_2931,10,125200.0,14400.0,1.8954618384675417,1,1
user_2932,10,122400.0,21600.0,1.5709505886838886,0,1
user_2933,3,244800.0,190800.0,1.584962496393071,1,1
user_2934,4,241200.0,190800.0,1.4999999956719148,0,1
user_2935,6,193680.0,115200.0,2.2516291601743474,0,1
user_2936,6,177120.0,93600.0,1.2516291630597378,0,1
user_2937,3,230400.0,226800.0,0.9182958311690995,0,1
user_2938,36,0.1983316,0.103735,2.6683940900014678,0,-1
user_2939,69,0.19963444117647058,0.111638,2.7200403428760938,0,-1
user_294,10,116800.0,28800.0,2.1219280876738873,0,1
user_2940,8,138342.85714285713,18000.0,1.9056390564587862,0,1
user_2941,2,237600.0,237600.0,0.99999999711461,0,1
user_2942,10,104800.0,7200.0,1.3567796436762596,0,1
user_2943,2,259200.0,259200.0,0.99999999711461,1,1
user_2944,1,86400.0,86400.0,0.0,0,1
user_2945,3,223200.0,205200.0,1.584962496393071,0,1
user_2946,8,140400.0,72000.0,2.155639055016091,0,1
user_2947,9,130050.0,32400.0,1.224394441077901,0,1
user_2948,10,110800.0,18000.0,1.7219280891165822,0,1
user_2949,9,107100.0,7200.0,1.224394441077901,0,1
user_295,2,262800.0,262800.0,0.99999999711461,0,1
user_2950,22,0.1977033333333333,0.126499,2.5560542003144677,0,-1
user_2951,10,114800.0,3600.0,1.8464393389002354,0,1
user_2952,3,252000.0,208800.0,1.584962496393071,0,1
user_2953,1,86400.0,86400.0,0.0,0,1
user_2954,2,273600.0,273600.0,0.99999999711461,0,1
user_2955,1,86400.0,86400.0,0.0,0,1
user_2956,3,228600.0,216000.0,0.9182958311690995,0,1
user_2957,3,219600.0,212400.0,-1.4426951595367387e-09,0,-1
user_2958,6,159120.0,61200.0,1.4591479126991596,0,1
user_2959,6,173520.0,68400.0,1.4591479126991596,0,1
user_296,2,244800.0,244800.0,0.99999999711461,0,1
user_2960,6,169920.0,57600.0,2.584962492064986,0,1
user_2961,3,241200.0,237600.0,0.9182958311690995,1,1
user_2962,10,115200.0,39600.0,1.6854752914565543,0,1
user_2963,3,262800.0,241200.0,-1.4426951595367387e-09,0,-1
user_2964,9,129150.0,25200.0,1.8365916623381988,0,1
user_2965,5,196200.0,140400.0,0.9709505915692787,0,1
user_2966,2,266400.0,266400.0,0.99999999711461,0,1
user_2967,1,86400.0,86400.0,0.0,0,1
user_2968,2,295200.0,295200.0,-1.4426951595367387e-09,0,-1
user_2969,3,230400.0,190800.0,1.584962496393071,0,1
user_297,2,291600.0,291600.0,0.99999999711461,0,-1
user_2970,3,277200.0,255600.0,0.9182958311690995,0,-1
user_2971,9,111600.0,3600.0,1.9749374954311467,1,1
user_2972,6,169920.0,108000.0,0.6500224187629642,0,1
user_2973,80,0.2003483164556962,0.11107,2.775804145204191,0,-1
user_2974,4,224400.0,144000.0,1.4999999956719148,0,1
user_2975,9,141750.0,50400.0,2.058813883117726,0,1
user_2976,4,249600.0,201600.0,0.99999999711461,0,1
user_2977,38,0.1984292162162162,0.119894,2.7679582676203123,0,-1
user_2978,7,147600.0,54000.0,1.8423709874063285,0,1
user_2979,30,0.19977675862068972,0.125007,2.481193922513449,0,-1
user_298,9,111600.0,10800.0,1.8365916623381988,1,1
user_2980,10,125200.0,36000.0,1.8464393389002354,0,1
user_2981,6,168480.0,54000.0,1.2516291630597378,0,1
user_2982,2,219600.0,219600.0,0.99999999711461,0,1
user_2983,1,86400.0,86400.0,0.0,1,1
user_2984,5,179100.0,122400.0,1.5219280905592771,0,1
user_2985,9,119250.0,7200.0,1.8365916623381988,1,1
user_2986,9,128700.0,43200.0,1.7527152732089246,0,1
user_2987,9,126000.0,46800.0,1.8910611063018725,0,1
user_2988,8,133714.2857142857,14400.0,1.2987949363673135,0,1
user_2989,10,116000.0,7200.0,1.960964040230206,0,1
user_299,3,216000.0,208800.0,1.584962496393071,0,1
user_2990,2,288000.0,288000.0,0.99999999711461,0,-1
user_2991,4,219600.0,180000.0,1.4999999956719148,0,1
user_2992,6,171360.0,100800.0,0.9182958311690995,0,1
user_2993,7,153000.0,10800.0,2.2359263434155574,0,1
user_2994,1,86400.0,86400.0,0.0,0,1
user_2995,7,157800.0,46800.0,1.8423709874063285,0,1
user_2996,8,146571.42857142858,32400.0,1.8112781186883526,0,1
user_2997,9,130500.0,32400.0,1.7527152732089246,0,1
user_2998,2,259200.0,259200.0,0.99999999711461,0,1
user_2999,7,155400.0,7200.0,1.3787834891580906,0,1
user_3,10,107600.0,3600.0,2.1709505872411934,0,1
user_30,10,104000.0,7200.0,1.2954618399102367,1,1
user_300,9,113850.0,21600.0,2.058813883117726,0,1
user_3000,8,119314.28571428571,14400.0,1.5612781201310477,0,1
user_3001,4,222000.0,187200.0,1.4999999956719148,0,1
user_3002,9,136350.0,25200.0,2.281036105339948,0,1
user_3003,2,241200.0,241200.0,0.99999999711461,0,1
user_3004,9,119700.0,28800.0,2.1132833270813998,0,1
user_3005,1,86400.0,86400.0,0.0,0,1
user_3006,53,0.19924998076923076,0.110204,2.723639103166517,0,1
user_3007,6,168480.0,50400.0,2.2516291601743474,0,1
user_3008,1,86400.0,86400.0,0.0,0,1
user_3009,1,86400.0,86400.0,0.0,0,1
user_301,3,273600.0,255600.0,1.584962496393071,0,-1
user_3010,4,208800.0,154800.0,0.8112781215737428,0,1
user_3011,9,132300.0,43200.0,1.3516441108253072,0,1
user_3012,5,187200.0,136800.0,1.9219280891165822,0,1
user_3013,5,192600.0,133200.0,1.3709505901265835,0,1
user_3014,10,108400.0,3600.0,1.7219280891165822,0,1
user_3015,9,126450.0,18000.0,1.3516441108253072,0,1
user_3016,1,86400.0,86400.0,0.0,0,1
user_3017,10,106000.0,18000.0,2.1709505872411934,0,1
user_3018,2,219600.0,219600.0,0.99999999711461,1,1
user_3019,4,194400.0,154800.0,1.4999999956719148,0,1
user_302,7,148800.0,46800.0,0.5916727756969373,0,1
user_3020,23,0.20006104545454545,0.11315,2.5120548819012596,0,-1
user_3021,1,86400.0,86400.0,0.0,1,1
user_3022,1,86400.0,86400.0,0.0,0,1
user_3023,1,86400.0,86400.0,0.0,0,1
user_3024,4,230400.0,194400.0,1.4999999956719148,0,1
user_3025,7,153000.0,54000.0,1.1488348499528316,0,1
user_3026,4,201600.0,144000.0,1.4999999956719148,0,1
user_3027,5,192600.0,133200.0,1.3709505901265835,0,1
user_3028,9,131850.0,3600.0,1.8910611063018725,1,1
user_3029,10,126000.0,21600.0,1.760964041672901,0,1
user_303,2,284400.0,284400.0,0.99999999711461,1,-1
user_3030,6,172800.0,72000.0,0.9182958311690995,0,1
user_3031,9,118800.0,21600.0,1.8910611063018725,0,1
user_3032,1,86400.0,86400.0,0.0,0,1
user_3033,55,0.20118848148148147,0.112297,2.638332581277728,0,-1
user_3034,10,115200.0,18000.0,1.7219280891165822,1,1
user_3035,8,138857.14285714287,64800.0,1.74999999422922,0,1
user_3036,2,291600.0,291600.0,0.99999999711461,0,-1
user_3037,6,180720.0,100800.0,1.9182958282837093,1,1
user_3038,8,139371.42857142858,36000.0,1.9056390564587862,0,1
user_3039,7,150000.0,68400.0,1.8423709874063285,0,1
user_304,10,110000.0,7200.0,2.1219280876738873,0,1
user_3040,6,164880.0,75600.0,1.4591479126991596,0,1
user_3041,5,209700.0,118800.0,0.9709505915692787,0,1
user_3042,6,176400.0,54000.0,2.2516291601743474,0,1
user_3043,5,200700.0,140400.0,1.3709505901265835,0,1
user_3044,30,0.19896731034482762,0.121911,2.509685686813199,0,-1
user_3045,8,148628.57142857142,43200.0,1.74999999422922,0,1
user_3046,1,86400.0,86400.0,0.0,0,1
user_3047,9,115200.0,54000.0,1.7527152732089246,0,1
user_3048,7,159600.0,18000.0,1.1488348499528316,0,1
user_3049,4,220800.0,165600.0,0.8112781215737428,0,1
user_305,3,243000.0,234000.0,1.584962496393071,0,1
user_3050,1,86400.0,86400.0,0.0,0,1
user_3051,5,194400.0,158400.0,0.7219280920019722,0,1
user_3052,2,270000.0,270000.0,0.99999999711461,0,1
user_3053,7,150000.0,54000.0,1.3787834891580906,1,1
user_3054,6,162720.0,86400.0,1.4591479126991596,0,1
user_3055,10,123600.0,18000.0,2.1219280876738873,0,1
user_3056,4,218400.0,169200.0,1.4999999956719148,0,1
user_3057,1,86400.0,86400.0,0.0,0,1
user_3058,1,86400.0,86400.0,0.0,0,1
user_3059,2,226800.0,226800.0,0.99999999711461,0,1
user_306,7,134400.0,18000.0,1.1488348499528316,0,1
user_3060,3,223200.0,187200.0,1.584962496393071,0,1
user_3061,4,235200.0,165600.0,1.9999999942292197,1,1
user_3062,10,128400.0,18000.0,2.321928086231192,0,1
user_3063,1,86400.0,86400.0,0.0,0,1
user_3064,9,117450.0,14400.0,1.9749374954311467,0,1
user_3065,5,215100.0,126000.0,1.9219280891165822,0,1
user_3066,3,234000.0,180000.0,0.9182958311690995,0,1
user_3067,3,239400.0,183600.0,0.9182958311690995,0,1
user_3068,1,86400.0,86400.0,0.0,1,1
user_3069,3,237600.0,223200.0,1.584962496393071,0,1
user_307,1,86400.0,86400.0,0.0,0,1
user_3070,4,231600.0,198000.0,1.4999999956719148,0,1
user_3071,1,86400.0,86400.0,0.0,0,1
user_3072,1,86400.0,86400.0,0.0,0,1
user_3073,57,0.19900669642857144,0.122837,2.7564295402712933,0,1
user_3074,6,164160.0,75600.0,1.9182958282837093,0,1
user_3075,6,164160.0,57600.0,1.584962496393071,0,1
user_3076,8,134742.85714285713,32400.0,1.4056390579014812,0,1
user_3077,7,150600.0,18000.0,1.3787834891580906,1,1
user_3078,2,255600.0,255600.0,0.99999999711461,0,1
user_3079,9,122850.0,25200.0,1.7527152732089246,0,1
user_308,3,230400.0,226800.0,0.9182958311690995,0,1
user_3080,6,186480.0,122400.0,1.9182958282837093,0,1
user_3081,5,193500.0,90000.0,0.7219280920019722,0,1
user_3082,5,198000.0,147600.0,1.5219280905592771,0,1
user_3083,2,237600.0,237600.0,0.99999999711461,0,1
user_3084,3,250200.0,226800.0,0.9182958311690995,0,1
user_3085,1,86400.0,86400.0,0.0,0,1
user_3086,6,174960.0,115200.0,1.792481244589798,0,1
user_3087,10,112800.0,28800.0,2.1219280876738873,0,1
user_3088,8,150171.42857142858,46800.0,1.9056390564587862,0,1
user_3089,6,176400.0,100800.0,1.9182958282837093,0,1
user_309,2,230400.0,230400.0,0.99999999711461,0,1
user_3090,57,0.20107442857142857,0.112081,2.6658811287146236,0,-1
user_3091,3,241200.0,187200.0,1.584962496393071,0,1
user_3092,8,150685.7142857143,14400.0,2.155639055016091,1,1
user_3093,1,86400.0,86400.0,0.0,0,1
user_3094,10,94000.0,3600.0,1.960964040230206,0,1
user_3095,10,127600.0,25200.0,0.7219280920019722,0,1
user_3096,8,140400.0,61200.0,0.99999999711461,0,1
user_3097,10,109600.0,3600.0,1.9709505886838885,0,1
user_3098,4,216000.0,140400.0,1.4999999956719148,0,1
user_3099,10,122400.0,14400.0,2.1709505872411934,0,1
user_31,1,86400.0,86400.0,0.0,0,1
user_310,10,114800.0,10800.0,1.360964043115596,1,1
user_3100,9,122850.0,14400.0,2.058813883117726,0,1
user_3101,6,156240.0,68400.0,2.2516291601743474,0,1
user_3102,3,237600.0,212400.0,1.584962496393071,0,1
user_3103,9,117900.0,14400.0,2.058813883117726,0,1
user_3104,4,223200.0,183600.0,1.9999999942292197,0,1
user_3105,7,153000.0,50400.0,0.9852281331488615,0,1
user_3106,9,140850.0,32400.0,1.3516441108253072,0,1
user_3107,3,241200.0,234000.0,1.584962496393071,1,1
user_3108,6,169920.0,104400.0,1.4591479126991596,0,1
user_3109,59,0.20011765517241378,0.124414,2.7530661268066936,0,1
user_311,5,184500.0,90000.0,0.9709505915692787,0,1
user_3110,1,86400.0,86400.0,0.0,0,1
user_3111,20,0.2049525789473684,0.138257,2.628212935742136,0,-1
user_3112,8,153257.14285714287,36000.0,1.4056390579014812,0,1
user_3113,6,180000.0,118800.0,2.2516291601743474,1,1
user_3114,33,0.19934843750000003,0.135876,2.6226926862022055,0,-1
user_3115,75,0.2000212027027027,0.112377,2.7044085480881193,0,-1
user_3116,77,0.1998468289473684,0.115158,2.7679045322945757,0,-1
user_3117,5,175500.0,90000.0,1.9219280891165822,0,1
user_3118,6,174960.0,93600.0,1.792481244589798,0,1
user_3119,56,0.20064336363636368,0.120573,2.6901250653705455,0,1
user_312,7,171600.0,46800.0,2.2359263434155574,0,1
user_3120,7,151200.0,28800.0,1.8423709874063285,0,1
user_3121,2,288000.0,288000.0,0.99999999711461,0,-1
user_3122,76,0.1997161466666667,0.115537,2.7600935228085546,0,-1
user_3123,6,187200.0,111600.0,1.4591479126991596,0,1
user_3124,9,137700.0,50400.0,2.419381936990201,0,1
user_3125,9,134100.0,3600.0,2.197159716210674,0,1
user_3126,1,86400.0,86400.0,0.0,0,1
user_3127,3,261000.0,234000.0,1.584962496393071,0,1
user_3128,2,295200.0,295200.0,0.99999999711461,0,-1
user_3129,4,206400.0,144000.0,1.4999999956719148,0,1
user_313,9,110700.0,14400.0,1.3516441108253072,0,1
user_3130,32,0.19830441935483872,0.123517,2.7578560535931835,0,-1
user_3131,10,122800.0,36000.0,1.9709505886838885,0,1
user_3132,8,133714.2857142857,46800.0,1.74999999422922,0,1
user_3133,3,223200.0,219600.0,0.9182958311690995,1,1
user_3134,8,147600.0,43200.0,1.9056390564587862,0,1
user_3135,4,207600.0,180000.0,1.4999999956719148,0,1
user_3136,2,291600.0,291600.0,0.99999999711461,0,-1
user_3137,5,206100.0,151200.0,1.9219280891165822,0,1
user_3138,26,0.19882836,0.12525,2.7052742087757955,0,1
user_3139,74,0.19947682191780824,0.10944,2.7846530557823774,0,-1
user_314,10,91600.0,7200.0,1.8464393389002354,0,1
user_3140,4,212400.0,172800.0,-1.4426951595367387e-09,0,-1
user_3141,10,111200.0,3600.0,2.0464393374575405,0,1
user_3142,3,228600.0,226800.0,1.584962496393071,0,1
user_3143,49,0.19959385416666664,0.10884,2.6732415107586744,0,1
user_3144,1,86400.0,86400.0,0.0,0,1
user_3145,6,170640.0,90000.0,0.99999999711461,0,1
user_3146,8,152742.85714285713,57600.0,1.9056390564587862,0,1
user_3147,3,216000.0,205200.0,0.9182958311690995,0,1
user_3148,5,201600.0,154800.0,1.9219280891165822,0,1
user_3149,4,225600.0,201600.0,0.8112781215737428,0,1
user_315,1,86400.0,86400.0,0.0,0,1
user_3150,54,0.2005154905660377,0.128403,2.7796798004887195,0,-1
user_3151,1,86400.0,86400.0,0.0,1,1
user_3152,8,130628.57142857143,18000.0,1.74999999422922,0,1
user_3153,5,202500.0,154800.0,1.3709505901265835,0,1
user_3154,8,135257.14285714287,10800.0,2.155639055016091,0,1
user_3155,77,0.2004431710526316,0.107026,2.7915663093548306,0,-1
user_3156,6,172800.0,68400.0,1.584962496393071,0,1
user_3157,8,126000.0,25200.0,1.74999999422922,0,1
user_3158,9,113400.0,7200.0,1.9749374954311467,0,1
user_3159,7,145800.0,28800.0,1.3787834891580906,0,1
user_316,10,112000.0,14400.0,2.1219280876738873,0,1
user_3160,5,210600.0,158400.0,1.3709505901265835,0,1
user_3161,5,206100.0,140400.0,1.9219280891165822,0,1
user_3162,3,216000.0,190800.0,1.584962496393071,1,1
user_3163,2,252000.0,252000.0,-1.4426951595367387e-09,0,-1
user_3164,53,0.20010825,0.108867,2.757369681566873,0,1
user_3165,7,150000.0,50400.0,1.3787834891580906,0,1
user_3166,7,153600.0,54000.0,1.8423709874063285,0,1
user_3167,5,188100.0,126000.0,1.3709505901265835,0,1
user_3168,1,86400.0,86400.0,0.0,0,1
user_3169,9,125100.0,28800.0,1.3921472193364495,1,1
user_317,65,0.19946275,0.107796,2.747357778613761,0,1
user_3170,9,118350.0,7200.0,1.8910611063018725,0,1
user_3171,9,139050.0,14400.0,1.5304930524293974,1,1
user_3172,4,219600.0,158400.0,1.4999999956719148,0,1
user_3173,5,211500.0,154800.0,1.5219280905592771,0,1
user_3174,5,192600.0,144000.0,1.5219280905592771,0,1
user_3175,1,86400.0,86400.0,0.0,0,1
user_3176,10,108000.0,7200.0,1.6854752914565543,0,1
user_3177,6,164880.0,90000.0,0.9182958311690995,0,1
user_3178,7,148200.0,7200.0,2.2359263434155574,1,1
user_3179,7,142200.0,25200.0,1.3787834891580906,0,1
user_318,4,192000.0,154800.0,1.4999999956719148,0,1
user_3180,52,0.19952352941176468,0.113741,2.695177067855649,0,1
user_3181,4,231600.0,144000.0,1.4999999956719148,0,1
user_3182,9,131400.0,10800.0,2.197159716210674,0,1
user_3183,4,237600.0,165600.0,0.99999999711461,0,1
user_3184,2,248400.0,248400.0,0.99999999711461,0,1
user_3185,51,0.20117955999999995,0.102091,2.7806403433720064,0,-1
user_3186,3,264600.0,230400.0,1.584962496393071,0,1
user_3187,10,119200.0,28800.0,1.5709505886838886,0,1
user_3188,8,126000.0,18000.0,1.9999999942292197,0,1
user_3189,3,252000.0,237600.0,1.584962496393071,0,1
user_319,21,0.19988155000000002,0.113998,2.167124274936687,0,-1
user_3190,10,126800.0,21600.0,2.1219280876738873,0,1
user_3191,1,86400.0,86400.0,0.0,0,1
user_3192,8,147600.0,43200.0,2.49999999134383,0,1
user_3193,7,171000.0,64800.0,1.950212059143967,0,1
user_3194,3,248400.0,212400.0,0.9182958311690995,0,1
user_3195,8,127542.85714285714,10800.0,2.155639055016091,0,1
user_3196,2,234000.0,234000.0,-1.4426951595367387e-09,0,-1
user_3197,5,189900.0,118800.0,1.9219280891165822,0,1
user_3198,9,121050.0,61200.0,2.5032583261194756,0,1
user_3199,10,119600.0,14400.0,1.4854752928992492,0,1
user_32,8,147600.0,21600.0,1.4999999956719148,0,1
user_320,72,0.20092609859154928,0.12035,2.7380889557732955,0,-1
user_3200,4,212400.0,172800.0,1.4999999956719148,0,1
user_3201,4,228000.0,176400.0,1.9999999942292197,0,1
user_3202,5,196200.0,115200.0,1.3709505901265835,0,1
user_3203,1,86400.0,86400.0,0.0,0,1
user_3204,4,222000.0,190800.0,0.99999999711461,0,1
user_3205,6,158400.0,57600.0,1.4591479126991596,0,1
user_3206,6,160560.0,75600.0,1.4591479126991596,0,1
user_3207,4,230400.0,198000.0,1.9999999942292197,0,1
user_3208,9,123300.0,28800.0,1.5304930524293974,0,1
user_3209,3,214200.0,201600.0,1.584962496393071,1,1
user_321,10,100400.0,18000.0,2.1219280876738873,1,1
user_3210,7,160800.0,68400.0,1.8423709874063285,0,1
user_3211,9,131400.0,28800.0,1.5304930524293974,0,1
user_3212,8,139885.7142857143,3600.0,1.9056390564587862,1,1
user_3213,7,147600.0,68400.0,1.8423709874063285,0,1
user_3214,9,132300.0,18000.0,1.8910611063018725,0,1
user_3215,7,157800.0,21600.0,1.8423709874063285,0,1
user_3216,4,219600.0,154800.0,1.9999999942292197,0,1
user_3217,9,120150.0,25200.0,2.197159716210674,1,1
user_3218,9,123300.0,28800.0,1.5304930524293974,0,1
user_3219,7,157200.0,7200.0,1.3787834891580906,0,1
user_322,7,152400.0,72000.0,1.3787834891580906,0,1
user_3220,6,180720.0,118800.0,0.6500224187629642,0,1
user_3221,3,241200.0,230400.0,0.9182958311690995,0,1
user_3222,6,154080.0,72000.0,1.4591479126991596,0,1
user_3223,7,144000.0,43200.0,1.950212059143967,0,1
user_3224,8,146057.14285714287,43200.0,1.9056390564587862,0,1
user_3225,9,125550.0,32400.0,2.058813883117726,1,1
user_3226,8,127028.57142857143,18000.0,1.74999999422922,0,1
user_3227,3,259200.0,241200.0,1.584962496393071,0,1
user_3228,22,0.20256604761904765,0.145308,2.5560542003144677,0,-1
user_3229,10,108400.0,10800.0,2.1219280876738873,0,1
user_323,3,232200.0,216000.0,1.584962496393071,0,1
user_3230,6,185040.0,126000.0,1.4591479126991596,0,1
user_3231,8,134742.85714285713,7200.0,1.4056390579014812,0,1
user_3232,3,271800.0,252000.0,1.584962496393071,0,-1
user_3233,1,86400.0,86400.0,0.0,0,1
user_3234,10,110800.0,10800.0,2.24643933745754,0,1
user_3235,7,165600.0,82800.0,0.5916727756969373,0,1
user_3236,9,135900.0,10800.0,2.1132833270813998,0,1
user_3237,4,223200.0,201600.0,1.9999999942292197,0,1
user_3238,5,203400.0,104400.0,1.9219280891165822,1,1
user_3239,1,86400.0,86400.0,0.0,0,1
user_324,9,120600.0,25200.0,2.1132833270813998,0,1
user_3240,4,214800.0,194400.0,1.4999999956719148,0,1
user_3241,29,0.2016983214285714,0.131902,2.6519751763722557,0,-1
user_3242,2,273600.0,273600.0,0.99999999711461,0,1
user_3243,5,186300.0,147600.0,1.5219280905592771,0,1
user_3244,2,280800.0,280800.0,0.99999999711461,0,1
user_3245,9,123300.0,21600.0,1.8910611063018725,0,1
user_3246,6,171360.0,54000.0,1.792481244589798,0,1
user_3247,6,175680.0,79200.0,1.584962496393071,0,1
user_3248,5,189900.0,133200.0,0.9709505915692787,0,1
user_3249,30,0.19889468965517246,0.119195,2.6778650720670916,0,1
user_325,2,230400.0,230400.0,0.99999999711461,1,1
user_3250,2,273600.0,273600.0,0.99999999711461,0,1
user_3251,4,200400.0,180000.0,1.4999999956719148,0,1
user_3252,2,298800.0,298800.0,-1.4426951595367387e-09,0,-1
user_3253,4,247200.0,190800.0,1.4999999956719148,0,1
user_3254,2,295200.0,295200.0,-1.4426951595367387e-09,1,-1
user_3255,6,157680.0,90000.0,2.2516291601743474,0,1
user_3256,6,172080.0,57600.0,1.4591479126991596,0,1
user_3257,71,0.20037165714285712,0.117591,2.7215861071426692,0,-1
user_3258,73,0.19949605555555555,0.111473,2.7654121648928522,0,-1
user_3259,9,125550.0,28800.0,2.1132833270813998,1,1
user_326,3,212400.0,198000.0,1.584962496393071,0,1
user_3260,4,240000.0,190800.0,1.4999999956719148,0,1
user_3261,2,262800.0,262800.0,-1.4426951595367387e-09,1,-1
user_3262,67,0.2000797575757576,0.106809,2.7479018569973364,0,-1
user_3263,43,0.20060835714285716,0.147573,2.7510191064716656,0,-1
user_3264,4,236400.0,208800.0,1.4999999956719148,0,1
user_3265,4,195600.0,154800.0,0.8112781215737428,0,1
user_3266,35,0.197652,0.127559,2.744027479549986,0,-1
user_3267,10,105600.0,3600.0,2.321928086231192,1,1
user_3268,8,118800.0,7200.0,2.4056390535733962,0,1
user_3269,48,0.2015806382978723,0.130513,2.696577929134051,0,-1
user_327,9,125550.0,14400.0,2.197159716210674,0,1
user_3270,2,298800.0,298800.0,0.99999999711461,0,-1
user_3271,8,145028.57142857142,3600.0,0.99999999711461,0,1
user_3272,2,277200.0,277200.0,0.99999999711461,0,1
user_3273,8,145028.57142857142,46800.0,1.9056390564587862,0,1
user_3274,2,237600.0,237600.0,0.99999999711461,0,1
user_3275,1,86400.0,86400.0,0.0,0,1
user_3276,2,223200.0,223200.0,0.99999999711461,0,1
user_3277,5,202500.0,158400.0,1.9219280891165822,0,1
user_3278,4,226800.0,190800.0,1.4999999956719148,0,1
user_3279,1,86400.0,86400.0,0.0,0,1
user_328,5,210600.0,140400.0,1.9219280891165822,0,1
user_3280,5,200700.0,151200.0,1.3709505901265835,0,1
user_3281,10,132000.0,54000.0,2.1709505872411934,1,1
user_3282,8,131657.14285714287,46800.0,1.5487949349246184,0,1
user_3283,7,159000.0,68400.0,0.5916727756969373,0,1
user_3284,9,121050.0,21600.0,1.8365916623381988,0,1
user_3285,10,115200.0,10800.0,1.360964043115596,0,1
user_3286,10,116000.0,25200.0,1.360964043115596,0,1
user_3287,7,153000.0,50400.0,2.2359263434155574,1,1
user_3288,6,156960.0,61200.0,1.792481244589798,1,1
user_3289,24,0.2015483913043478,0.110276,2.621653512340468,0,-1
user_329,5,189900.0,140400.0,1.9219280891165822,1,1
user_3290,10,133600.0,54000.0,2.0464393374575405,0,1
user_3291,2,223200.0,223200.0,0.99999999711461,0,1
user_3292,7,145200.0,7200.0,1.8423709874063285,0,1
user_3293,3,221400.0,187200.0,0.9182958311690995,0,1
user_3294,2,259200.0,259200.0,0.99999999711461,0,1
user_3295,67,0.2000210303030303,0.116335,2.7608489675438435,0,1
user_3296,3,262800.0,241200.0,0.9182958311690995,0,1
user_3297,5,193500.0,126000.0,1.9219280891165822,0,1
user_3298,9,130050.0,18000.0,1.3516441108253072,0,1
user_3299,3,268200.0,255600.0,0.9182958311690995,0,1
user_33,8,129085.71428571429,28800.0,1.5612781201310477,0,1
user_330,9,121050.0,10800.0,1.8365916623381988,0,1
user_3300,3,228600.0,180000.0,1.584962496393071,0,1
user_3301,8,142971.42857142858,54000.0,1.74999999422922,0,1
user_3302,10,110400.0,21600.0,2.1219280876738873,0,1
user_3303,7,159000.0,68400.0,1.8423709874063285,0,1
user_3304,2,252000.0,252000.0,0.99999999711461,0,1
user_3305,2,230400.0,230400.0,0.99999999711461,0,1
user_3306,5,198900.0,93600.0,1.9219280891165822,0,1
user_3307,9,149400.0,54000.0,0.9910760569528321,0,1
user_3308,5,203400.0,129600.0,1.3709505901265835,0,1
user_3309,3,243000.0,234000.0,1.584962496393071,0,1
user_331,8,141942.85714285713,50400.0,2.155639055016091,1,1
user_3310,6,171360.0,79200.0,1.792481244589798,0,1
user_3311,8,125485.71428571429,28800.0,2.4056390535733962,0,1
user_3312,6,169920.0,93600.0,1.4591479126991596,0,1
user_3313,7,133200.0,54000.0,1.664497773429681,0,1
user_3314,3,257400.0,219600.0,-1.4426951595367387e-09,0,-1
user_3315,10,107200.0,14400.0,2.1709505872411934,0,1
user_3316,5,190800.0,144000.0,0.9709505915692787,0,1
user_3317,1,86400.0,86400.0,0.0,0,1
user_3318,2,273600.0,273600.0,0.99999999711461,0,1
user_3319,2,284400.0,284400.0,-1.4426951595367387e-09,0,-1
user_332,9,117900.0,3600.0,2.058813883117726,1,1
user_3320,2,248400.0,248400.0,0.99999999711461,0,1
user_3321,3,248400.0,205200.0,1.584962496393071,0,1
user_3322,6,156240.0,68400.0,1.4591479126991596,0,1
user_3323,4,229200.0,151200.0,1.9999999942292197,1,1
user_3324,1,86400.0,86400.0,0.0,1,1
user_3325,8,154800.0,39600.0,2.155639055016091,0,1
user_3326,7,146400.0,7200.0,1.3787834891580906,1,1
user_3327,2,284400.0,284400.0,0.99999999711461,0,-1
user_3328,10,121600.0,28800.0,1.360964043115596,0,1
user_3329,3,212400.0,194400.0,1.584962496393071,0,1
user_333,75,0.20097801351351352,0.113248,2.7626429130502137,0,-1
user_3330,5,179100.0,144000.0,1.3709505901265835,0,1
user_3331,6,178560.0,100800.0,0.9182958311690995,0,1
user_3332,7,157800.0,75600.0,1.1488348499528316,0,1
user_3333,7,127200.0,28800.0,1.3787834891580906,0,1
user_3334,7,130800.0,3600.0,1.950212059143967,0,1
user_3335,46,0.19916564444444446,0.136231,2.6717549295351475,0,-1
user_3336,6,177120.0,68400.0,0.9182958311690995,0,1
user_3337,3,217800.0,183600.0,1.584962496393071,0,1
user_3338,4,195600.0,147600.0,0.8112781215737428,0,1
user_3339,7,150600.0,82800.0,1.1488348499528316,0,1
user_334,2,234000.0,234000.0,-1.4426951595367387e-09,0,-1
user_3340,10,125200.0,43200.0,1.8464393389002354,0,1
user_3341,2,284400.0,284400.0,0.99999999711461,0,-1
user_3342,6,156960.0,75600.0,1.9182958282837093,0,1
user_3343,2,234000.0,234000.0,0.99999999711461,1,1
user_3344,9,118800.0,14400.0,1.5304930524293974,0,1
user_3345,2,295200.0,295200.0,0.99999999711461,0,-1
user_3346,31,0.19826510000000003,0.125218,2.711428963664447,0,-1
user_3347,9,126450.0,32400.0,1.8910611063018725,0,1
user_3348,6,172080.0,100800.0,1.9182958282837093,0,1
user_3349,4,212400.0,180000.0,1.4999999956719148,0,1
user_335,1,86400.0,86400.0,0.0,0,1
user_3350,8,139885.7142857143,14400.0,1.4056390579014812,0,1
user_3351,6,146160.0,82800.0,2.2516291601743474,0,1
user_3352,10,120000.0,21600.0,1.8464393389002354,0,1
user_3353,7,159600.0,10800.0,1.8423709874063285,1,1
user_3354,7,147000.0,36000.0,1.3787834891580906,0,1
user_3355,6,150480.0,61200.0,1.584962496393071,0,1
user_3356,2,295200.0,295200.0,0.99999999711461,1,-1
user_3357,8,138342.85714285713,7200.0,1.8112781186883526,0,1
user_3358,2,270000.0,270000.0,0.99999999711461,0,1
user_3359,10,119600.0,18000.0,1.960964040230206,0,1
user_336,4,216000.0,180000.0,1.4999999956719148,0,1
user_3360,10,117600.0,7200.0,1.760964041672901,0,1
user_3361,5,198000.0,136800.0,1.9219280891165822,0,1
user_3362,31,0.2010830333333333,0.107592,2.465123415965216,0,-1
user_3363,4,223200.0,133200.0,1.9999999942292197,0,1
user_3364,4,195600.0,176400.0,0.99999999711461,0,1
user_3365,10,112400.0,10800.0,1.8464393389002354,0,1
user_3366,5,189900.0,90000.0,1.3709505901265835,0,1
user_3367,2,248400.0,248400.0,0.99999999711461,0,1
user_3368,5,190800.0,129600.0,1.5219280905592771,0,1
user_3369,2,295200.0,295200.0,0.99999999711461,0,-1
user_337,10,110000.0,21600.0,2.1219280876738873,0,1
user_3370,10,112400.0,28800.0,2.0464393374575405,0,1
user_3371,4,196800.0,133200.0,1.9999999942292197,1,1
user_3372,10,122800.0,7200.0,1.6854752914565543,0,1
user_3373,4,229200.0,205200.0,0.8112781215737428,0,1
user_3374,5,186300.0,136800.0,2.321928087673887,0,1
user_3375,5,199800.0,140400.0,2.321928087673887,0,1
user_3376,7,148800.0,46800.0,1.3787834891580906,0,1
user_3377,10,111200.0,18000.0,1.3567796436762596,0,1
user_3378,10,112400.0,10800.0,1.360964043115596,0,1
user_3379,6,171360.0,82800.0,1.9182958282837093,0,1
user_338,10,106000.0,10800.0,1.6854752914565543,0,1
user_3380,10,123200.0,21600.0,2.446439336014845,0,1
user_3381,8,141428.57142857142,28800.0,2.249999992786525,0,1
user_3382,4,213600.0,158400.0,0.8112781215737428,1,1
user_3383,6,175680.0,68400.0,0.9182958311690995,0,1
user_3384,5,193500.0,144000.0,1.3709505901265835,0,1
user_3385,9,127350.0,14400.0,1.879964941513636,0,1
user_3386,9,130500.0,14400.0,1.6577427207341087,0,1
user_3387,9,117450.0,28800.0,1.6577427207341087,0,1
user_3388,79,0.19907248717948717,0.11512,2.7859263841997217,0,-1
user_3389,9,119250.0,18000.0,2.5032583261194756,0,1
user_339,31,0.19865516666666666,0.116638,2.732558706633918,0,1
user_3390,8,127542.85714285714,3600.0,1.8112781186883526,0,1
user_3391,8,139371.42857142858,18000.0,1.8112781186883526,0,1
user_3392,5,182700.0,100800.0,1.5219280905592771,0,1
user_3393,3,221400.0,205200.0,-1.4426951595367387e-09,0,-1
user_3394,75,0.2001871891891892,0.11604,2.769122263857412,0,-1
user_3395,10,109600.0,21600.0,1.760964041672901,1,1
user_3396,7,150000.0,3600.0,1.8423709874063285,0,1
user_3397,10,116400.0,32400.0,2.24643933745754,1,1
user_3398,6,174240.0,104400.0,1.584962496393071,0,1
user_3399,10,114800.0,36000.0,0.9219280905592773,0,1
user_34,1,86400.0,86400.0,0.0,0,1
user_340,5,199800.0,111600.0,1.9219280891165822,0,1
user_3400,5,187200.0,111600.0,0.9709505915692787,0,1
user_3401,7,151800.0,50400.0,1.664497773429681,0,1
user_3402,9,120600.0,14400.0,2.1132833270813998,0,1
user_3403,3,223200.0,219600.0,0.9182958311690995,0,1
user_3404,66,0.19949958461538458,0.117008,2.7279900300426076,0,1
user_3405,3,230400.0,201600.0,1.584962496393071,0,1
user_3406,8,144514.2857142857,46800.0,2.155639055016091,0,1
user_3407,7,139200.0,18000.0,1.950212059143967,0,1
user_3408,6,171360.0,61200.0,1.792481244589798,0,1
user_3409,10,105600.0,14400.0,1.5709505886838886,0,1
user_341,2,262800.0,262800.0,0.99999999711461,0,1
user_3410,3,207000.0,183600.0,0.9182958311690995,0,1
user_3411,9,111150.0,7200.0,2.2810361038972533,0,1
user_3412,4,207600.0,198000.0,1.4999999956719148,0,1
user_3413,6,180720.0,115200.0,0.9182958311690995,0,1
user_3414,2,298800.0,298800.0,0.99999999711461,0,-1
user_3415,10,108000.0,25200.0,1.760964041672901,1,1
user_3416,2,273600.0,273600.0,0.99999999711461,0,1
user_3417,1,86400.0,86400.0,0.0,0,1
user_3418,9,128700.0,36000.0,2.058813883117726,1,1
user_3419,8,144000.0,46800.0,2.249999992786525,0,1
user_342,5,196200.0,133200.0,0.7219280920019722,0,1
user_3420,4,236400.0,176400.0,1.4999999956719148,0,1
user_3421,4,196800.0,162000.0,1.9999999942292197,1,1
user_3422,6,198000.0,111600.0,1.4591479126991596,0,1
user_3423,10,107600.0,7200.0,1.960964040230206,0,1
user_3424,8,114171.42857142857,3600.0,1.4999999956719148,0,1
user_3425,4,199200.0,162000.0,1.4999999956719148,0,1
user_3426,10,105600.0,10800.0,2.0464393374575405,0,1
user_3427,8,133714.2857142857,46800.0,2.49999999134383,1,1
user_3428,1,86400.0,86400.0,0.0,0,1
user_3429,5,176400.0,90000.0,1.9219280891165822,1,1
user_343,8,127028.57142857143,7200.0,1.9056390564587862,1,1
user_3430,4,218400.0,154800.0,1.4999999956719148,0,1
user_3431,9,115650.0,7200.0,1.5304930524293974,0,1
user_3432,25,0.20306595833333332,0.119542,2.5844984414612986,0,-1
user_3433,7,154200.0,7200.0,1.8423709874063285,1,1
user_3434,5,190800.0,136800.0,2.321928087673887,1,1
user_3435,8,139885.7142857143,36000.0,1.8112781186883526,0,1
user_3436,9,118800.0,7200.0,1.879964941513636,0,1
user_3437,7,134400.0,25200.0,1.8423709874063285,0,1
user_3438,10,124400.0,3600.0,2.1219280876738873,0,1
user_3439,1,86400.0,86400.0,0.0,0,1
user_344,64,0.19985377777777777,0.124071,2.743281012909246,0,1
user_3440,6,187920.0,93600.0,1.2516291630597378,0,1
user_3441,75,0.1993603648648649,0.117475,2.755261854632179,0,-1
user_3442,8,146571.42857142858,7200.0,1.5487949349246184,0,1
user_3443,24,0.20339795652173914,0.108342,2.621653512340468,0,-1
user_3444,2,219600.0,219600.0,-1.4426951595367387e-09,0,-1
user_3445,3,244800.0,237600.0,0.9182958311690995,0,1
user_3446,9,126450.0,10800.0,2.058813883117726,1,1
user_3447,5,188100.0,154800.0,1.9219280891165822,0,1
user_3448,7,151200.0,68400.0,1.950212059143967,0,1
user_3449,10,109200.0,3600.0,2.0464393374575405,0,1
user_345,4,206400.0,133200.0,1.4999999956719148,0,1
user_3450,62,0.19889447540983604,0.1171,2.7532488738006022,0,1
user_3451,4,236400.0,180000.0,1.4999999956719148,0,1
user_3452,5,192600.0,100800.0,1.5219280905592771,0,1
user_3453,5,193500.0,154800.0,1.3709505901265835,0,1
user_3454,2,248400.0,248400.0,0.99999999711461,0,1
user_3455,2,248400.0,248400.0,-1.4426951595367387e-09,0,-1
user_3456,61,0.20154205,0.128226,2.6933606847897757,0,-1
user_3457,62,0.20048032786885248,0.125465,2.7120537552273625,0,-1
user_3458,7,160800.0,46800.0,1.950212059143967,0,1
user_3459,10,120000.0,32400.0,1.360964043115596,0,1
user_346,2,234000.0,234000.0,-1.4426951595367387e-09,0,-1
user_3460,10,124800.0,28800.0,2.1709505872411934,1,1
user_3461,3,253800.0,248400.0,1.584962496393071,0,1
user_3462,10,117600.0,3600.0,1.6854752914565543,0,1
user_3463,4,226800.0,162000.0,1.4999999956719148,0,1
user_3464,5,201600.0,111600.0,1.9219280891165822,0,1
user_3465,2,266400.0,266400.0,-1.4426951595367387e-09,0,-1
user_3466,7,171000.0,75600.0,1.3787834891580906,0,1
user_3467,33,0.19765921874999998,0.102956,2.5689218525410737,0,-1
user_3468,2,226800.0,226800.0,-1.4426951595367387e-09,0,-1
user_3469,9,120150.0,7200.0,2.197159716210674,0,1
user_347,5,217800.0,154800.0,1.3709505901265835,0,1
user_3470,30,0.19923955172413796,0.124378,2.6593598533356344,0,1
user_3471,3,214200.0,201600.0,0.9182958311690995,0,1
user_3472,7,154200.0,18000.0,1.3787834891580906,0,1
user_3473,4,207600.0,162000.0,1.4999999956719148,0,1
user_3474,3,257400.0,237600.0,0.9182958311690995,0,1
user_3475,32,0.2007904516129032,0.146589,2.6175365224784004,0,-1
user_3476,9,130950.0,32400.0,1.7527152732089246,0,1
user_3477,6,175680.0,61200.0,1.2516291630597378,0,1
user_3478,3,226800.0,226800.0,1.584962496393071,0,1
user_3479,7,152400.0,25200.0,1.3787834891580906,0,1
user_348,2,270000.0,270000.0,0.99999999711461,0,1
user_3480,4,195600.0,133200.0,1.9999999942292197,0,1
user_3481,9,121500.0,32400.0,1.7527152732089246,0,1
user_3482,1,86400.0,86400.0,0.0,0,1
user_3483,60,0.1999890677966102,0.112011,2.7850217726564592,0,1
user_3484,4,236400.0,205200.0,1.9999999942292197,0,1
user_3485,9,123750.0,18000.0,1.3921472193364495,0,1
user_3486,8,131142.85714285713,7200.0,1.5612781201310477,0,1
user_3487,2,295200.0,295200.0,-1.4426951595367387e-09,1,-1
user_3488,9,119700.0,39600.0,1.3921472193364495,0,1
user_3489,7,158400.0,68400.0,1.950212059143967,0,1
user_349,62,0.20084281967213116,0.118762,2.7015832525446326,0,1
user_3490,1,86400.0,86400.0,0.0,0,1
user_3491,3,243000.0,190800.0,0.9182958311690995,0,1
user_3492,44,0.20056299999999996,0.110643,2.708352829795222,0,1
user_3493,4,206400.0,176400.0,0.8112781215737428,0,1
user_3494,2,295200.0,295200.0,0.99999999711461,0,-1
user_3495,10,119600.0,32400.0,1.3709505901265835,0,1
user_3496,2,273600.0,273600.0,-1.4426951595367387e-09,0,-1
user_3497,2,241200.0,241200.0,0.99999999711461,0,1
user_3498,10,116800.0,32400.0,1.3567796436762596,1,1
user_3499,1,86400.0,86400.0,0.0,0,1
user_35,56,0.1991320909090909,0.125479,2.7519027213217537,0,1
user_350,4,226800.0,187200.0,-1.4426951595367387e-09,0,-1
user_3500,4,220800.0,165600.0,1.9999999942292197,0,1
user_3501,70,0.19907378260869565,0.113365,2.7613324134937693,0,-1
user_3502,22,0.19828309523809523,0.135806,2.6858156990541646,0,-1
user_3503,10,123200.0,18000.0,1.4854752928992492,0,1
user_3504,7,141600.0,3600.0,2.128085271677919,0,1
user_3505,59,0.2006757068965517,0.112568,2.770516067395838,0,1
user_3506,7,168000.0,72000.0,1.4488156313970995,0,1
user_3507,2,255600.0,255600.0,0.99999999711461,0,1
user_3508,8,134228.57142857142,10800.0,1.8112781186883526,0,1
user_3509,5,195300.0,154800.0,0.9709505915692787,0,1
user_351,7,145200.0,18000.0,1.8423709874063285,0,1
user_3510,20,0.20102273684210525,0.109242,2.585475287128469,0,-1
user_3511,8,142971.42857142858,3600.0,1.8112781186883526,0,1
user_3512,10,113600.0,10800.0,0.99999999711461,0,1
user_3513,10,107200.0,7200.0,2.521928086231192,0,1
user_3514,10,122000.0,14400.0,2.1609640387875113,0,1
user_3515,3,216000.0,201600.0,1.584962496393071,0,1
user_3516,2,270000.0,270000.0,-1.4426951595367387e-09,0,-1
user_3517,2,244800.0,244800.0,0.99999999711461,0,1
user_3518,10,110000.0,18000.0,1.960964040230206,1,1
user_3519,5,198900.0,151200.0,1.9219280891165822,1,1
user_352,2,230400.0,230400.0,-1.4426951595367387e-09,0,-1
user_3520,4,210000.0,140400.0,1.4999999956719148,0,1
user_3521,9,127800.0,10800.0,1.3921472193364495,0,1
user_3522,8,127028.57142857143,3600.0,1.9056390564587862,0,1
user_3523,9,119700.0,3600.0,2.197159716210674,0,1
user_3524,1,86400.0,86400.0,0.0,0,1
user_3525,5,174600.0,108000.0,1.3709505901265835,0,1
user_3526,2,223200.0,223200.0,0.99999999711461,0,1
user_3527,33,0.20180525,0.113663,2.5925800056055093,0,-1
user_3528,6,167040.0,57600.0,1.4591479126991596,0,1
user_3529,6,156240.0,90000.0,1.9182958282837093,0,1
user_353,1,86400.0,86400.0,0.0,0,1
user_3530,5,181800.0,97200.0,1.9219280891165822,0,1
user_3531,7,146400.0,43200.0,1.1488348499528316,0,1
user_3532,3,257400.0,252000.0,1.584962496393071,0,-1
user_3533,8,122914.28571428571,10800.0,1.74999999422922,0,1
user_3534,3,223200.0,176400.0,1.584962496393071,0,1
user_3535,6,184320.0,93600.0,1.4591479126991596,0,1
user_3536,8,126514.28571428571,32400.0,2.155639055016091,0,1
user_3537,8,147600.0,54000.0,1.8112781186883526,1,1
user_3538,32,0.19853570967741938,0.128053,2.6748008662584253,0,1
user_3539,6,188640.0,122400.0,1.2516291630597378,0,1
user_354,9,116550.0,14400.0,1.224394441077901,0,1
user_3540,8,140400.0,7200.0,1.9056390564587862,0,1
user_3541,3,208800.0,198000.0,0.9182958311690995,0,1
user_3542,2,252000.0,252000.0,-1.4426951595367387e-09,0,-1
user_3543,5,181800.0,90000.0,1.3709505901265835,0,1
user_3544,7,145800.0,61200.0,1.950212059143967,0,1
user_3545,63,0.19915895161290323,0.121153,2.7565562350605526,0,1
user_3546,7,136200.0,36000.0,1.1488348499528316,1,1
user_3547,4,226800.0,201600.0,1.9999999942292197,0,1
user_3548,1,86400.0,86400.0,0.0,0,1
user_3549,1,86400.0,86400.0,0.0,0,1
user_355,8,134228.57142857142,43200.0,1.9056390564587862,0,1
user_3550,1,86400.0,86400.0,0.0,1,1
user_3551,7,136200.0,7200.0,0.9852281331488615,0,1
user_3552,4,204000.0,158400.0,1.4999999956719148,0,1
user_3553,8,124971.42857142857,7200.0,2.155639055016091,1,1
user_3554,7,151800.0,68400.0,2.2359263434155574,0,1
user_3555,3,225000.0,219600.0,1.584962496393071,1,1
user_3556,9,115650.0,3600.0,1.7527152732089246,0,1
user_3557,7,143400.0,21600.0,-1.4426951595367387e-09,0,-1
user_3558,3,198000.0,176400.0,0.9182958311690995,0,1
user_3559,53,0.19892805769230765,0.108472,2.7320991223307933,0,1
user_356,5,205200.0,104400.0,1.9219280891165822,0,1
user_3560,1,86400.0,86400.0,0.0,1,1
user_3561,3,253800.0,226800.0,0.9182958311690995,0,1
user_3562,7,139800.0,21600.0,1.664497773429681,0,1
user_3563,4,208800.0,201600.0,0.8112781215737428,0,1
user_3564,3,237600.0,194400.0,0.9182958311690995,0,1
user_3565,9,148950.0,46800.0,2.281036105339948,0,1
user_3566,53,0.20052592307692313,0.122352,2.689922387782013,0,1
user_3567,10,116000.0,10800.0,2.0464393374575405,0,1
user_3568,9,139500.0,64800.0,2.1132833270813998,0,1
user_3569,4,231600.0,190800.0,1.4999999956719148,0,1
user_357,6,172080.0,79200.0,1.4591479126991596,0,1
user_3570,7,153000.0,7200.0,1.8423709874063285,0,1
user_3571,64,0.19934907936507937,0.116097,2.749942772906204,0,1
user_3572,3,248400.0,244800.0,0.9182958311690995,0,1
user_3573,8,132171.42857142858,28800.0,1.2987949363673135,0,1
user_3574,1,86400.0,86400.0,0.0,0,1
user_3575,4,224400.0,183600.0,1.4999999956719148,0,1
user_3576,2,277200.0,277200.0,-1.4426951595367387e-09,1,-1
user_3577,1,86400.0,86400.0,0.0,0,1
user_3578,9,121050.0,7200.0,2.1132833270813998,0,1
user_3579,2,255600.0,255600.0,0.99999999711461,0,1
user_358,8,128571.42857142857,28800.0,1.8112781186883526,0,1
user_3580,8,134228.57142857142,43200.0,1.4056390579014812,0,1
user_3581,2,223200.0,223200.0,0.99999999711461,0,1
user_3582,30,0.20063851724137932,0.117421,2.5501164387017314,0,-1
user_3583,3,221400.0,212400.0,0.9182958311690995,0,1
user_3584,3,232200.0,216000.0,0.9182958311690995,0,1
user_3585,75,0.2002792702702703,0.122356,2.749588441742945,0,-1
user_3586,5,176400.0,122400.0,1.3709505901265835,0,1
user_3587,10,115200.0,10800.0,1.6854752914565543,0,1
user_3588,57,0.19980153571428572,0.122794,2.7207308326892834,0,1
user_3589,5,190800.0,97200.0,0.9709505915692787,0,1
user_359,68,0.19926737313432838,0.120036,2.7623124650246726,0,-1
user_3590,8,145028.57142857142,3600.0,1.9056390564587862,1,1
user_3591,5,188100.0,100800.0,1.9219280891165822,0,1
user_3592,9,128250.0,10800.0,1.4355204999545814,0,1
user_3593,26,0.20121920000000004,0.111664,2.7633424781729854,0,-1
user_3594,4,212400.0,169200.0,0.8112781215737428,0,1
user_3595,46,0.20092039999999997,0.110556,2.726579003673415,0,1
user_3596,6,169200.0,100800.0,1.4591479126991596,0,1
user_3597,2,234000.0,234000.0,0.99999999711461,0,1
user_3598,63,0.20102114516129033,0.11513,2.749482631043918,0,1
user_3599,5,199800.0,147600.0,1.9219280891165822,0,1
user_36,10,124000.0,7200.0,1.960964040230206,0,1
user_360,1,86400.0,86400.0,0.0,0,1
user_3600,7,168600.0,68400.0,1.5566567031347378,0,1
user_3601,10,112800.0,21600.0,1.960964040230206,0,1
user_3602,5,207000.0,136800.0,1.3709505901265835,1,1
user_3603,9,118800.0,18000.0,1.7527152732089246,0,1
user_3604,4,220800.0,151200.0,1.4999999956719148,1,1
user_3605,9,134100.0,14400.0,1.8910611063018725,0,1
user_3606,5,197100.0,133200.0,1.5219280905592771,0,1
user_3607,4,202800.0,144000.0,1.9999999942292197,0,1
user_3608,78,0.20022812987012986,0.112611,2.755982632206483,0,-1
user_3609,6,175680.0,97200.0,1.4591479126991596,0,1
user_361,1,86400.0,86400.0,0.0,0,1
user_3610,2,255600.0,255600.0,0.99999999711461,0,1
user_3611,74,0.1997397397260274,0.120209,2.7734184618219584,0,-1
user_3612,4,200400.0,172800.0,0.99999999711461,0,1
user_3613,22,0.20147409523809523,0.126078,2.608110883392952,0,-1
user_3614,1,86400.0,86400.0,0.0,1,1
user_3615,6,176400.0,104400.0,1.9182958282837093,0,1
user_3616,6,169920.0,61200.0,1.9182958282837093,0,1
user_3617,2,252000.0,252000.0,0.99999999711461,0,1
user_3618,7,142200.0,7200.0,1.1488348499528316,1,1
user_3619,5,207000.0,140400.0,1.3709505901265835,0,1
user_362,2,259200.0,259200.0,0.99999999711461,0,1
user_3620,9,126450.0,28800.0,2.281036105339948,0,1
user_3621,3,219600.0,180000.0,0.9182958311690995,0,1
user_3622,8,140914.2857142857,68400.0,1.061278120131048,0,1
user_3623,4,222000.0,190800.0,1.4999999956719148,0,1
user_3624,9,124200.0,18000.0,2.197159716210674,0,1
user_3625,7,163200.0,39600.0,1.664497773429681,1,1
user_3626,47,0.2012608260869565,0.133468,2.7766877804088184,0,-1
user_3627,2,259200.0,259200.0,-1.4426951595367387e-09,1,-1
user_3628,4,230400.0,183600.0,1.4999999956719148,0,1
user_3629,21,0.19739735,0.135312,2.7013757458071836,0,-1
user_363,10,110000.0,10800.0,1.8954618384675417,0,1
user_3630,69,0.19897361764705881,0.108704,2.74271700362109,0,-1
user_3631,1,86400.0,86400.0,0.0,0,1
user_3632,3,210600.0,190800.0,1.584962496393071,0,1
user_3633,7,136800.0,18000.0,1.950212059143967,0,1
user_3634,5,180900.0,108000.0,1.5219280905592771,0,1
user_3635,8,138857.14285714287,32400.0,0.5435644403142064,0,1
user_3636,7,143400.0,43200.0,0.9852281331488615,0,1
user_3637,5,200700.0,100800.0,1.3709505901265835,0,1
user_3638,5,193500.0,140400.0,2.321928087673887,0,1
user_3639,5,192600.0,133200.0,1.9219280891165822,0,1
user_364,5,209700.0,136800.0,1.9219280891165822,0,1
user_3640,8,144514.2857142857,43200.0,1.8112781186883526,0,1
user_3641,2,223200.0,223200.0,0.99999999711461,0,1
user_3642,1,86400.0,86400.0,0.0,0,1
user_3643,3,232200.0,219600.0,0.9182958311690995,1,1
user_3644,26,0.19622616000000004,0.113017,2.6472059393786056,0,-1
user_3645,7,140400.0,14400.0,1.8423709874063285,0,1
user_3646,4,207600.0,144000.0,0.8112781215737428,0,1
user_3647,2,262800.0,262800.0,0.99999999711461,0,1
user_3648,3,230400.0,223200.0,1.584962496393071,0,1
user_3649,6,169920.0,64800.0,1.9182958282837093,0,1
user_365,9,108900.0,7200.0,1.7527152732089246,0,1
user_3650,1,86400.0,86400.0,0.0,0,1
user_3651,8,133200.0,18000.0,1.5487949349246184,0,1
user_3652,46,0.2012036666666667,0.105814,2.6818394060616004,0,-1
user_3653,3,253800.0,244800.0,1.584962496393071,0,1
user_3654,7,144600.0,43200.0,1.5566567031347378,0,1
user_3655,1,86400.0,86400.0,0.0,0,1
user_3656,10,110400.0,3600.0,1.1567796451189545,0,1
user_3657,78,0.2000275974025974,0.118203,2.7034265899794425,0,-1
user_3658,8,122400.0,7200.0,1.74999999422922,0,1
user_3659,2,252000.0,252000.0,0.99999999711461,1,1
user_366,7,161400.0,50400.0,2.2359263434155574,0,1
user_3660,7,144000.0,25200.0,0.863120565681241,0,1
user_3661,2,277200.0,277200.0,0.99999999711461,0,1
user_3662,2,252000.0,252000.0,0.99999999711461,1,1
user_3663,10,116000.0,46800.0,2.1709505872411934,0,1
user_3664,6,182160.0,126000.0,1.9182958282837093,1,1
user_3665,5,205200.0,158400.0,1.9219280891165822,0,1
user_3666,7,156600.0,61200.0,2.2359263434155574,0,1
user_3667,6,161280.0,104400.0,2.2516291601743474,0,1
user_3668,1,86400.0,86400.0,0.0,0,1
user_3669,8,152228.57142857142,21600.0,1.4999999956719148,0,1
user_367,9,112050.0,7200.0,2.197159716210674,0,1
user_3670,3,252000.0,212400.0,0.9182958311690995,0,1
user_3671,6,170640.0,108000.0,1.4591479126991596,0,1
user_3672,3,241200.0,230400.0,1.584962496393071,0,1
user_3673,47,0.20070378260869565,0.117551,2.7900748119639394,0,1
user_3674,9,120150.0,46800.0,2.5032583261194756,0,1
user_3675,7,165600.0,61200.0,2.2359263434155574,1,1
user_3676,4,206400.0,169200.0,1.4999999956719148,0,1
user_3677,6,182160.0,100800.0,1.9182958282837093,0,1
user_3678,6,175680.0,57600.0,1.9182958282837093,0,1
user_3679,7,157800.0,39600.0,1.950212059143967,0,1
user_368,10,109200.0,28800.0,2.1709505872411934,0,1
user_3680,30,0.20022575862068967,0.121067,2.749255387069635,0,1
user_3681,67,0.2008774696969697,0.12446,2.7484207946789136,0,-1
user_3682,3,223200.0,201600.0,0.9182958311690995,0,1
user_3683,44,0.1984982790697674,0.119252,2.682231110847806,0,-1
user_3684,2,262800.0,262800.0,0.99999999711461,0,1
user_3685,6,169200.0,61200.0,1.792481244589798,0,1
user_3686,4,199200.0,144000.0,1.4999999956719148,0,1
user_3687,2,244800.0,244800.0,0.99999999711461,0,1
user_3688,8,138342.85714285713,72000.0,1.2987949363673135,0,1
user_3689,5,212400.0,154800.0,1.3709505901265835,0,1
user_369,1,86400.0,86400.0,0.0,0,1
user_3690,7,163200.0,61200.0,1.8423709874063285,0,1
user_3691,10,125600.0,18000.0,1.960964040230206,0,1
user_3692,6,157680.0,46800.0,1.792481244589798,1,1
user_3693,7,141600.0,28800.0,1.8423709874063285,0,1
user_3694,10,108000.0,10800.0,2.1219280876738873,0,1
user_3695,8,140914.2857142857,21600.0,1.9056390564587862,1,1
user_3696,78,0.2005367792207792,0.108252,2.7696540987121794,0,-1
user_3697,60,0.19969723728813563,0.102896,2.76643607609595,0,-1
user_3698,6,144720.0,50400.0,1.9182958282837093,0,1
user_3699,2,237600.0,237600.0,0.99999999711461,0,1
user_37,9,133200.0,14400.0,2.197159716210674,1,1
user_370,4,212400.0,201600.0,0.8112781215737428,1,1
user_3700,10,118800.0,46800.0,1.760964041672901,0,1
user_3701,6,164880.0,108000.0,1.9182958282837093,0,1
user_3702,6,168480.0,82800.0,1.4591479126991596,0,1
user_3703,3,237600.0,237600.0,1.584962496393071,0,1
user_3704,8,141428.57142857142,14400.0,1.74999999422922,1,1
user_3705,9,119700.0,7200.0,2.419381936990201,0,1
user_3706,2,288000.0,288000.0,0.99999999711461,0,-1
user_3707,6,187200.0,97200.0,1.4591479126991596,0,1
user_3708,1,86400.0,86400.0,0.0,0,1
user_3709,5,214200.0,133200.0,1.9219280891165822,0,1
user_371,6,182880.0,100800.0,0.99999999711461,0,1
user_3710,7,151200.0,43200.0,2.128085271677919,0,1
user_3711,6,188640.0,82800.0,2.2516291601743474,0,1
user_3712,4,228000.0,194400.0,0.8112781215737428,0,1
user_3713,3,252000.0,237600.0,0.9182958311690995,0,1
user_3714,6,171360.0,50400.0,1.4591479126991596,0,1
user_3715,2,237600.0,237600.0,0.99999999711461,0,1
user_3716,7,149400.0,7200.0,2.128085271677919,0,1
user_3717,7,156000.0,68400.0,1.5566567031347378,0,1
user_3718,7,151800.0,50400.0,1.1488348499528316,0,1
user_3719,5,178200.0,90000.0,1.9219280891165822,0,1
user_372,5,190800.0,154800.0,2.321928087673887,0,1
user_3720,2,259200.0,259200.0,0.99999999711461,0,1
user_3721,3,207000.0,176400.0,1.584962496393071,0,1
user_3722,9,121950.0,28800.0,2.1132833270813998,0,1
user_3723,9,120600.0,7200.0,1.7527152732089246,0,1
user_3724,8,131142.85714285713,3600.0,1.74999999422922,1,1
user_3725,8,136800.0,39600.0,1.2987949363673135,0,1
user_3726,5,207000.0,144000.0,1.9219280891165822,0,1
user_3727,39,0.20098913157894738,0.104723,2.4668764319211736,0,-1
user_3728,59,0.20122048275862073,0.11529,2.704452795962766,0,1
user_3729,2,248400.0,248400.0,0.99999999711461,0,1
user_373,4,201600.0,136800.0,0.99999999711461,0,1
user_3730,3,203400.0,176400.0,0.9182958311690995,0,1
user_3731,9,122400.0,28800.0,2.5032583261194756,0,1
user_3732,5,182700.0,90000.0,1.9219280891165822,0,1
user_3733,22,0.20095919047619049,0.12014,2.4975561785961515,0,-1
user_3734,2,226800.0,226800.0,0.99999999711461,0,1
user_3735,2,298800.0,298800.0,-1.4426951595367387e-09,0,-1
user_3736,2,262800.0,262800.0,0.99999999711461,0,1
user_3737,3,250200.0,241200.0,1.584962496393071,0,1
user_3738,7,140400.0,18000.0,2.2359263434155574,0,1
user_3739,2,295200.0,295200.0,0.99999999711461,0,-1
user_374,4,223200.0,201600.0,0.99999999711461,0,1
user_3740,1,86400.0,86400.0,0.0,0,1
user_3741,2,241200.0,241200.0,0.99999999711461,0,1
user_3742,10,118400.0,10800.0,1.8464393389002354,0,1
user_3743,8,137314.2857142857,14400.0,0.99999999711461,0,1
user_3744,9,127350.0,10800.0,1.3516441108253072,1,1
user_3745,4,220800.0,180000.0,0.99999999711461,0,1
user_3746,10,107600.0,3600.0,1.6854752914565543,0,1
user_3747,2,298800.0,298800.0,0.99999999711461,0,-1
user_3748,1,86400.0,86400.0,0.0,0,1
user_3749,2,291600.0,291600.0,-1.4426951595367387e-09,0,-1
user_375,2,244800.0,244800.0,0.99999999711461,0,1
user_3750,34,0.20041530303030305,0.126478,2.7504595397867355,0,1
user_3751,9,116100.0,21600.0,2.1132833270813998,1,1
user_3752,68,0.20032925373134328,0.110428,2.7717041118568257,0,-1
user_3753,3,262800.0,234000.0,1.584962496393071,0,1
user_3754,2,288000.0,288000.0,0.99999999711461,0,-1
user_3755,8,139885.7142857143,68400.0,1.5487949349246184,0,1
user_3756,2,223200.0,223200.0,0.99999999711461,0,1
user_3757,3,257400.0,252000.0,1.584962496393071,0,-1
user_3758,7,154800.0,72000.0,1.664497773429681,0,1
user_3759,4,200400.0,133200.0,1.4999999956719148,0,1
user_376,4,194400.0,140400.0,0.8112781215737428,0,1
user_3760,7,163800.0,75600.0,1.1488348499528316,0,1
user_3761,7,152400.0,50400.0,2.128085271677919,0,1
user_3762,10,112800.0,7200.0,1.9709505886838885,0,1
user_3763,2,241200.0,241200.0,0.99999999711461,0,1
user_3764,9,135450.0,28800.0,2.419381936990201,0,1
user_3765,5,175500.0,100800.0,1.5219280905592771,0,1
user_3766,2,255600.0,255600.0,0.99999999711461,0,1
user_3767,10,114000.0,10800.0,2.446439336014845,0,1
user_3768,7,153600.0,7200.0,1.8423709874063285,1,1
user_3769,8,129600.0,36000.0,1.9056390564587862,0,1
user_377,8,133714.2857142857,14400.0,1.2987949363673135,0,1
user_3770,34,0.199411696969697,0.119443,2.7382186258300854,0,1
user_3771,2,244800.0,244800.0,0.99999999711461,0,1
user_3772,10,130400.0,50400.0,1.8464393389002354,0,1
user_3773,4,220800.0,201600.0,1.4999999956719148,0,1
user_3774,8,118800.0,3600.0,2.155639055016091,0,1
user_3775,7,147000.0,61200.0,1.8423709874063285,0,1
user_3776,4,194400.0,147600.0,0.8112781215737428,0,1
user_3777,21,0.20242959999999996,0.108248,2.7247197932201868,0,-1
user_3778,4,202800.0,158400.0,0.8112781215737428,0,1
user_3779,3,219600.0,201600.0,-1.4426951595367387e-09,0,-1
user_378,1,86400.0,86400.0,0.0,0,1
user_3780,10,115600.0,36000.0,2.0464393374575405,0,1
user_3781,9,112500.0,3600.0,1.8365916623381988,1,1
user_3782,4,204000.0,133200.0,1.4999999956719148,0,1
user_3783,3,257400.0,244800.0,1.584962496393071,0,1
user_3784,6,170640.0,93600.0,1.2516291630597378,0,1
user_3785,4,228000.0,165600.0,1.4999999956719148,0,1
user_3786,7,156000.0,46800.0,1.4488156313970995,0,1
user_3787,6,180720.0,75600.0,1.9182958282837093,0,1
user_3788,59,0.20017986206896554,0.122197,2.6718768493760274,0,1
user_3789,7,151200.0,57600.0,2.2359263434155574,0,1
user_379,8,146057.14285714287,28800.0,1.9056390564587862,1,1
user_3790,9,140400.0,64800.0,1.9749374954311467,0,1
user_3791,5,188100.0,93600.0,1.3709505901265835,0,1
user_3792,21,0.19680445,0.118153,2.321653440057636,0,-1
user_3793,7,155400.0,43200.0,1.8423709874063285,0,1
user_3794,10,100000.0,7200.0,1.8464393389002354,0,1
user_3795,6,157680.0,100800.0,1.792481244589798,0,1
user_3796,8,140914.2857142857,61200.0,2.249999992786525,0,1
user_3797,4,205200.0,154800.0,1.4999999956719148,0,1
user_3798,2,230400.0,230400.0,0.99999999711461,0,1
user_3799,1,86400.0,86400.0,0.0,0,1
user_38,5,195300.0,140400.0,1.5219280905592771,0,1
user_380,7,143400.0,36000.0,1.5566567031347378,0,1
user_3800,10,113600.0,3600.0,2.1219280876738873,0,1
user_3801,6,167040.0,93600.0,1.792481244589798,0,1
user_3802,2,280800.0,280800.0,0.99999999711461,0,1
user_3803,10,114400.0,18000.0,2.24643933745754,1,1
user_3804,49,0.2000040625,0.125287,2.699067145890962,0,1
user_3805,4,210000.0,158400.0,1.4999999956719148,1,1
user_3806,3,221400.0,219600.0,-1.4426951595367387e-09,0,-1
user_3807,9,135900.0,54000.0,2.058813883117726,0,1
user_3808,3,232200.0,198000.0,0.9182958311690995,0,1
user_3809,7,144000.0,39600.0,2.2359263434155574,0,1
user_381,5,180000.0,129600.0,0.7219280920019722,0,1
user_3810,3,225000.0,176400.0,1.584962496393071,0,1
user_3811,27,0.20009376923076927,0.134568,2.5932383077460743,0,-1
user_3812,1,86400.0,86400.0,0.0,0,1
user_3813,8,135257.14285714287,46800.0,2.155639055016091,0,1
user_3814,50,0.2002771836734694,0.127128,2.7139826927546893,0,1
user_3815,2,252000.0,252000.0,0.99999999711461,0,1
user_3816,4,211200.0,180000.0,1.9999999942292197,0,1
user_3817,44,0.20154548837209302,0.122299,2.597399439692103,0,-1
user_3818,5,190800.0,147600.0,0.7219280920019722,0,1
user_3819,3,237600.0,187200.0,0.9182958311690995,0,1
user_382,5,188100.0,129600.0,1.5219280905592771,0,1
user_3820,9,126900.0,14400.0,1.3516441108253072,0,1
user_3821,1,86400.0,86400.0,0.0,0,1
user_3822,1,86400.0,86400.0,0.0,0,1
user_3823,6,183600.0,118800.0,1.792481244589798,0,1
user_3824,80,0.2000447594936709,0.121478,2.792502464750164,0,-1
user_3825,9,126450.0,14400.0,2.197159716210674,0,1
user_3826,69,0.20096760294117647,0.105617,2.7622684465121683,0,-1
user_3827,8,122400.0,10800.0,1.9056390564587862,0,1
user_3828,9,111150.0,10800.0,1.9749374954311467,1,1
user_3829,2,226800.0,226800.0,0.99999999711461,0,1
user_383,9,131850.0,28800.0,2.058813883117726,0,1
user_3830,43,0.1998251904761905,0.130003,2.7614465719532157,0,1
user_3831,6,168480.0,50400.0,1.792481244589798,0,1
user_3832,3,275400.0,255600.0,0.9182958311690995,0,1
user_3833,8,135257.14285714287,28800.0,1.74999999422922,0,1
user_3834,1,86400.0,86400.0,0.0,1,1
user_3835,1,86400.0,86400.0,0.0,0,1
user_3836,6,174240.0,126000.0,1.2516291630597378,0,1
user_3837,10,122400.0,54000.0,1.5709505886838886,0,1
user_3838,4,223200.0,169200.0,1.4999999956719148,0,1
user_3839,5,198000.0,136800.0,1.5219280905592771,0,1
user_384,4,253200.0,205200.0,0.8112781215737428,0,1
user_3840,9,120600.0,18000.0,2.058813883117726,0,1
user_3841,64,0.19861709523809523,0.124643,2.7460735872889273,0,-1
user_3842,4,223200.0,172800.0,0.8112781215737428,0,1
user_3843,10,109200.0,7200.0,2.1219280876738873,0,1
user_3844,9,125100.0,50400.0,1.8365916623381988,0,1
user_3845,5,194400.0,115200.0,0.9709505915692787,1,1
user_3846,37,0.1998066666666667,0.113578,2.698301750577564,0,1
user_3847,9,117900.0,32400.0,1.8365916623381988,0,1
user_3848,50,0.19995363265306124,0.104062,2.7445290359107886,0,1
user_3849,10,113600.0,7200.0,1.9709505886838885,0,1
user_385,4,229200.0,158400.0,1.4999999956719148,0,1
user_3850,4,216000.0,198000.0,0.99999999711461,0,1
user_3851,4,214800.0,151200.0,1.4999999956719148,0,1
user_3852,7,152400.0,21600.0,2.128085271677919,0,1
user_3853,77,0.1993853552631579,0.106573,2.7650378593148415,0,-1
user_3854,8,149657.14285714287,14400.0,1.9056390564587862,0,1
user_3855,3,237600.0,176400.0,0.9182958311690995,0,1
user_3856,1,86400.0,86400.0,0.0,0,1
user_3857,10,115600.0,18000.0,2.321928086231192,1,1
user_3858,2,237600.0,237600.0,-1.4426951595367387e-09,0,-1
user_3859,7,153600.0,79200.0,2.128085271677919,0,1
user_386,7,160800.0,7200.0,0.5916727756969373,0,-1
user_3860,9,117900.0,3600.0,2.419381936990201,0,1
user_3861,7,130800.0,21600.0,1.664497773429681,0,1
user_3862,7,147600.0,68400.0,1.3787834891580906,0,1
user_3863,10,110800.0,46800.0,1.760964041672901,0,1
user_3864,6,180720.0,86400.0,1.584962496393071,0,1
user_3865,9,117000.0,7200.0,1.224394441077901,0,1
user_3866,8,152228.57142857142,46800.0,1.5612781201310477,0,1
user_3867,6,171360.0,90000.0,1.4591479126991596,0,1
user_3868,76,0.20010758666666667,0.114607,2.7641722144176497,0,-1
user_3869,3,259200.0,244800.0,1.584962496393071,0,1
user_387,46,0.1995481333333333,0.12083,2.7678862760623306,0,1
user_3870,4,214800.0,165600.0,1.9999999942292197,1,1
user_3871,8,132171.42857142858,39600.0,1.5487949349246184,0,1
user_3872,52,0.19895766666666667,0.121723,2.751431490381999,0,1
user_3873,10,104000.0,18000.0,2.0464393374575405,0,1
user_3874,6,159120.0,72000.0,2.2516291601743474,0,1
user_3875,10,103200.0,3600.0,1.8464393389002354,1,1
user_3876,3,234000.0,176400.0,1.584962496393071,0,1
user_3877,8,133200.0,3600.0,1.74999999422922,0,1
user_3878,59,0.20029465517241382,0.136515,2.756130694050491,0,-1
user_3879,6,168480.0,82800.0,1.2516291630597378,0,1
user_388,1,86400.0,86400.0,0.0,0,1
user_3880,9,141750.0,54000.0,2.058813883117726,0,1
user_3881,5,176400.0,100800.0,0.9709505915692787,0,1
user_3882,4,204000.0,158400.0,1.4999999956719148,0,1
user_3883,8,135257.14285714287,39600.0,1.9056390564587862,0,1
user_3884,6,185760.0,61200.0,1.792481244589798,0,1
user_3885,1,86400.0,86400.0,0.0,0,1
user_3886,36,0.2015826857142857,0.113063,2.6791611889710376,0,-1
user_3887,3,223200.0,216000.0,1.584962496393071,0,1
user_3888,1,86400.0,86400.0,0.0,0,1
user_3889,10,118000.0,14400.0,1.8464393389002354,1,1
user_389,7,152400.0,46800.0,1.950212059143967,0,1
user_3890,8,135257.14285714287,36000.0,1.9056390564587862,0,1
user_3891,8,124457.14285714286,10800.0,2.155639055016091,0,1
user_3892,4,211200.0,162000.0,1.4999999956719148,0,1
user_3893,1,86400.0,86400.0,0.0,0,1
user_3894,1,86400.0,86400.0,0.0,0,1
user_3895,1,86400.0,86400.0,0.0,0,1
user_3896,4,206400.0,140400.0,0.99999999711461,0,1
user_3897,7,158400.0,36000.0,1.8423709874063285,0,1
user_3898,67,0.20051115151515153,0.110976,2.7231472359569784,0,1
user_3899,31,0.20074626666666667,0.129859,2.66272654417003,0,1
user_39,1,86400.0,86400.0,0.0,0,1
user_390,6,183600.0,72000.0,1.792481244589798,0,1
user_3900,9,117000.0,3600.0,2.197159716210674,0,1
user_3901,9,126450.0,3600.0,2.7254805468990027,1,1
user_3902,4,231600.0,187200.0,1.4999999956719148,0,1
user_3903,1,86400.0,86400.0,0.0,0,1
user_3904,10,108400.0,3600.0,1.760964041672901,0,1
user_3905,10,108800.0,10800.0,1.2954618399102367,0,1
user_3906,2,277200.0,277200.0,0.99999999711461,0,1
user_3907,5,198000.0,133200.0,1.5219280905592771,0,1
user_3908,80,0.2003782151898734,0.111366,2.754654472198429,0,-1
user_3909,1,86400.0,86400.0,0.0,0,1
user_391,3,261000.0,255600.0,1.584962496393071,0,-1
user_3910,32,0.19802183870967738,0.113659,2.7272169913636173,0,-1
user_3911,7,160800.0,79200.0,1.950212059143967,0,1
user_3912,61,0.19925378333333335,0.110979,2.72097771895463,0,1
user_3913,2,223200.0,223200.0,0.99999999711461,1,1
user_3914,3,208800.0,198000.0,1.584962496393071,0,1
user_3915,6,181440.0,115200.0,1.2516291630597378,0,1
user_3916,6,165600.0,50400.0,1.9182958282837093,0,1
user_3917,10,115200.0,7200.0,1.960964040230206,0,1
user_3918,3,239400.0,234000.0,1.584962496393071,0,1
user_3919,30,0.2000910344827586,0.111745,2.6811939210707543,0,1
user_392,4,225600.0,183600.0,1.9999999942292197,0,1
user_3920,26,0.19959432,0.134894,2.6848100174050464,0,-1
user_3921,10,114800.0,7200.0,2.0464393374575405,0,1
user_3922,6,176400.0,79200.0,1.9182958282837093,0,1
user_3923,50,0.20055048979591836,0.123612,2.6053227503442633,0,-1
user_3924,3,264600.0,252000.0,1.584962496393071,0,-1
user_3925,6,166320.0,111600.0,1.4591479126991596,0,1
user_3926,8,138857.14285714287,39600.0,2.155639055016091,0,1
user_3927,9,126000.0,10800.0,1.7527152732089246,0,1
user_3928,8,131142.85714285713,39600.0,1.5612781201310477,0,1
user_3929,72,0.20001685915492953,0.106477,2.7885785312832585,0,-1
user_393,2,223200.0,223200.0,0.99999999711461,0,1
user_3930,1,86400.0,86400.0,0.0,0,1
user_3931,4,208800.0,176400.0,1.4999999956719148,1,1
user_3932,1,86400.0,86400.0,0.0,0,1
user_3933,10,122400.0,18000.0,1.8464393389002354,0,1
user_3934,8,124457.14285714286,14400.0,1.4056390579014812,0,1
user_3935,7,153000.0,50400.0,1.3787834891580906,0,1
user_3936,2,252000.0,252000.0,0.99999999711461,0,1
user_3937,38,0.19881572972972975,0.121037,2.7325684547578684,0,1
user_3938,5,185400.0,118800.0,1.3709505901265835,0,1
user_3939,2,270000.0,270000.0,0.99999999711461,0,1
user_394,9,146700.0,54000.0,2.2810361038972533,0,1
user_3940,3,205200.0,187200.0,0.9182958311690995,0,1
user_3941,1,86400.0,86400.0,0.0,0,1
user_3942,9,125550.0,25200.0,1.5304930524293974,0,1
user_3943,3,255600.0,226800.0,-1.4426951595367387e-09,0,-1
user_3944,8,140400.0,18000.0,2.249999992786525,1,1
user_3945,23,0.19861377272727274,0.131437,2.6816259469755264,0,-1
user_3946,64,0.20055468253968253,0.122928,2.738855593285033,0,1
user_3947,7,141000.0,14400.0,1.664497773429681,0,1
user_3948,10,114000.0,7200.0,2.1219280876738873,0,1
user_3949,10,98800.0,7200.0,1.6854752914565543,0,1
user_395,8,143485.7142857143,43200.0,1.8112781186883526,0,1
user_3950,4,228000.0,208800.0,0.8112781215737428,0,1
user_3951,6,183600.0,75600.0,1.4591479126991596,0,1
user_3952,5,180900.0,108000.0,1.9219280891165822,1,1
user_3953,2,295200.0,295200.0,0.99999999711461,0,-1
user_3954,33,0.1996785625,0.10521,2.6840815210192632,0,-1
user_3955,2,291600.0,291600.0,0.99999999711461,0,-1
user_3956,3,225000.0,223200.0,0.9182958311690995,0,1
user_3957,4,231600.0,212400.0,0.99999999711461,0,1
user_3958,6,175680.0,100800.0,2.2516291601743474,0,1
user_3959,8,147600.0,21600.0,1.5487949349246184,0,1
user_396,5,182700.0,108000.0,0.7219280920019722,0,1
user_3960,7,144600.0,72000.0,0.9852281331488615,0,1
user_3961,2,280800.0,280800.0,-1.4426951595367387e-09,0,-1
user_3962,7,156000.0,50400.0,1.8423709874063285,1,1
user_3963,6,177840.0,72000.0,1.792481244589798,0,1
user_3964,3,205200.0,190800.0,0.9182958311690995,0,1
user_3965,1,86400.0,86400.0,0.0,0,1
user_3966,9,121500.0,32400.0,2.1132833270813998,0,1
user_3967,5,187200.0,90000.0,1.9219280891165822,0,1
user_3968,2,273600.0,273600.0,-1.4426951595367387e-09,0,-1
user_3969,7,139800.0,3600.0,1.8423709874063285,0,1
user_397,10,106800.0,18000.0,1.960964040230206,0,1
user_3970,7,153000.0,43200.0,1.8423709874063285,1,1
user_3971,6,167760.0,46800.0,1.2516291630597378,0,1
user_3972,1,86400.0,86400.0,0.0,0,1
user_3973,1,86400.0,86400.0,0.0,0,1
user_3974,8,123942.85714285714,21600.0,1.9056390564587862,0,1
user_3975,2,255600.0,255600.0,-1.4426951595367387e-09,0,-1
user_3976,10,111200.0,7200.0,1.9709505886838885,0,1
user_3977,5,207900.0,108000.0,0.7219280920019722,0,1
user_3978,71,0.20017465714285715,0.109056,2.7120818730342613,0,-1
user_3979,2,298800.0,298800.0,0.99999999711461,0,-1
user_398,9,130950.0,43200.0,1.8910611063018725,0,1
user_3980,3,266400.0,244800.0,1.584962496393071,1,-1
user_3981,66,0.20001778461538458,0.114703,2.7783402523337983,0,1
user_3982,3,210600.0,183600.0,1.584962496393071,0,1
user_3983,4,206400.0,154800.0,1.4999999956719148,0,1
user_3984,1,86400.0,86400.0,0.0,0,1
user_3985,3,230400.0,219600.0,1.584962496393071,0,1
user_3986,54,0.20030020754716985,0.12788,2.599634764089243,0,-1
user_3987,8,142971.42857142858,46800.0,1.9056390564587862,0,1
user_3988,1,86400.0,86400.0,0.0,1,1
user_3989,4,214800.0,162000.0,1.4999999956719148,0,1
user_399,3,244800.0,212400.0,-1.4426951595367387e-09,0,-1
user_3990,72,0.19980729577464784,0.11591,2.743106400139422,0,1
user_3991,4,207600.0,133200.0,1.4999999956719148,0,1
user_3992,2,284400.0,284400.0,-1.4426951595367387e-09,0,-1
user_3993,56,0.19949990909090912,0.118911,2.787878574673585,0,1
user_3994,3,244800.0,198000.0,0.9182958311690995,0,1
user_3995,29,0.2009395,0.140563,2.529505557666904,0,-1
user_3996,8,147085.7142857143,18000.0,2.49999999134383,1,1
user_3997,56,0.20054527272727277,0.120278,2.747619629294813,0,1
user_3998,10,114400.0,3600.0,1.7219280891165822,1,1
user_3999,5,198000.0,93600.0,1.5219280905592771,0,1
user_4,1,86400.0,86400.0,0.0,0,1
user_40,6,168480.0,64800.0,1.2516291630597378,1,1
user_400,58,0.2004448245614035,0.118599,2.7251559343380896,0,1
user_4000,50,0.198580693877551,0.107096,2.766428300893959,0,-1
user_4001,2,277200.0,277200.0,0.99999999711461,0,1
user_4002,47,0.19921889130434778,0.12155,2.7413992780746916,0,1
user_4003,8,142971.42857142858,43200.0,1.9056390564587862,0,1
user_4004,10,128800.0,25200.0,1.6854752914565543,0,1
user_4005,1,86400.0,86400.0,0.0,0,1
user_4006,4,225600.0,151200.0,1.9999999942292197,0,1
user_4007,5,182700.0,115200.0,1.5219280905592771,0,1
user_4008,9,126000.0,10800.0,1.3921472193364495,0,1
user_4009,7,160200.0,50400.0,1.3787834891580906,0,1
user_401,7,154800.0,21600.0,2.128085271677919,0,1
user_4010,24,0.20331747826086954,0.131258,2.6513636590986787,0,-1
user_4011,43,0.20213228571428576,0.10556,2.7676653270497056,0,-1
user_4012,65,0.19982257812499998,0.11055,2.702909352528189,0,1
user_4013,9,114750.0,3600.0,2.197159716210674,0,1
user_4014,9,110700.0,10800.0,1.3921472193364495,0,1
user_4015,1,86400.0,86400.0,0.0,0,1
user_4016,5,205200.0,154800.0,1.9219280891165822,0,1
user_4017,10,110400.0,18000.0,1.8464393389002354,0,1
user_4018,9,112950.0,18000.0,1.3921472193364495,0,1
user_4019,7,151200.0,14400.0,1.5566567031347378,0,1
user_402,7,138600.0,18000.0,2.128085271677919,0,1
user_4020,9,133200.0,32400.0,1.3516441108253072,0,1
user_4021,4,240000.0,201600.0,1.4999999956719148,0,1
user_4022,75,0.20058483783783787,0.113089,2.734300286129243,0,-1
user_4023,7,172800.0,75600.0,1.664497773429681,0,1
user_4024,5,187200.0,133200.0,1.5219280905592771,0,1
user_4025,7,145800.0,3600.0,1.8423709874063285,0,1
user_4026,4,222000.0,172800.0,1.9999999942292197,0,1
user_4027,6,162000.0,50400.0,2.2516291601743474,0,1
user_4028,9,138600.0,10800.0,1.7527152732089246,0,1
user_4029,4,220800.0,172800.0,1.4999999956719148,0,1
user_403,1,86400.0,86400.0,0.0,0,1
user_4030,8,129085.71428571429,25200.0,1.9999999927865248,1,1
user_4031,3,226800.0,208800.0,0.9182958311690995,0,1
user_4032,2,291600.0,291600.0,0.99999999711461,0,-1
user_4033,59,0.2013546896551724,0.117695,2.781564848998656,0,-1
user_4034,7,156000.0,32400.0,1.3787834891580906,0,1
user_4035,6,172080.0,86400.0,1.9182958282837093,0,1
user_4036,2,273600.0,273600.0,0.99999999711461,0,1
user_4037,4,211200.0,190800.0,1.4999999956719148,0,1
user_4038,1,86400.0,86400.0,0.0,0,1
user_4039,4,236400.0,201600.0,0.99999999711461,0,1
user_404,8,128571.42857142857,28800.0,1.74999999422922,0,1
user_4040,65,0.20021884375,0.102341,2.731898629176184,0,-1
user_4041,2,288000.0,288000.0,0.99999999711461,0,-1
user_4042,5,212400.0,129600.0,1.9219280891165822,0,1
user_4043,9,119700.0,28800.0,2.197159716210674,0,1
user_4044,8,133200.0,18000.0,2.155639055016091,0,1
user_4045,6,177840.0,82800.0,1.2516291630597378,0,1
user_4046,1,86400.0,86400.0,0.0,0,1
user_4047,7,144000.0,50400.0,1.8423709874063285,0,1
user_4048,3,219600.0,183600.0,0.9182958311690995,1,1
user_4049,8,134228.57142857142,3600.0,2.155639055016091,0,1
user_405,4,218400.0,165600.0,1.4999999956719148,0,1
user_4050,53,0.1986610384615384,0.125649,2.614831416922995,0,-1
user_4051,74,0.20015732876712328,0.123003,2.737067705931515,0,-1
user_4052,5,188100.0,104400.0,2.321928087673887,0,1
user_4053,4,220800.0,158400.0,-1.4426951595367387e-09,0,-1
user_4054,7,151200.0,54000.0,2.2359263434155574,0,1
user_4055,5,193500.0,151200.0,1.9219280891165822,0,1
user_4056,1,86400.0,86400.0,0.0,0,1
user_4057,6,185040.0,111600.0,1.9182958282837093,0,1
user_4058,5,187200.0,129600.0,2.321928087673887,0,1
user_4059,6,165600.0,108000.0,1.792481244589798,0,1
user_406,80,0.19907807594936705,0.122101,2.7521778153325984,0,-1
user_4060,2,288000.0,288000.0,-1.4426951595367387e-09,1,-1
user_4061,29,0.20067239285714283,0.108936,2.4119224702801088,0,-1
user_4062,2,280800.0,280800.0,0.99999999711461,0,1
user_4063,9,116100.0,7200.0,2.058813883117726,1,1
user_4064,6,154800.0,54000.0,1.9182958282837093,1,1
user_4065,41,0.2002966,0.119369,2.745907935504004,0,1
user_4066,44,0.20084167441860468,0.109296,2.6859764980382725,0,1
user_4067,10,114800.0,21600.0,2.1709505872411934,0,1
user_4068,9,125100.0,39600.0,1.6577427207341087,0,1
user_4069,10,116400.0,14400.0,2.1219280876738873,0,1
user_407,7,137400.0,43200.0,1.3787834891580906,0,1
user_4070,2,234000.0,234000.0,-1.4426951595367387e-09,0,-1
user_4071,7,155400.0,64800.0,0.863120565681241,0,1
user_4072,1,86400.0,86400.0,0.0,0,1
user_4073,44,0.19941267441860466,0.107466,2.700768678006115,0,1
user_4074,3,235800.0,180000.0,1.584962496393071,0,1
user_4075,5,180900.0,104400.0,0.7219280920019722,0,1
user_4076,2,284400.0,284400.0,0.99999999711461,0,-1
user_4077,4,202800.0,187200.0,1.4999999956719148,0,1
user_4078,4,219600.0,165600.0,0.99999999711461,0,1
user_4079,1,86400.0,86400.0,0.0,1,1
user_408,6,167760.0,64800.0,1.4591479126991596,0,1
user_4080,4,205200.0,194400.0,0.8112781215737428,0,1
user_4081,3,235800.0,194400.0,0.9182958311690995,0,1
user_4082,36,0.19959205714285713,0.118311,2.6282595500554597,0,1
user_4083,6,168480.0,93600.0,0.6500224187629642,0,1
user_4084,1,86400.0,86400.0,0.0,0,1
user_4085,2,270000.0,270000.0,0.99999999711461,1,1
user_4086,4,189600.0,147600.0,0.8112781215737428,0,1
user_4087,4,225600.0,169200.0,0.8112781215737428,0,1
user_4088,36,0.19773628571428573,0.125347,2.701368840215164,0,-1
user_4089,4,207600.0,154800.0,1.4999999956719148,0,1
user_409,73,0.2006581111111111,0.12226,2.756221618134057,0,-1
user_4090,8,151714.2857142857,75600.0,1.74999999422922,0,1
user_4091,1,86400.0,86400.0,0.0,0,1
user_4092,40,0.1990983076923077,0.125578,2.772173562737482,0,1
user_4093,6,164880.0,57600.0,1.2516291630597378,1,1
user_4094,6,167760.0,72000.0,0.9182958311690995,0,1
user_4095,2,288000.0,288000.0,0.99999999711461,0,-1
user_4096,7,129600.0,18000.0,1.664497773429681,0,1
user_4097,76,0.19927810666666665,0.109582,2.7189990275795597,0,-1
user_4098,9,130050.0,46800.0,2.197159716210674,1,1
user_4099,2,295200.0,295200.0,0.99999999711461,0,-1
user_41,5,214200.0,129600.0,1.9219280891165822,0,1
user_410,46,0.19990468888888888,0.123762,2.7798046779279075,0,1
user_4100,7,151200.0,21600.0,1.664497773429681,0,1
user_4101,1,86400.0,86400.0,0.0,0,1
user_4102,54,0.1984097547169811,0.112914,2.696307044549518,0,1
user_4103,10,114400.0,18000.0,0.9709505915692787,0,1
user_4104,1,86400.0,86400.0,0.0,0,1
user_4105,8,144514.2857142857,57600.0,1.74999999422922,0,1
user_4106,51,0.20019183999999998,0.122192,2.737082424093124,0,1
user_4107,2,241200.0,241200.0,0.99999999711461,0,1
user_4108,9,127350.0,7200.0,1.8365916623381988,0,1
user_4109,10,115600.0,36000.0,0.4689955907038912,0,-1
user_411,6,172800.0,79200.0,1.2516291630597378,0,1
user_4110,7,156600.0,14400.0,1.3787834891580906,0,1
user_4111,8,141428.57142857142,28800.0,2.155639055016091,0,1
user_4112,9,121950.0,21600.0,0.9910760569528321,0,1
user_4113,8,154800.0,50400.0,2.155639055016091,0,1
user_4114,69,0.20084841176470586,0.110003,2.7720144072356994,0,-1
user_4115,5,192600.0,133200.0,1.9219280891165822,0,1
user_4116,5,200700.0,136800.0,1.5219280905592771,0,1
user_4117,9,143550.0,18000.0,2.419381936990201,1,1
user_4118,22,0.1988451904761905,0.113154,2.4696844489558254,0,-1
user_4119,79,0.2000590128205128,0.106067,2.7591217936507446,0,-1
user_412,10,110400.0,3600.0,2.1609640387875113,0,1
user_4120,7,151800.0,25200.0,1.664497773429681,0,1
user_4121,4,207600.0,147600.0,1.4999999956719148,0,1
user_4122,10,130800.0,57600.0,1.4854752928992492,0,1
user_4123,2,288000.0,288000.0,0.99999999711461,1,-1
user_4124,5,212400.0,147600.0,1.3709505901265835,0,1
user_4125,3,232200.0,212400.0,0.9182958311690995,0,1
user_4126,2,241200.0,241200.0,0.99999999711461,1,1
user_4127,9,114300.0,3600.0,2.419381936990201,0,1
user_4128,2,252000.0,252000.0,-1.4426951595367387e-09,0,-1
user_4129,6,170640.0,79200.0,1.792481244589798,0,1
user_413,9,120150.0,28800.0,1.8910611063018725,0,1
user_4130,4,218400.0,183600.0,1.4999999956719148,0,1
user_4131,3,216000.0,201600.0,0.9182958311690995,0,1
user_4132,1,86400.0,86400.0,0.0,0,1
user_4133,71,0.1988526857142857,0.113764,2.7401949962422183,0,-1
user_4134,5,209700.0,140400.0,1.5219280905592771,1,1
user_4135,45,0.1994063863636364,0.114562,2.729795780396637,0,1
user_4136,60,0.1996215762711864,0.112527,2.7508393337424137,0,1
user_4137,3,234000.0,216000.0,-1.4426951595367387e-09,0,-1
user_4138,7,160200.0,75600.0,1.8423709874063285,0,1
user_4139,1,86400.0,86400.0,0.0,0,1
user_414,6,169200.0,104400.0,1.9182958282837093,0,1
user_4140,10,114000.0,3600.0,1.5219280905592771,0,1
user_4141,1,86400.0,86400.0,0.0,1,1
user_4142,8,123428.57142857143,7200.0,1.74999999422922,0,1
user_4143,8,144000.0,68400.0,1.74999999422922,0,1
user_4144,5,185400.0,104400.0,1.9219280891165822,0,1
user_4145,5,180900.0,100800.0,0.9709505915692787,0,1
user_4146,5,221400.0,165600.0,1.9219280891165822,0,1
user_4147,10,113200.0,32400.0,2.3709505857984983,1,1
user_4148,6,167760.0,97200.0,1.792481244589798,0,1
user_4149,8,134742.85714285713,43200.0,1.74999999422922,0,1
user_415,1,86400.0,86400.0,0.0,0,1
user_4150,2,266400.0,266400.0,0.99999999711461,0,1
user_4151,10,109200.0,7200.0,2.1709505872411934,0,1
user_4152,7,156000.0,39600.0,2.2359263434155574,1,1
user_4153,5,183600.0,90000.0,1.3709505901265835,0,1
user_4154,8,133714.2857142857,68400.0,1.9056390564587862,0,1
user_4155,2,219600.0,219600.0,0.99999999711461,0,1
user_4156,7,145200.0,64800.0,1.4488156313970995,0,1
user_4157,6,156240.0,90000.0,1.792481244589798,0,1
user_4158,10,125200.0,43200.0,1.5709505886838886,0,1
user_4159,10,112000.0,10800.0,2.0464393374575405,1,1
user_416,4,205200.0,154800.0,1.9999999942292197,0,1
user_4160,3,223200.0,223200.0,0.9182958311690995,0,1
user_4161,23,0.20259527272727276,0.106413,2.5459991884719715,0,-1
user_4162,10,98800.0,18000.0,1.5709505886838886,0,1
user_4163,8,133200.0,3600.0,2.155639055016091,0,1
user_4164,9,108900.0,28800.0,1.7527152732089246,0,1
user_4165,5,200700.0,165600.0,1.9219280891165822,0,1
user_4166,10,114400.0,3600.0,1.8464393389002354,0,1
user_4167,10,116000.0,25200.0,2.321928086231192,0,1
user_4168,8,136800.0,50400.0,2.155639055016091,1,1
user_4169,6,174240.0,122400.0,1.4591479126991596,0,1
user_417,1,86400.0,86400.0,0.0,0,1
user_4170,2,295200.0,295200.0,0.99999999711461,0,-1
user_4171,3,237600.0,194400.0,0.9182958311690995,0,1
user_4172,4,202800.0,140400.0,1.9999999942292197,0,1
user_4173,54,0.19980264150943394,0.113161,2.69192591174823,0,1
user_4174,10,121600.0,32400.0,1.9219280891165822,0,1
user_4175,4,217200.0,154800.0,0.8112781215737428,0,1
user_4176,7,154200.0,21600.0,1.3787834891580906,0,1
user_4177,9,118800.0,7200.0,2.197159716210674,0,1
user_4178,2,266400.0,266400.0,0.99999999711461,0,1
user_4179,3,226800.0,223200.0,-1.4426951595367387e-09,1,-1
user_418,2,273600.0,273600.0,-1.4426951595367387e-09,0,-1
user_4180,9,116550.0,10800.0,1.7527152732089246,0,1
user_4181,3,216000.0,180000.0,1.584962496393071,0,1
user_4182,1,86400.0,86400.0,0.0,0,1
user_4183,41,0.1979342,0.141308,2.732602995914788,0,-1
user_4184,3,232200.0,230400.0,-1.4426951595367387e-09,0,-1
user_4185,8,122914.28571428571,14400.0,1.8112781186883526,0,1
user_4186,1,86400.0,86400.0,0.0,0,1
user_4187,9,112500.0,7200.0,2.197159716210674,1,1
user_4188,5,190800.0,147600.0,1.9219280891165822,1,1
user_4189,2,244800.0,244800.0,0.99999999711461,0,1
user_419,10,118800.0,32400.0,2.1219280876738873,1,1
user_4190,2,219600.0,219600.0,0.99999999711461,0,1
user_4191,5,191700.0,118800.0,1.9219280891165822,0,1
user_4192,3,221400.0,201600.0,1.584962496393071,0,1
user_4193,4,204000.0,154800.0,1.4999999956719148,0,1
user_4194,8,142457.14285714287,46800.0,1.2987949363673135,0,1
user_4195,3,210600.0,183600.0,1.584962496393071,0,1
user_4196,7,163200.0,36000.0,1.8423709874063285,0,1
user_4197,3,255600.0,212400.0,0.9182958311690995,0,1
user_4198,34,0.19993669696969696,0.127688,2.652077834847135,0,1
user_4199,9,114300.0,10800.0,1.3516441108253072,0,1
user_42,41,0.19890802500000002,0.142813,2.6629748746398283,0,-1
user_420,77,0.20065911842105263,0.131055,2.7502540572932963,0,-1
user_4200,1,86400.0,86400.0,0.0,0,1
user_4201,7,141000.0,10800.0,2.128085271677919,0,1
user_4202,5,197100.0,115200.0,1.3709505901265835,0,1
user_4203,4,249600.0,198000.0,1.9999999942292197,0,-1
user_4204,2,248400.0,248400.0,0.99999999711461,0,1
user_4205,4,217200.0,190800.0,1.9999999942292197,0,1
user_4206,4,202800.0,154800.0,0.99999999711461,0,1
user_4207,4,202800.0,144000.0,1.4999999956719148,1,1
user_4208,4,210000.0,169200.0,1.4999999956719148,0,1
user_4209,1,86400.0,86400.0,0.0,0,1
user_421,1,86400.0,86400.0,0.0,0,1
user_4210,67,0.20011616666666668,0.118136,2.771211461999588,0,1
user_4211,4,235200.0,208800.0,1.4999999956719148,0,1
user_4212,2,237600.0,237600.0,0.99999999711461,0,1
user_4213,2,223200.0,223200.0,-1.4426951595367387e-09,0,-1
user_4214,5,200700.0,144000.0,1.3709505901265835,0,1
user_4215,10,112800.0,3600.0,1.8464393389002354,0,1
user_4216,3,226800.0,180000.0,1.584962496393071,0,1
user_4217,9,121950.0,18000.0,2.058813883117726,0,1
user_4218,1,86400.0,86400.0,0.0,0,1
user_4219,1,86400.0,86400.0,0.0,0,1
user_422,71,0.19895485714285718,0.106236,2.7715774106374305,0,-1
user_4220,4,200400.0,154800.0,1.4999999956719148,0,1
user_4221,1,86400.0,86400.0,0.0,0,1
user_4222,1,86400.0,86400.0,0.0,0,1
user_4223,6,159840.0,93600.0,1.9182958282837093,0,1
user_4224,5,182700.0,104400.0,1.9219280891165822,0,1
user_4225,3,244800.0,201600.0,1.584962496393071,0,1
user_4226,5,183600.0,108000.0,1.9219280891165822,0,1
user_4227,9,121500.0,7200.0,1.224394441077901,0,1
user_4228,3,219600.0,176400.0,0.9182958311690995,0,1
user_4229,4,223200.0,183600.0,1.4999999956719148,0,1
user_423,73,0.1998746527777778,0.122013,2.7922007551278685,0,-1
user_4230,4,243600.0,194400.0,0.8112781215737428,0,1
user_4231,3,239400.0,226800.0,0.9182958311690995,0,1
user_4232,71,0.19995794285714286,0.108357,2.7344815428128717,0,-1
user_4233,8,118285.71428571429,7200.0,1.74999999422922,0,1
user_4234,1,86400.0,86400.0,0.0,0,1
user_4235,1,86400.0,86400.0,0.0,0,1
user_4236,10,114400.0,18000.0,1.8464393389002354,0,1
user_4237,5,203400.0,118800.0,1.5219280905592771,0,1
user_4238,8,138342.85714285713,43200.0,1.061278120131048,0,1
user_4239,7,155400.0,18000.0,0.5916727756969373,1,1
user_424,4,205200.0,151200.0,1.4999999956719148,0,1
user_4240,4,223200.0,151200.0,1.4999999956719148,1,1
user_4241,9,125100.0,3600.0,1.8910611063018725,0,1
user_4242,10,117200.0,54000.0,2.0464393374575405,0,1
user_4243,1,86400.0,86400.0,0.0,0,1
user_4244,7,159000.0,46800.0,2.2359263434155574,0,1
user_4245,5,206100.0,108000.0,1.3709505901265835,0,1
user_4246,58,0.19944045614035086,0.134297,2.713211841130152,0,-1
user_4247,1,86400.0,86400.0,0.0,0,1
user_4248,8,149657.14285714287,32400.0,1.9056390564587862,0,1
user_4249,8,141428.57142857142,43200.0,1.8112781186883526,0,1
user_425,6,160560.0,79200.0,1.4591479126991596,0,1
user_4250,3,244800.0,234000.0,0.9182958311690995,0,1
user_4251,6,164160.0,122400.0,2.2516291601743474,0,1
user_4252,5,183600.0,154800.0,1.5219280905592771,0,1
user_4253,9,119250.0,7200.0,2.197159716210674,0,1
user_4254,5,191700.0,115200.0,1.3709505901265835,0,1
user_4255,3,252000.0,223200.0,0.9182958311690995,0,1
user_4256,1,86400.0,86400.0,0.0,0,1
user_4257,3,219600.0,194400.0,-1.4426951595367387e-09,0,-1
user_4258,4,217200.0,176400.0,1.9999999942292197,0,1
user_4259,1,86400.0,86400.0,0.0,0,1
user_426,9,124650.0,43200.0,2.1132833270813998,0,1
user_4260,6,164160.0,46800.0,1.9182958282837093,0,1
user_4261,9,135000.0,46800.0,1.7527152732089246,0,1
user_4262,25,0.20230633333333334,0.132327,2.5028246822626414,0,-1
user_4263,4,222000.0,180000.0,1.4999999956719148,0,1
user_4264,5,199800.0,133200.0,0.9709505915692787,0,1
user_4265,3,246600.0,216000.0,1.584962496393071,0,1
user_4266,4,213600.0,180000.0,0.8112781215737428,0,1
user_4267,3,217800.0,216000.0,-1.4426951595367387e-09,0,-1
user_4268,2,226800.0,226800.0,0.99999999711461,0,1
user_4269,7,165000.0,64800.0,1.3787834891580906,0,1
user_427,10,117600.0,21600.0,1.5709505886838886,0,1
user_4270,7,181200.0,64800.0,2.2359263434155574,0,1
user_4271,4,236400.0,194400.0,0.8112781215737428,0,1
user_4272,80,0.20029991139240505,0.117863,2.7951802609769265,0,-1
user_4273,6,176400.0,122400.0,1.4591479126991596,0,1
user_4274,6,174960.0,75600.0,1.584962496393071,0,1
user_4275,3,261000.0,226800.0,1.584962496393071,0,1
user_4276,3,232200.0,230400.0,1.584962496393071,0,1
user_4277,2,255600.0,255600.0,0.99999999711461,0,1
user_4278,4,238800.0,208800.0,1.4999999956719148,0,1
user_4279,32,0.20074774193548386,0.119299,2.638511508173108,0,1
user_428,4,210000.0,154800.0,1.4999999956719148,0,1
user_4280,10,113600.0,3600.0,1.8464393389002354,0,1
user_4281,9,105300.0,3600.0,2.058813883117726,0,1
user_4282,2,288000.0,288000.0,-1.4426951595367387e-09,0,-1
user_4283,7,142800.0,21600.0,1.664497773429681,0,1
user_4284,5,189000.0,122400.0,0.7219280920019722,0,1
user_4285,10,106400.0,3600.0,1.360964043115596,0,1
user_4286,10,114000.0,7200.0,1.8464393389002354,0,1
user_4287,4,222000.0,158400.0,1.4999999956719148,0,1
user_4288,1,86400.0,86400.0,0.0,0,1
user_4289,2,295200.0,295200.0,0.99999999711461,1,-1
user_429,2,288000.0,288000.0,-1.4426951595367387e-09,0,-1
user_4290,3,243000.0,205200.0,0.9182958311690995,0,1
user_4291,21,0.20006975,0.14353,2.719964294643526,0,-1
user_4292,4,214800.0,169200.0,1.9999999942292197,0,1
user_4293,8,144000.0,43200.0,1.9056390564587862,0,1
user_4294,1,86400.0,86400.0,0.0,0,1
user_4295,26,0.19998224,0.116909,2.7225196324568204,0,1
user_4296,9,113850.0,7200.0,1.879964941513636,0,1
user_4297,5,203400.0,158400.0,1.5219280905592771,0,1
user_4298,8,123428.57142857143,7200.0,1.74999999422922,0,1
user_4299,10,118000.0,7200.0,2.1219280876738873,1,1
user_43,71,0.2004442,0.110685,2.757423858229665,0,-1
user_430,10,117600.0,10800.0,2.0464393374575405,0,1
user_4300,3,208800.0,180000.0,0.9182958311690995,0,1
user_4301,4,198000.0,158400.0,0.8112781215737428,0,1
user_4302,5,184500.0,104400.0,1.5219280905592771,0,1
user_4303,5,201600.0,129600.0,1.3709505901265835,0,1
user_4304,33,0.20130637499999998,0.110859,2.6586651409807835,0,-1
user_4305,4,220800.0,151200.0,0.99999999711461,0,1
user_4306,7,136200.0,68400.0,1.8423709874063285,0,1
user_4307,4,211200.0,147600.0,0.8112781215737428,0,1
user_4308,8,121371.42857142857,3600.0,1.74999999422922,0,1
user_4309,6,171360.0,75600.0,1.4591479126991596,0,1
user_431,5,212400.0,154800.0,1.9219280891165822,0,1
user_4310,7,135600.0,3600.0,1.1488348499528316,0,1
user_4311,5,180900.0,154800.0,1.3709505901265835,0,1
user_4312,7,139800.0,7200.0,1.5566567031347378,0,1
user_4313,6,183600.0,90000.0,1.9182958282837093,0,1
user_4314,9,140400.0,61200.0,2.058813883117726,1,1
user_4315,36,0.19851251428571431,0.114933,2.6718094526796374,0,1
user_4316,3,234000.0,216000.0,0.9182958311690995,0,1
user_4317,7,141000.0,57600.0,2.128085271677919,0,1
user_4318,1,86400.0,86400.0,0.0,0,1
user_4319,1,86400.0,86400.0,0.0,0,1
user_432,8,135771.42857142858,43200.0,1.9056390564587862,0,1
user_4320,4,201600.0,147600.0,1.4999999956719148,0,1
user_4321,3,232200.0,208800.0,0.9182958311690995,0,1
user_4322,5,186300.0,118800.0,1.9219280891165822,0,1
user_4323,2,244800.0,244800.0,0.99999999711461,0,1
user_4324,4,207600.0,154800.0,1.4999999956719148,0,1
user_4325,67,0.1994385,0.109816,2.7534448502095543,0,1
user_4326,9,117450.0,3600.0,1.7527152732089246,0,1
user_4327,9,129150.0,36000.0,2.197159716210674,0,1
user_4328,3,223200.0,219600.0,1.584962496393071,0,1
user_4329,10,115600.0,10800.0,2.24643933745754,0,1
user_433,7,129600.0,32400.0,2.2359263434155574,0,1
user_4330,4,190800.0,147600.0,1.4999999956719148,1,1
user_4331,3,223200.0,176400.0,0.9182958311690995,0,1
user_4332,29,0.2030592142857143,0.112614,2.5535354187076575,0,-1
user_4333,49,0.19994716666666668,0.11852,2.6682554111087793,0,1
user_4334,29,0.1995488928571428,0.117755,2.71525803718672,0,1
user_4335,32,0.2021922580645161,0.111159,2.4849873076652775,0,-1
user_4336,7,134400.0,7200.0,1.3787834891580906,0,1
user_4337,1,86400.0,86400.0,0.0,0,1
user_4338,1,86400.0,86400.0,0.0,0,1
user_4339,64,0.19945119047619048,0.111246,2.7547106142055133,0,1
user_434,69,0.200652205882353,0.124415,2.7398865365876803,0,-1
user_4340,10,107200.0,7200.0,1.6854752914565543,0,1
user_4341,10,117200.0,18000.0,2.1219280876738873,0,1
user_4342,28,0.20005822222222222,0.133478,2.6689869483541955,0,-1
user_4343,1,86400.0,86400.0,0.0,0,1
user_4344,2,288000.0,288000.0,0.99999999711461,0,-1
user_4345,50,0.20033659183673472,0.116281,2.756385724479621,0,1
user_4346,9,121950.0,18000.0,1.6577427207341087,0,1
user_4347,68,0.20020813432835818,0.121723,2.75084687913168,0,1
user_4348,8,139885.7142857143,50400.0,1.5612781201310477,0,1
user_4349,57,0.2000711607142857,0.122541,2.745943213855616,0,1
user_435,9,112950.0,3600.0,1.8910611063018725,0,1
user_4350,1,86400.0,86400.0,0.0,0,1
user_4351,79,0.20000732051282055,0.104238,2.7702529358236543,0,-1
user_4352,26,0.20136616,0.135287,2.6762400740772008,0,-1
user_4353,3,230400.0,216000.0,1.584962496393071,0,1
user_4354,10,121200.0,18000.0,1.8464393389002354,0,1
user_4355,7,159600.0,57600.0,1.950212059143967,0,1
user_4356,9,123750.0,25200.0,2.058813883117726,0,1
user_4357,6,169920.0,122400.0,2.2516291601743474,0,1
user_4358,1,86400.0,86400.0,0.0,0,1
user_4359,5,206100.0,108000.0,1.5219280905592771,0,1
user_436,4,214800.0,190800.0,0.99999999711461,0,1
user_4360,7,158400.0,68400.0,1.950212059143967,1,1
user_4361,5,206100.0,140400.0,0.9709505915692787,1,1
user_4362,1,86400.0,86400.0,0.0,0,1
user_4363,1,86400.0,86400.0,0.0,0,1
user_4364,1,86400.0,86400.0,0.0,0,1
user_4365,6,177840.0,108000.0,1.4591479126991596,0,1
user_4366,5,207900.0,140400.0,1.9219280891165822,0,1
user_4367,7,157200.0,50400.0,1.8423709874063285,0,1
user_4368,7,152400.0,79200.0,0.9852281331488615,0,1
user_4369,7,167400.0,61200.0,2.128085271677919,0,1
user_437,6,169920.0,57600.0,1.4591479126991596,0,1
user_4370,1,86400.0,86400.0,0.0,0,1
user_4371,29,0.20019067857142853,0.11583,2.7447322776099385,0,1
user_4372,10,122000.0,14400.0,2.6464393345721504,0,1
user_4373,7,153000.0,18000.0,2.128085271677919,0,1
user_4374,79,0.20037444871794874,0.12513,2.7801674988172604,0,-1
user_4375,36,0.1980348857142857,0.129448,2.717684020857505,0,-1
user_4376,6,184320.0,104400.0,1.4591479126991596,0,1
user_4377,53,0.1999242692307692,0.141718,2.591695737205998,0,-1
user_4378,1,86400.0,86400.0,0.0,0,1
user_4379,4,231600.0,169200.0,0.8112781215737428,0,1
user_438,7,154200.0,54000.0,1.3787834891580906,0,1
user_4380,5,180900.0,108000.0,0.9709505915692787,0,1
user_4381,1,86400.0,86400.0,0.0,0,1
user_4382,7,154200.0,75600.0,1.664497773429681,0,1
user_4383,9,112950.0,14400.0,1.8910611063018725,0,1
user_4384,9,124200.0,3600.0,2.058813883117726,0,1
user_4385,9,117900.0,21600.0,0.9182958311690995,0,1
user_4386,32,0.19812970967741936,0.107721,2.635976849534117,0,-1
user_4387,7,136800.0,7200.0,1.8423709874063285,1,1
user_4388,8,143485.7142857143,64800.0,1.8112781186883526,0,1
user_4389,4,222000.0,212400.0,0.99999999711461,0,1
user_439,1,86400.0,86400.0,0.0,0,1
user_4390,10,114400.0,14400.0,1.5219280905592771,0,1
user_4391,5,206100.0,147600.0,1.5219280905592771,1,1
user_4392,5,186300.0,136800.0,1.3709505901265835,0,1
user_4393,4,210000.0,172800.0,1.4999999956719148,0,1
user_4394,6,187200.0,122400.0,1.792481244589798,1,1
user_4395,3,235800.0,190800.0,0.9182958311690995,0,1
user_4396,5,194400.0,100800.0,1.9219280891165822,0,1
user_4397,50,0.19867851020408162,0.129954,2.7407440505910734,0,-1
user_4398,7,148200.0,54000.0,2.521640627687148,0,1
user_4399,3,237600.0,176400.0,1.584962496393071,0,1
user_44,10,110400.0,39600.0,1.760964041672901,0,1
user_440,7,146400.0,21600.0,1.8423709874063285,0,1
user_4400,3,221400.0,180000.0,1.584962496393071,0,1
user_4401,7,149400.0,28800.0,2.521640627687148,0,1
user_4402,8,135771.42857142858,43200.0,1.5612781201310477,0,1
user_4403,6,184320.0,93600.0,1.2516291630597378,0,1
user_4404,7,180600.0,82800.0,1.4488156313970995,0,1
user_4405,2,266400.0,266400.0,-1.4426951595367387e-09,0,-1
user_4406,10,107600.0,14400.0,2.321928086231192,0,1
user_4407,9,124650.0,18000.0,1.3516441108253072,0,1
user_4408,9,126000.0,25200.0,2.197159716210674,0,1
user_4409,6,193680.0,93600.0,1.9182958282837093,0,1
user_441,52,0.20006835294117642,0.117352,2.541155870166107,0,-1
user_4410,10,106400.0,3600.0,2.1709505872411934,0,1
user_4411,9,116100.0,7200.0,1.5304930524293974,0,1
user_4412,8,134742.85714285713,28800.0,1.8112781186883526,0,1
user_4413,8,130628.57142857143,3600.0,2.155639055016091,1,1
user_4414,9,120150.0,14400.0,2.058813883117726,0,1
user_4415,57,0.20005674999999998,0.103896,2.787279103075045,0,-1
user_4416,6,173520.0,75600.0,1.9182958282837093,0,1
user_4417,4,198000.0,147600.0,1.4999999956719148,0,1
user_4418,1,86400.0,86400.0,0.0,0,1
user_4419,4,220800.0,151200.0,1.4999999956719148,0,1
user_442,1,86400.0,86400.0,0.0,0,1
user_4420,4,236400.0,201600.0,-1.4426951595367387e-09,0,-1
user_4421,6,180000.0,115200.0,0.99999999711461,1,1
user_4422,29,0.20228925,0.117611,2.544409125380402,0,-1
user_4423,5,211500.0,97200.0,1.9219280891165822,0,1
user_4424,2,262800.0,262800.0,0.99999999711461,1,1
user_4425,49,0.19971845833333332,0.109872,2.6961438974715577,0,1
user_4426,4,229200.0,201600.0,1.9999999942292197,1,1
user_4427,4,229200.0,205200.0,1.9999999942292197,0,1
user_4428,6,164160.0,97200.0,0.99999999711461,0,1
user_4429,6,182160.0,115200.0,1.4591479126991596,1,1
user_443,4,194400.0,165600.0,1.4999999956719148,0,1
user_4430,10,103200.0,10800.0,1.8464393389002354,0,1
user_4431,1,86400.0,86400.0,0.0,0,1
user_4432,6,172800.0,86400.0,1.9182958282837093,0,1
user_4433,5,196200.0,93600.0,0.7219280920019722,0,1
user_4434,8,132685.7142857143,32400.0,1.4999999956719148,0,1
user_4435,4,199200.0,140400.0,1.4999999956719148,0,1
user_4436,5,173700.0,133200.0,1.5219280905592771,0,1
user_4437,4,225600.0,198000.0,1.4999999956719148,0,1
user_4438,70,0.2009517391304348,0.108442,2.759438026419484,0,-1
user_4439,5,181800.0,133200.0,1.9219280891165822,0,1
user_444,31,0.20041213333333335,0.112718,2.6619817833215063,0,1
user_4440,9,124200.0,7200.0,1.5304930524293974,0,1
user_4441,5,194400.0,133200.0,2.321928087673887,0,1
user_4442,10,110400.0,28800.0,1.5709505901265834,0,1
user_4443,8,147600.0,3600.0,1.2987949363673135,1,1
user_4444,1,86400.0,86400.0,0.0,0,1
user_4445,7,145200.0,64800.0,1.5566567031347378,0,1
user_4446,4,226800.0,172800.0,1.4999999956719148,0,1
user_4447,1,86400.0,86400.0,0.0,0,1
user_4448,1,86400.0,86400.0,0.0,0,1
user_4449,1,86400.0,86400.0,0.0,0,1
user_445,9,118800.0,25200.0,1.8365916623381988,0,1
user_4450,5,198000.0,111600.0,1.9219280891165822,0,1
user_4451,31,0.20072810000000002,0.138672,2.732558706633918,0,-1
user_4452,10,120800.0,21600.0,1.960964040230206,1,1
user_4453,9,122400.0,25200.0,1.8365916623381988,0,1
user_4454,7,147000.0,46800.0,2.128085271677919,0,1
user_4455,3,228600.0,216000.0,0.9182958311690995,0,1
user_4456,9,115650.0,10800.0,2.058813883117726,0,1
user_4457,5,184500.0,93600.0,1.5219280905592771,0,1
user_4458,6,162000.0,72000.0,1.9182958282837093,0,1
user_4459,6,164160.0,122400.0,1.2516291630597378,0,1
user_446,5,187200.0,126000.0,1.9219280891165822,1,1
user_4460,37,0.19954388888888885,0.128805,2.7557530213633146,0,1
user_4461,3,225000.0,223200.0,0.9182958311690995,0,1
user_4462,66,0.2011179076923077,0.109617,2.690452199195919,0,-1
user_4463,1,86400.0,86400.0,0.0,0,1
user_4464,9,133200.0,25200.0,1.6577427207341087,0,1
user_4465,33,0.20180550000000003,0.138137,2.5651960023467066,0,-1
user_4466,7,160200.0,72000.0,1.3787834891580906,0,1
user_4467,4,196800.0,133200.0,1.4999999956719148,0,1
user_4468,5,202500.0,154800.0,1.5219280905592771,0,1
user_4469,8,149657.14285714287,21600.0,1.4056390579014812,0,1
user_447,5,193500.0,126000.0,1.3709505901265835,0,1
user_4470,8,137828.57142857142,57600.0,1.4056390579014812,0,1
user_4471,64,0.198673746031746,0.118196,2.587071959580097,0,-1
user_4472,1,86400.0,86400.0,0.0,0,1
user_4473,2,298800.0,298800.0,0.99999999711461,0,-1
user_4474,2,259200.0,259200.0,-1.4426951595367387e-09,0,-1
user_4475,5,198000.0,154800.0,1.5219280905592771,0,1
user_4476,7,149400.0,39600.0,1.1488348499528316,0,1
user_4477,8,133200.0,3600.0,0.9544340000395749,0,1
user_4478,7,155400.0,64800.0,1.4488156313970995,0,1
user_4479,72,0.19985870422535212,0.12414,2.7611067031707774,0,-1
user_448,1,86400.0,86400.0,0.0,0,1
user_4480,3,228600.0,201600.0,0.9182958311690995,0,1
user_4481,5,198000.0,162000.0,0.7219280920019722,0,1
user_4482,6,185040.0,90000.0,1.792481244589798,0,1
user_4483,6,178560.0,57600.0,0.99999999711461,0,1
user_4484,4,206400.0,176400.0,1.4999999956719148,0,1
user_4485,8,136285.7142857143,21600.0,1.9056390564587862,0,1
user_4486,1,86400.0,86400.0,0.0,0,1
user_4487,6,185040.0,54000.0,1.4591479126991596,0,1
user_4488,4,219600.0,190800.0,1.4999999956719148,0,1
user_4489,4,214800.0,158400.0,-1.4426951595367387e-09,0,-1
user_449,1,86400.0,86400.0,0.0,0,1
user_4490,9,120600.0,14400.0,0.9910760569528321,0,1
user_4491,2,241200.0,241200.0,0.99999999711461,0,1
user_4492,8,127542.85714285714,28800.0,2.155639055016091,0,1
user_4493,4,220800.0,172800.0,0.99999999711461,0,1
user_4494,69,0.20029813235294114,0.122448,2.77344330176348,0,-1
user_4495,7,144000.0,36000.0,1.8423709874063285,0,1
user_4496,7,141600.0,54000.0,1.1488348499528316,0,1
user_4497,62,0.1994175081967213,0.125484,2.7426281309216387,0,1
user_4498,10,129200.0,39600.0,2.446439336014845,1,1
user_4499,75,0.2007275135135135,0.122898,2.7614837203957494,0,-1
user_45,10,124800.0,18000.0,1.6854752914565543,0,1
user_450,10,109200.0,3600.0,1.960964040230206,0,1
user_4500,5,205200.0,144000.0,1.3709505901265835,0,1
user_4501,3,210600.0,176400.0,1.584962496393071,0,1
user_4502,4,208800.0,176400.0,1.4999999956719148,0,1
user_4503,10,113600.0,28800.0,2.1219280876738873,0,1
user_4504,2,255600.0,255600.0,0.99999999711461,0,1
user_4505,8,126000.0,43200.0,1.74999999422922,1,1
user_4506,48,0.19820491489361705,0.128655,2.728063444275748,0,-1
user_4507,3,235800.0,223200.0,1.584962496393071,0,1
user_4508,3,205200.0,176400.0,0.9182958311690995,0,1
user_4509,3,232200.0,230400.0,0.9182958311690995,0,1
user_451,3,246600.0,226800.0,0.9182958311690995,0,1
user_4510,7,152400.0,10800.0,2.128085271677919,0,1
user_4511,2,295200.0,295200.0,0.99999999711461,0,-1
user_4512,2,288000.0,288000.0,0.99999999711461,0,-1
user_4513,6,154080.0,97200.0,1.4591479126991596,0,1
user_4514,3,230400.0,183600.0,1.584962496393071,0,1
user_4515,8,131142.85714285713,43200.0,2.249999992786525,0,1
user_4516,5,206100.0,144000.0,0.7219280920019722,0,1
user_4517,3,212400.0,176400.0,0.9182958311690995,0,1
user_4518,3,237600.0,183600.0,1.584962496393071,0,1
user_4519,1,86400.0,86400.0,0.0,0,1
user_452,40,0.2011328205128205,0.127145,2.6033013751833955,0,-1
user_4520,72,0.20012101408450705,0.116829,2.739912918247111,0,1
user_4521,5,190800.0,118800.0,1.9219280891165822,0,1
user_4522,3,259200.0,223200.0,0.9182958311690995,0,1
user_4523,6,184320.0,118800.0,0.6500224187629642,0,1
user_4524,9,121500.0,14400.0,2.058813883117726,0,1
user_4525,7,151200.0,54000.0,1.950212059143967,0,1
user_4526,54,0.1998820377358491,0.111691,2.621748952292832,0,1
user_4527,1,86400.0,86400.0,0.0,0,1
user_4528,4,194400.0,147600.0,0.99999999711461,0,1
user_4529,7,167400.0,57600.0,1.5566567031347378,0,1
user_453,8,130114.28571428571,14400.0,1.8112781186883526,0,1
user_4530,44,0.20155206976744186,0.12384,2.7086857340611883,0,-1
user_4531,8,128057.14285714286,25200.0,1.74999999422922,1,1
user_4532,7,133200.0,21600.0,1.1488348499528316,0,1
user_4533,20,0.20091884210526315,0.121818,2.74643933457215,0,1
user_4534,4,214800.0,172800.0,1.4999999956719148,0,1
user_4535,9,116550.0,28800.0,2.2810361038972533,0,1
user_4536,7,141600.0,36000.0,1.8423709874063285,0,1
user_4537,3,244800.0,234000.0,-1.4426951595367387e-09,0,-1
user_4538,3,217800.0,183600.0,0.9182958311690995,0,1
user_4539,6,173520.0,90000.0,1.792481244589798,1,1
user_454,3,246600.0,237600.0,1.584962496393071,0,1
user_4540,6,155520.0,61200.0,0.9182958311690995,0,1
user_4541,1,86400.0,86400.0,0.0,0,1
user_4542,58,0.20020254385964908,0.109681,2.76646624216563,0,1
user_4543,66,0.1989757384615385,0.112372,2.735329032011528,0,-1
user_4544,7,132600.0,46800.0,2.2359263434155574,0,1
user_4545,10,113600.0,36000.0,1.360964043115596,0,1
user_4546,5,204300.0,133200.0,1.9219280891165822,0,1
user_4547,10,107600.0,25200.0,1.8464393389002354,1,1
user_4548,5,167400.0,129600.0,1.3709505901265835,1,1
user_4549,10,105600.0,21600.0,1.4854752928992492,0,1
user_455,1,86400.0,86400.0,0.0,0,1
user_4550,6,169920.0,100800.0,0.99999999711461,0,1
user_4551,6,167040.0,100800.0,1.9182958282837093,0,1
user_4552,71,0.2000968285714286,0.118622,2.7420404879972726,0,1
user_4553,9,120150.0,7200.0,1.7527152732089246,0,1
user_4554,20,0.2043437894736842,0.138936,2.6659573108503096,0,-1
user_4555,5,218700.0,165600.0,1.5219280905592771,0,1
user_4556,10,123600.0,39600.0,1.360964043115596,0,1
user_4557,70,0.20000569565217388,0.116671,2.773488839196795,0,-1
user_4558,21,0.19961035,0.10951,2.61997070082877,0,-1
user_4559,9,127350.0,7200.0,1.584962496393071,0,1
user_456,3,241200.0,230400.0,1.584962496393071,0,1
user_4560,10,123200.0,18000.0,2.3709505857984983,0,1
user_4561,5,201600.0,154800.0,1.9219280891165822,0,1
user_4562,26,0.20023203999999997,0.133831,2.5929786496010268,0,-1
user_4563,62,0.20064696721311476,0.120475,2.7530568766224754,0,1
user_4564,56,0.19952232727272723,0.105282,2.6997164980859916,0,1
user_4565,2,223200.0,223200.0,0.99999999711461,0,1
user_4566,7,149400.0,3600.0,1.8423709874063285,0,1
user_4567,5,215100.0,165600.0,1.5219280905592771,0,1
user_4568,5,199800.0,169200.0,1.3709505901265835,0,1
user_4569,70,0.1989346666666667,0.113809,2.7672534507587554,0,-1
user_457,8,130628.57142857143,39600.0,1.8112781186883526,0,1
user_4570,4,236400.0,169200.0,1.4999999956719148,1,1
user_4571,3,275400.0,255600.0,0.9182958311690995,0,1
user_4572,5,199800.0,100800.0,1.5219280905592771,0,1
user_4573,70,0.19921176811594202,0.109449,2.7581960342897007,0,-1
user_4574,3,259200.0,255600.0,0.9182958311690995,0,1
user_4575,5,184500.0,97200.0,1.3709505901265835,0,1
user_4576,1,86400.0,86400.0,0.0,0,1
user_4577,2,223200.0,223200.0,0.99999999711461,0,1
user_4578,1,86400.0,86400.0,0.0,0,1
user_4579,6,169920.0,64800.0,0.99999999711461,0,1
user_458,1,86400.0,86400.0,0.0,0,1
user_4580,9,121050.0,3600.0,1.4355204999545814,0,1
user_4581,61,0.1987990166666667,0.106674,2.7722316637753592,0,-1
user_4582,4,194400.0,144000.0,0.8112781215737428,0,1
user_4583,20,0.19660984210526314,0.12541,2.5709505843558036,0,-1
user_4584,8,134742.85714285713,10800.0,2.155639055016091,0,1
user_4585,4,219600.0,140400.0,1.4999999956719148,0,1
user_4586,7,148200.0,3600.0,2.2359263434155574,0,1
user_4587,10,119200.0,14400.0,1.760964041672901,0,1
user_4588,3,264600.0,252000.0,0.9182958311690995,0,1
user_4589,5,200700.0,154800.0,1.9219280891165822,0,1
user_459,5,185400.0,122400.0,1.3709505901265835,0,1
user_4590,6,172800.0,93600.0,1.9182958282837093,0,1
user_4591,1,86400.0,86400.0,0.0,0,1
user_4592,1,86400.0,86400.0,0.0,0,1
user_4593,10,125200.0,7200.0,1.7219280891165822,0,1
user_4594,9,113850.0,7200.0,2.197159716210674,0,1
user_4595,1,86400.0,86400.0,0.0,0,1
user_4596,7,147600.0,82800.0,2.2359263434155574,0,1
user_4597,4,211200.0,165600.0,1.4999999956719148,0,1
user_4598,1,86400.0,86400.0,0.0,0,1
user_4599,5,193500.0,133200.0,1.5219280905592771,0,1
user_46,28,0.1991581481481481,0.143425,2.757923555342519,0,-1
user_460,6,144000.0,46800.0,1.2516291630597378,0,1
user_4600,5,185400.0,136800.0,1.9219280891165822,0,1
user_4601,9,120150.0,3600.0,0.9182958311690995,0,1
user_4602,2,270000.0,270000.0,0.99999999711461,0,1
user_4603,5,193500.0,154800.0,1.5219280905592771,0,1
user_4604,3,259200.0,223200.0,0.9182958311690995,0,1
user_4605,3,232200.0,223200.0,0.9182958311690995,0,1
user_4606,2,241200.0,241200.0,0.99999999711461,0,1
user_4607,6,161280.0,57600.0,1.584962496393071,0,1
user_4608,1,86400.0,86400.0,0.0,0,1
user_4609,7,157800.0,50400.0,2.2359263434155574,0,1
user_461,8,122914.28571428571,10800.0,0.8112781215737428,0,1
user_4610,2,252000.0,252000.0,-1.4426951595367387e-09,0,-1
user_4611,9,132750.0,46800.0,1.8910611063018725,0,1
user_4612,5,195300.0,133200.0,1.3709505901265835,1,1
user_4613,4,224400.0,140400.0,1.9999999942292197,0,1
user_4614,1,86400.0,86400.0,0.0,0,1
user_4615,10,108800.0,14400.0,1.2954618399102367,0,1
user_4616,74,0.20065660273972602,0.108487,2.7983111041494966,0,-1
user_4617,8,137828.57142857142,61200.0,1.2987949363673135,0,1
user_4618,6,161280.0,46800.0,1.792481244589798,0,1
user_4619,8,136285.7142857143,36000.0,2.249999992786525,0,1
user_462,3,199800.0,176400.0,1.584962496393071,0,1
user_4620,10,119200.0,3600.0,1.960964040230206,0,1
user_4621,3,255600.0,226800.0,0.9182958311690995,0,1
user_4622,4,204000.0,144000.0,0.99999999711461,0,1
user_4623,5,193500.0,140400.0,0.9709505915692787,0,1
user_4624,9,116100.0,61200.0,1.446616661857428,0,1
user_4625,1,86400.0,86400.0,0.0,0,1
user_4626,5,204300.0,154800.0,1.9219280891165822,0,1
user_4627,10,111600.0,21600.0,0.9709505915692787,0,1
user_4628,5,216000.0,154800.0,1.5219280905592771,0,1
user_4629,4,226800.0,183600.0,0.8112781215737428,1,1
user_463,2,244800.0,244800.0,0.99999999711461,0,1
user_4630,5,207900.0,162000.0,1.9219280891165822,0,1
user_4631,3,257400.0,237600.0,0.9182958311690995,0,1
user_4632,66,0.1996072153846154,0.101703,2.778470477006268,0,-1
user_4633,7,156600.0,10800.0,1.5566567031347378,0,1
user_4634,71,0.19967637142857142,0.126234,2.7513658004952206,0,-1
user_4635,8,144000.0,28800.0,2.249999992786525,1,1
user_4636,33,0.19926375000000002,0.110596,2.7557338839465446,0,1
user_4637,9,131400.0,25200.0,2.281036105339948,0,1
user_4638,9,126450.0,28800.0,2.1132833270813998,0,1
user_4639,2,291600.0,291600.0,0.99999999711461,0,-1
user_464,9,114750.0,10800.0,2.197159716210674,0,1
user_4640,7,144600.0,61200.0,1.4488156313970995,0,1
user_4641,1,86400.0,86400.0,0.0,0,1
user_4642,9,124200.0,7200.0,2.058813883117726,0,1
user_4643,3,234000.0,226800.0,-1.4426951595367387e-09,0,-1
user_4644,7,154800.0,82800.0,1.1488348499528316,0,1
user_4645,3,205200.0,187200.0,0.9182958311690995,0,1
user_4646,6,159840.0,90000.0,0.99999999711461,0,1
user_4647,1,86400.0,86400.0,0.0,0,1
user_4648,1,86400.0,86400.0,0.0,0,1
user_4649,21,0.19690180000000002,0.137866,2.622733628930839,0,-1
user_465,6,175680.0,68400.0,1.2516291630597378,1,1
user_4650,3,241200.0,190800.0,1.584962496393071,0,1
user_4651,9,102150.0,7200.0,0.9864267244027574,1,1
user_4652,1,86400.0,86400.0,0.0,0,1
user_4653,6,170640.0,57600.0,2.2516291601743474,1,1
user_4654,9,105300.0,3600.0,2.197159716210674,0,1
user_4655,8,136800.0,54000.0,2.249999992786525,0,1
user_4656,8,155314.2857142857,46800.0,1.4056390579014812,0,1
user_4657,4,204000.0,180000.0,1.4999999956719148,1,1
user_4658,39,0.2006848947368421,0.132566,2.589622005948838,0,-1
user_4659,1,86400.0,86400.0,0.0,0,1
user_466,7,139200.0,25200.0,1.3787834891580906,0,1
user_4660,7,156000.0,57600.0,1.8423709874063285,0,1
user_4661,4,201600.0,147600.0,1.4999999956719148,0,1
user_4662,8,116228.57142857143,7200.0,1.5612781201310477,0,1
user_4663,3,262800.0,226800.0,1.584962496393071,0,1
user_4664,6,154800.0,50400.0,1.9182958282837093,0,1
user_4665,2,219600.0,219600.0,0.99999999711461,0,1
user_4666,2,291600.0,291600.0,0.99999999711461,0,-1
user_4667,4,205200.0,154800.0,1.4999999956719148,0,1
user_4668,6,177840.0,93600.0,1.4591479126991596,0,1
user_4669,66,0.19998992307692304,0.11631,2.77185718623865,0,1
user_467,1,86400.0,86400.0,0.0,0,1
user_4670,4,208800.0,144000.0,1.4999999956719148,0,1
user_4671,10,101200.0,3600.0,2.0464393374575405,0,1
user_4672,5,184500.0,104400.0,1.9219280891165822,0,1
user_4673,68,0.20016117910447762,0.116513,2.7778351580084366,0,-1
user_4674,4,224400.0,158400.0,0.8112781215737428,1,1
user_4675,8,127542.85714285714,7200.0,1.9999999927865248,0,1
user_4676,8,139371.42857142858,43200.0,1.9056390564587862,0,1
user_4677,8,117257.14285714286,25200.0,2.49999999134383,1,1
user_4678,3,219600.0,201600.0,0.9182958311690995,0,1
user_4679,1,86400.0,86400.0,0.0,0,1
user_468,8,145028.57142857142,57600.0,1.8112781186883526,0,1
user_4680,1,86400.0,86400.0,0.0,0,1
user_4681,60,0.20091155932203394,0.122235,2.660146134594009,0,-1
user_4682,6,167040.0,61200.0,2.2516291601743474,0,1
user_4683,9,124200.0,28800.0,2.197159716210674,1,1
user_4684,6,195120.0,118800.0,1.9182958282837093,0,1
user_4685,2,259200.0,259200.0,0.99999999711461,0,1
user_4686,10,118400.0,18000.0,1.760964041672901,0,1
user_4687,5,218700.0,165600.0,1.3709505901265835,0,1
user_4688,3,246600.0,201600.0,-1.4426951595367387e-09,1,-1
user_4689,51,0.20047891999999998,0.128924,2.7889223901871083,0,-1
user_469,10,115600.0,32400.0,2.0464393374575405,0,1
user_4690,8,121371.42857142857,28800.0,1.4056390579014812,0,1
user_4691,4,194400.0,147600.0,1.4999999956719148,0,1
user_4692,7,139800.0,32400.0,1.664497773429681,0,1
user_4693,4,220800.0,212400.0,0.99999999711461,0,1
user_4694,10,119200.0,25200.0,1.4854752928992492,0,1
user_4695,4,230400.0,187200.0,1.9999999942292197,0,1
user_4696,5,197100.0,100800.0,1.3709505901265835,0,1
user_4697,7,156600.0,28800.0,1.5566567031347378,0,1
user_4698,10,125600.0,25200.0,2.1709505872411934,0,1
user_4699,7,162000.0,75600.0,1.950212059143967,0,1
user_47,3,214200.0,205200.0,1.584962496393071,0,1
user_470,65,0.200050671875,0.135022,2.717598572922286,0,-1
user_4700,21,0.20156805000000003,0.121944,2.5294881041673354,0,-1
user_4701,5,216900.0,154800.0,1.9219280891165822,0,1
user_4702,7,153000.0,75600.0,1.3787834891580906,0,1
user_4703,6,177840.0,68400.0,1.584962496393071,0,1
user_4704,3,221400.0,187200.0,0.9182958311690995,0,1
user_4705,1,86400.0,86400.0,0.0,0,1
user_4706,3,243000.0,241200.0,1.584962496393071,0,1
user_4707,3,241200.0,205200.0,0.9182958311690995,0,1
user_4708,48,0.19855253191489364,0.110982,2.629060453869398,0,-1
user_4709,8,147085.7142857143,3600.0,2.155639055016091,0,1
user_471,2,248400.0,248400.0,-1.4426951595367387e-09,0,-1
user_4710,9,116100.0,10800.0,2.058813883117726,1,1
user_4711,5,180900.0,90000.0,2.321928087673887,0,1
user_4712,38,0.19922018918918918,0.138318,2.6836660718651393,0,-1
user_4713,8,125485.71428571429,7200.0,2.249999992786525,0,1
user_4714,2,259200.0,259200.0,0.99999999711461,0,1
user_4715,6,161280.0,82800.0,1.792481244589798,1,1
user_4716,8,119314.28571428571,3600.0,0.8112781215737428,0,1
user_4717,9,114750.0,3600.0,2.2810361038972533,0,1
user_4718,7,136800.0,50400.0,2.128085271677919,0,1
user_4719,43,0.20102619047619047,0.111217,2.7448641644602607,0,1
user_472,23,0.19793422727272728,0.11877,2.615983555483051,0,-1
user_4720,68,0.19963089552238808,0.130427,2.759950245570084,0,-1
user_4721,9,129600.0,64800.0,1.7527152732089246,0,1
user_4722,64,0.20118004761904765,0.115616,2.7578560535931835,0,-1
user_4723,7,149400.0,46800.0,1.3787834891580906,0,1
user_4724,6,167760.0,100800.0,1.4591479126991596,1,1
user_4725,5,195300.0,115200.0,1.9219280891165822,1,1
user_4726,4,231600.0,212400.0,0.8112781215737428,0,1
user_4727,7,144000.0,50400.0,1.8423709874063285,0,1
user_4728,24,0.20018521739130435,0.112573,2.467090766093718,0,-1
user_4729,6,185760.0,111600.0,1.4591479126991596,0,1
user_473,5,194400.0,133200.0,0.9709505915692787,0,1
user_4730,1,86400.0,86400.0,0.0,0,1
user_4731,10,116400.0,3600.0,1.4854752928992492,0,1
user_4732,2,241200.0,241200.0,0.99999999711461,0,1
user_4733,1,86400.0,86400.0,0.0,0,1
user_4734,9,126900.0,25200.0,1.7527152732089246,0,1
user_4735,3,210600.0,194400.0,1.584962496393071,0,1
user_4736,2,223200.0,223200.0,0.99999999711461,0,1
user_4737,10,118400.0,7200.0,1.1567796451189545,0,1
user_4738,1,86400.0,86400.0,0.0,0,1
user_4739,1,86400.0,86400.0,0.0,0,1
user_474,32,0.19823283870967742,0.114679,2.6709585832454845,0,-1
user_4740,8,135771.42857142858,25200.0,1.2987949363673135,0,1
user_4741,27,0.19975934615384613,0.136385,2.7423431799298856,0,-1
user_4742,2,223200.0,223200.0,0.99999999711461,0,1
user_4743,2,237600.0,237600.0,0.99999999711461,1,1
user_4744,10,119600.0,7200.0,2.1219280876738873,0,1
user_4745,4,234000.0,180000.0,0.8112781215737428,0,1
user_4746,10,110400.0,7200.0,1.5219280905592771,0,1
user_4747,3,243000.0,237600.0,0.9182958311690995,0,1
user_4748,7,151200.0,18000.0,1.3787834891580906,1,1
user_4749,1,86400.0,86400.0,0.0,0,1
user_475,77,0.20019947368421054,0.105148,2.748004564026667,0,-1
user_4750,6,186480.0,122400.0,1.9182958282837093,0,1
user_4751,6,174240.0,90000.0,1.9182958282837093,0,1
user_4752,3,241200.0,230400.0,0.9182958311690995,0,1
user_4753,8,140914.2857142857,46800.0,1.2987949363673135,0,1
user_4754,3,232200.0,198000.0,1.584962496393071,0,1
user_4755,2,298800.0,298800.0,-1.4426951595367387e-09,0,-1
user_4756,9,123750.0,7200.0,2.419381936990201,0,1
user_4757,3,234000.0,219600.0,0.9182958311690995,0,1
user_4758,5,194400.0,108000.0,1.9219280891165822,0,1
user_4759,3,235800.0,187200.0,0.9182958311690995,0,1
user_476,9,135000.0,43200.0,2.058813883117726,0,1
user_4760,8,140914.2857142857,21600.0,1.8112781186883526,0,1
user_4761,1,86400.0,86400.0,0.0,0,1
user_4762,8,142971.42857142858,21600.0,1.4056390579014812,0,1
user_4763,5,181800.0,115200.0,0.9709505915692787,0,1
user_4764,3,246600.0,241200.0,0.9182958311690995,1,1
user_4765,8,139371.42857142858,3600.0,1.74999999422922,0,1
user_4766,3,241200.0,190800.0,0.9182958311690995,0,1
user_4767,10,116400.0,14400.0,1.7219280891165822,0,1
user_4768,1,86400.0,86400.0,0.0,0,1
user_4769,5,207000.0,154800.0,1.5219280905592771,0,1
user_477,6,187920.0,90000.0,1.9182958282837093,1,1
user_4770,10,109200.0,3600.0,2.521928086231192,0,1
user_4771,71,0.19927430000000002,0.11306,2.681052712231489,0,-1
user_4772,2,266400.0,266400.0,0.99999999711461,0,1
user_4773,10,116400.0,50400.0,1.4854752928992492,0,1
user_4774,3,264600.0,234000.0,1.584962496393071,0,1
user_4775,1,86400.0,86400.0,0.0,0,1
user_4776,7,152400.0,21600.0,2.2359263434155574,0,1
user_4777,6,174960.0,115200.0,1.2516291630597378,0,1
user_4778,3,257400.0,216000.0,1.584962496393071,0,1
user_4779,3,259200.0,241200.0,0.9182958311690995,0,1
user_478,8,112628.57142857143,3600.0,1.74999999422922,0,1
user_4780,4,207600.0,183600.0,1.9999999942292197,0,1
user_4781,72,0.19884218309859156,0.113403,2.792409729446464,0,-1
user_4782,5,178200.0,126000.0,0.9709505915692787,0,1
user_4783,9,124200.0,3600.0,1.6577427207341087,0,1
user_4784,6,189360.0,68400.0,1.4591479126991596,1,1
user_4785,9,131400.0,18000.0,1.3516441108253072,0,1
user_4786,60,0.19931844067796614,0.107945,2.751607961494074,0,1
user_4787,5,198900.0,108000.0,0.7219280920019722,0,1
user_4788,9,129150.0,3600.0,2.197159716210674,0,1
user_4789,10,108800.0,7200.0,1.5709505886838886,0,1
user_479,8,128057.14285714286,10800.0,1.4056390579014812,0,1
user_4790,6,164880.0,97200.0,1.792481244589798,0,1
user_4791,9,115650.0,14400.0,2.419381936990201,0,1
user_4792,3,270000.0,244800.0,1.584962496393071,1,-1
user_4793,4,232800.0,194400.0,1.4999999956719148,0,1
user_4794,7,145800.0,32400.0,1.8423709874063285,1,1
user_4795,5,191700.0,97200.0,0.9709505915692787,0,1
user_4796,6,178560.0,50400.0,1.9182958282837093,1,1
user_4797,3,246600.0,219600.0,1.584962496393071,0,1
user_4798,6,167040.0,97200.0,1.9182958282837093,0,1
user_4799,1,86400.0,86400.0,0.0,0,1
user_48,5,182700.0,115200.0,1.3709505901265835,0,1
user_480,4,214800.0,144000.0,1.9999999942292197,0,1
user_4800,1,86400.0,86400.0,0.0,0,1
user_4801,9,111600.0,3600.0,1.3921472193364495,0,1
user_4802,2,295200.0,295200.0,0.99999999711461,0,-1
user_4803,47,0.19824986956521737,0.105021,2.6866577090278185,0,-1
user_4804,7,152400.0,64800.0,1.950212059143967,0,1
user_4805,10,118000.0,18000.0,2.1219280876738873,1,1
user_4806,22,0.19696738095238098,0.132587,2.5903672685946253,0,-1
user_4807,8,138342.85714285713,3600.0,1.9056390564587862,0,1
user_4808,41,0.199598525,0.125347,2.680760753478221,0,1
user_4809,7,125400.0,3600.0,1.8423709874063285,0,1
user_481,6,182880.0,97200.0,1.2516291630597378,0,1
user_4810,1,86400.0,86400.0,0.0,0,1
user_4811,8,130114.28571428571,36000.0,2.249999992786525,0,1
user_4812,6,162720.0,61200.0,1.4591479126991596,1,1
user_4813,9,117900.0,54000.0,1.9749374954311467,0,1
user_4814,6,168480.0,86400.0,1.4591479126991596,1,1
user_4815,8,139371.42857142858,39600.0,2.249999992786525,0,1
user_4816,8,132171.42857142858,7200.0,2.155639055016091,0,1
user_4817,6,172800.0,82800.0,1.9182958282837093,0,1
user_4818,4,220800.0,187200.0,1.4999999956719148,0,1
user_4819,7,159000.0,57600.0,1.8423709874063285,0,1
user_482,3,243000.0,216000.0,1.584962496393071,1,1
user_4820,42,0.19846221951219511,0.133935,2.761831558448617,0,-1
user_4821,3,226800.0,205200.0,1.584962496393071,0,1
user_4822,8,142457.14285714287,57600.0,1.8112781186883526,0,1
user_4823,7,148200.0,72000.0,1.950212059143967,0,1
user_4824,4,224400.0,194400.0,1.4999999956719148,1,1
user_4825,5,189900.0,144000.0,1.5219280905592771,0,1
user_4826,5,193500.0,108000.0,1.3709505901265835,0,1
user_4827,7,157800.0,79200.0,1.8423709874063285,0,1
user_4828,6,166320.0,122400.0,2.2516291601743474,0,1
user_4829,7,162000.0,82800.0,1.950212059143967,0,1
user_483,1,86400.0,86400.0,0.0,0,1
user_4830,5,200700.0,115200.0,1.3709505901265835,1,1
user_4831,5,197100.0,144000.0,0.9709505915692787,0,1
user_4832,9,128250.0,32400.0,1.8365916623381988,0,1
user_4833,10,124000.0,18000.0,2.24643933745754,0,1
user_4834,4,230400.0,183600.0,1.4999999956719148,0,1
user_4835,28,0.2027107037037037,0.120661,2.695947216288605,0,-1
user_4836,10,114000.0,7200.0,2.446439336014845,0,1
user_4837,61,0.1998776333333333,0.121868,2.7375119621362023,0,1
user_4838,6,185760.0,57600.0,1.4591479126991596,0,1
user_4839,1,86400.0,86400.0,0.0,0,1
user_484,1,86400.0,86400.0,0.0,0,1
user_4840,9,116550.0,10800.0,2.197159716210674,0,1
user_4841,8,132171.42857142858,14400.0,1.9056390564587862,0,1
user_4842,1,86400.0,86400.0,0.0,0,1
user_4843,7,146400.0,54000.0,1.8423709874063285,0,1
user_4844,44,0.20100955813953486,0.13559,2.6308548858357432,0,-1
user_4845,5,185400.0,158400.0,1.5219280905592771,0,1
user_4846,7,146400.0,50400.0,1.1488348499528316,0,1
user_4847,78,0.1988035194805195,0.112805,2.8000636574201385,0,-1
user_4848,3,214200.0,198000.0,0.9182958311690995,0,1
user_4849,4,212400.0,133200.0,1.4999999956719148,1,1
user_485,3,235800.0,230400.0,1.584962496393071,0,1
user_4850,4,200400.0,151200.0,1.4999999956719148,0,1
user_4851,8,135257.14285714287,50400.0,1.2987949363673135,0,1
user_4852,2,284400.0,284400.0,0.99999999711461,0,-1
user_4853,68,0.19923826865671643,0.109997,2.669374382217932,0,-1
user_4854,6,167760.0,97200.0,1.4591479126991596,1,1
user_4855,4,232800.0,165600.0,1.4999999956719148,0,1
user_4856,9,117900.0,3600.0,1.6577427207341087,0,1
user_4857,4,241200.0,176400.0,1.4999999956719148,0,1
user_4858,3,235800.0,205200.0,1.584962496393071,0,1
user_4859,4,229200.0,187200.0,0.8112781215737428,0,1
user_486,3,257400.0,241200.0,0.9182958311690995,0,1
user_4860,10,113200.0,21600.0,2.1709505872411934,1,1
user_4861,27,0.19890038461538465,0.118796,2.6891675842565537,0,1
user_4862,10,125600.0,25200.0,2.1709505872411934,0,1
user_4863,6,175680.0,86400.0,1.4591479126991596,0,1
user_4864,1,86400.0,86400.0,0.0,0,1
user_4865,5,208800.0,129600.0,1.3709505901265835,0,1
user_4866,1,86400.0,86400.0,0.0,0,1
user_4867,3,228600.0,223200.0,0.9182958311690995,0,1
user_4868,2,237600.0,237600.0,-1.4426951595367387e-09,1,-1
user_4869,8,151200.0,75600.0,1.74999999422922,0,1
user_487,5,183600.0,104400.0,1.3709505901265835,0,1
user_4870,4,184800.0,144000.0,1.4999999956719148,1,1
user_4871,47,0.19898939130434784,0.104429,2.666529547027814,0,-1
user_4872,5,180900.0,90000.0,1.3709505901265835,0,1
user_4873,5,189000.0,147600.0,1.3709505901265835,0,1
user_4874,2,255600.0,255600.0,0.99999999711461,0,1
user_4875,10,123600.0,7200.0,2.24643933745754,0,1
user_4876,9,109800.0,10800.0,2.058813883117726,0,1
user_4877,4,213600.0,154800.0,0.99999999711461,0,1
user_4878,7,154800.0,82800.0,1.8423709874063285,0,1
user_4879,3,244800.0,230400.0,0.9182958311690995,0,1
user_488,35,0.2008264117647059,0.128405,2.5609882807909377,0,-1
user_4880,7,131400.0,14400.0,1.3787834891580906,1,1
user_4881,9,129600.0,46800.0,2.1132833270813998,0,1
user_4882,10,123200.0,7200.0,2.1709505872411934,0,1
user_4883,10,122400.0,25200.0,2.1219280876738873,0,1
user_4884,4,200400.0,133200.0,0.8112781215737428,0,1
user_4885,9,131850.0,64800.0,1.8910611063018725,0,1
user_4886,4,206400.0,140400.0,0.8112781215737428,1,1
user_4887,2,259200.0,259200.0,-1.4426951595367387e-09,0,-1
user_4888,5,207000.0,122400.0,0.9709505915692787,0,1
user_4889,79,0.20042338461538464,0.112411,2.780843984540199,0,-1
user_489,6,188640.0,118800.0,1.9182958282837093,0,1
user_4890,6,183600.0,115200.0,1.4591479126991596,0,1
user_4891,75,0.19979308108108107,0.124165,2.736166021807776,0,-1
user_4892,71,0.2008201,0.114291,2.7764610200939153,0,-1
user_4893,9,110700.0,3600.0,2.5032583261194756,0,1
user_4894,1,86400.0,86400.0,0.0,0,1
user_4895,5,186300.0,147600.0,1.3709505901265835,0,1
user_4896,8,127028.57142857143,21600.0,0.8112781215737428,0,1
user_4897,8,142971.42857142858,39600.0,1.74999999422922,0,1
user_4898,4,230400.0,158400.0,1.4999999956719148,0,1
user_4899,2,284400.0,284400.0,-1.4426951595367387e-09,0,-1
user_49,10,126800.0,25200.0,2.446439336014845,0,1
user_490,10,120000.0,7200.0,2.1219280876738873,0,1
user_4900,9,119250.0,32400.0,1.3921472193364495,0,1
user_4901,43,0.19877911904761905,0.120744,2.7676653270497056,0,1
user_4902,6,174240.0,108000.0,2.2516291601743474,0,1
user_4903,10,124000.0,21600.0,1.360964043115596,0,1
user_4904,1,86400.0,86400.0,0.0,0,1
user_4905,42,0.2017909024390244,0.113171,2.7370068538067573,0,-1
user_4906,38,0.20026143243243244,0.109771,2.6609863842974004,0,1
user_4907,5,189900.0,136800.0,1.5219280905592771,0,1
user_4908,10,104800.0,10800.0,1.8464393389002354,0,1
user_4909,9,131400.0,36000.0,1.8365916623381988,0,1
user_491,1,86400.0,86400.0,0.0,0,1
user_4910,10,120800.0,3600.0,1.5709505886838886,0,1
user_4911,3,219600.0,190800.0,0.9182958311690995,0,1
user_4912,8,148628.57142857142,32400.0,1.2987949363673135,0,1
user_4913,8,132171.42857142858,10800.0,1.2987949363673135,0,1
user_4914,8,138857.14285714287,21600.0,2.155639055016091,0,1
user_4915,58,0.1997125789473684,0.120355,2.704977282379357,0,1
user_4916,7,157200.0,72000.0,1.5566567031347378,0,1
user_4917,6,174240.0,93600.0,1.4591479126991596,0,1
user_4918,8,132171.42857142858,28800.0,1.2987949363673135,0,1
user_4919,5,196200.0,136800.0,1.3709505901265835,0,1
user_492,7,151800.0,28800.0,2.2359263434155574,0,1
user_4920,78,0.19987351948051948,0.121503,2.739348478289961,0,-1
user_4921,8,157371.42857142858,57600.0,2.249999992786525,0,1
user_4922,1,86400.0,86400.0,0.0,0,1
user_4923,9,126450.0,21600.0,1.446616661857428,0,1
user_4924,3,230400.0,198000.0,0.9182958311690995,0,1
user_4925,10,108800.0,18000.0,1.1567796451189545,0,1
user_4926,4,230400.0,194400.0,0.8112781215737428,0,1
user_4927,10,98800.0,7200.0,1.8954618384675417,0,1
user_4928,6,173520.0,61200.0,1.792481244589798,0,1
user_4929,3,259200.0,255600.0,0.9182958311690995,0,1
user_493,7,149400.0,28800.0,1.8423709874063285,0,1
user_4930,33,0.19948806249999998,0.118239,2.702662674112814,0,1
user_4931,8,140400.0,3600.0,2.155639055016091,0,1
user_4932,2,262800.0,262800.0,-1.4426951595367387e-09,0,-1
user_4933,10,114000.0,39600.0,2.0464393374575405,0,1
user_4934,5,215100.0,97200.0,1.5219280905592771,0,1
user_4935,5,220500.0,158400.0,1.5219280905592771,0,1
user_4936,8,123942.85714285714,7200.0,1.9999999927865248,0,1
user_4937,9,117000.0,32400.0,2.1132833270813998,1,1
user_4938,1,86400.0,86400.0,0.0,0,1
user_4939,8,148114.2857142857,36000.0,1.9056390564587862,1,1
user_494,4,236400.0,194400.0,1.4999999956719148,0,1
user_4940,7,157800.0,64800.0,1.8423709874063285,0,1
user_4941,25,0.19942829166666667,0.147923,2.7103083225703646,0,-1
user_4942,1,86400.0,86400.0,0.0,0,1
user_4943,8,141428.57142857142,3600.0,1.4056390579014812,0,1
user_4944,5,198000.0,115200.0,1.5219280905592771,0,1
user_4945,5,174600.0,111600.0,0.9709505915692787,0,1
user_4946,3,219600.0,198000.0,0.9182958311690995,0,1
user_4947,7,139200.0,46800.0,0.5916727756969373,0,1
user_4948,8,129600.0,7200.0,1.9999999927865248,0,1
user_4949,51,0.19985735999999996,0.103805,2.745874208714823,0,1
user_495,9,128250.0,3600.0,1.7527152732089246,0,1
user_4950,8,134228.57142857142,21600.0,1.9056390564587862,0,1
user_4951,57,0.20050153571428572,0.11896,2.7184535410220474,0,1
user_4952,72,0.19937681690140846,0.108441,2.7746547065378535,0,-1
user_4953,4,204000.0,140400.0,1.9999999942292197,0,1
user_4954,4,205200.0,172800.0,1.9999999942292197,0,1
user_4955,4,219600.0,201600.0,0.99999999711461,0,1
user_4956,63,0.2001053870967742,0.113755,2.6966889963200797,0,1
user_4957,8,141428.57142857142,43200.0,1.4999999956719148,0,1
user_4958,8,115714.28571428571,3600.0,1.5612781201310477,0,1
user_4959,6,182160.0,108000.0,1.792481244589798,0,1
user_496,1,86400.0,86400.0,0.0,1,1
user_4960,9,126900.0,36000.0,2.5032583261194756,0,1
user_4961,10,128000.0,10800.0,1.360964043115596,0,1
user_4962,8,133714.2857142857,28800.0,1.9056390564587862,0,1
user_4963,9,124200.0,21600.0,1.7527152732089246,0,1
user_4964,7,163200.0,57600.0,2.128085271677919,0,1
user_4965,2,244800.0,244800.0,0.99999999711461,0,1
user_4966,2,273600.0,273600.0,0.99999999711461,0,1
user_4967,5,202500.0,115200.0,1.3709505901265835,0,1
user_4968,4,208800.0,169200.0,1.4999999956719148,1,1
user_4969,7,150000.0,50400.0,1.664497773429681,0,1
user_497,5,199800.0,93600.0,2.321928087673887,1,1
user_4970,8,135771.42857142858,46800.0,1.4056390579014812,0,1
user_4971,9,133200.0,21600.0,1.7527152732089246,1,1
user_4972,10,124400.0,7200.0,1.8464393389002354,0,1
user_4973,7,149400.0,46800.0,1.950212059143967,0,1
user_4974,3,241200.0,230400.0,0.9182958311690995,1,1
user_4975,2,255600.0,255600.0,0.99999999711461,0,1
user_4976,8,139371.42857142858,14400.0,1.2987949363673135,1,1
user_4977,10,109600.0,14400.0,1.6854752914565543,0,1
user_4978,36,0.1991985142857143,0.110713,2.725111978333868,0,1
user_4979,1,86400.0,86400.0,0.0,0,1
user_498,9,123750.0,3600.0,1.8365916623381988,0,1
user_4980,9,143550.0,57600.0,1.4355204999545814,0,1
user_4981,7,136200.0,7200.0,2.2359263434155574,0,1
user_4982,33,0.20079184375,0.109197,2.6594479151917803,0,1
user_4983,8,138342.85714285713,10800.0,2.155639055016091,0,1
user_4984,4,194400.0,140400.0,0.99999999711461,0,1
user_4985,1,86400.0,86400.0,0.0,0,1
user_4986,61,0.20078561666666667,0.125998,2.716640538879878,0,-1
user_4987,10,116400.0,25200.0,1.5709505886838886,0,1
user_4988,6,169200.0,54000.0,0.99999999711461,0,1
user_4989,10,115600.0,7200.0,1.4854752928992492,1,1
user_499,2,280800.0,280800.0,-1.4426951595367387e-09,0,-1
user_4990,2,288000.0,288000.0,0.99999999711461,0,-1
user_4991,4,228000.0,194400.0,0.8112781215737428,0,1
user_4992,4,199200.0,144000.0,1.4999999956719148,0,1
user_4993,4,212400.0,194400.0,0.8112781215737428,0,1
user_4994,3,230400.0,219600.0,1.584962496393071,0,1
user_4995,2,230400.0,230400.0,0.99999999711461,0,1
user_4996,8,141428.57142857142,46800.0,1.9999999927865248,0,1
user_4997,3,239400.0,223200.0,1.584962496393071,0,1
user_4998,7,142200.0,28800.0,1.664497773429681,0,1
user_4999,1,86400.0,86400.0,0.0,0,1
user_5,6,183600.0,86400.0,0.99999999711461,0,1
user_50,3,199800.0,176400.0,1.584962496393071,0,1
user_500,1,86400.0,86400.0,0.0,0,1
user_5000,35,0.20215073529411764,0.119373,2.731221309934754,0,-1
user_5001,7,142800.0,14400.0,2.2359263434155574,0,1
user_5002,8,135257.14285714287,46800.0,2.155639055016091,0,1
user_5003,79,0.20021971794871793,0.120861,2.7875217787021547,0,-1
user_5004,5,200700.0,147600.0,0.9709505915692787,0,1
user_5005,1,86400.0,86400.0,0.0,0,1
user_5006,7,150000.0,14400.0,1.3787834891580906,0,1
user_5007,3,239400.0,187200.0,1.584962496393071,0,1
user_5008,1,86400.0,86400.0,0.0,0,1
user_5009,1,86400.0,86400.0,0.0,0,1
user_501,3,230400.0,216000.0,1.584962496393071,0,1
user_5010,7,177000.0,64800.0,0.9852281331488615,0,1
user_5011,8,124971.42857142857,21600.0,1.74999999422922,0,1
user_5012,10,119600.0,21600.0,2.446439336014845,0,1
user_5013,5,193500.0,108000.0,1.5219280905592771,0,1
user_5014,5,209700.0,133200.0,0.9709505915692787,0,1
user_5015,10,129200.0,43200.0,2.1219280876738873,0,1
user_5016,62,0.20006301639344262,0.117419,2.6740352489628236,0,1
user_5017,3,248400.0,237600.0,0.9182958311690995,0,1
user_5018,2,244800.0,244800.0,-1.4426951595367387e-09,0,-1
user_5019,5,204300.0,147600.0,0.9709505915692787,0,1
user_502,2,223200.0,223200.0,0.99999999711461,0,1
user_5020,2,226800.0,226800.0,0.99999999711461,0,1
user_5021,10,104000.0,3600.0,1.7219280891165822,1,1
user_5022,6,169200.0,100800.0,1.4591479126991596,0,1
user_5023,54,0.20004492452830192,0.113488,2.5872657352005124,0,-1
user_5024,9,130500.0,10800.0,2.197159716210674,0,1
user_5025,10,114800.0,25200.0,1.960964040230206,0,1
user_5026,7,156000.0,36000.0,1.3787834891580906,0,1
user_5027,10,117600.0,36000.0,2.24643933745754,0,1
user_5028,3,257400.0,226800.0,0.9182958311690995,0,1
user_5029,5,194400.0,133200.0,2.321928087673887,0,1
user_503,8,128571.42857142857,10800.0,0.5435644403142064,0,1
user_5030,3,262800.0,234000.0,0.9182958311690995,0,1
user_5031,5,174600.0,100800.0,0.7219280920019722,0,1
user_5032,2,223200.0,223200.0,0.99999999711461,0,1
user_5033,3,228600.0,201600.0,0.9182958311690995,0,1
user_5034,7,156000.0,57600.0,2.2359263434155574,0,1
user_5035,5,191700.0,122400.0,2.321928087673887,0,1
user_5036,4,212400.0,133200.0,1.4999999956719148,0,1
user_5037,9,135450.0,18000.0,1.3516441108253072,0,1
user_5038,74,0.19919465753424653,0.109473,2.7713081213682305,0,-1
user_5039,61,0.19896648333333333,0.110806,2.7526337408444426,0,1
user_504,6,174960.0,97200.0,1.792481244589798,0,1
user_5040,6,179280.0,93600.0,1.4591479126991596,0,1
user_5041,3,226800.0,216000.0,0.9182958311690995,0,1
user_5042,8,137314.2857142857,21600.0,2.249999992786525,0,1
user_5043,9,126900.0,7200.0,1.9749374954311467,1,1
user_5044,1,86400.0,86400.0,0.0,0,1
user_5045,2,244800.0,244800.0,0.99999999711461,0,1
user_5046,3,244800.0,226800.0,0.9182958311690995,1,1
user_5047,2,270000.0,270000.0,0.99999999711461,0,1
user_5048,6,176400.0,86400.0,2.2516291601743474,0,1
user_5049,6,182880.0,79200.0,1.792481244589798,0,1
user_505,4,201600.0,172800.0,1.4999999956719148,0,1
user_5050,72,0.19985053521126758,0.119977,2.726613705909959,0,-1
user_5051,3,248400.0,237600.0,1.584962496393071,0,1
user_5052,3,203400.0,180000.0,1.584962496393071,0,1
user_5053,9,131400.0,32400.0,1.224394441077901,0,1
user_5054,8,135257.14285714287,75600.0,2.249999992786525,0,1
user_5055,9,115650.0,7200.0,1.8365916623381988,0,1
user_5056,4,229200.0,194400.0,1.4999999956719148,0,1
user_5057,4,237600.0,201600.0,1.4999999956719148,0,1
user_5058,6,173520.0,46800.0,1.4591479126991596,0,1
user_5059,1,86400.0,86400.0,0.0,0,1
user_506,5,181800.0,104400.0,1.9219280891165822,0,1
user_5060,9,132750.0,61200.0,0.9910760569528321,0,1
user_5061,79,0.1998146282051282,0.108045,2.7452805356743424,0,-1
user_5062,10,118400.0,14400.0,2.1219280876738873,1,1
user_5063,8,119314.28571428571,14400.0,2.249999992786525,0,1
user_5064,2,259200.0,259200.0,0.99999999711461,0,1
user_5065,3,234000.0,234000.0,0.9182958311690995,0,1
user_5066,5,187200.0,129600.0,0.7219280920019722,0,1
user_5067,41,0.19930522500000003,0.123637,2.696342327182527,0,1
user_5068,3,248400.0,241200.0,0.9182958311690995,0,1
user_5069,7,149400.0,36000.0,1.8423709874063285,0,1
user_507,9,128700.0,25200.0,1.584962496393071,0,1
user_5070,7,139200.0,7200.0,1.3787834891580906,0,1
user_5071,4,201600.0,144000.0,1.4999999956719148,0,1
user_5072,2,230400.0,230400.0,0.99999999711461,0,1
user_5073,5,216900.0,147600.0,1.5219280905592771,0,1
user_5074,4,218400.0,140400.0,1.4999999956719148,0,1
user_5075,10,120800.0,39600.0,2.0464393374575405,0,1
user_5076,6,175680.0,111600.0,1.9182958282837093,0,1
user_5077,2,226800.0,226800.0,0.99999999711461,0,1
user_5078,10,106000.0,3600.0,2.24643933745754,0,1
user_5079,9,131850.0,64800.0,0.9910760569528321,0,1
user_508,22,0.20253547619047618,0.118942,2.699019974302043,0,-1
user_5080,8,128571.42857142857,3600.0,2.49999999134383,0,1
user_5081,9,135450.0,25200.0,2.7254805468990027,0,1
user_5082,9,111600.0,32400.0,2.197159716210674,0,1
user_5083,4,231600.0,190800.0,1.4999999956719148,0,1
user_5084,7,163800.0,36000.0,1.8423709874063285,0,1
user_5085,73,0.20034170833333334,0.107471,2.7488791976084945,0,-1
user_5086,8,121885.71428571429,7200.0,1.8112781186883526,0,1
user_5087,8,123428.57142857143,7200.0,1.5487949349246184,0,1
user_5088,10,114800.0,25200.0,2.1709505872411934,0,1
user_5089,5,180000.0,100800.0,0.9709505915692787,0,1
user_509,4,207600.0,136800.0,1.4999999956719148,0,1
user_5090,1,86400.0,86400.0,0.0,0,1
user_5091,66,0.2004881230769231,0.113071,2.7479248341122755,0,1
user_5092,2,244800.0,244800.0,0.99999999711461,0,1
user_5093,5,185400.0,108000.0,1.9219280891165822,0,1
user_5094,8,128571.42857142857,36000.0,1.2987949363673135,0,1
user_5095,8,131657.14285714287,21600.0,1.74999999422922,1,1
user_5096,59,0.19963562068965518,0.107544,2.7127882490571604,0,1
user_5097,6,167040.0,61200.0,1.4591479126991596,0,1
user_5098,8,155828.57142857142,75600.0,0.9544340000395749,0,1
user_5099,5,174600.0,140400.0,1.9219280891165822,0,1
user_51,7,145200.0,75600.0,1.8423709874063285,1,1
user_510,3,216000.0,187200.0,1.584962496393071,0,1
user_5100,5,202500.0,108000.0,0.9709505915692787,0,1
user_5101,1,86400.0,86400.0,0.0,1,1
user_5102,10,117200.0,46800.0,1.4854752928992492,0,1
user_5103,9,112950.0,7200.0,1.879964941513636,1,1
user_5104,5,210600.0,151200.0,1.9219280891165822,0,1
user_5105,6,161280.0,90000.0,1.4591479126991596,1,1
user_5106,1,86400.0,86400.0,0.0,0,1
user_5107,72,0.19996007042253527,0.132368,2.6955023903878,0,-1
user_5108,2,219600.0,219600.0,0.99999999711461,0,1
user_5109,4,211200.0,180000.0,1.4999999956719148,0,1
user_511,6,165600.0,79200.0,1.2516291630597378,0,1
user_5110,9,135900.0,10800.0,1.7527152732089246,0,1
user_5111,37,0.19906447222222223,0.116733,2.733158519238689,0,1
user_5112,7,150600.0,21600.0,2.128085271677919,0,1
user_5113,8,131657.14285714287,64800.0,2.4056390535733962,1,1
user_5114,4,212400.0,136800.0,1.4999999956719148,1,1
user_5115,8,147600.0,61200.0,2.155639055016091,0,1
user_5116,6,176400.0,46800.0,1.9182958282837093,0,1
user_5117,10,114400.0,7200.0,1.1567796451189545,0,1
user_5118,5,170100.0,104400.0,1.3709505901265835,0,1
user_5119,10,125200.0,25200.0,1.360964043115596,0,1
user_512,7,144600.0,82800.0,1.8423709874063285,1,1
user_5120,9,128700.0,43200.0,2.419381936990201,0,1
user_5121,10,125200.0,18000.0,2.1219280876738873,1,1
user_5122,4,201600.0,147600.0,1.4999999956719148,0,1
user_5123,9,123300.0,18000.0,2.5032583261194756,1,1
user_5124,3,257400.0,252000.0,1.584962496393071,1,-1
user_5125,3,239400.0,212400.0,1.584962496393071,0,1
user_5126,10,118800.0,25200.0,2.321928086231192,0,1
user_5127,6,184320.0,108000.0,1.4591479126991596,1,1
user_5128,9,128700.0,25200.0,2.197159716210674,1,1
user_5129,6,187200.0,115200.0,1.4591479126991596,0,1
user_513,6,154080.0,68400.0,1.9182958282837093,0,1
user_5130,2,262800.0,262800.0,-1.4426951595367387e-09,0,-1
user_5131,4,242400.0,205200.0,1.4999999956719148,0,1
user_5132,7,153600.0,43200.0,2.128085271677919,0,1
user_5133,10,109200.0,18000.0,1.6854752914565543,0,1
user_5134,4,231600.0,205200.0,1.4999999956719148,0,1
user_5135,3,212400.0,176400.0,0.9182958311690995,0,1
user_5136,5,193500.0,108000.0,0.7219280920019722,1,1
user_5137,7,137400.0,54000.0,2.2359263434155574,0,1
user_5138,48,0.20041734042553191,0.122203,2.7629184925722674,0,1
user_5139,63,0.2006817580645161,0.108199,2.744319728184886,0,-1
user_514,26,0.19895744,0.130682,2.7353018645883487,0,-1
user_5140,7,152400.0,54000.0,1.5566567031347378,0,1
user_5141,3,232200.0,230400.0,0.9182958311690995,0,1
user_5142,3,262800.0,230400.0,0.9182958311690995,1,1
user_5143,46,0.20050619999999997,0.128387,2.751823774515375,0,1
user_5144,2,295200.0,295200.0,0.99999999711461,0,-1
user_5145,7,151800.0,72000.0,2.2359263434155574,0,1
user_5146,2,219600.0,219600.0,0.99999999711461,0,1
user_5147,43,0.20117666666666667,0.108926,2.675615187048925,0,1
user_5148,9,137250.0,18000.0,1.8910611063018725,0,1
user_5149,4,212400.0,158400.0,0.99999999711461,0,1
user_515,7,150000.0,46800.0,2.128085271677919,0,1
user_5150,5,207900.0,147600.0,1.5219280905592771,0,1
user_5151,9,133650.0,7200.0,0.9910760569528321,0,1
user_5152,10,122400.0,39600.0,1.8464393389002354,0,1
user_5153,47,0.20029219565217393,0.106742,2.6859793152345754,0,1
user_5154,8,120342.85714285714,10800.0,1.4056390579014812,0,1
user_5155,61,0.2011023,0.115126,2.6772703700070055,0,-1
user_5156,6,180000.0,100800.0,1.4591479126991596,0,1
user_5157,6,184320.0,86400.0,1.4591479126991596,0,1
user_5158,5,203400.0,108000.0,1.5219280905592771,0,1
user_5159,6,180720.0,104400.0,0.9182958311690995,0,1
user_516,6,174960.0,82800.0,1.584962496393071,0,1
user_5160,3,228600.0,223200.0,0.9182958311690995,0,1
user_5161,8,124971.42857142857,18000.0,2.49999999134383,0,1
user_5162,5,186300.0,90000.0,0.7219280920019722,0,1
user_5163,7,151200.0,7200.0,1.4488156313970995,0,1
user_5164,3,212400.0,183600.0,1.584962496393071,0,1
user_5165,3,241200.0,234000.0,0.9182958311690995,0,1
user_5166,9,133200.0,39600.0,2.1132833270813998,0,1
user_5167,9,131400.0,18000.0,1.7527152732089246,0,1
user_5168,60,0.1992751186440678,0.113358,2.7763176083617913,0,1
user_5169,47,0.2011869347826087,0.114983,2.758900619161772,0,1
user_517,4,226800.0,144000.0,0.8112781215737428,0,1
user_5170,7,130200.0,36000.0,1.950212059143967,0,1
user_5171,9,126000.0,18000.0,2.197159716210674,0,1
user_5172,9,132750.0,54000.0,1.3921472193364495,0,1
user_5173,10,108000.0,21600.0,1.5219280905592771,0,1
user_5174,9,131400.0,28800.0,2.058813883117726,1,1
user_5175,7,138000.0,64800.0,1.3787834891580906,0,1
user_5176,10,100000.0,3600.0,1.760964041672901,0,1
user_5177,1,86400.0,86400.0,0.0,0,1
user_5178,2,291600.0,291600.0,0.99999999711461,0,-1
user_5179,5,211500.0,133200.0,1.3709505901265835,0,1
user_518,9,117450.0,3600.0,1.4355204999545814,0,1
user_5180,23,0.20155868181818182,0.118935,2.5120548819012596,0,-1
user_5181,9,127350.0,25200.0,1.7527152732089246,0,1
user_5182,4,231600.0,194400.0,0.8112781215737428,0,1
user_5183,37,0.20120597222222222,0.128287,2.705961720851958,0,1
user_5184,10,109600.0,10800.0,2.24643933745754,1,1
user_5185,1,86400.0,86400.0,0.0,0,1
user_5186,3,243000.0,187200.0,0.9182958311690995,0,1
user_5187,5,209700.0,111600.0,1.9219280891165822,0,1
user_5188,52,0.19996750980392156,0.112912,2.7332779064390684,0,1
user_5189,5,193500.0,129600.0,1.5219280905592771,0,1
user_519,4,213600.0,190800.0,0.8112781215737428,0,1
user_5190,5,179100.0,111600.0,1.9219280891165822,0,1
user_5191,4,205200.0,190800.0,1.4999999956719148,0,1
user_5192,2,266400.0,266400.0,0.99999999711461,0,1
user_5193,9,110700.0,7200.0,1.7527152732089246,0,1
user_5194,4,246000.0,198000.0,1.4999999956719148,0,1
user_5195,6,187920.0,100800.0,0.9182958311690995,0,1
user_5196,2,244800.0,244800.0,-1.4426951595367387e-09,0,-1
user_5197,9,130500.0,18000.0,1.8365916623381988,0,1
user_5198,71,0.1998059714285714,0.120166,2.742671622212871,0,-1
user_5199,1,86400.0,86400.0,0.0,0,1
user_52,8,127542.85714285714,10800.0,1.5487949349246184,0,1
user_520,35,0.2028320294117647,0.112888,2.733612394504264,0,-1
user_5200,8,127028.57142857143,28800.0,1.74999999422922,0,1
user_5201,1,86400.0,86400.0,0.0,0,1
user_5202,7,145200.0,50400.0,2.521640627687148,0,1
user_5203,3,198000.0,176400.0,1.584962496393071,0,1
user_5204,8,144514.2857142857,21600.0,1.74999999422922,0,1
user_5205,7,174600.0,61200.0,1.664497773429681,0,1
user_5206,10,101200.0,7200.0,2.0464393374575405,0,1
user_5207,6,185760.0,126000.0,1.792481244589798,0,1
user_5208,1,86400.0,86400.0,0.0,0,1
user_5209,2,262800.0,262800.0,0.99999999711461,0,1
user_521,9,114300.0,10800.0,1.879964941513636,0,1
user_5210,1,86400.0,86400.0,0.0,0,1
user_5211,5,201600.0,122400.0,1.5219280905592771,0,1
user_5212,1,86400.0,86400.0,0.0,0,1
user_5213,60,0.2005319152542373,0.123936,2.696923484866458,0,1
user_5214,7,166200.0,75600.0,1.4488156313970995,1,1
user_5215,10,114800.0,21600.0,1.1567796451189545,0,1
user_5216,7,150000.0,64800.0,1.664497773429681,0,1
user_5217,3,237600.0,237600.0,0.9182958311690995,0,1
user_5218,8,143485.7142857143,21600.0,1.9999999927865248,0,1
user_5219,2,241200.0,241200.0,0.99999999711461,0,1
user_522,7,150000.0,25200.0,1.3787834891580906,0,1
user_5220,10,114000.0,18000.0,2.521928086231192,0,1
user_5221,10,119200.0,64800.0,2.321928086231192,0,1
user_5222,2,295200.0,295200.0,-1.4426951595367387e-09,0,-1
user_5223,6,189360.0,68400.0,1.792481244589798,0,1
user_5224,10,131600.0,57600.0,2.1709505872411934,0,1
user_5225,1,86400.0,86400.0,0.0,0,1
user_5226,4,237600.0,169200.0,0.8112781215737428,0,1
user_5227,4,213600.0,176400.0,0.8112781215737428,0,1
user_5228,5,180000.0,115200.0,0.7219280920019722,0,1
user_5229,4,204000.0,176400.0,1.9999999942292197,0,1
user_523,1,86400.0,86400.0,0.0,0,1
user_5230,9,105300.0,7200.0,1.8365916623381988,0,1
user_5231,10,119200.0,32400.0,2.1219280876738873,0,1
user_5232,1,86400.0,86400.0,0.0,0,1
user_5233,2,259200.0,259200.0,0.99999999711461,0,1
user_5234,7,154200.0,64800.0,2.128085271677919,1,1
user_5235,3,225000.0,180000.0,0.9182958311690995,0,1
user_5236,10,106000.0,3600.0,1.5709505886838886,1,1
user_5237,10,119200.0,28800.0,2.446439336014845,0,1
user_5238,65,0.1997505,0.118733,2.7645326414323295,0,1
user_5239,2,248400.0,248400.0,0.99999999711461,1,1
user_524,8,147085.7142857143,7200.0,1.8112781186883526,0,1
user_5240,10,113600.0,14400.0,0.99999999711461,0,1
user_5241,8,123428.57142857143,3600.0,2.155639055016091,0,1
user_5242,9,130500.0,28800.0,1.224394441077901,0,1
user_5243,7,151800.0,18000.0,1.3787834891580906,0,1
user_5244,10,113600.0,14400.0,1.8954618384675417,0,1
user_5245,7,141000.0,28800.0,0.9852281331488615,1,1
user_5246,3,268200.0,241200.0,0.9182958311690995,0,1
user_5247,3,232200.0,216000.0,0.9182958311690995,0,1
user_5248,9,121500.0,14400.0,2.5032583261194756,0,1
user_5249,4,246000.0,194400.0,1.4999999956719148,0,1
user_525,64,0.1998906349206349,0.105503,2.725594077232291,0,-1
user_5250,8,135771.42857142858,46800.0,1.74999999422922,0,1
user_5251,6,193680.0,90000.0,0.9182958311690995,1,1
user_5252,9,135000.0,28800.0,1.3921472193364495,1,1
user_5253,10,124400.0,54000.0,2.0464393374575405,0,1
user_5254,2,241200.0,241200.0,0.99999999711461,0,1
user_5255,5,197100.0,97200.0,0.7219280920019722,0,1
user_5256,5,190800.0,133200.0,1.5219280905592771,0,1
user_5257,4,211200.0,151200.0,1.4999999956719148,0,1
user_5258,7,167400.0,68400.0,1.5566567031347378,0,1
user_5259,6,181440.0,68400.0,1.4591479126991596,0,1
user_526,10,104400.0,14400.0,2.446439336014845,0,1
user_5260,33,0.20096596875,0.121726,2.589256230209471,0,1
user_5261,9,128250.0,18000.0,1.7527152732089246,0,1
user_5262,7,152400.0,79200.0,1.8423709874063285,0,1
user_5263,8,136800.0,18000.0,2.155639055016091,0,1
user_5264,5,189000.0,126000.0,1.5219280905592771,0,1
user_5265,10,120000.0,10800.0,2.0464393374575405,0,1
user_5266,8,130114.28571428571,50400.0,2.155639055016091,1,1
user_5267,5,184500.0,133200.0,0.9709505915692787,0,1
user_5268,5,203400.0,104400.0,1.3709505901265835,0,1
user_5269,2,288000.0,288000.0,0.99999999711461,0,-1
user_527,9,125550.0,7200.0,0.9910760569528321,0,1
user_5270,7,156000.0,57600.0,0.5916727756969373,0,1
user_5271,6,175680.0,90000.0,1.584962496393071,0,1
user_5272,59,0.19909977586206898,0.113602,2.774166930512846,0,1
user_5273,4,219600.0,187200.0,0.8112781215737428,0,1
user_5274,1,86400.0,86400.0,0.0,0,1
user_5275,4,192000.0,176400.0,1.9999999942292197,0,1
user_5276,9,110700.0,18000.0,1.4355204999545814,0,1
user_5277,1,86400.0,86400.0,0.0,0,1
user_5278,2,244800.0,244800.0,0.99999999711461,0,1
user_5279,64,0.19904250793650796,0.113357,2.715255006400634,0,-1
user_528,9,132300.0,14400.0,1.7527152732089246,0,1
user_5280,58,0.20084715789473684,0.116032,2.723228877525094,0,1
user_5281,8,121371.42857142857,3600.0,1.5612781201310477,0,1
user_5282,8,130114.28571428571,50400.0,1.8112781186883526,0,1
user_5283,4,236400.0,208800.0,1.4999999956719148,0,1
user_5284,8,125485.71428571429,21600.0,2.155639055016091,0,1
user_5285,5,196200.0,111600.0,1.9219280891165822,0,1
user_5286,10,112000.0,39600.0,2.0464393374575405,0,1
user_5287,9,132300.0,32400.0,1.7527152732089246,0,1
user_5288,4,211200.0,154800.0,0.8112781215737428,0,1
user_5289,4,230400.0,180000.0,0.8112781215737428,0,1
user_529,9,125100.0,18000.0,2.197159716210674,0,1
user_5290,6,170640.0,86400.0,1.4591479126991596,0,1
user_5291,4,208800.0,133200.0,0.8112781215737428,0,1
user_5292,3,199800.0,176400.0,1.584962496393071,0,1
user_5293,6,164160.0,50400.0,1.792481244589798,0,1
user_5294,8,125485.71428571429,25200.0,2.49999999134383,0,1
user_5295,3,237600.0,234000.0,0.9182958311690995,0,1
user_5296,33,0.19736478125,0.118082,2.676546670246933,0,-1
user_5297,5,212400.0,126000.0,1.3709505901265835,0,1
user_5298,8,136285.7142857143,43200.0,2.155639055016091,0,1
user_5299,8,138342.85714285713,7200.0,1.8112781186883526,1,1
user_53,48,0.1989706595744681,0.111854,2.7611749934070002,0,1
user_530,3,244800.0,241200.0,1.584962496393071,0,1
user_5300,8,154285.7142857143,75600.0,1.74999999422922,1,1
user_5301,3,203400.0,180000.0,0.9182958311690995,0,1
user_5302,3,239400.0,237600.0,1.584962496393071,0,1
user_5303,2,266400.0,266400.0,0.99999999711461,1,1
user_5304,63,0.19949312903225802,0.122118,2.7282217971531213,0,1
user_5305,2,223200.0,223200.0,0.99999999711461,0,1
user_5306,3,235800.0,226800.0,0.9182958311690995,0,1
user_5307,8,129085.71428571429,32400.0,1.74999999422922,0,1
user_5308,5,184500.0,133200.0,1.9219280891165822,1,1
user_5309,4,198000.0,165600.0,1.4999999956719148,1,1
user_531,8,126514.28571428571,25200.0,2.155639055016091,0,1
user_5310,62,0.200881868852459,0.116439,2.7767774409292363,0,-1
user_5311,4,188400.0,133200.0,0.8112781215737428,0,1
user_5312,4,204000.0,162000.0,0.99999999711461,0,1
user_5313,54,0.20050250943396225,0.105243,2.745046571322654,0,1
user_5314,44,0.2020197209302326,0.132479,2.5932240190280975,0,-1
user_5315,5,183600.0,122400.0,1.9219280891165822,0,1
user_5316,6,186480.0,64800.0,1.4591479126991596,0,1
user_5317,8,143485.7142857143,50400.0,1.9056390564587862,0,1
user_5318,1,86400.0,86400.0,0.0,0,1
user_5319,8,146057.14285714287,43200.0,1.74999999422922,0,1
user_532,9,125550.0,28800.0,1.5304930524293974,0,1
user_5320,8,151714.2857142857,21600.0,1.8112781186883526,1,1
user_5321,10,103600.0,10800.0,1.7709505872411937,0,1
user_5322,10,105600.0,10800.0,2.1219280876738873,0,1
user_5323,3,243000.0,230400.0,1.584962496393071,0,1
user_5324,8,157885.7142857143,28800.0,0.99999999711461,0,1
user_5325,26,0.19931404,0.11326,2.6902603808695194,0,1
user_5326,8,133714.2857142857,50400.0,2.249999992786525,0,1
user_5327,5,202500.0,93600.0,1.9219280891165822,0,1
user_5328,3,234000.0,223200.0,0.9182958311690995,0,1
user_5329,3,259200.0,223200.0,-1.4426951595367387e-09,0,-1
user_533,1,86400.0,86400.0,0.0,0,1
user_5330,7,174600.0,79200.0,1.5566567031347378,1,1
user_5331,8,132171.42857142858,57600.0,1.74999999422922,0,1
user_5332,5,194400.0,165600.0,1.3709505901265835,0,1
user_5333,3,207000.0,194400.0,0.9182958311690995,0,1
user_5334,4,200400.0,169200.0,1.4999999956719148,0,1
user_5335,3,217800.0,205200.0,1.584962496393071,0,1
user_5336,3,235800.0,187200.0,1.584962496393071,0,1
user_5337,5,188100.0,90000.0,1.5219280905592771,0,1
user_5338,6,169920.0,61200.0,1.584962496393071,0,1
user_5339,8,135771.42857142858,10800.0,1.9999999942292197,0,1
user_534,26,0.20135683999999998,0.107528,2.4062573814366672,0,-1
user_5340,10,120400.0,39600.0,1.6854752914565543,0,1
user_5341,7,147000.0,46800.0,1.4488156313970995,1,1
user_5342,4,193200.0,151200.0,1.4999999956719148,0,1
user_5343,6,167760.0,108000.0,1.792481244589798,0,1
user_5344,67,0.1996417878787879,0.118581,2.7832690401470717,0,1
user_5345,1,86400.0,86400.0,0.0,0,1
user_5346,9,128250.0,28800.0,2.197159716210674,0,1
user_5347,5,199800.0,154800.0,1.3709505901265835,1,1
user_5348,5,209700.0,136800.0,1.3709505901265835,0,1
user_5349,4,240000.0,208800.0,1.4999999956719148,0,1
user_535,3,235800.0,205200.0,0.9182958311690995,0,1
user_5350,4,213600.0,154800.0,1.4999999956719148,0,1
user_5351,6,158400.0,68400.0,1.4591479126991596,0,1
user_5352,57,0.2008987142857143,0.12087,2.7262322650008195,0,1
user_5353,1,86400.0,86400.0,0.0,0,1
user_5354,8,118285.71428571429,14400.0,1.2987949363673135,0,1
user_5355,64,0.20020469841269842,0.11394,2.760901401569381,0,1
user_5356,8,140400.0,36000.0,1.4056390579014812,0,1
user_5357,4,199200.0,158400.0,1.4999999956719148,0,1
user_5358,3,261000.0,252000.0,0.9182958311690995,0,1
user_5359,8,140400.0,57600.0,1.9056390564587862,0,1
user_536,76,0.20075533333333334,0.122173,2.6817178107823243,0,-1
user_5360,4,242400.0,194400.0,0.8112781215737428,0,1
user_5361,10,117600.0,28800.0,2.24643933745754,0,1
user_5362,3,246600.0,219600.0,0.9182958311690995,0,1
user_5363,46,0.200854,0.136638,2.588158798308897,0,-1
user_5364,6,172800.0,75600.0,1.792481244589798,0,1
user_5365,2,241200.0,241200.0,0.99999999711461,0,1
user_5366,1,86400.0,86400.0,0.0,0,1
user_5367,3,216000.0,201600.0,0.9182958311690995,0,1
user_5368,9,131400.0,43200.0,1.8365916623381988,0,1
user_5369,10,123200.0,28800.0,1.6854752914565543,0,1
user_537,10,128000.0,28800.0,2.1709505872411934,0,1
user_5370,5,185400.0,147600.0,1.5219280905592771,0,1
user_5371,8,127542.85714285714,28800.0,1.9056390564587862,0,1
user_5372,6,168480.0,115200.0,1.584962496393071,0,1
user_5373,1,86400.0,86400.0,0.0,0,1
user_5374,73,0.2003123888888889,0.111181,2.7591307596738686,0,-1
user_5375,9,142200.0,39600.0,2.197159716210674,0,1
user_5376,10,116000.0,50400.0,1.960964040230206,0,1
user_5377,5,203400.0,165600.0,1.9219280891165822,0,1
user_5378,25,0.20006949999999998,0.13747,2.713269679416243,0,-1
user_5379,6,172800.0,90000.0,1.4591479126991596,0,1
user_538,1,86400.0,86400.0,0.0,0,1
user_5380,9,121950.0,3600.0,1.6577427207341087,0,1
user_5381,4,208800.0,154800.0,1.9999999942292197,1,1
user_5382,8,128571.42857142857,54000.0,2.155639055016091,0,1
user_5383,45,0.19978845454545455,0.118449,2.618514754094192,0,1
user_5384,2,259200.0,259200.0,0.99999999711461,0,1
user_5385,7,127200.0,28800.0,0.9852281331488615,0,1
user_5386,5,178200.0,90000.0,1.9219280891165822,0,1
user_5387,6,172800.0,104400.0,1.2516291630597378,0,1
user_5388,8,133200.0,7200.0,1.5612781201310477,0,1
user_5389,4,212400.0,194400.0,1.9999999942292197,0,1
user_539,9,136800.0,18000.0,2.1132833270813998,0,1
user_5390,5,189000.0,104400.0,0.9709505915692787,0,1
user_5391,9,116100.0,14400.0,1.5304930524293974,1,1
user_5392,4,212400.0,187200.0,1.4999999956719148,0,1
user_5393,3,259200.0,252000.0,1.584962496393071,1,1
user_5394,9,111600.0,7200.0,1.224394441077901,0,1
user_5395,8,131657.14285714287,39600.0,0.8112781215737428,0,1
user_5396,8,144000.0,14400.0,1.5612781201310477,0,1
user_5397,6,171360.0,79200.0,1.9182958282837093,1,1
user_5398,5,171000.0,97200.0,1.5219280905592771,0,1
user_5399,2,298800.0,298800.0,-1.4426951595367387e-09,0,-1
user_54,2,295200.0,295200.0,0.99999999711461,0,-1
user_540,7,147600.0,36000.0,1.8423709874063285,0,1
user_5400,7,144000.0,7200.0,1.8423709874063285,0,1
user_5401,2,295200.0,295200.0,0.99999999711461,0,-1
user_5402,7,162600.0,64800.0,2.2359263434155574,1,1
user_5403,46,0.20008973333333335,0.128252,2.739755153603555,0,1
user_5404,6,179280.0,54000.0,2.2516291601743474,0,1
user_5405,10,111200.0,18000.0,1.4854752928992492,0,1
user_5406,9,120600.0,18000.0,1.7527152732089246,0,1
user_5407,10,102400.0,3600.0,2.1709505872411934,0,1
user_5408,6,180720.0,82800.0,1.4591479126991596,1,1
user_5409,78,0.20062068831168833,0.12805,2.7453222430245883,0,-1
user_541,6,164160.0,104400.0,1.9182958282837093,0,1
user_5410,6,165600.0,64800.0,1.9182958282837093,0,1
user_5411,2,270000.0,270000.0,0.99999999711461,0,1
user_5412,6,169200.0,68400.0,1.2516291630597378,0,1
user_5413,54,0.19906052830188678,0.120636,2.7769753441420835,0,1
user_5414,8,147085.7142857143,10800.0,1.9999999927865248,0,1
user_5415,2,223200.0,223200.0,0.99999999711461,0,1
user_5416,8,117771.42857142857,10800.0,1.2987949363673135,0,1
user_5417,10,115600.0,21600.0,1.6854752914565543,0,1
user_5418,1,86400.0,86400.0,0.0,0,1
user_5419,27,0.20040896153846155,0.111536,2.7106856624382805,0,1
user_542,9,116100.0,25200.0,2.058813883117726,0,1
user_5420,5,215100.0,162000.0,1.5219280905592771,0,1
user_5421,50,0.19906346938775513,0.118957,2.6150174917513778,0,-1
user_5422,10,111200.0,10800.0,1.6854752914565543,0,1
user_5423,5,185400.0,115200.0,1.3709505901265835,0,1
user_5424,1,86400.0,86400.0,0.0,0,1
user_5425,49,0.19941418750000003,0.111367,2.7135878356812175,0,1
user_5426,10,123600.0,28800.0,2.1219280876738873,0,1
user_5427,10,122800.0,14400.0,1.6854752914565543,1,1
user_5428,6,169200.0,64800.0,1.792481244589798,0,1
user_5429,4,190800.0,140400.0,0.8112781215737428,0,1
user_543,2,277200.0,277200.0,0.99999999711461,0,1
user_5430,4,195600.0,144000.0,1.4999999956719148,0,1
user_5431,3,246600.0,198000.0,1.584962496393071,0,1
user_5432,5,177300.0,97200.0,0.9709505915692787,0,1
user_5433,4,211200.0,176400.0,0.8112781215737428,0,1
user_5434,8,130114.28571428571,10800.0,1.4056390579014812,0,1
user_5435,1,86400.0,86400.0,0.0,0,1
user_5436,1,86400.0,86400.0,0.0,0,1
user_5437,6,187200.0,118800.0,0.99999999711461,0,1
user_5438,3,257400.0,223200.0,0.9182958311690995,0,1
user_5439,34,0.19720245454545454,0.116578,2.7118481272347985,0,-1
user_544,2,234000.0,234000.0,0.99999999711461,0,1
user_5440,6,178560.0,82800.0,1.9182958282837093,0,1
user_5441,5,203400.0,133200.0,2.321928087673887,0,1
user_5442,20,0.1996856315789474,0.113095,2.446439336014845,0,-1
user_5443,1,86400.0,86400.0,0.0,0,1
user_5444,8,134742.85714285713,18000.0,1.74999999422922,1,1
user_5445,9,130950.0,3600.0,1.5304930524293974,0,1
user_5446,69,0.19900182352941176,0.107655,2.7587451908214335,0,-1
user_5447,1,86400.0,86400.0,0.0,0,1
user_5448,5,205200.0,147600.0,1.3709505901265835,0,1
user_5449,2,255600.0,255600.0,0.99999999711461,0,1
user_545,1,86400.0,86400.0,0.0,0,1
user_5450,4,235200.0,183600.0,1.9999999942292197,0,1
user_5451,10,106400.0,3600.0,1.8954618384675417,1,1
user_5452,6,168480.0,46800.0,1.4591479126991596,0,1
user_5453,4,210000.0,194400.0,0.8112781215737428,1,1
user_5454,5,199800.0,140400.0,1.3709505901265835,0,1
user_5455,2,252000.0,252000.0,0.99999999711461,0,1
user_5456,1,86400.0,86400.0,0.0,0,1
user_5457,3,244800.0,241200.0,1.584962496393071,0,1
user_5458,3,210600.0,201600.0,1.584962496393071,1,1
user_5459,9,123300.0,46800.0,0.5032583318902557,0,1
user_546,68,0.19924455223880597,0.115456,2.673182715608334,0,-1
user_5460,80,0.20073311392405066,0.111875,2.723333244121852,0,-1
user_5461,9,120150.0,10800.0,1.7527152732089246,0,1
user_5462,5,185400.0,104400.0,1.3709505901265835,0,1
user_5463,6,159840.0,90000.0,1.9182958282837093,0,1
user_5464,77,0.19994132894736838,0.101482,2.7654959508792394,0,-1
user_5465,1,86400.0,86400.0,0.0,0,1
user_5466,5,202500.0,104400.0,1.3709505901265835,0,1
user_5467,1,86400.0,86400.0,0.0,0,1
user_5468,1,86400.0,86400.0,0.0,0,1
user_5469,2,277200.0,277200.0,0.99999999711461,0,1
user_547,9,115200.0,14400.0,1.8910611063018725,0,1
user_5470,3,234000.0,234000.0,1.584962496393071,0,1
user_5471,8,142457.14285714287,32400.0,2.155639055016091,0,1
user_5472,9,122850.0,10800.0,1.446616661857428,0,1
user_5473,10,120400.0,28800.0,2.446439336014845,0,1
user_5474,6,178560.0,111600.0,2.2516291601743474,1,1
user_5475,2,273600.0,273600.0,0.99999999711461,0,1
user_5476,9,134100.0,21600.0,1.879964941513636,0,1
user_5477,3,235800.0,230400.0,0.9182958311690995,0,1
user_5478,9,120600.0,14400.0,2.058813883117726,1,1
user_5479,10,124800.0,25200.0,1.8464393389002354,0,1
user_548,1,86400.0,86400.0,0.0,0,1
user_5480,6,162000.0,46800.0,1.9182958282837093,0,1
user_5481,10,116400.0,14400.0,0.99999999711461,0,1
user_5482,3,232200.0,205200.0,0.9182958311690995,0,1
user_5483,9,130950.0,39600.0,2.197159716210674,1,1
user_5484,3,208800.0,190800.0,1.584962496393071,0,1
user_5485,8,130114.28571428571,32400.0,1.74999999422922,0,1
user_5486,6,174960.0,54000.0,2.2516291601743474,0,1
user_5487,8,131142.85714285713,18000.0,1.74999999422922,0,1
user_5488,5,208800.0,147600.0,1.9219280891165822,0,1
user_5489,4,216000.0,180000.0,1.4999999956719148,0,1
user_549,3,234000.0,219600.0,1.584962496393071,0,1
user_5490,10,126400.0,28800.0,2.446439336014845,0,1
user_5491,42,0.19919941463414634,0.118418,2.6980670437258114,0,1
user_5492,3,226800.0,219600.0,1.584962496393071,0,1
user_5493,6,174240.0,68400.0,1.9182958282837093,0,1
user_5494,6,186480.0,100800.0,1.9182958282837093,0,1
user_5495,1,86400.0,86400.0,0.0,0,1
user_5496,4,231600.0,201600.0,1.4999999956719148,0,1
user_5497,10,116800.0,7200.0,1.6854752914565543,0,1
user_5498,7,153600.0,10800.0,2.2359263434155574,0,1
user_5499,7,157200.0,18000.0,1.8423709874063285,0,1
user_55,1,86400.0,86400.0,0.0,0,1
user_550,10,122000.0,18000.0,1.4854752928992492,0,1
user_5500,10,126800.0,10800.0,1.7219280891165822,0,1
user_5501,9,120600.0,14400.0,1.6577427207341087,0,1
user_5502,62,0.20038909836065574,0.129535,2.747066867828627,0,-1
user_5503,10,113200.0,3600.0,1.6854752914565543,0,1
user_5504,1,86400.0,86400.0,0.0,0,1
user_5505,3,261000.0,241200.0,0.9182958311690995,0,1
user_5506,1,86400.0,86400.0,0.0,0,1
user_5507,25,0.20087104166666667,0.105642,2.7182975601791544,0,-1
user_5508,4,220800.0,190800.0,1.9999999942292197,0,1
user_5509,4,192000.0,136800.0,1.4999999956719148,0,1
user_551,2,266400.0,266400.0,-1.4426951595367387e-09,0,-1
user_5510,1,86400.0,86400.0,0.0,0,1
user_5511,44,0.197855511627907,0.112249,2.7569346671615094,0,-1
user_5512,7,156600.0,82800.0,1.5566567031347378,0,1
user_5513,8,136285.7142857143,43200.0,1.74999999422922,0,1
user_5514,27,0.2003585769230769,0.125728,2.7558442161002663,0,1
user_5515,3,262800.0,230400.0,1.584962496393071,0,1
user_5516,9,122400.0,36000.0,2.197159716210674,0,1
user_5517,6,176400.0,50400.0,1.4591479126991596,0,1
user_5518,7,151200.0,10800.0,1.950212059143967,0,1
user_5519,9,106200.0,14400.0,1.8365916623381988,0,1
user_552,8,157885.7142857143,75600.0,2.155639055016091,1,1
user_5520,4,213600.0,176400.0,1.4999999956719148,1,1
user_5521,6,175680.0,104400.0,0.99999999711461,0,1
user_5522,10,114000.0,28800.0,1.4854752928992492,0,1
user_5523,8,126514.28571428571,28800.0,2.249999992786525,1,1
user_5524,4,241200.0,212400.0,0.8112781215737428,0,1
user_5525,9,118350.0,39600.0,2.058813883117726,0,1
user_5526,2,295200.0,295200.0,0.99999999711461,0,-1
user_5527,7,156000.0,68400.0,1.3787834891580906,0,1
user_5528,8,124457.14285714286,25200.0,2.249999992786525,0,1
user_5529,26,0.19903127999999998,0.131764,2.6104898454407897,0,-1
user_553,2,255600.0,255600.0,0.99999999711461,0,1
user_5530,3,266400.0,241200.0,0.9182958311690995,1,1
user_5531,7,144000.0,50400.0,1.664497773429681,0,1
user_5532,2,277200.0,277200.0,0.99999999711461,0,1
user_5533,8,121885.71428571429,3600.0,2.249999992786525,0,1
user_5534,8,124971.42857142857,3600.0,0.9544340000395749,0,1
user_5535,2,230400.0,230400.0,0.99999999711461,0,1
user_5536,5,187200.0,147600.0,0.9709505915692787,0,1
user_5537,8,141428.57142857142,46800.0,1.5487949349246184,0,1
user_5538,7,174000.0,64800.0,1.950212059143967,1,1
user_5539,43,0.2004579761904762,0.10093,2.6813977469439685,0,-1
user_554,3,266400.0,248400.0,0.9182958311690995,1,1
user_5540,6,162720.0,93600.0,1.9182958282837093,0,1
user_5541,4,206400.0,180000.0,1.4999999956719148,0,1
user_5542,2,248400.0,248400.0,0.99999999711461,1,1
user_5543,6,172800.0,104400.0,1.4591479126991596,0,1
user_5544,7,140400.0,14400.0,1.8423709874063285,0,1
user_5545,1,86400.0,86400.0,0.0,0,1
user_5546,68,0.19933613432835823,0.107695,2.7256054670629464,0,-1
user_5547,8,150171.42857142858,75600.0,1.5487949349246184,0,1
user_5548,9,141750.0,61200.0,1.7527152732089246,0,1
user_5549,25,0.19887579166666666,0.120832,2.404889443077071,0,-1
user_555,3,244800.0,205200.0,0.9182958311690995,0,1
user_5550,4,220800.0,169200.0,0.99999999711461,0,1
user_5551,4,217200.0,165600.0,0.8112781215737428,0,1
user_5552,10,115200.0,43200.0,2.24643933745754,0,1
user_5553,6,168480.0,64800.0,1.4591479126991596,0,1
user_5554,9,122400.0,14400.0,1.8365916623381988,0,1
user_5555,1,86400.0,86400.0,0.0,0,1
user_5556,10,104800.0,7200.0,1.2954618399102367,0,1
user_5557,6,164160.0,104400.0,1.9182958282837093,1,1
user_5558,2,244800.0,244800.0,0.99999999711461,0,1
user_5559,20,0.1987905789473684,0.119219,2.4709505857984984,0,-1
user_556,5,180000.0,133200.0,1.9219280891165822,1,1
user_5560,7,141600.0,72000.0,1.3787834891580906,0,1
user_5561,8,134228.57142857142,14400.0,1.74999999422922,0,1
user_5562,1,86400.0,86400.0,0.0,0,1
user_5563,1,86400.0,86400.0,0.0,1,1
user_5564,5,190800.0,108000.0,1.3709505901265835,0,1
user_5565,8,133714.2857142857,39600.0,2.155639055016091,0,1
user_5566,2,284400.0,284400.0,0.99999999711461,0,-1
user_5567,6,187920.0,100800.0,1.792481244589798,0,1
user_5568,37,0.19966997222222224,0.126633,2.6315053018745673,0,1
user_5569,5,197100.0,90000.0,1.3709505901265835,0,1
user_557,2,219600.0,219600.0,0.99999999711461,0,1
user_5570,2,277200.0,277200.0,0.99999999711461,0,1
user_5571,8,130628.57142857143,43200.0,1.8112781186883526,0,1
user_5572,5,197100.0,162000.0,1.9219280891165822,0,1
user_5573,75,0.1994072972972973,0.11994,2.7345097127706484,0,-1
user_5574,34,0.20200372727272728,0.136504,2.641624140090548,0,-1
user_5575,2,244800.0,244800.0,0.99999999711461,0,1
user_5576,54,0.19921007547169814,0.114467,2.7102345636605536,0,1
user_5577,6,167760.0,46800.0,1.2516291630597378,0,1
user_5578,6,171360.0,104400.0,1.792481244589798,0,1
user_5579,2,219600.0,219600.0,-1.4426951595367387e-09,0,-1
user_558,5,191700.0,154800.0,1.9219280891165822,1,1
user_5580,2,223200.0,223200.0,-1.4426951595367387e-09,0,-1
user_5581,2,288000.0,288000.0,-1.4426951595367387e-09,0,-1
user_5582,25,0.19700875000000004,0.103003,2.6750849417209146,0,-1
user_5583,4,219600.0,176400.0,1.4999999956719148,0,1
user_5584,2,295200.0,295200.0,0.99999999711461,0,-1
user_5585,9,126000.0,10800.0,2.197159716210674,0,1
user_5586,7,159600.0,14400.0,1.4488156313970995,0,1
user_5587,8,112628.57142857143,10800.0,1.2987949363673135,0,1
user_5588,10,113200.0,21600.0,1.6854752914565543,0,1
user_5589,8,134742.85714285713,25200.0,1.74999999422922,1,1
user_559,8,121371.42857142857,7200.0,1.9056390564587862,0,1
user_5590,51,0.20066800000000004,0.126023,2.7047003759675703,0,1
user_5591,10,120400.0,21600.0,2.0464393374575405,0,1
user_5592,4,214800.0,194400.0,1.4999999956719148,0,1
user_5593,6,165600.0,90000.0,2.2516291601743474,0,1
user_5594,9,128700.0,21600.0,1.3921472193364495,0,1
user_5595,10,109600.0,3600.0,2.1219280876738873,0,1
user_5596,9,120150.0,36000.0,1.7527152732089246,1,1
user_5597,6,146880.0,54000.0,2.2516291601743474,0,1
user_5598,9,123750.0,10800.0,1.8910611063018725,1,1
user_5599,6,191520.0,82800.0,0.99999999711461,0,1
user_56,3,212400.0,205200.0,0.9182958311690995,0,1
user_560,5,187200.0,129600.0,1.3709505901265835,0,1
user_5600,8,130628.57142857143,50400.0,2.155639055016091,0,1
user_5601,3,228600.0,180000.0,0.9182958311690995,0,1
user_5602,1,86400.0,86400.0,0.0,0,1
user_5603,1,86400.0,86400.0,0.0,1,1
user_5604,6,179280.0,64800.0,1.9182958282837093,0,1
user_5605,3,237600.0,234000.0,0.9182958311690995,1,1
user_5606,4,219600.0,133200.0,1.4999999956719148,0,1
user_5607,6,162720.0,50400.0,1.4591479126991596,0,1
user_5608,2,252000.0,252000.0,0.99999999711461,0,1
user_5609,4,187200.0,151200.0,1.4999999956719148,0,1
user_561,9,123750.0,46800.0,1.3516441108253072,0,1
user_5610,1,86400.0,86400.0,0.0,0,1
user_5611,10,112400.0,39600.0,2.1709505872411934,0,1
user_5612,6,182880.0,86400.0,1.792481244589798,0,1
user_5613,10,116400.0,21600.0,0.99999999711461,0,1
user_5614,4,208800.0,169200.0,1.4999999956719148,0,1
user_5615,6,164160.0,54000.0,1.4591479126991596,0,1
user_5616,4,188400.0,140400.0,1.4999999956719148,0,1
user_5617,72,0.20086436619718306,0.115093,2.742402255563679,0,-1
user_5618,4,231600.0,144000.0,0.8112781215737428,0,1
user_5619,2,273600.0,273600.0,0.99999999711461,0,1
user_562,1,86400.0,86400.0,0.0,1,1
user_5620,3,221400.0,194400.0,1.584962496393071,0,1
user_5621,5,201600.0,111600.0,0.9709505915692787,0,1
user_5622,1,86400.0,86400.0,0.0,0,1
user_5623,1,86400.0,86400.0,0.0,0,1
user_5624,8,130628.57142857143,3600.0,1.74999999422922,0,1
user_5625,3,210600.0,190800.0,1.584962496393071,0,1
user_5626,5,186300.0,129600.0,0.9709505915692787,0,1
user_5627,10,116400.0,25200.0,2.0464393374575405,0,1
user_5628,3,223200.0,187200.0,1.584962496393071,0,1
user_5629,10,113200.0,18000.0,1.960964040230206,0,1
user_563,2,244800.0,244800.0,0.99999999711461,0,1
user_5630,8,128057.14285714286,10800.0,2.249999992786525,0,1
user_5631,2,234000.0,234000.0,0.99999999711461,0,1
user_5632,22,0.19717266666666666,0.131304,2.5262804730274535,0,-1
user_5633,9,122850.0,18000.0,1.8365916623381988,0,1
user_5634,2,234000.0,234000.0,0.99999999711461,0,1
user_5635,71,0.19928052857142856,0.120536,2.745906426369805,0,-1
user_5636,2,230400.0,230400.0,0.99999999711461,0,1
user_5637,4,228000.0,194400.0,1.4999999956719148,0,1
user_5638,9,130500.0,10800.0,1.3516441108253072,0,1
user_5639,9,121950.0,10800.0,2.058813883117726,0,1
user_564,2,273600.0,273600.0,0.99999999711461,0,1
user_5640,8,153771.42857142858,36000.0,1.8112781186883526,0,1
user_5641,4,210000.0,140400.0,1.4999999956719148,0,1
user_5642,4,212400.0,187200.0,0.8112781215737428,0,1
user_5643,3,239400.0,194400.0,0.9182958311690995,0,1
user_5644,4,202800.0,140400.0,1.4999999956719148,1,1
user_5645,8,135257.14285714287,18000.0,1.9056390564587862,0,1
user_5646,3,243000.0,234000.0,0.9182958311690995,0,1
user_5647,1,86400.0,86400.0,0.0,0,1
user_5648,10,120800.0,32400.0,1.8464393389002354,0,1
user_5649,6,171360.0,82800.0,1.4591479126991596,0,1
user_565,3,235800.0,187200.0,1.584962496393071,0,1
user_5650,1,86400.0,86400.0,0.0,1,1
user_5651,5,205200.0,158400.0,2.321928087673887,0,1
user_5652,3,257400.0,219600.0,1.584962496393071,0,1
user_5653,9,114750.0,25200.0,1.8365916623381988,0,1
user_5654,51,0.20073888,0.123879,2.7285240478056183,0,1
user_5655,4,212400.0,176400.0,1.4999999956719148,0,1
user_5656,4,211200.0,147600.0,1.4999999956719148,1,1
user_5657,10,129600.0,36000.0,1.4854752928992492,0,1
user_5658,7,138000.0,10800.0,1.4488156313970995,0,1
user_5659,3,230400.0,223200.0,1.584962496393071,1,1
user_566,9,122400.0,3600.0,1.7527152732089246,0,1
user_5660,4,212400.0,169200.0,0.8112781215737428,0,1
user_5661,61,0.19954226666666666,0.12216,2.7801980787022424,0,1
user_5662,6,176400.0,82800.0,1.4591479126991596,0,1
user_5663,66,0.2000135692307692,0.128704,2.782963613593735,0,-1
user_5664,3,235800.0,219600.0,-1.4426951595367387e-09,1,-1
user_5665,10,106000.0,3600.0,2.1709505872411934,0,1
user_5666,8,134742.85714285713,46800.0,1.8112781186883526,0,1
user_5667,10,118400.0,3600.0,1.8464393389002354,0,1
user_5668,9,122400.0,28800.0,2.1132833270813998,0,1
user_5669,2,252000.0,252000.0,0.99999999711461,0,1
user_567,1,86400.0,86400.0,0.0,0,1
user_5670,4,218400.0,183600.0,1.4999999956719148,0,1
user_5671,1,86400.0,86400.0,0.0,0,1
user_5672,5,194400.0,122400.0,1.5219280905592771,0,1
user_5673,1,86400.0,86400.0,0.0,0,1
user_5674,8,137314.2857142857,39600.0,1.74999999422922,0,1
user_5675,4,214800.0,172800.0,1.9999999942292197,0,1
user_5676,6,194400.0,90000.0,1.792481244589798,0,1
user_5677,1,86400.0,86400.0,0.0,0,1
user_5678,1,86400.0,86400.0,0.0,0,1
user_5679,1,86400.0,86400.0,0.0,0,1
user_568,1,86400.0,86400.0,0.0,1,1
user_5680,4,201600.0,133200.0,1.9999999942292197,0,1
user_5681,8,124457.14285714286,25200.0,1.74999999422922,0,1
user_5682,5,196200.0,136800.0,1.9219280891165822,0,1
user_5683,9,117450.0,28800.0,2.1132833270813998,0,1
user_5684,2,284400.0,284400.0,0.99999999711461,0,-1
user_5685,4,218400.0,176400.0,0.8112781215737428,0,1
user_5686,8,121371.42857142857,39600.0,1.8112781186883526,0,1
user_5687,8,135257.14285714287,21600.0,1.74999999422922,0,1
user_5688,77,0.19987997368421054,0.103758,2.761435704239088,0,-1
user_5689,9,132750.0,21600.0,1.3921472193364495,1,1
user_569,3,248400.0,237600.0,1.584962496393071,0,1
user_5690,9,128700.0,25200.0,2.058813883117726,1,1
user_5691,5,178200.0,90000.0,1.3709505901265835,0,1
user_5692,7,163200.0,25200.0,1.664497773429681,0,1
user_5693,3,230400.0,219600.0,0.9182958311690995,0,1
user_5694,6,187200.0,46800.0,1.2516291630597378,0,1
user_5695,8,147085.7142857143,43200.0,1.2987949363673135,0,1
user_5696,6,159840.0,111600.0,1.9182958282837093,0,1
user_5697,7,145800.0,64800.0,0.9852281331488615,0,1
user_5698,7,155400.0,32400.0,1.950212059143967,1,1
user_5699,4,232800.0,190800.0,0.8112781215737428,0,1
user_57,9,113400.0,7200.0,1.584962496393071,0,1
user_570,2,226800.0,226800.0,-1.4426951595367387e-09,0,-1
user_5700,27,0.20113596153846153,0.123472,2.6393535854437236,0,-1
user_5701,2,219600.0,219600.0,0.99999999711461,0,1
user_5702,6,181440.0,115200.0,1.792481244589798,0,1
user_5703,5,200700.0,147600.0,0.9709505915692787,0,1
user_5704,8,121371.42857142857,21600.0,1.74999999422922,0,1
user_5705,3,217800.0,201600.0,0.9182958311690995,0,1
user_5706,9,117900.0,7200.0,2.058813883117726,0,1
user_5707,6,177120.0,82800.0,2.2516291601743474,0,1
user_5708,5,200700.0,147600.0,1.9219280891165822,0,1
user_5709,10,108400.0,14400.0,2.1219280876738873,1,1
user_571,10,122000.0,18000.0,1.6854752914565543,0,1
user_5710,10,107200.0,10800.0,2.321928086231192,0,1
user_5711,10,114400.0,21600.0,2.1709505872411934,0,1
user_5712,10,108000.0,14400.0,1.5709505886838886,0,1
user_5713,2,234000.0,234000.0,-1.4426951595367387e-09,1,-1
user_5714,7,143400.0,25200.0,1.3787834891580906,0,1
user_5715,10,111200.0,21600.0,1.8464393389002354,0,1
user_5716,8,146057.14285714287,28800.0,2.49999999134383,0,1
user_5717,10,118000.0,3600.0,0.99999999711461,0,1
user_5718,43,0.1999586428571429,0.109601,2.7572378615681554,0,1
user_5719,5,186300.0,118800.0,1.3709505901265835,0,1
user_572,9,117450.0,21600.0,2.197159716210674,0,1
user_5720,1,86400.0,86400.0,0.0,0,1
user_5721,4,218400.0,133200.0,0.8112781215737428,0,1
user_5722,1,86400.0,86400.0,0.0,0,1
user_5723,1,86400.0,86400.0,0.0,0,1
user_5724,7,134400.0,28800.0,1.3787834891580906,0,1
user_5725,6,173520.0,75600.0,2.2516291601743474,0,1
user_5726,4,207600.0,190800.0,1.9999999942292197,0,1
user_5727,8,115200.0,32400.0,2.155639055016091,1,1
user_5728,57,0.19961280357142858,0.125887,2.731334659786312,0,1
user_5729,7,157800.0,61200.0,1.1488348499528316,0,1
user_573,3,234000.0,190800.0,0.9182958311690995,0,1
user_5730,1,86400.0,86400.0,0.0,0,1
user_5731,1,86400.0,86400.0,0.0,0,1
user_5732,1,86400.0,86400.0,0.0,0,1
user_5733,38,0.19958040540540542,0.116435,2.737398808180045,0,1
user_5734,10,112800.0,14400.0,1.5219280905592771,0,1
user_5735,2,270000.0,270000.0,0.99999999711461,1,1
user_5736,4,208800.0,158400.0,1.4999999956719148,0,1
user_5737,8,142457.14285714287,72000.0,0.5435644403142064,1,1
user_5738,1,86400.0,86400.0,0.0,0,1
user_5739,1,86400.0,86400.0,0.0,0,1
user_574,9,121950.0,3600.0,2.5032583261194756,0,1
user_5740,5,186300.0,104400.0,1.9219280891165822,0,1
user_5741,2,226800.0,226800.0,0.99999999711461,0,1
user_5742,3,257400.0,237600.0,0.9182958311690995,0,1
user_5743,4,224400.0,165600.0,0.99999999711461,0,1
user_5744,9,120600.0,14400.0,1.8365916623381988,0,1
user_5745,4,205200.0,165600.0,1.9999999942292197,1,1
user_5746,1,86400.0,86400.0,0.0,0,1
user_5747,7,139200.0,54000.0,1.3787834891580906,0,1
user_5748,9,139500.0,7200.0,1.6577427207341087,1,1
user_5749,4,204000.0,133200.0,1.9999999942292197,0,1
user_575,5,179100.0,104400.0,1.3709505901265835,0,1
user_5750,1,86400.0,86400.0,0.0,0,1
user_5751,5,218700.0,151200.0,1.5219280905592771,0,1
user_5752,7,154200.0,43200.0,2.128085271677919,0,1
user_5753,79,0.20112701282051282,0.12025,2.776981429563543,0,-1
user_5754,9,121950.0,25200.0,2.058813883117726,0,1
user_5755,1,86400.0,86400.0,0.0,0,1
user_5756,4,212400.0,165600.0,0.8112781215737428,0,1
user_5757,3,217800.0,198000.0,1.584962496393071,0,1
user_5758,5,195300.0,111600.0,1.3709505901265835,0,1
user_5759,3,225000.0,198000.0,0.9182958311690995,0,1
user_576,4,196800.0,151200.0,1.4999999956719148,0,1
user_5760,10,114400.0,7200.0,2.24643933745754,0,1
user_5761,7,153600.0,43200.0,1.8423709874063285,0,1
user_5762,1,86400.0,86400.0,0.0,0,1
user_5763,26,0.2001662,0.120619,2.526234899850657,0,-1
user_5764,48,0.2017260425531915,0.130006,2.7190845012477176,0,-1
user_5765,3,223200.0,223200.0,0.9182958311690995,0,1
user_5766,9,117000.0,21600.0,2.058813883117726,0,1
user_5767,5,213300.0,147600.0,1.3709505901265835,0,1
user_5768,2,255600.0,255600.0,0.99999999711461,0,1
user_5769,3,239400.0,234000.0,1.584962496393071,0,1
user_577,6,175680.0,57600.0,1.9182958282837093,0,1
user_5770,10,112800.0,28800.0,2.1709505872411934,0,1
user_5771,8,118800.0,7200.0,1.8112781186883526,0,1
user_5772,67,0.20033448484848485,0.117017,2.7892509973954507,0,-1
user_5773,10,116000.0,21600.0,2.446439336014845,0,1
user_5774,7,144000.0,46800.0,1.8423709874063285,0,1
user_5775,3,239400.0,187200.0,0.9182958311690995,0,1
user_5776,3,239400.0,226800.0,1.584962496393071,0,1
user_5777,10,102800.0,7200.0,1.760964041672901,0,1
user_5778,2,255600.0,255600.0,-1.4426951595367387e-09,0,-1
user_5779,7,166200.0,82800.0,1.8423709874063285,0,1
user_578,8,149142.85714285713,57600.0,1.9056390564587862,1,1
user_5780,3,241200.0,194400.0,-1.4426951595367387e-09,0,-1
user_5781,3,255600.0,226800.0,0.9182958311690995,0,1
user_5782,4,222000.0,176400.0,1.9999999942292197,0,1
user_5783,8,125485.71428571429,14400.0,1.4056390579014812,1,1
user_5784,9,112050.0,18000.0,2.197159716210674,0,1
user_5785,3,255600.0,252000.0,-1.4426951595367387e-09,0,-1
user_5786,5,198000.0,165600.0,1.3709505901265835,1,1
user_5787,10,94000.0,3600.0,2.1219280876738873,0,1
user_5788,8,128571.42857142857,18000.0,1.5612781201310477,1,1
user_5789,3,246600.0,244800.0,1.584962496393071,1,1
user_579,5,180900.0,100800.0,1.3709505901265835,0,1
user_5790,8,143485.7142857143,25200.0,1.5487949349246184,0,1
user_5791,2,223200.0,223200.0,0.99999999711461,1,1
user_5792,8,123942.85714285714,3600.0,1.4056390579014812,0,1
user_5793,3,225000.0,176400.0,1.584962496393071,1,1
user_5794,52,0.20043094117647062,0.11799,2.6975415497097663,0,1
user_5795,7,157200.0,21600.0,2.2359263434155574,0,1
user_5796,10,110800.0,10800.0,2.1219280876738873,0,1
user_5797,9,130500.0,46800.0,1.8365916623381988,0,1
user_5798,10,117200.0,18000.0,2.446439336014845,0,1
user_5799,4,226800.0,194400.0,0.99999999711461,0,1
user_58,37,0.20142780555555556,0.108752,2.765605128838998,0,-1
user_580,8,126000.0,50400.0,1.8112781186883526,0,1
user_5800,8,135771.42857142858,36000.0,1.9056390564587862,0,1
user_5801,8,140400.0,21600.0,1.5487949349246184,1,1
user_5802,5,180000.0,104400.0,0.9709505915692787,0,1
user_5803,10,101200.0,10800.0,2.0464393374575405,0,1
user_5804,31,0.19927986666666664,0.119507,2.756165155532603,0,1
user_5805,3,250200.0,216000.0,0.9182958311690995,0,1
user_5806,2,234000.0,234000.0,0.99999999711461,0,1
user_5807,10,108400.0,28800.0,1.8464393389002354,0,1
user_5808,1,86400.0,86400.0,0.0,0,1
user_5809,8,144000.0,10800.0,1.4056390579014812,0,1
user_581,1,86400.0,86400.0,0.0,0,1
user_5810,6,192240.0,104400.0,1.4591479126991596,0,1
user_5811,1,86400.0,86400.0,0.0,0,1
user_5812,5,207000.0,151200.0,0.7219280920019722,0,1
user_5813,35,0.2010875882352941,0.117944,2.3616252528425625,0,-1
user_5814,9,125550.0,3600.0,1.3516441108253072,0,1
user_5815,2,234000.0,234000.0,0.99999999711461,0,1
user_5816,3,228600.0,190800.0,0.9182958311690995,0,1
user_5817,2,226800.0,226800.0,0.99999999711461,0,1
user_5818,8,137314.2857142857,36000.0,1.4056390579014812,0,1
user_5819,6,162000.0,61200.0,1.792481244589798,0,1
user_582,9,138600.0,39600.0,1.224394441077901,0,1
user_5820,69,0.1987983823529412,0.107094,2.7807954269385444,0,-1
user_5821,2,241200.0,241200.0,-1.4426951595367387e-09,0,-1
user_5822,9,121050.0,10800.0,1.6577427207341087,0,1
user_5823,1,86400.0,86400.0,0.0,0,1
user_5824,3,243000.0,190800.0,0.9182958311690995,0,1
user_5825,6,182880.0,100800.0,1.4591479126991596,1,1
user_5826,5,184500.0,90000.0,0.7219280920019722,0,1
user_5827,5,191700.0,129600.0,1.3709505901265835,0,1
user_5828,1,86400.0,86400.0,0.0,0,1
user_5829,4,232800.0,190800.0,1.4999999956719148,0,1
user_583,7,144600.0,25200.0,1.3787834891580906,0,1
user_5830,1,86400.0,86400.0,0.0,0,1
user_5831,3,266400.0,241200.0,0.9182958311690995,0,1
user_5832,3,248400.0,241200.0,0.9182958311690995,0,1
user_5833,3,232200.0,212400.0,0.9182958311690995,0,1
user_5834,6,158400.0,46800.0,1.792481244589798,0,1
user_5835,2,280800.0,280800.0,-1.4426951595367387e-09,0,-1
user_5836,5,207900.0,162000.0,1.9219280891165822,0,1
user_5837,10,123600.0,21600.0,1.6854752914565543,0,1
user_5838,9,130500.0,28800.0,1.224394441077901,0,1
user_5839,9,135900.0,32400.0,1.3516441108253072,0,1
user_584,7,159000.0,54000.0,1.3787834891580906,0,1
user_5840,5,185400.0,133200.0,0.9709505915692787,0,1
user_5841,9,126900.0,21600.0,1.8910611063018725,0,1
user_5842,2,223200.0,223200.0,0.99999999711461,0,1
user_5843,6,154080.0,108000.0,1.4591479126991596,0,1
user_5844,6,180720.0,90000.0,2.2516291601743474,0,1
user_5845,3,244800.0,190800.0,1.584962496393071,0,1
user_5846,3,253800.0,208800.0,1.584962496393071,1,1
user_5847,7,142200.0,18000.0,-1.4426951595367387e-09,0,-1
user_5848,4,194400.0,133200.0,1.9999999942292197,0,1
user_5849,6,162000.0,57600.0,1.4591479126991596,0,1
user_585,3,217800.0,198000.0,1.584962496393071,0,1
user_5850,6,167040.0,86400.0,1.792481244589798,1,1
user_5851,1,86400.0,86400.0,0.0,0,1
user_5852,2,262800.0,262800.0,0.99999999711461,0,1
user_5853,8,139371.42857142858,50400.0,1.8112781186883526,0,1
user_5854,3,243000.0,198000.0,1.584962496393071,1,1
user_5855,4,217200.0,169200.0,1.4999999956719148,0,1
user_5856,6,168480.0,97200.0,0.9182958311690995,0,1
user_5857,1,86400.0,86400.0,0.0,0,1
user_5858,3,201600.0,176400.0,0.9182958311690995,0,1
user_5859,1,86400.0,86400.0,0.0,0,1
user_586,2,234000.0,234000.0,-1.4426951595367387e-09,0,-1
user_5860,10,107600.0,3600.0,1.2954618399102367,0,1
user_5861,9,115650.0,10800.0,1.224394441077901,0,1
user_5862,78,0.20068618181818185,0.10549,2.7935598543806583,0,-1
user_5863,8,126514.28571428571,21600.0,1.74999999422922,0,1
user_5864,2,219600.0,219600.0,0.99999999711461,0,1
user_5865,6,191520.0,108000.0,2.2516291601743474,0,1
user_5866,7,139800.0,14400.0,1.4488156313970995,0,1
user_5867,4,214800.0,140400.0,1.4999999956719148,0,1
user_5868,4,186000.0,144000.0,1.9999999942292197,0,1
user_5869,35,0.1991299705882353,0.143886,2.725514711642761,0,-1
user_587,10,116000.0,32400.0,1.360964043115596,0,1
user_5870,3,253800.0,234000.0,1.584962496393071,0,1
user_5871,4,190800.0,140400.0,1.4999999956719148,0,1
user_5872,10,121200.0,28800.0,1.2954618399102367,0,1
user_5873,39,0.19754544736842106,0.12598,2.661333069593194,0,-1
user_5874,2,223200.0,223200.0,0.99999999711461,1,1
user_5875,9,114300.0,10800.0,1.6577427207341087,0,1
user_5876,42,0.20021907317073173,0.106078,2.4459220326357416,0,-1
user_5877,9,125550.0,32400.0,0.9182958311690995,1,1
user_5878,7,162600.0,82800.0,0.9852281331488615,0,1
user_5879,9,135000.0,43200.0,1.6577427207341087,0,1
user_588,75,0.19980614864864862,0.120031,2.7247540412213924,0,-1
user_5880,2,284400.0,284400.0,0.99999999711461,0,-1
user_5881,29,0.2030195357142857,0.115299,2.6328318466500584,0,-1
user_5882,1,86400.0,86400.0,0.0,0,1
user_5883,4,204000.0,162000.0,1.4999999956719148,0,1
user_5884,7,153000.0,64800.0,1.4488156313970995,0,1
user_5885,7,149400.0,72000.0,2.128085271677919,0,1
user_5886,8,130114.28571428571,25200.0,1.9056390564587862,0,1
user_5887,7,151200.0,3600.0,1.950212059143967,0,1
user_5888,9,148500.0,57600.0,1.8365916623381988,0,1
user_5889,8,141428.57142857142,21600.0,1.9056390564587862,1,1
user_589,5,180000.0,111600.0,1.9219280891165822,0,1
user_5890,4,214800.0,169200.0,0.8112781215737428,0,1
user_5891,8,134228.57142857142,64800.0,1.9999999927865248,0,1
user_5892,8,133200.0,36000.0,1.4056390579014812,0,1
user_5893,9,142200.0,32400.0,1.7527152732089246,1,1
user_5894,6,193680.0,79200.0,1.792481244589798,0,1
user_5895,5,189000.0,90000.0,1.9219280891165822,0,1
user_5896,10,102000.0,7200.0,2.3709505857984983,0,1
user_5897,10,109600.0,10800.0,2.0464393374575405,0,1
user_5898,5,210600.0,97200.0,1.3709505901265835,0,1
user_5899,4,218400.0,169200.0,1.4999999956719148,0,1
user_59,3,237600.0,212400.0,0.9182958311690995,0,1
user_590,21,0.1999521,0.132499,2.3010723207467025,0,-1
user_5900,5,195300.0,122400.0,1.3709505901265835,0,1
user_5901,5,184500.0,111600.0,1.9219280891165822,0,1
user_5902,9,138150.0,10800.0,1.8910611063018725,0,1
user_5903,2,298800.0,298800.0,-1.4426951595367387e-09,0,-1
user_5904,5,210600.0,154800.0,1.3709505901265835,0,1
user_5905,10,104400.0,21600.0,2.3709505857984983,0,1
user_5906,2,252000.0,252000.0,0.99999999711461,0,1
user_5907,8,143485.7142857143,32400.0,1.74999999422922,1,1
user_5908,10,100000.0,3600.0,2.0464393374575405,0,1
user_5909,3,252000.0,226800.0,1.584962496393071,1,1
user_591,7,139200.0,7200.0,1.950212059143967,0,1
user_5910,3,239400.0,234000.0,0.9182958311690995,0,1
user_5911,3,235800.0,180000.0,0.9182958311690995,0,1
user_5912,28,0.20138855555555557,0.108722,2.6455933043522815,0,-1
user_5913,7,159000.0,64800.0,1.1488348499528316,0,1
user_5914,8,141942.85714285713,39600.0,1.2987949363673135,0,1
user_5915,2,255600.0,255600.0,0.99999999711461,0,1
user_5916,6,158400.0,72000.0,0.99999999711461,0,1
user_5917,9,127350.0,36000.0,1.6577427207341087,0,1
user_5918,5,199800.0,111600.0,1.5219280905592771,0,1
user_5919,3,212400.0,205200.0,1.584962496393071,0,1
user_592,1,86400.0,86400.0,0.0,0,1
user_5920,5,192600.0,140400.0,1.9219280891165822,1,1
user_5921,6,168480.0,68400.0,0.99999999711461,0,1
user_5922,1,86400.0,86400.0,0.0,0,1
user_5923,4,219600.0,190800.0,0.8112781215737428,1,1
user_5924,7,153600.0,57600.0,1.5566567031347378,1,1
user_5925,26,0.19833172,0.130703,2.618171804680011,0,-1
user_5926,1,86400.0,86400.0,0.0,0,1
user_5927,76,0.20059528000000001,0.11523,2.780287594341215,0,-1
user_5928,1,86400.0,86400.0,0.0,0,1
user_5929,10,116800.0,14400.0,2.24643933745754,0,1
user_593,5,188100.0,104400.0,0.7219280920019722,0,1
user_5930,55,0.2014452037037037,0.105878,2.7280477144822095,0,-1
user_5931,74,0.20002602739726022,0.112351,2.743543466925923,0,-1
user_5932,4,205200.0,158400.0,0.8112781215737428,0,1
user_5933,6,166320.0,57600.0,1.4591479126991596,0,1
user_5934,71,0.19921625714285715,0.117077,2.769070255747057,0,-1
user_5935,7,145200.0,43200.0,0.863120565681241,0,1
user_5936,4,252000.0,205200.0,1.4999999956719148,0,1
user_5937,1,86400.0,86400.0,0.0,0,1
user_5938,4,238800.0,194400.0,1.4999999956719148,0,1
user_5939,8,147085.7142857143,32400.0,2.155639055016091,0,1
user_594,10,121200.0,25200.0,1.960964040230206,1,1
user_5940,7,147600.0,39600.0,1.950212059143967,0,1
user_5941,4,190800.0,136800.0,1.4999999956719148,0,1
user_5942,35,0.20180361764705884,0.127282,2.678127294222648,0,-1
user_5943,7,143400.0,10800.0,1.8423709874063285,0,1
user_5944,6,177840.0,54000.0,0.9182958311690995,0,1
user_5945,8,135771.42857142858,43200.0,1.4999999956719148,0,1
user_5946,2,266400.0,266400.0,0.99999999711461,0,1
user_5947,75,0.1994585135135135,0.114189,2.783849665907693,0,-1
user_5948,9,108900.0,3600.0,1.6577427207341087,0,1
user_5949,6,165600.0,68400.0,0.99999999711461,0,1
user_595,3,248400.0,230400.0,0.9182958311690995,0,1
user_5950,4,205200.0,190800.0,1.4999999956719148,0,1
user_5951,7,147600.0,75600.0,1.8423709874063285,0,1
user_5952,10,106400.0,18000.0,1.6854752914565543,0,1
user_5953,7,145800.0,28800.0,1.8423709874063285,0,1
user_5954,4,213600.0,176400.0,1.9999999942292197,0,1
user_5955,5,167400.0,97200.0,1.9219280891165822,0,1
user_5956,1,86400.0,86400.0,0.0,0,1
user_5957,10,129200.0,21600.0,2.1709505872411934,1,1
user_5958,6,186480.0,115200.0,1.4591479126991596,0,1
user_5959,8,130114.28571428571,3600.0,2.4056390535733962,0,1
user_596,1,86400.0,86400.0,0.0,1,1
user_5960,8,140400.0,50400.0,1.4056390579014812,0,1
user_5961,5,186300.0,126000.0,1.3709505901265835,0,1
user_5962,9,114750.0,14400.0,2.197159716210674,0,1
user_5963,9,117000.0,36000.0,1.3516441108253072,1,1
user_5964,1,86400.0,86400.0,0.0,0,1
user_5965,9,127350.0,25200.0,2.1132833270813998,0,1
user_5966,9,119250.0,39600.0,1.7527152732089246,0,1
user_5967,31,0.20036116666666667,0.115532,2.5641948065000446,0,-1
user_5968,8,122914.28571428571,7200.0,1.2987949363673135,0,1
user_5969,2,262800.0,262800.0,0.99999999711461,0,1
user_597,2,295200.0,295200.0,0.99999999711461,0,-1
user_5970,2,237600.0,237600.0,0.99999999711461,0,1
user_5971,2,288000.0,288000.0,-1.4426951595367387e-09,0,-1
user_5972,4,196800.0,158400.0,1.4999999956719148,0,1
user_5973,1,86400.0,86400.0,0.0,0,1
user_5974,35,0.19790208823529412,0.121934,2.6313995221255135,0,-1
user_5975,3,253800.0,226800.0,1.584962496393071,0,1
user_5976,6,164160.0,86400.0,0.9182958311690995,0,1
user_5977,77,0.20027040789473685,0.11601,2.732686967059849,0,-1
user_5978,1,86400.0,86400.0,0.0,0,1
user_5979,9,131400.0,3600.0,1.7527152732089246,0,1
user_598,1,86400.0,86400.0,0.0,0,1
user_5980,2,255600.0,255600.0,0.99999999711461,0,1
user_5981,8,148114.2857142857,21600.0,1.2987949363673135,0,1
user_5982,1,86400.0,86400.0,0.0,0,1
user_5983,5,187200.0,104400.0,1.9219280891165822,1,1
user_5984,3,234000.0,216000.0,1.584962496393071,0,1
user_5985,1,86400.0,86400.0,0.0,0,1
user_5986,1,86400.0,86400.0,0.0,0,1
user_5987,4,201600.0,147600.0,1.4999999956719148,0,1
user_5988,3,244800.0,212400.0,1.584962496393071,0,1
user_5989,10,106800.0,25200.0,0.99999999711461,0,1
user_599,5,187200.0,140400.0,1.3709505901265835,1,1
user_5990,5,186300.0,108000.0,1.5219280905592771,0,1
user_5991,10,114400.0,18000.0,2.1219280876738873,0,1
user_5992,48,0.20069044680851064,0.116514,2.640421650619071,0,1
user_5993,9,117900.0,3600.0,1.5304930524293974,0,1
user_5994,24,0.19716347826086955,0.107119,2.6420795538268456,0,-1
user_5995,6,164880.0,90000.0,1.4591479126991596,0,1
user_5996,1,86400.0,86400.0,0.0,0,1
user_5997,7,136200.0,46800.0,1.4488156313970995,0,1
user_5998,5,186300.0,93600.0,1.5219280905592771,0,1
user_5999,7,141600.0,32400.0,1.8423709874063285,0,1
user_6,53,0.20100630769230768,0.128776,2.7570933082139955,0,-1
user_60,10,120400.0,18000.0,1.360964043115596,1,1
user_600,1,86400.0,86400.0,0.0,0,1
user_6000,2,241200.0,241200.0,0.99999999711461,0,1
user_6001,10,107600.0,14400.0,2.0464393374575405,0,1
user_6002,5,190800.0,97200.0,0.9709505915692787,1,1
user_6003,10,106400.0,3600.0,2.446439336014845,0,1
user_6004,5,189000.0,111600.0,1.3709505901265835,0,1
user_6005,3,230400.0,216000.0,0.9182958311690995,1,1
user_6006,3,237600.0,234000.0,0.9182958311690995,0,1
user_6007,2,266400.0,266400.0,-1.4426951595367387e-09,1,-1
user_6008,6,170640.0,82800.0,0.6500224187629642,0,1
user_6009,10,122000.0,36000.0,2.0464393374575405,0,1
user_601,68,0.1999254328358209,0.10866,2.675578952637985,0,-1
user_6010,3,234000.0,230400.0,1.584962496393071,0,1
user_6011,6,167760.0,79200.0,0.6500224187629642,0,1
user_6012,10,126400.0,21600.0,1.8954618384675417,0,1
user_6013,7,147600.0,7200.0,1.1488348499528316,0,1
user_6014,3,225000.0,216000.0,1.584962496393071,0,1
user_6015,5,184500.0,133200.0,1.9219280891165822,0,1
user_6016,5,180000.0,104400.0,-1.4426951595367387e-09,0,1
user_6017,5,189900.0,140400.0,1.9219280891165822,0,1
user_6018,32,0.1997573870967742,0.122725,2.600909366989667,0,1
user_6019,4,211200.0,190800.0,0.99999999711461,0,1
user_602,9,130950.0,68400.0,2.058813883117726,0,1
user_6020,4,226800.0,187200.0,1.4999999956719148,0,1
user_6021,4,234000.0,212400.0,1.4999999956719148,0,1
user_6022,3,212400.0,187200.0,0.9182958311690995,0,1
user_6023,4,229200.0,201600.0,1.4999999956719148,0,1
user_6024,9,132300.0,39600.0,2.197159716210674,0,1
user_6025,7,159000.0,18000.0,1.1488348499528316,1,1
user_6026,3,244800.0,237600.0,0.9182958311690995,0,1
user_6027,6,167040.0,93600.0,1.792481244589798,0,1
user_6028,2,298800.0,298800.0,-1.4426951595367387e-09,0,-1
user_6029,7,156000.0,18000.0,2.2359263434155574,1,1
user_603,7,160800.0,32400.0,1.3787834891580906,0,1
user_6030,5,178200.0,104400.0,1.5219280905592771,0,1
user_6031,2,291600.0,291600.0,0.99999999711461,0,-1
user_6032,8,152228.57142857142,72000.0,1.4056390579014812,0,1
user_6033,7,164400.0,7200.0,1.3787834891580906,0,1
user_6034,6,172080.0,104400.0,2.2516291601743474,1,1
user_6035,1,86400.0,86400.0,0.0,0,1
user_6036,3,239400.0,237600.0,0.9182958311690995,0,1
user_6037,7,151200.0,68400.0,1.3787834891580906,0,1
user_6038,24,0.19888369565217393,0.125772,2.721251825905601,0,-1
user_6039,6,158400.0,75600.0,1.4591479126991596,1,1
user_604,10,102800.0,10800.0,1.6854752914565543,0,1
user_6040,1,86400.0,86400.0,0.0,0,1
user_6041,10,121600.0,3600.0,1.960964040230206,0,1
user_6042,10,116400.0,14400.0,2.1219280876738873,0,1
user_6043,68,0.1991743880597015,0.11691,2.717350106018174,0,-1
user_6044,8,120857.14285714286,21600.0,1.9056390564587862,0,1
user_6045,9,126900.0,7200.0,1.5304930524293974,0,1
user_6046,77,0.19969780263157894,0.115791,2.7679045322945757,0,-1
user_6047,7,145200.0,39600.0,2.2359263434155574,0,1
user_6048,1,86400.0,86400.0,0.0,0,1
user_6049,59,0.20003841379310344,0.117762,2.7593607123188733,0,1
user_605,6,168480.0,79200.0,0.6500224187629642,0,1
user_6050,6,187920.0,108000.0,1.4591479126991596,0,1
user_6051,7,144600.0,28800.0,0.5916727756969373,0,1
user_6052,9,128250.0,43200.0,2.058813883117726,0,1
user_6053,4,211200.0,147600.0,1.4999999956719148,0,1
user_6054,20,0.20241257894736844,0.129595,2.4659573122930047,0,-1
user_6055,7,132000.0,46800.0,0.9852281331488615,0,1
user_6056,3,235800.0,219600.0,1.584962496393071,0,1
user_6057,10,110000.0,10800.0,1.360964043115596,0,1
user_6058,1,86400.0,86400.0,0.0,0,1
user_6059,1,86400.0,86400.0,0.0,1,1
user_606,79,0.19986046153846151,0.124217,2.776543094488339,0,-1
user_6060,4,202800.0,147600.0,1.4999999956719148,0,1
user_6061,4,234000.0,158400.0,1.4999999956719148,0,1
user_6062,7,161400.0,57600.0,1.4488156313970995,1,1
user_6063,6,179280.0,64800.0,1.4591479126991596,0,1
user_6064,5,186300.0,147600.0,1.3709505901265835,0,1
user_6065,48,0.19851293617021282,0.119403,2.6707926188170505,0,-1
user_6066,10,102000.0,10800.0,1.1567796451189545,0,1
user_6067,3,232200.0,216000.0,1.584962496393071,0,1
user_6068,4,248400.0,208800.0,1.4999999956719148,0,1
user_6069,6,171360.0,79200.0,1.4591479126991596,0,1
user_607,8,134228.57142857142,21600.0,1.5487949349246184,0,1
user_6070,47,0.19963306521739135,0.110569,2.799614833574719,0,1
user_6071,22,0.19964328571428572,0.156099,2.4217533634670163,0,-1
user_6072,10,119200.0,46800.0,2.1219280876738873,0,1
user_6073,7,136200.0,32400.0,1.664497773429681,0,1
user_6074,1,86400.0,86400.0,0.0,0,1
user_6075,6,179280.0,68400.0,1.4591479126991596,0,1
user_6076,9,124200.0,3600.0,1.7527152732089246,0,1
user_6077,7,153000.0,64800.0,2.521640627687148,0,1
user_6078,77,0.19908790789473688,0.109045,2.782889972171606,0,-1
user_6079,8,132685.7142857143,39600.0,1.5612781201310477,0,1
user_608,10,129200.0,14400.0,2.1709505872411934,0,1
user_6080,8,136800.0,14400.0,2.49999999134383,0,1
user_6081,10,116800.0,21600.0,1.7219280891165822,0,1
user_6082,7,155400.0,61200.0,1.8423709874063285,0,1
user_6083,9,131400.0,43200.0,2.6416041577697285,0,1
user_6084,1,86400.0,86400.0,0.0,0,1
user_6085,6,184320.0,108000.0,1.2516291630597378,1,1
user_6086,27,0.20112757692307692,0.107357,2.6538113456497676,0,-1
user_6087,2,284400.0,284400.0,0.99999999711461,0,-1
user_6088,2,223200.0,223200.0,0.99999999711461,0,1
user_6089,2,273600.0,273600.0,0.99999999711461,1,1
user_609,76,0.2009973866666667,0.11499,2.7195451003775415,0,-1
user_6090,7,150000.0,32400.0,2.2359263434155574,1,1
user_6091,7,157800.0,72000.0,1.8423709874063285,1,1
user_6092,6,182880.0,61200.0,-1.4426951595367387e-09,0,-1
user_6093,5,195300.0,122400.0,1.5219280905592771,0,1
user_6094,8,117771.42857142857,3600.0,2.249999992786525,0,1
user_6095,2,291600.0,291600.0,0.99999999711461,0,-1
user_6096,5,207000.0,165600.0,1.3709505901265835,0,1
user_6097,6,174240.0,79200.0,0.9182958311690995,0,1
user_6098,5,189900.0,104400.0,0.9709505915692787,0,1
user_6099,3,210600.0,201600.0,0.9182958311690995,0,1
user_61,2,244800.0,244800.0,0.99999999711461,0,1
user_610,7,152400.0,43200.0,1.8423709874063285,1,1
user_6100,6,180000.0,126000.0,1.9182958282837093,0,1
user_6101,5,175500.0,111600.0,1.9219280891165822,0,1
user_6102,3,246600.0,208800.0,0.9182958311690995,0,1
user_6103,5,196200.0,126000.0,1.5219280905592771,0,1
user_6104,1,86400.0,86400.0,0.0,0,1
user_6105,8,140400.0,46800.0,2.249999992786525,0,1
user_6106,6,183600.0,118800.0,1.4591479126991596,0,1
user_6107,5,205200.0,100800.0,1.9219280891165822,0,1
user_6108,7,158400.0,61200.0,1.8423709874063285,0,1
user_6109,10,102800.0,3600.0,1.5219280905592771,0,1
user_611,2,277200.0,277200.0,0.99999999711461,0,1
user_6110,7,160800.0,64800.0,1.3787834891580906,0,1
user_6111,1,86400.0,86400.0,0.0,0,1
user_6112,3,228600.0,180000.0,0.9182958311690995,0,1
user_6113,2,284400.0,284400.0,0.99999999711461,0,-1
user_6114,8,138857.14285714287,39600.0,1.74999999422922,0,1
user_6115,1,86400.0,86400.0,0.0,0,1
user_6116,7,156000.0,32400.0,1.4488156313970995,0,1
user_6117,1,86400.0,86400.0,0.0,0,1
user_6118,74,0.20029428767123286,0.11284,2.7764059789403275,0,-1
user_6119,10,114400.0,10800.0,1.5219280905592771,0,1
user_612,7,144000.0,57600.0,2.2359263434155574,0,1
user_6120,8,130628.57142857143,3600.0,1.2987949363673135,0,1
user_6121,8,124457.14285714286,14400.0,1.8112781186883526,0,1
user_6122,2,266400.0,266400.0,0.99999999711461,0,1
user_6123,6,179280.0,122400.0,1.9182958282837093,0,1
user_6124,7,154800.0,61200.0,1.664497773429681,0,1
user_6125,10,115200.0,7200.0,1.760964041672901,0,1
user_6126,30,0.1987068965517242,0.118605,2.7777471528120796,0,1
user_6127,1,86400.0,86400.0,0.0,0,1
user_6128,10,120800.0,7200.0,2.1709505872411934,0,1
user_6129,3,250200.0,237600.0,1.584962496393071,0,1
user_613,7,154800.0,54000.0,1.8423709874063285,0,1
user_6130,9,126900.0,32400.0,1.3921472193364495,0,1
user_6131,6,167760.0,50400.0,1.9182958282837093,0,1
user_6132,7,151800.0,46800.0,1.950212059143967,1,1
user_6133,8,146057.14285714287,39600.0,1.9999999927865248,0,1
user_6134,1,86400.0,86400.0,0.0,0,1
user_6135,2,280800.0,280800.0,-1.4426951595367387e-09,0,-1
user_6136,2,252000.0,252000.0,0.99999999711461,0,1
user_6137,5,186300.0,115200.0,1.9219280891165822,0,1
user_6138,1,86400.0,86400.0,0.0,0,1
user_6139,1,86400.0,86400.0,0.0,1,1
user_614,7,149400.0,3600.0,2.2359263434155574,0,1
user_6140,10,104000.0,25200.0,2.1219280876738873,0,1
user_6141,33,0.2005055,0.141237,2.5759664757322813,0,-1
user_6142,2,284400.0,284400.0,-1.4426951595367387e-09,1,-1
user_6143,2,219600.0,219600.0,0.99999999711461,0,1
user_6144,7,162000.0,68400.0,1.5566567031347378,0,1
user_6145,8,133714.2857142857,7200.0,1.4056390579014812,0,1
user_6146,8,124457.14285714286,10800.0,1.74999999422922,0,1
user_6147,9,125100.0,28800.0,1.9749374954311467,0,1
user_6148,5,166500.0,100800.0,1.9219280891165822,0,1
user_6149,20,0.20027415789473685,0.13809,2.4086949609066717,0,-1
user_615,7,160800.0,54000.0,0.9852281331488615,0,1
user_6150,8,134228.57142857142,18000.0,1.4056390579014812,0,1
user_6151,7,150600.0,57600.0,1.3787834891580906,0,1
user_6152,7,159000.0,54000.0,1.4488156313970995,0,1
user_6153,5,193500.0,100800.0,1.5219280905592771,0,1
user_6154,10,116000.0,21600.0,1.2954618399102367,1,1
user_6155,10,126000.0,39600.0,1.6854752914565543,0,1
user_6156,3,228600.0,223200.0,-1.4426951595367387e-09,0,-1
user_6157,4,220800.0,162000.0,1.4999999956719148,0,1
user_6158,1,86400.0,86400.0,0.0,0,1
user_6159,10,119600.0,10800.0,2.1709505872411934,0,1
user_616,10,122800.0,18000.0,1.9709505886838885,1,1
user_6160,4,219600.0,172800.0,1.9999999942292197,0,1
user_6161,10,115600.0,14400.0,2.0464393374575405,0,1
user_6162,10,128000.0,28800.0,2.24643933745754,1,1
user_6163,3,255600.0,212400.0,1.584962496393071,0,1
user_6164,9,122850.0,18000.0,2.1132833270813998,1,1
user_6165,3,239400.0,223200.0,1.584962496393071,0,1
user_6166,10,129200.0,25200.0,2.1709505872411934,1,1
user_6167,6,167760.0,115200.0,2.2516291601743474,0,1
user_6168,4,189600.0,144000.0,1.4999999956719148,0,1
user_6169,2,298800.0,298800.0,0.99999999711461,0,-1
user_617,3,253800.0,226800.0,1.584962496393071,0,1
user_6170,8,131657.14285714287,3600.0,2.155639055016091,1,1
user_6171,9,133200.0,50400.0,1.8365916623381988,0,1
user_6172,7,154800.0,43200.0,1.3787834891580906,0,1
user_6173,4,190800.0,133200.0,1.4999999956719148,0,1
user_6174,7,151800.0,25200.0,1.4488156313970995,0,1
user_6175,3,244800.0,226800.0,0.9182958311690995,0,1
user_6176,1,86400.0,86400.0,0.0,0,1
user_6177,9,100800.0,3600.0,2.197159716210674,0,1
user_6178,6,187920.0,115200.0,1.4591479126991596,0,1
user_6179,7,145200.0,18000.0,1.3787834891580906,0,1
user_618,2,262800.0,262800.0,0.99999999711461,0,1
user_6180,63,0.19911753225806456,0.111061,2.7015097108643538,0,1
user_6181,1,86400.0,86400.0,0.0,0,1
user_6182,9,114300.0,18000.0,1.8365916623381988,0,1
user_6183,3,221400.0,194400.0,0.9182958311690995,0,1
user_6184,1,86400.0,86400.0,0.0,0,1
user_6185,6,164160.0,50400.0,1.9182958282837093,0,1
user_6186,3,235800.0,230400.0,1.584962496393071,0,1
user_6187,1,86400.0,86400.0,0.0,0,1
user_6188,3,241200.0,234000.0,0.9182958311690995,0,1
user_6189,2,259200.0,259200.0,0.99999999711461,0,1
user_619,9,115200.0,7200.0,1.6577427207341087,0,1
user_6190,9,129150.0,36000.0,1.8365916623381988,0,1
user_6191,9,131850.0,25200.0,2.197159716210674,0,1
user_6192,5,204300.0,165600.0,1.9219280891165822,0,1
user_6193,2,259200.0,259200.0,-1.4426951595367387e-09,1,-1
user_6194,7,140400.0,28800.0,1.950212059143967,1,1
user_6195,2,226800.0,226800.0,0.99999999711461,1,1
user_6196,4,193200.0,158400.0,1.4999999956719148,0,1
user_6197,7,136800.0,39600.0,1.8423709874063285,0,1
user_6198,8,130114.28571428571,10800.0,1.74999999422922,0,1
user_6199,1,86400.0,86400.0,0.0,0,1
user_62,5,167400.0,93600.0,1.5219280905592771,0,1
user_620,2,226800.0,226800.0,0.99999999711461,0,1
user_6200,10,113600.0,7200.0,1.5709505886838886,1,1
user_6201,72,0.20087700000000003,0.10754,2.7512064123997404,0,-1
user_6202,8,122400.0,7200.0,1.4999999956719148,0,1
user_6203,4,226800.0,180000.0,1.4999999956719148,0,1
user_6204,1,86400.0,86400.0,0.0,0,1
user_6205,4,205200.0,165600.0,1.4999999956719148,0,1
user_6206,1,86400.0,86400.0,0.0,0,1
user_6207,10,111200.0,21600.0,1.760964041672901,0,1
user_6208,10,110000.0,25200.0,1.1567796451189545,0,1
user_6209,26,0.1991566,0.116736,2.7164470570624615,0,1
user_621,4,223200.0,198000.0,0.8112781215737428,1,1
user_6210,4,223200.0,147600.0,1.9999999942292197,0,1
user_6211,75,0.20094574324324327,0.115316,2.6078023680066504,0,-1
user_6212,3,243000.0,201600.0,1.584962496393071,0,1
user_6213,8,126000.0,3600.0,2.155639055016091,0,1
user_6214,4,210000.0,198000.0,1.4999999956719148,0,1
user_6215,7,135000.0,46800.0,1.8423709874063285,0,1
user_6216,21,0.2021671,0.136138,2.5108995553309934,0,-1
user_6217,2,298800.0,298800.0,0.99999999711461,0,-1
user_6218,4,216000.0,147600.0,0.8112781215737428,0,1
user_6219,8,136800.0,39600.0,1.9056390564587862,0,1
user_622,7,146400.0,3600.0,1.4488156313970995,0,1
user_6220,5,206100.0,118800.0,1.9219280891165822,1,1
user_6221,6,161280.0,97200.0,1.9182958282837093,0,1
user_6222,1,86400.0,86400.0,0.0,0,1
user_6223,7,142200.0,3600.0,1.3787834891580906,0,1
user_6224,58,0.20110812280701756,0.125238,2.654718473783113,0,-1
user_6225,4,200400.0,165600.0,1.4999999956719148,0,1
user_6226,32,0.20006009677419354,0.125553,2.6647169913636173,0,1
user_6227,28,0.2018765925925926,0.119491,2.5881061445509665,0,-1
user_6228,7,152400.0,57600.0,1.3787834891580906,0,1
user_6229,2,230400.0,230400.0,0.99999999711461,0,1
user_623,2,270000.0,270000.0,0.99999999711461,0,1
user_6230,3,252000.0,219600.0,0.9182958311690995,0,1
user_6231,6,175680.0,111600.0,2.2516291601743474,0,1
user_6232,29,0.20124992857142857,0.129132,2.7673192442324765,0,-1
user_6233,10,110400.0,14400.0,2.0464393374575405,0,1
user_6234,3,239400.0,208800.0,1.584962496393071,0,1
user_6235,10,111200.0,7200.0,1.960964040230206,1,1
user_6236,1,86400.0,86400.0,0.0,0,1
user_6237,1,86400.0,86400.0,0.0,0,1
user_6238,6,159120.0,50400.0,1.4591479126991596,0,1
user_6239,8,131657.14285714287,54000.0,1.2987949363673135,0,1
user_624,8,139371.42857142858,46800.0,1.5487949349246184,0,1
user_6240,7,150600.0,64800.0,1.3787834891580906,0,1
user_6241,9,113850.0,10800.0,1.446616661857428,0,1
user_6242,28,0.20233199999999998,0.133278,2.708394200059918,0,-1
user_6243,4,212400.0,162000.0,1.4999999956719148,0,1
user_6244,5,172800.0,129600.0,1.5219280905592771,0,1
user_6245,2,273600.0,273600.0,0.99999999711461,0,1
user_6246,37,0.2005799722222222,0.115159,2.7039608040642023,0,1
user_6247,7,154200.0,18000.0,1.4488156313970995,0,1
user_6248,76,0.20050600000000002,0.127238,2.757320501462415,0,-1
user_6249,1,86400.0,86400.0,0.0,0,1
user_625,6,178560.0,90000.0,1.9182958282837093,0,1
user_6250,10,101200.0,25200.0,1.6854752914565543,0,1
user_6251,3,221400.0,190800.0,0.9182958311690995,0,1
user_6252,58,0.200845,0.109531,2.7444920875302934,0,1
user_6253,3,217800.0,176400.0,1.584962496393071,0,1
user_6254,5,201600.0,162000.0,1.9219280891165822,0,1
user_6255,10,105600.0,18000.0,1.4854752928992492,0,1
user_6256,3,241200.0,190800.0,1.584962496393071,0,1
user_6257,3,243000.0,216000.0,0.9182958311690995,0,1
user_6258,5,201600.0,162000.0,1.9219280891165822,0,1
user_6259,10,127600.0,32400.0,2.521928086231192,0,1
user_626,74,0.20046604109589042,0.110512,2.7827708179935606,0,-1
user_6260,6,170640.0,93600.0,1.9182958282837093,0,1
user_6261,4,210000.0,176400.0,1.4999999956719148,0,1
user_6262,1,86400.0,86400.0,0.0,0,1
user_6263,6,174240.0,93600.0,1.4591479126991596,0,1
user_6264,3,275400.0,252000.0,0.9182958311690995,0,1
user_6265,9,125550.0,28800.0,2.058813883117726,0,1
user_6266,1,86400.0,86400.0,0.0,0,1
user_6267,51,0.19930636,0.113628,2.731127423773726,0,1
user_6268,6,176400.0,93600.0,2.2516291601743474,0,1
user_6269,4,208800.0,183600.0,0.99999999711461,0,1
user_627,3,221400.0,176400.0,0.9182958311690995,0,1
user_6270,9,121500.0,7200.0,1.446616661857428,0,1
user_6271,6,167040.0,93600.0,1.2516291630597378,0,1
user_6272,2,295200.0,295200.0,0.99999999711461,1,-1
user_6273,10,121600.0,3600.0,0.9709505915692787,0,1
user_6274,41,0.19984887499999998,0.12561,2.6564527656361925,0,1
user_6275,58,0.19982612280701753,0.115451,2.687531989739094,0,1
user_6276,8,117771.42857142857,3600.0,2.155639055016091,0,1
user_6277,10,115600.0,18000.0,1.1567796451189545,0,1
user_6278,9,124650.0,21600.0,1.3516441108253072,0,1
user_6279,10,114800.0,25200.0,2.1219280876738873,1,1
user_628,10,121200.0,14400.0,2.0464393374575405,1,1
user_6280,4,212400.0,151200.0,0.99999999711461,0,1
user_6281,1,86400.0,86400.0,0.0,0,1
user_6282,7,144000.0,43200.0,1.1488348499528316,0,1
user_6283,6,181440.0,86400.0,1.9182958282837093,0,1
user_6284,73,0.19919938888888888,0.107636,2.770957298810326,0,-1
user_6285,8,135771.42857142858,28800.0,1.74999999422922,1,1
user_6286,10,118400.0,14400.0,1.1567796451189545,0,1
user_6287,10,106400.0,3600.0,2.1219280876738873,1,1
user_6288,10,121600.0,28800.0,2.3709505857984983,0,1
user_6289,9,135000.0,25200.0,2.058813883117726,0,1
user_629,1,86400.0,86400.0,0.0,0,1
user_6290,4,223200.0,201600.0,0.8112781215737428,0,1
user_6291,58,0.19929298245614036,0.111386,2.757314565821726,0,1
user_6292,2,237600.0,237600.0,0.99999999711461,0,1
user_6293,7,171000.0,61200.0,1.3787834891580906,0,1
user_6294,5,203400.0,108000.0,1.3709505901265835,0,1
user_6295,2,234000.0,234000.0,0.99999999711461,0,1
user_6296,2,295200.0,295200.0,0.99999999711461,0,-1
user_6297,2,262800.0,262800.0,0.99999999711461,1,1
user_6298,6,173520.0,79200.0,0.6500224187629642,0,1
user_6299,8,146571.42857142858,28800.0,1.9999999942292197,0,1
user_63,7,147600.0,25200.0,1.4488156313970995,0,1
user_630,2,259200.0,259200.0,-1.4426951595367387e-09,0,-1
user_6300,3,217800.0,183600.0,0.9182958311690995,0,1
user_6301,6,167760.0,118800.0,1.4591479126991596,0,1
user_6302,78,0.2009955974025974,0.119788,2.7757453813530963,0,-1
user_6303,5,180900.0,111600.0,0.7219280920019722,0,1
user_6304,20,0.1961122105263158,0.139027,2.333206210690325,0,-1
user_6305,4,219600.0,194400.0,0.8112781215737428,0,1
user_6306,1,86400.0,86400.0,0.0,0,1
user_6307,3,239400.0,208800.0,1.584962496393071,0,1
user_6308,7,162000.0,72000.0,0.5916727756969373,0,1
user_6309,8,129600.0,18000.0,1.2987949363673135,0,1
user_631,3,253800.0,226800.0,0.9182958311690995,0,1
user_6310,4,220800.0,187200.0,1.9999999942292197,0,1
user_6311,26,0.20246640000000002,0.11224,2.1706536513765626,0,-1
user_6312,1,86400.0,86400.0,0.0,0,1
user_6313,6,174960.0,64800.0,1.2516291630597378,0,1
user_6314,5,212400.0,154800.0,2.321928087673887,0,1
user_6315,5,171900.0,90000.0,0.9709505915692787,0,1
user_6316,3,235800.0,223200.0,0.9182958311690995,0,1
user_6317,2,248400.0,248400.0,0.99999999711461,0,1
user_6318,1,86400.0,86400.0,0.0,1,1
user_6319,10,126000.0,36000.0,2.446439336014845,0,1
user_632,9,127350.0,10800.0,2.197159716210674,0,1
user_6320,1,86400.0,86400.0,0.0,0,1
user_6321,6,187920.0,61200.0,1.2516291630597378,0,1
user_6322,8,132171.42857142858,28800.0,1.5487949349246184,0,1
user_6323,10,119600.0,10800.0,2.1219280876738873,1,1
user_6324,4,200400.0,162000.0,1.9999999942292197,0,1
user_6325,38,0.20160308108108105,0.111496,2.613411602924189,0,-1
user_6326,8,129600.0,25200.0,1.4999999956719148,0,1
user_6327,4,248400.0,212400.0,1.9999999942292197,0,-1
user_6328,9,128250.0,36000.0,1.6577427207341087,0,1
user_6329,6,161280.0,75600.0,1.584962496393071,1,1
user_633,1,86400.0,86400.0,0.0,0,1
user_6330,5,197100.0,104400.0,1.9219280891165822,0,1
user_6331,3,237600.0,223200.0,1.584962496393071,0,1
user_6332,8,157371.42857142858,36000.0,1.2987949363673135,0,1
user_6333,6,169920.0,115200.0,0.99999999711461,0,1
user_6334,3,246600.0,216000.0,1.584962496393071,0,1
user_6335,6,164160.0,75600.0,1.9182958282837093,0,1
user_6336,7,166800.0,75600.0,1.8423709874063285,0,1
user_6337,6,184320.0,122400.0,1.4591479126991596,0,1
user_6338,1,86400.0,86400.0,0.0,0,1
user_6339,7,163200.0,72000.0,2.128085271677919,0,1
user_634,26,0.19969720000000002,0.124226,2.7052742087757955,0,1
user_6340,9,114300.0,28800.0,1.8365916623381988,0,1
user_6341,10,117200.0,7200.0,2.1709505872411934,0,1
user_6342,7,168000.0,68400.0,1.5566567031347378,0,1
user_6343,10,115600.0,3600.0,2.1709505872411934,0,1
user_6344,3,243000.0,241200.0,0.9182958311690995,0,1
user_6345,9,128250.0,54000.0,0.9910760569528321,0,1
user_6346,4,187200.0,151200.0,1.4999999956719148,1,1
user_6347,2,277200.0,277200.0,0.99999999711461,0,1
user_6348,6,196560.0,118800.0,0.99999999711461,0,1
user_6349,7,149400.0,43200.0,2.521640627687148,0,1
user_635,2,259200.0,259200.0,0.99999999711461,0,1
user_6350,3,234000.0,194400.0,0.9182958311690995,0,1
user_6351,2,226800.0,226800.0,0.99999999711461,1,1
user_6352,4,206400.0,154800.0,0.8112781215737428,0,1
user_6353,1,86400.0,86400.0,0.0,0,1
user_6354,7,163200.0,46800.0,1.8423709874063285,0,1
user_6355,1,86400.0,86400.0,0.0,0,1
user_6356,8,138857.14285714287,64800.0,2.4056390535733962,0,1
user_6357,6,187200.0,115200.0,1.9182958282837093,0,1
user_6358,10,110400.0,28800.0,2.0464393374575405,0,1
user_6359,9,136800.0,21600.0,2.419381936990201,0,1
user_636,10,118400.0,10800.0,1.5219280905592771,0,1
user_6360,1,86400.0,86400.0,0.0,0,1
user_6361,6,167760.0,68400.0,1.4591479126991596,0,1
user_6362,7,148800.0,54000.0,1.4488156313970995,0,1
user_6363,9,123750.0,14400.0,1.446616661857428,0,1
user_6364,1,86400.0,86400.0,0.0,0,1
user_6365,6,176400.0,86400.0,1.9182958282837093,0,1
user_6366,5,196200.0,100800.0,1.5219280905592771,0,1
user_6367,27,0.20082257692307692,0.116322,2.63410508729275,0,1
user_6368,3,221400.0,201600.0,0.9182958311690995,0,1
user_6369,5,175500.0,118800.0,0.7219280920019722,0,1
user_637,10,106800.0,18000.0,1.8464393389002354,1,1
user_6370,8,148114.2857142857,72000.0,1.9999999927865248,1,1
user_6371,58,0.20103189473684213,0.111444,2.793471833191574,0,-1
user_6372,2,291600.0,291600.0,0.99999999711461,0,-1
user_6373,10,114000.0,18000.0,2.24643933745754,0,1
user_6374,10,114400.0,43200.0,1.760964041672901,0,1
user_6375,7,153600.0,64800.0,1.664497773429681,0,1
user_6376,10,113200.0,32400.0,2.321928086231192,0,1
user_6377,5,188100.0,90000.0,1.5219280905592771,1,1
user_6378,8,139885.7142857143,36000.0,2.249999992786525,0,1
user_6379,2,244800.0,244800.0,0.99999999711461,0,1
user_638,10,122400.0,32400.0,2.1219280876738873,0,1
user_6380,5,186300.0,151200.0,1.9219280891165822,0,1
user_6381,29,0.1982536428571429,0.116807,2.4985884213827743,0,-1
user_6382,1,86400.0,86400.0,0.0,0,1
user_6383,3,228600.0,190800.0,1.584962496393071,0,1
user_6384,3,239400.0,187200.0,0.9182958311690995,0,1
user_6385,3,221400.0,216000.0,1.584962496393071,0,1
user_6386,1,86400.0,86400.0,0.0,0,1
user_6387,1,86400.0,86400.0,0.0,0,1
user_6388,5,199800.0,93600.0,1.9219280891165822,0,1
user_6389,21,0.2012946,0.132648,2.61997070082877,0,-1
user_639,8,130628.57142857143,54000.0,1.061278120131048,0,1
user_6390,10,116800.0,7200.0,1.960964040230206,1,1
user_6391,8,158400.0,82800.0,1.9999999927865248,0,1
user_6392,6,171360.0,75600.0,1.4591479126991596,0,1
user_6393,10,119600.0,57600.0,1.8464393389002354,0,1
user_6394,7,147600.0,28800.0,1.664497773429681,0,1
user_6395,8,140914.2857142857,25200.0,2.49999999134383,0,1
user_6396,69,0.19986298529411764,0.115567,2.7330589183035654,0,1
user_6397,7,139200.0,18000.0,1.3787834891580906,0,1
user_6398,1,86400.0,86400.0,0.0,0,1
user_6399,7,163800.0,68400.0,2.2359263434155574,0,1
user_64,6,177840.0,93600.0,1.792481244589798,0,1
user_640,4,223200.0,208800.0,0.8112781215737428,1,1
user_6400,9,130950.0,14400.0,2.058813883117726,0,1
user_6401,1,86400.0,86400.0,0.0,1,1
user_6402,6,159120.0,79200.0,1.9182958282837093,0,1
user_6403,10,119600.0,25200.0,2.1609640387875113,1,1
user_6404,8,144000.0,57600.0,1.4056390579014812,0,1
user_6405,4,213600.0,162000.0,1.4999999956719148,0,1
user_6406,2,219600.0,219600.0,-1.4426951595367387e-09,0,-1
user_6407,5,180000.0,108000.0,1.9219280891165822,0,1
user_6408,1,86400.0,86400.0,0.0,0,1
user_6409,4,216000.0,136800.0,1.4999999956719148,1,1
user_641,4,187200.0,133200.0,0.8112781215737428,0,1
user_6410,4,231600.0,194400.0,1.9999999942292197,0,1
user_6411,8,149142.85714285713,10800.0,1.9999999942292197,0,1
user_6412,2,284400.0,284400.0,0.99999999711461,0,-1
user_6413,9,136350.0,25200.0,0.9910760569528321,0,1
user_6414,7,155400.0,7200.0,1.950212059143967,0,1
user_6415,3,226800.0,205200.0,0.9182958311690995,1,1
user_6416,9,133650.0,18000.0,1.9749374954311467,0,1
user_6417,5,172800.0,100800.0,1.3709505901265835,0,1
user_6418,6,156960.0,64800.0,0.6500224187629642,0,1
user_6419,1,86400.0,86400.0,0.0,0,1
user_642,10,94400.0,3600.0,1.1567796451189545,1,1
user_6420,1,86400.0,86400.0,0.0,0,1
user_6421,5,201600.0,93600.0,1.9219280891165822,0,1
user_6422,6,188640.0,115200.0,1.584962496393071,0,1
user_6423,3,261000.0,223200.0,0.9182958311690995,0,1
user_6424,10,111200.0,7200.0,2.446439336014845,0,1
user_6425,9,119700.0,18000.0,1.446616661857428,0,1
user_6426,1,86400.0,86400.0,0.0,0,1
user_6427,8,140400.0,64800.0,2.155639055016091,0,1
user_6428,9,122850.0,28800.0,1.224394441077901,0,1
user_6429,4,210000.0,158400.0,1.4999999956719148,1,1
user_643,9,125100.0,14400.0,2.058813883117726,1,1
user_6430,1,86400.0,86400.0,0.0,0,1
user_6431,5,175500.0,111600.0,1.9219280891165822,0,1
user_6432,6,160560.0,104400.0,0.9182958311690995,0,1
user_6433,5,196200.0,122400.0,1.9219280891165822,0,1
user_6434,7,146400.0,46800.0,2.2359263434155574,0,1
user_6435,6,156960.0,82800.0,1.792481244589798,1,1
user_6436,7,157800.0,72000.0,1.8423709874063285,0,1
user_6437,5,199800.0,126000.0,1.9219280891165822,0,1
user_6438,5,189900.0,126000.0,1.9219280891165822,0,1
user_6439,3,214200.0,180000.0,0.9182958311690995,1,1
user_644,8,139885.7142857143,18000.0,1.9999999927865248,0,1
user_6440,3,216000.0,205200.0,1.584962496393071,1,1
user_6441,4,220800.0,180000.0,1.9999999942292197,0,1
user_6442,2,248400.0,248400.0,0.99999999711461,0,1
user_6443,9,114750.0,25200.0,1.6577427207341087,0,1
user_6444,7,138000.0,3600.0,1.8423709874063285,0,1
user_6445,2,230400.0,230400.0,0.99999999711461,0,1
user_6446,8,139885.7142857143,36000.0,0.99999999711461,0,1
user_6447,5,185400.0,133200.0,1.5219280905592771,0,1
user_6448,4,216000.0,172800.0,1.9999999942292197,0,1
user_6449,6,180000.0,100800.0,2.2516291601743474,0,1
user_645,71,0.19972571428571423,0.122402,2.7500272540111816,0,-1
user_6450,3,205200.0,187200.0,0.9182958311690995,0,1
user_6451,5,175500.0,100800.0,1.5219280905592771,0,1
user_6452,1,86400.0,86400.0,0.0,0,1
user_6453,10,110400.0,7200.0,2.1709505872411934,0,1
user_6454,9,118800.0,18000.0,1.8910611063018725,0,1
user_6455,68,0.20083044776119402,0.120564,2.7547540071092036,0,-1
user_6456,9,130050.0,39600.0,2.1132833270813998,0,1
user_6457,9,132300.0,14400.0,1.7527152732089246,0,1
user_6458,7,156600.0,43200.0,1.8423709874063285,0,1
user_6459,7,169200.0,79200.0,1.8423709874063285,1,1
user_646,1,86400.0,86400.0,0.0,0,1
user_6460,5,191700.0,90000.0,1.3709505901265835,0,1
user_6461,9,131850.0,7200.0,1.7527152732089246,0,1
user_6462,10,136800.0,61200.0,1.7219280891165822,0,1
user_6463,3,244800.0,226800.0,0.9182958311690995,0,1
user_6464,72,0.1998599295774648,0.108563,2.7510362764629286,0,-1
user_6465,3,243000.0,219600.0,1.584962496393071,0,1
user_6466,4,238800.0,194400.0,1.9999999942292197,0,1
user_6467,6,166320.0,57600.0,1.4591479126991596,0,1
user_6468,8,114171.42857142857,7200.0,1.9056390564587862,0,1
user_6469,2,237600.0,237600.0,-1.4426951595367387e-09,0,-1
user_647,7,151800.0,10800.0,0.9852281331488615,0,1
user_6470,4,189600.0,133200.0,0.99999999711461,0,1
user_6471,9,116100.0,3600.0,0.9182958311690995,0,1
user_6472,5,189900.0,136800.0,0.7219280920019722,0,1
user_6473,10,115200.0,18000.0,2.24643933745754,0,1
user_6474,8,122400.0,14400.0,1.8112781186883526,0,1
user_6475,5,180900.0,111600.0,1.9219280891165822,0,1
user_6476,3,226800.0,212400.0,0.9182958311690995,0,1
user_6477,3,228600.0,219600.0,1.584962496393071,0,1
user_6478,6,176400.0,61200.0,0.9182958311690995,0,1
user_6479,5,189000.0,93600.0,1.3709505901265835,1,1
user_648,6,176400.0,57600.0,2.2516291601743474,0,1
user_6480,2,262800.0,262800.0,0.99999999711461,1,1
user_6481,2,284400.0,284400.0,0.99999999711461,0,-1
user_6482,60,0.19977428813559325,0.110328,2.732717949657546,0,1
user_6483,4,200400.0,133200.0,0.99999999711461,1,1
user_6484,41,0.199473125,0.111796,2.7568400315170063,0,1
user_6485,7,145800.0,61200.0,1.3787834891580906,0,1
user_6486,5,191700.0,122400.0,1.3709505901265835,0,1
user_6487,4,188400.0,133200.0,0.8112781215737428,0,1
user_6488,4,205200.0,154800.0,1.4999999956719148,0,1
user_6489,2,219600.0,219600.0,0.99999999711461,0,1
user_649,2,248400.0,248400.0,0.99999999711461,0,1
user_6490,8,151714.2857142857,21600.0,2.155639055016091,0,1
user_6491,3,239400.0,208800.0,1.584962496393071,0,1
user_6492,8,148114.2857142857,54000.0,1.4056390579014812,0,1
user_6493,3,266400.0,244800.0,1.584962496393071,0,-1
user_6494,4,225600.0,165600.0,1.4999999956719148,0,1
user_6495,7,139200.0,3600.0,1.950212059143967,1,1
user_6496,5,187200.0,144000.0,1.9219280891165822,0,1
user_6497,10,108400.0,3600.0,2.1709505872411934,0,1
user_6498,43,0.19797711904761905,0.109795,2.6779376398421775,0,-1
user_6499,4,228000.0,133200.0,0.8112781215737428,1,1
user_65,4,213600.0,176400.0,1.9999999942292197,1,1
user_650,5,164700.0,97200.0,1.3709505901265835,0,1
user_6500,3,261000.0,234000.0,0.9182958311690995,0,1
user_6501,5,185400.0,122400.0,1.9219280891165822,0,1
user_6502,10,116000.0,18000.0,2.1219280876738873,0,1
user_6503,10,112000.0,32400.0,1.5709505886838886,0,1
user_6504,8,129085.71428571429,3600.0,1.4056390579014812,0,1
user_6505,6,178560.0,61200.0,1.4591479126991596,0,1
user_6506,6,192240.0,108000.0,0.9182958311690995,0,1
user_6507,9,127350.0,18000.0,1.7527152732089246,0,1
user_6508,9,116100.0,18000.0,2.058813883117726,0,1
user_6509,5,176400.0,115200.0,1.5219280905592771,0,1
user_651,45,0.19941472727272727,0.111951,2.7002328875023283,0,1
user_6510,8,153771.42857142858,25200.0,1.5487949349246184,0,1
user_6511,64,0.19933465079365079,0.116606,2.6571240021364315,0,-1
user_6512,28,0.19782329629629625,0.120959,2.7170218757808526,0,-1
user_6513,4,237600.0,201600.0,0.8112781215737428,0,1
user_6514,8,121371.42857142857,3600.0,1.2987949363673135,1,1
user_6515,1,86400.0,86400.0,0.0,0,1
user_6516,9,122400.0,43200.0,2.7254805468990027,0,1
user_6517,7,148800.0,68400.0,1.8423709874063285,0,1
user_6518,1,86400.0,86400.0,0.0,0,1
user_6519,6,172080.0,93600.0,1.9182958282837093,0,1
user_652,4,193200.0,133200.0,1.4999999956719148,0,1
user_6520,6,174240.0,50400.0,0.9182958311690995,0,1
user_6521,10,110000.0,7200.0,2.321928086231192,1,1
user_6522,2,280800.0,280800.0,0.99999999711461,0,1
user_6523,40,0.20085366666666665,0.109243,2.701850837929809,0,1
user_6524,9,116100.0,3600.0,1.3921472193364495,0,1
user_6525,5,201600.0,133200.0,1.9219280891165822,0,1
user_6526,1,86400.0,86400.0,0.0,1,1
user_6527,1,86400.0,86400.0,0.0,0,1
user_6528,72,0.20020078873239439,0.11489,2.6908461809815236,0,-1
user_6529,7,154200.0,21600.0,2.128085271677919,0,1
user_653,78,0.19987463636363637,0.109216,2.681424228031318,0,-1
user_6530,3,226800.0,183600.0,1.584962496393071,0,1
user_6531,3,230400.0,187200.0,1.584962496393071,0,1
user_6532,1,86400.0,86400.0,0.0,1,1
user_6533,9,112950.0,10800.0,2.1132833270813998,0,1
user_6534,8,132171.42857142858,3600.0,2.49999999134383,0,1
user_6535,5,217800.0,140400.0,1.5219280905592771,0,1
user_6536,3,235800.0,216000.0,0.9182958311690995,0,1
user_6537,68,0.19985741791044775,0.118584,2.7177809233035424,0,1
user_6538,7,153000.0,43200.0,2.2359263434155574,0,1
user_6539,1,86400.0,86400.0,0.0,0,1
user_654,2,241200.0,241200.0,0.99999999711461,1,1
user_6540,8,128571.42857142857,28800.0,1.4056390579014812,0,1
user_6541,1,86400.0,86400.0,0.0,0,1
user_6542,4,231600.0,205200.0,0.8112781215737428,0,1
user_6543,37,0.1999264444444444,0.134168,2.715455221075078,0,1
user_6544,4,211200.0,183600.0,1.4999999956719148,0,1
user_6545,6,166320.0,93600.0,1.9182958282837093,0,1
user_6546,7,150600.0,54000.0,1.5566567031347378,0,1
user_6547,40,0.2008948717948718,0.115361,2.6394224611348025,0,1
user_6548,33,0.19921768750000002,0.132183,2.6875929725681535,0,1
user_6549,4,234000.0,201600.0,1.4999999956719148,0,1
user_655,9,133650.0,18000.0,1.8910611063018725,0,1
user_6550,6,162000.0,86400.0,0.9182958311690995,0,1
user_6551,10,114400.0,3600.0,1.5709505886838886,0,1
user_6552,10,115200.0,18000.0,1.6854752914565543,1,1
user_6553,9,132300.0,32400.0,2.419381936990201,1,1
user_6554,9,126450.0,7200.0,0.7642045036232302,0,1
user_6555,9,131850.0,25200.0,1.7527152732089246,0,1
user_6556,8,121885.71428571429,10800.0,2.249999992786525,0,1
user_6557,6,168480.0,72000.0,1.4591479126991596,0,1
user_6558,4,216000.0,180000.0,0.99999999711461,0,1
user_6559,3,253800.0,216000.0,-1.4426951595367387e-09,0,-1
user_656,10,125600.0,25200.0,1.760964041672901,1,1
user_6560,1,86400.0,86400.0,0.0,0,1
user_6561,71,0.1988187857142857,0.103498,2.7661180365120144,0,-1
user_6562,10,111600.0,18000.0,1.6854752914565543,0,1
user_6563,7,166200.0,75600.0,1.4488156313970995,0,1
user_6564,5,199800.0,154800.0,1.5219280905592771,0,1
user_6565,50,0.199417387755102,0.118889,2.5609598526130206,0,-1
user_6566,4,199200.0,176400.0,1.4999999956719148,0,1
user_6567,3,234000.0,226800.0,1.584962496393071,0,1
user_6568,7,137400.0,3600.0,1.8423709874063285,0,1
user_6569,4,206400.0,183600.0,0.99999999711461,0,1
user_657,8,128057.14285714286,21600.0,2.49999999134383,0,1
user_6570,65,0.20034578125000002,0.116044,2.7327012541672477,0,1
user_6571,9,135450.0,54000.0,1.9749374954311467,0,1
user_6572,31,0.19963703333333335,0.138167,2.739001640189394,0,-1
user_6573,4,246000.0,198000.0,1.9999999942292197,0,1
user_6574,3,241200.0,230400.0,0.9182958311690995,0,1
user_6575,2,234000.0,234000.0,0.99999999711461,0,1
user_6576,10,111200.0,7200.0,1.2954618399102367,0,1
user_6577,10,106800.0,7200.0,2.1709505872411934,0,1
user_6578,2,244800.0,244800.0,0.99999999711461,0,1
user_6579,4,201600.0,136800.0,1.4999999956719148,1,1
user_658,7,156000.0,75600.0,1.950212059143967,0,1
user_6580,4,212400.0,205200.0,0.8112781215737428,0,1
user_6581,2,288000.0,288000.0,0.99999999711461,1,-1
user_6582,7,144600.0,61200.0,1.8423709874063285,0,1
user_6583,5,168300.0,93600.0,1.3709505901265835,1,1
user_6584,6,169200.0,86400.0,2.2516291601743474,0,1
user_6585,1,86400.0,86400.0,0.0,0,1
user_6586,7,143400.0,36000.0,1.8423709874063285,0,1
user_6587,8,131142.85714285713,39600.0,2.155639055016091,1,1
user_6588,6,181440.0,104400.0,1.792481244589798,0,1
user_6589,5,177300.0,122400.0,1.3709505901265835,1,1
user_659,56,0.2001077818181818,0.103852,2.6856987706527855,0,-1
user_6590,8,136800.0,18000.0,1.8112781186883526,1,1
user_6591,1,86400.0,86400.0,0.0,0,1
user_6592,31,0.198501,0.108955,2.7010198024827097,0,1
user_6593,1,86400.0,86400.0,0.0,0,1
user_6594,78,0.199700987012987,0.128668,2.7802785716098755,0,-1
user_6595,3,219600.0,219600.0,-1.4426951595367387e-09,0,-1
user_6596,54,0.1991795471698113,0.112917,2.6658330339151246,0,1
user_6597,10,122000.0,7200.0,1.2954618399102367,0,1
user_6598,10,119200.0,18000.0,1.360964043115596,1,1
user_6599,9,137250.0,25200.0,2.058813883117726,0,1
user_66,1,86400.0,86400.0,0.0,0,1
user_660,10,110400.0,25200.0,1.6854752914565543,0,1
user_6600,3,237600.0,187200.0,-1.4426951595367387e-09,0,-1
user_6601,7,142200.0,3600.0,1.8423709874063285,0,1
user_6602,1,86400.0,86400.0,0.0,0,1
user_6603,4,219600.0,165600.0,0.8112781215737428,0,1
user_6604,8,133200.0,21600.0,1.2987949363673135,0,1
user_6605,3,221400.0,201600.0,0.9182958311690995,0,1
user_6606,6,170640.0,68400.0,0.9182958311690995,0,1
user_6607,7,151800.0,36000.0,1.950212059143967,0,1
user_6608,2,223200.0,223200.0,0.99999999711461,0,1
user_6609,3,264600.0,248400.0,0.9182958311690995,0,1
user_661,7,142200.0,39600.0,1.8423709874063285,0,1
user_6610,9,119700.0,28800.0,1.8910611063018725,0,1
user_6611,1,86400.0,86400.0,0.0,0,1
user_6612,3,246600.0,244800.0,1.584962496393071,0,1
user_6613,7,135000.0,18000.0,1.8423709874063285,0,1
user_6614,4,217200.0,133200.0,1.9999999942292197,0,1
user_6615,47,0.1998522608695652,0.117544,2.706752536200245,0,1
user_6616,1,86400.0,86400.0,0.0,0,1
user_6617,4,224400.0,205200.0,1.9999999942292197,0,1
user_6618,4,218400.0,201600.0,1.4999999956719148,0,1
user_6619,10,114400.0,10800.0,2.0464393374575405,0,1
user_662,6,164160.0,97200.0,1.4591479126991596,0,1
user_6620,7,141600.0,28800.0,1.664497773429681,0,1
user_6621,10,104800.0,7200.0,1.360964043115596,0,1
user_6622,77,0.20103446052631577,0.116124,2.7938235365710495,0,-1
user_6623,6,156240.0,61200.0,1.2516291630597378,0,1
user_6624,59,0.20007881034482755,0.110211,2.7530661268066936,0,1
user_6625,29,0.20048850000000004,0.150689,2.615927536454435,0,-1
user_6626,5,197100.0,129600.0,1.5219280905592771,0,1
user_6627,2,270000.0,270000.0,0.99999999711461,0,1
user_6628,9,128700.0,18000.0,1.9749374954311467,0,1
user_6629,5,176400.0,136800.0,1.3709505901265835,0,1
user_663,4,210000.0,180000.0,1.4999999956719148,0,1
user_6630,3,266400.0,248400.0,0.9182958311690995,0,1
user_6631,8,117257.14285714286,21600.0,1.4056390579014812,0,1
user_6632,10,114400.0,21600.0,1.8464393389002354,0,1
user_6633,7,151800.0,82800.0,1.950212059143967,0,1
user_6634,5,198900.0,144000.0,2.321928087673887,0,1
user_6635,6,180000.0,111600.0,2.2516291601743474,0,1
user_6636,4,193200.0,144000.0,1.4999999956719148,0,1
user_6637,6,188640.0,86400.0,1.792481244589798,0,1
user_6638,3,230400.0,198000.0,-1.4426951595367387e-09,0,-1
user_6639,6,174240.0,79200.0,2.2516291601743474,0,1
user_664,9,122850.0,7200.0,2.419381936990201,0,1
user_6640,5,219600.0,154800.0,2.321928087673887,0,1
user_6641,4,219600.0,183600.0,0.99999999711461,0,1
user_6642,10,118000.0,3600.0,2.1709505872411934,0,1
user_6643,2,266400.0,266400.0,-1.4426951595367387e-09,0,-1
user_6644,7,164400.0,57600.0,1.3787834891580906,0,1
user_6645,9,108450.0,7200.0,1.8910611063018725,0,1
user_6646,7,159000.0,72000.0,1.5566567031347378,0,1
user_6647,7,157800.0,28800.0,1.8423709874063285,0,1
user_6648,5,214200.0,126000.0,1.3709505901265835,1,1
user_6649,1,86400.0,86400.0,0.0,0,1
user_665,7,138600.0,61200.0,1.8423709874063285,1,1
user_6650,1,86400.0,86400.0,0.0,0,1
user_6651,2,270000.0,270000.0,-1.4426951595367387e-09,0,-1
user_6652,1,86400.0,86400.0,0.0,0,1
user_6653,29,0.19968035714285717,0.128441,2.6490893846504338,0,-1
user_6654,7,159000.0,14400.0,1.8423709874063285,0,1
user_6655,1,86400.0,86400.0,0.0,0,1
user_6656,8,142971.42857142858,39600.0,1.74999999422922,0,1
user_6657,3,221400.0,190800.0,0.9182958311690995,0,1
user_6658,39,0.2006906315789474,0.11763,2.73983458415201,0,1
user_6659,1,86400.0,86400.0,0.0,0,1
user_666,2,259200.0,259200.0,0.99999999711461,0,1
user_6660,3,252000.0,248400.0,0.9182958311690995,1,1
user_6661,1,86400.0,86400.0,0.0,0,1
user_6662,1,86400.0,86400.0,0.0,0,1
user_6663,8,134742.85714285713,54000.0,1.74999999422922,0,1
user_6664,6,170640.0,90000.0,1.2516291630597378,0,1
user_6665,7,138600.0,46800.0,0.863120565681241,0,1
user_6666,10,120800.0,18000.0,1.8464393389002354,0,1
user_6667,6,172080.0,100800.0,0.6500224187629642,0,1
user_6668,6,155520.0,75600.0,1.792481244589798,0,1
user_6669,20,0.1966794210526316,0.111866,2.528212937184831,0,-1
user_667,8,130628.57142857143,10800.0,2.155639055016091,0,1
user_6670,10,124800.0,14400.0,1.7219280891165822,1,1
user_6671,2,262800.0,262800.0,0.99999999711461,0,1
user_6672,7,145800.0,14400.0,1.664497773429681,0,1
user_6673,5,179100.0,126000.0,1.5219280905592771,1,1
user_6674,10,126800.0,46800.0,1.360964043115596,0,1
user_6675,4,220800.0,194400.0,1.4999999956719148,0,1
user_6676,6,164880.0,64800.0,1.2516291630597378,0,1
user_6677,3,243000.0,208800.0,1.584962496393071,0,1
user_6678,29,0.20091682142857142,0.130762,2.706927867525128,0,1
user_6679,7,160800.0,43200.0,1.4488156313970995,1,1
user_668,7,156600.0,82800.0,1.3787834891580906,0,1
user_6680,6,193680.0,126000.0,1.4591479126991596,0,1
user_6681,3,228600.0,190800.0,0.9182958311690995,0,1
user_6682,2,230400.0,230400.0,0.99999999711461,0,1
user_6683,10,126800.0,21600.0,1.5709505886838886,0,1
user_6684,36,0.20097354285714283,0.112929,2.763113799285275,0,1
user_6685,2,255600.0,255600.0,-1.4426951595367387e-09,0,-1
user_6686,71,0.20000627142857144,0.112915,2.7488427104785313,0,1
user_6687,7,157800.0,36000.0,0.9852281331488615,0,1
user_6688,5,201600.0,154800.0,2.321928087673887,0,1
user_6689,78,0.1999891688311688,0.111862,2.7049769637940435,0,-1
user_669,6,161280.0,97200.0,1.4591479126991596,0,1
user_6690,65,0.20071140625,0.108356,2.7460976449868917,0,-1
user_6691,66,0.20035864615384613,0.126652,2.7350471931648475,0,-1
user_6692,6,162000.0,64800.0,1.792481244589798,0,1
user_6693,20,0.20030668421052628,0.108195,2.5709505843558036,0,-1
user_6694,4,220800.0,162000.0,0.8112781215737428,0,1
user_6695,4,213600.0,154800.0,0.8112781215737428,0,1
user_6696,8,133200.0,39600.0,1.9999999927865248,0,1
user_6697,2,277200.0,277200.0,0.99999999711461,1,1
user_6698,2,259200.0,259200.0,0.99999999711461,0,1
user_6699,7,156000.0,61200.0,1.3787834891580906,0,1
user_67,8,120342.85714285714,14400.0,1.2987949363673135,0,1
user_670,4,198000.0,151200.0,1.4999999956719148,0,1
user_6700,4,211200.0,172800.0,1.4999999956719148,0,1
user_6701,3,250200.0,244800.0,0.9182958311690995,0,1
user_6702,8,142971.42857142858,28800.0,1.8112781186883526,0,1
user_6703,2,241200.0,241200.0,0.99999999711461,0,1
user_6704,9,114300.0,36000.0,2.1132833270813998,0,1
user_6705,9,121050.0,18000.0,1.7527152732089246,0,1
user_6706,5,185400.0,100800.0,1.5219280905592771,0,1
user_6707,3,237600.0,187200.0,1.584962496393071,0,1
user_6708,9,122400.0,18000.0,2.058813883117726,0,1
user_6709,10,118400.0,21600.0,1.5709505886838886,0,1
user_671,3,216000.0,212400.0,0.9182958311690995,0,1
user_6710,7,153600.0,21600.0,1.4488156313970995,0,1
user_6711,6,167760.0,108000.0,1.9182958282837093,0,1
user_6712,1,86400.0,86400.0,0.0,0,1
user_6713,4,207600.0,194400.0,0.99999999711461,0,1
user_6714,3,244800.0,234000.0,0.9182958311690995,0,1
user_6715,3,248400.0,237600.0,0.9182958311690995,0,1
user_6716,1,86400.0,86400.0,0.0,0,1
user_6717,75,0.20120445945945944,0.113743,2.776601730118098,0,-1
user_6718,3,243000.0,241200.0,1.584962496393071,0,1
user_6719,5,183600.0,122400.0,1.9219280891165822,0,1
user_672,34,0.20073669696969698,0.121391,2.605682230927833,0,1
user_6720,3,207000.0,187200.0,0.9182958311690995,0,1
user_6721,5,208800.0,165600.0,1.3709505901265835,0,1
user_6722,8,122400.0,54000.0,0.8112781215737428,0,1
user_6723,3,216000.0,187200.0,1.584962496393071,0,1
user_6724,1,86400.0,86400.0,0.0,0,1
user_6725,10,114400.0,18000.0,1.8464393389002354,0,1
user_6726,4,216000.0,176400.0,1.4999999956719148,0,1
user_6727,8,148114.2857142857,61200.0,1.4999999956719148,1,1
user_6728,3,228600.0,205200.0,1.584962496393071,0,1
user_6729,7,148800.0,21600.0,2.128085271677919,1,1
user_673,8,138857.14285714287,21600.0,1.9056390564587862,0,1
user_6730,28,0.2002820740740741,0.118734,2.695375343752765,0,1
user_6731,4,216000.0,172800.0,0.8112781215737428,0,1
user_6732,10,110000.0,28800.0,2.24643933745754,0,1
user_6733,9,116100.0,18000.0,1.7527152732089246,0,1
user_6734,10,111600.0,10800.0,1.6854752914565543,0,1
user_6735,74,0.19915150684931504,0.120754,2.7294310027743838,0,-1
user_6736,6,165600.0,68400.0,2.2516291601743474,0,1
user_6737,4,226800.0,194400.0,-1.4426951595367387e-09,0,-1
user_6738,4,201600.0,144000.0,1.9999999942292197,0,1
user_6739,10,104000.0,7200.0,0.9219280905592773,0,1
user_674,9,125100.0,7200.0,1.5304930524293974,0,1
user_6740,6,165600.0,57600.0,2.2516291601743474,0,1
user_6741,2,259200.0,259200.0,0.99999999711461,0,1
user_6742,2,273600.0,273600.0,0.99999999711461,0,1
user_6743,8,131657.14285714287,36000.0,1.4056390579014812,0,1
user_6744,30,0.20072410344827588,0.13125,2.460220904967731,0,-1
user_6745,52,0.200407568627451,0.122033,2.7524112275905135,0,1
user_6746,1,86400.0,86400.0,0.0,1,1
user_6747,6,177840.0,108000.0,0.6500224187629642,1,1
user_6748,10,108800.0,7200.0,2.0464393374575405,0,1
user_6749,6,198000.0,104400.0,1.4591479126991596,0,1
user_675,8,142971.42857142858,18000.0,1.9999999927865248,1,1
user_6750,8,141428.57142857142,14400.0,1.9056390564587862,0,1
user_6751,44,0.1995887906976744,0.134014,2.7323820430375094,0,1
user_6752,8,140914.2857142857,7200.0,1.9999999927865248,0,1
user_6753,6,173520.0,79200.0,1.584962496393071,0,1
user_6754,5,189900.0,115200.0,1.3709505901265835,0,1
user_6755,25,0.20097924999999997,0.11654,2.503465179502782,0,-1
user_6756,5,177300.0,122400.0,1.9219280891165822,0,1
user_6757,6,177840.0,82800.0,2.2516291601743474,0,1
user_6758,4,206400.0,147600.0,1.4999999956719148,0,1
user_6759,5,189000.0,93600.0,1.9219280891165822,0,1
user_676,2,295200.0,295200.0,0.99999999711461,0,-1
user_6760,7,156000.0,28800.0,2.2359263434155574,0,1
user_6761,6,156240.0,64800.0,1.4591479126991596,0,1
user_6762,10,104400.0,14400.0,2.446439336014845,0,1
user_6763,10,119600.0,7200.0,2.24643933745754,0,1
user_6764,10,116400.0,3600.0,0.8812908963453026,1,1
user_6765,8,131142.85714285713,18000.0,2.155639055016091,0,1
user_6766,4,231600.0,208800.0,-1.4426951595367387e-09,0,-1
user_6767,3,252000.0,205200.0,1.584962496393071,0,1
user_6768,2,237600.0,237600.0,-1.4426951595367387e-09,0,-1
user_6769,4,247200.0,208800.0,1.4999999956719148,1,1
user_677,4,220800.0,165600.0,1.4999999956719148,0,1
user_6770,30,0.20066965517241375,0.129941,2.7395722518878576,0,1
user_6771,4,214800.0,158400.0,1.9999999942292197,0,1
user_6772,5,191700.0,140400.0,1.3709505901265835,0,1
user_6773,7,160200.0,61200.0,2.2359263434155574,0,1
user_6774,4,248400.0,208800.0,0.8112781215737428,0,1
user_6775,2,280800.0,280800.0,0.99999999711461,0,1
user_6776,3,216000.0,187200.0,1.584962496393071,0,1
user_6777,8,150171.42857142858,61200.0,1.9999999927865248,0,1
user_6778,2,252000.0,252000.0,0.99999999711461,0,1
user_6779,7,157800.0,61200.0,0.863120565681241,0,1
user_678,10,113200.0,21600.0,2.24643933745754,0,1
user_6780,2,266400.0,266400.0,0.99999999711461,0,1
user_6781,10,112800.0,10800.0,2.1709505872411934,0,1
user_6782,2,280800.0,280800.0,0.99999999711461,0,1
user_6783,5,207000.0,154800.0,1.9219280891165822,0,1
user_6784,8,125485.71428571429,14400.0,1.061278120131048,0,1
user_6785,2,273600.0,273600.0,0.99999999711461,0,1
user_6786,10,115600.0,7200.0,2.1709505872411934,0,1
user_6787,1,86400.0,86400.0,0.0,0,1
user_6788,10,101600.0,3600.0,2.3709505857984983,0,1
user_6789,10,107200.0,3600.0,2.0464393374575405,0,1
user_679,3,241200.0,216000.0,0.9182958311690995,0,1
user_6790,71,0.20023001428571427,0.11836,2.710008670563929,0,-1
user_6791,8,124971.42857142857,18000.0,1.2987949363673135,0,1
user_6792,3,239400.0,212400.0,1.584962496393071,0,1
user_6793,9,132750.0,32400.0,1.8365916623381988,0,1
user_6794,8,143485.7142857143,7200.0,2.49999999134383,0,1
user_6795,8,154800.0,64800.0,1.2987949363673135,0,1
user_6796,1,86400.0,86400.0,0.0,0,1
user_6797,39,0.20034081578947371,0.123446,2.606937599492179,0,1
user_6798,68,0.1995418208955224,0.112866,2.5942817731953474,0,-1
user_6799,9,111600.0,10800.0,0.9910760569528321,0,1
user_68,7,143400.0,18000.0,2.128085271677919,0,1
user_680,6,172080.0,93600.0,1.4591479126991596,0,1
user_6800,7,153000.0,21600.0,1.4488156313970995,0,1
user_6801,3,255600.0,216000.0,1.584962496393071,0,1
user_6802,3,230400.0,208800.0,0.9182958311690995,1,1
user_6803,10,113600.0,18000.0,2.0464393374575405,0,1
user_6804,4,212400.0,198000.0,1.4999999956719148,0,1
user_6805,8,131657.14285714287,10800.0,2.155639055016091,1,1
user_6806,2,273600.0,273600.0,0.99999999711461,1,1
user_6807,72,0.1999428028169014,0.131663,2.7795982224853155,0,-1
user_6808,9,123750.0,10800.0,1.5304930524293974,0,1
user_6809,7,147000.0,10800.0,1.4488156313970995,0,1
user_681,3,210600.0,183600.0,0.9182958311690995,0,1
user_6810,10,120800.0,36000.0,1.8464393389002354,0,1
user_6811,6,163440.0,93600.0,0.9182958311690995,0,1
user_6812,57,0.19961341071428573,0.108055,2.720216875226037,0,1
user_6813,10,114800.0,36000.0,1.360964043115596,0,1
user_6814,4,218400.0,158400.0,1.9999999942292197,0,1
user_6815,2,252000.0,252000.0,-1.4426951595367387e-09,0,-1
user_6816,5,207900.0,111600.0,1.3709505901265835,0,1
user_6817,5,180900.0,90000.0,1.9219280891165822,0,1
user_6818,41,0.20062885000000003,0.141782,2.5388962029914577,0,-1
user_6819,1,86400.0,86400.0,0.0,0,1
user_682,9,122400.0,10800.0,1.8910611063018725,0,1
user_6820,7,155400.0,21600.0,1.950212059143967,0,1
user_6821,4,214800.0,136800.0,1.9999999942292197,0,1
user_6822,1,86400.0,86400.0,0.0,0,1
user_6823,8,130114.28571428571,14400.0,1.9056390564587862,0,1
user_6824,4,225600.0,187200.0,1.4999999956719148,0,1
user_6825,3,230400.0,176400.0,0.9182958311690995,1,1
user_6826,8,133200.0,25200.0,2.249999992786525,0,1
user_6827,9,110700.0,7200.0,1.7527152732089246,0,1
user_6828,1,86400.0,86400.0,0.0,0,1
user_6829,4,229200.0,208800.0,1.4999999956719148,0,1
user_683,9,116100.0,3600.0,1.224394441077901,0,1
user_6830,8,148628.57142857142,32400.0,1.74999999422922,0,1
user_6831,9,128250.0,3600.0,1.4355204999545814,0,1
user_6832,8,142971.42857142858,46800.0,1.8112781186883526,0,1
user_6833,5,202500.0,140400.0,1.9219280891165822,0,1
user_6834,8,133200.0,3600.0,2.155639055016091,0,1
user_6835,10,124000.0,3600.0,1.8954618384675417,0,1
user_6836,10,116800.0,14400.0,2.446439336014845,1,1
user_6837,6,172080.0,75600.0,1.792481244589798,0,1
user_6838,4,205200.0,133200.0,1.4999999956719148,0,1
user_6839,8,124971.42857142857,21600.0,1.9999999942292197,0,1
user_684,7,142800.0,10800.0,1.664497773429681,0,1
user_6840,3,203400.0,180000.0,1.584962496393071,0,1
user_6841,5,178200.0,111600.0,1.3709505901265835,1,1
user_6842,3,259200.0,255600.0,1.584962496393071,0,-1
user_6843,7,150600.0,25200.0,1.8423709874063285,0,1
user_6844,4,192000.0,144000.0,1.4999999956719148,0,1
user_6845,2,270000.0,270000.0,0.99999999711461,0,1
user_6846,2,234000.0,234000.0,0.99999999711461,0,1
user_6847,2,298800.0,298800.0,0.99999999711461,0,-1
user_6848,9,114750.0,36000.0,0.7642045036232302,0,1
user_6849,6,182160.0,72000.0,1.4591479126991596,0,1
user_685,22,0.20368166666666665,0.143059,2.3677946812991495,0,-1
user_6850,2,277200.0,277200.0,-1.4426951595367387e-09,0,-1
user_6851,8,137828.57142857142,25200.0,1.5487949349246184,0,1
user_6852,10,112800.0,10800.0,1.360964043115596,0,1
user_6853,2,277200.0,277200.0,-1.4426951595367387e-09,0,-1
user_6854,9,108900.0,10800.0,2.1132833270813998,0,1
user_6855,2,219600.0,219600.0,0.99999999711461,0,1
user_6856,1,86400.0,86400.0,0.0,0,1
user_6857,2,284400.0,284400.0,-1.4426951595367387e-09,1,-1
user_6858,1,86400.0,86400.0,0.0,0,1
user_6859,10,120400.0,25200.0,1.8464393389002354,1,1
user_686,4,196800.0,158400.0,0.8112781215737428,0,1
user_6860,2,226800.0,226800.0,0.99999999711461,0,1
user_6861,8,139371.42857142858,14400.0,2.155639055016091,0,1
user_6862,2,277200.0,277200.0,-1.4426951595367387e-09,0,-1
user_6863,9,135900.0,25200.0,2.419381936990201,0,1
user_6864,3,223200.0,208800.0,0.9182958311690995,0,1
user_6865,76,0.19952725333333335,0.108487,2.744363610982424,0,-1
user_6866,21,0.2011301,0.118645,2.439005508948596,0,-1
user_6867,9,128700.0,25200.0,2.7254805468990027,1,1
user_6868,73,0.1991157222222222,0.123549,2.7450082075203834,0,-1
user_6869,9,121950.0,32400.0,2.419381936990201,0,1
user_687,9,124200.0,25200.0,2.197159716210674,0,1
user_6870,5,206100.0,90000.0,1.5219280905592771,0,1
user_6871,2,277200.0,277200.0,0.99999999711461,0,1
user_6872,3,244800.0,237600.0,0.9182958311690995,0,1
user_6873,56,0.19873192727272723,0.125207,2.7326103468759526,0,-1
user_6874,3,244800.0,190800.0,0.9182958311690995,0,1
user_6875,8,131657.14285714287,28800.0,1.4056390579014812,0,1
user_6876,5,181800.0,126000.0,1.9219280891165822,0,1
user_6877,8,134742.85714285713,57600.0,1.74999999422922,0,1
user_6878,5,201600.0,162000.0,0.7219280920019722,0,1
user_6879,10,116400.0,3600.0,1.2954618399102367,0,1
user_688,2,262800.0,262800.0,0.99999999711461,0,1
user_6880,5,204300.0,162000.0,0.7219280920019722,0,1
user_6881,3,239400.0,190800.0,1.584962496393071,0,1
user_6882,80,0.19944796202531642,0.12218,2.7847716662025475,0,-1
user_6883,56,0.19969896363636358,0.117922,2.7371867792937663,0,1
user_6884,3,205200.0,176400.0,0.9182958311690995,0,1
user_6885,5,173700.0,140400.0,0.9709505915692787,0,1
user_6886,8,142457.14285714287,36000.0,1.5612781201310477,0,1
user_6887,10,102400.0,7200.0,2.1219280876738873,0,1
user_6888,78,0.19969712987012986,0.119533,2.7723646400964546,0,-1
user_6889,2,237600.0,237600.0,0.99999999711461,0,1
user_689,2,277200.0,277200.0,0.99999999711461,0,1
user_6890,9,119250.0,3600.0,1.224394441077901,0,1
user_6891,8,133714.2857142857,25200.0,2.249999992786525,0,1
user_6892,8,136800.0,32400.0,2.155639055016091,0,1
user_6893,8,148114.2857142857,68400.0,2.49999999134383,0,1
user_6894,9,117900.0,21600.0,1.7527152732089246,0,1
user_6895,10,125600.0,18000.0,1.8954618384675417,0,1
user_6896,1,86400.0,86400.0,0.0,0,1
user_6897,38,0.1981747027027027,0.109242,2.753956452471905,0,-1
user_6898,9,126450.0,3600.0,1.7527152732089246,0,1
user_6899,6,175680.0,64800.0,1.584962496393071,0,1
user_69,10,113600.0,3600.0,1.360964043115596,0,1
user_690,9,127350.0,3600.0,2.058813883117726,0,1
user_6900,5,212400.0,129600.0,2.321928087673887,0,1
user_6901,9,134550.0,32400.0,2.1132833270813998,0,1
user_6902,4,236400.0,172800.0,1.4999999956719148,0,1
user_6903,10,117600.0,10800.0,1.7219280891165822,0,1
user_6904,2,270000.0,270000.0,-1.4426951595367387e-09,0,-1
user_6905,5,224100.0,162000.0,1.5219280905592771,0,1
user_6906,80,0.20046173417721516,0.107635,2.7583978851309974,0,-1
user_6907,9,125550.0,28800.0,2.058813883117726,0,1
user_6908,3,261000.0,244800.0,0.9182958311690995,0,1
user_6909,2,241200.0,241200.0,0.99999999711461,0,1
user_691,2,266400.0,266400.0,0.99999999711461,0,1
user_6910,3,243000.0,205200.0,0.9182958311690995,0,1
user_6911,8,123428.57142857143,39600.0,1.2987949363673135,0,1
user_6912,21,0.19869725,0.123481,2.6887727693076404,0,-1
user_6913,9,123300.0,3600.0,2.197159716210674,0,1
user_6914,3,253800.0,208800.0,0.9182958311690995,0,1
user_6915,5,195300.0,158400.0,0.9709505915692787,0,1
user_6916,62,0.1996712786885246,0.110236,2.683828186175554,0,1
user_6917,10,100800.0,7200.0,1.960964040230206,0,1
user_6918,9,132300.0,14400.0,2.419381936990201,1,1
user_6919,2,252000.0,252000.0,0.99999999711461,0,1
user_692,7,177600.0,64800.0,2.128085271677919,0,1
user_6920,2,237600.0,237600.0,0.99999999711461,0,1
user_6921,6,174240.0,50400.0,2.2516291601743474,1,1
user_6922,3,261000.0,255600.0,0.9182958311690995,0,1
user_6923,7,152400.0,3600.0,0.9852281331488615,0,1
user_6924,55,0.19928735185185187,0.118657,2.672611423806287,0,1
user_6925,5,198900.0,108000.0,1.9219280891165822,0,1
user_6926,2,234000.0,234000.0,0.99999999711461,0,1
user_6927,3,244800.0,241200.0,1.584962496393071,0,1
user_6928,3,228600.0,219600.0,1.584962496393071,0,1
user_6929,9,116550.0,14400.0,2.419381936990201,0,1
user_693,2,288000.0,288000.0,0.99999999711461,0,-1
user_6930,47,0.2011047391304348,0.113986,2.6550583953056814,0,1
user_6931,10,123200.0,25200.0,2.1219280876738873,0,1
user_6932,54,0.19911277358490564,0.133171,2.6891902562857464,0,-1
user_6933,9,123300.0,54000.0,2.1132833270813998,0,1
user_6934,10,107600.0,10800.0,1.6854752914565543,0,1
user_6935,4,201600.0,183600.0,1.4999999956719148,0,1
user_6936,6,155520.0,68400.0,1.792481244589798,0,1
user_6937,6,164880.0,64800.0,1.4591479126991596,0,1
user_6938,5,189000.0,122400.0,1.3709505901265835,0,1
user_6939,33,0.19825325,0.104412,2.7099831262396674,0,-1
user_694,4,234000.0,201600.0,0.8112781215737428,0,1
user_6940,8,136285.7142857143,21600.0,1.9056390564587862,0,1
user_6941,5,177300.0,100800.0,2.321928087673887,0,1
user_6942,4,220800.0,165600.0,1.9999999942292197,0,1
user_6943,10,124800.0,3600.0,2.6464393345721504,0,1
user_6944,3,252000.0,248400.0,0.9182958311690995,0,1
user_6945,6,170640.0,68400.0,2.2516291601743474,1,1
user_6946,6,177120.0,82800.0,1.2516291630597378,0,1
user_6947,7,142800.0,10800.0,1.4488156313970995,0,1
user_6948,10,101200.0,7200.0,1.8464393389002354,1,1
user_6949,2,237600.0,237600.0,0.99999999711461,0,1
user_695,7,151800.0,46800.0,2.2359263434155574,0,1
user_6950,4,228000.0,201600.0,1.4999999956719148,0,1
user_6951,55,0.20080455555555557,0.113563,2.774974771044149,0,1
user_6952,8,126000.0,57600.0,2.155639055016091,0,1
user_6953,7,160800.0,46800.0,1.3787834891580906,0,1
user_6954,3,203400.0,187200.0,0.9182958311690995,1,1
user_6955,6,166320.0,82800.0,1.9182958282837093,0,1
user_6956,7,165600.0,72000.0,1.3787834891580906,0,1
user_6957,4,220800.0,176400.0,-1.4426951595367387e-09,0,-1
user_6958,1,86400.0,86400.0,0.0,0,1
user_6959,3,262800.0,255600.0,1.584962496393071,0,-1
user_696,8,139885.7142857143,21600.0,1.9999999942292197,0,1
user_6960,8,147085.7142857143,25200.0,1.5612781201310477,0,1
user_6961,7,139200.0,21600.0,2.521640627687148,0,1
user_6962,5,198900.0,140400.0,1.3709505901265835,0,1
user_6963,10,114800.0,21600.0,2.521928086231192,0,1
user_6964,7,164400.0,46800.0,2.521640627687148,0,1
user_6965,20,0.19908326315789474,0.146262,2.74643933457215,0,-1
user_6966,10,110400.0,10800.0,1.9709505886838885,0,1
user_6967,6,166320.0,72000.0,1.4591479126991596,0,1
user_6968,3,241200.0,241200.0,1.584962496393071,0,1
user_6969,8,163542.85714285713,68400.0,2.155639055016091,0,1
user_697,1,86400.0,86400.0,0.0,1,1
user_6970,2,255600.0,255600.0,0.99999999711461,0,1
user_6971,44,0.19982409302325577,0.111746,2.7197648484478796,0,1
user_6972,9,113850.0,7200.0,1.3921472193364495,0,1
user_6973,8,130114.28571428571,18000.0,1.74999999422922,0,1
user_6974,4,213600.0,183600.0,1.4999999956719148,0,1
user_6975,5,181800.0,140400.0,1.5219280905592771,0,1
user_6976,1,86400.0,86400.0,0.0,0,1
user_6977,6,174960.0,100800.0,1.4591479126991596,0,1
user_6978,7,166200.0,68400.0,2.521640627687148,0,1
user_6979,2,280800.0,280800.0,-1.4426951595367387e-09,0,-1
user_698,9,118800.0,14400.0,1.7527152732089246,0,1
user_6980,5,180900.0,104400.0,2.321928087673887,0,1
user_6981,1,86400.0,86400.0,0.0,1,1
user_6982,10,113600.0,7200.0,1.960964040230206,1,1
user_6983,1,86400.0,86400.0,0.0,0,1
user_6984,8,133200.0,3600.0,1.74999999422922,0,1
user_6985,4,225600.0,194400.0,1.9999999942292197,0,1
user_6986,3,250200.0,237600.0,1.584962496393071,0,1
user_6987,3,248400.0,244800.0,0.9182958311690995,0,1
user_6988,1,86400.0,86400.0,0.0,0,1
user_6989,8,148114.2857142857,54000.0,1.8112781186883526,0,1
user_699,8,132685.7142857143,32400.0,2.155639055016091,0,1
user_6990,9,126450.0,32400.0,2.058813883117726,0,1
user_6991,41,0.20028467499999997,0.102823,2.652433325724472,0,-1
user_6992,4,235200.0,212400.0,1.9999999942292197,0,1
user_6993,9,113850.0,7200.0,2.197159716210674,0,1
user_6994,2,252000.0,252000.0,0.99999999711461,0,1
user_6995,7,157800.0,32400.0,1.5566567031347378,0,1
user_6996,9,129150.0,61200.0,1.3516441108253072,0,1
user_6997,6,172080.0,72000.0,0.6500224187629642,0,1
user_6998,8,134742.85714285713,43200.0,1.2987949363673135,0,1
user_6999,6,164880.0,93600.0,1.9182958282837093,0,1
user_7,9,132750.0,21600.0,1.6577427207341087,0,1
user_70,8,122914.28571428571,21600.0,1.74999999422922,0,1
user_700,10,102400.0,18000.0,2.0464393374575405,0,1
user_7000,4,206400.0,151200.0,1.9999999942292197,0,1
user_7001,2,226800.0,226800.0,0.99999999711461,0,1
user_7002,2,280800.0,280800.0,0.99999999711461,0,1
user_7003,2,270000.0,270000.0,0.99999999711461,0,1
user_7004,3,243000.0,234000.0,1.584962496393071,0,1
user_7005,4,226800.0,198000.0,1.4999999956719148,1,1
user_7006,5,202500.0,147600.0,1.5219280905592771,0,1
user_7007,57,0.20031148214285716,0.120746,2.695382702197068,0,1
user_7008,7,153600.0,46800.0,2.2359263434155574,0,1
user_7009,2,252000.0,252000.0,0.99999999711461,0,1
user_701,1,86400.0,86400.0,0.0,0,1
user_7010,5,188100.0,122400.0,1.9219280891165822,0,1
user_7011,2,273600.0,273600.0,0.99999999711461,0,1
user_7012,9,135900.0,32400.0,2.197159716210674,0,1
user_7013,3,237600.0,183600.0,1.584962496393071,0,1
user_7014,10,112400.0,18000.0,2.24643933745754,1,1
user_7015,4,230400.0,190800.0,0.8112781215737428,1,1
user_7016,2,259200.0,259200.0,0.99999999711461,0,1
user_7017,2,262800.0,262800.0,0.99999999711461,0,1
user_7018,26,0.19928196,0.144449,2.464325650833857,0,-1
user_7019,22,0.20324447619047614,0.117847,2.6647069060218853,0,-1
user_702,7,141600.0,46800.0,1.5566567031347378,0,1
user_7020,7,166200.0,79200.0,1.8423709874063285,0,1
user_7021,10,132000.0,14400.0,1.3567796436762596,0,1
user_7022,74,0.1987492191780822,0.112199,2.7646629231418074,0,-1
user_7023,5,180000.0,100800.0,1.3709505901265835,0,1
user_7024,5,180900.0,133200.0,1.9219280891165822,0,1
user_7025,43,0.19922257142857142,0.107883,2.7217544328395404,0,1
user_7026,1,86400.0,86400.0,0.0,0,1
user_7027,5,207000.0,147600.0,1.9219280891165822,0,1
user_7028,7,153000.0,64800.0,1.664497773429681,0,1
user_7029,7,141000.0,61200.0,2.128085271677919,0,1
user_703,4,189600.0,147600.0,0.99999999711461,0,1
user_7030,6,183600.0,111600.0,1.584962496393071,0,1
user_7031,5,190800.0,111600.0,0.9709505915692787,1,1
user_7032,7,151200.0,61200.0,1.664497773429681,0,1
user_7033,7,132000.0,32400.0,1.8423709874063285,0,1
user_7034,7,156600.0,14400.0,0.863120565681241,0,1
user_7035,3,246600.0,223200.0,0.9182958311690995,0,1
user_7036,6,178560.0,115200.0,1.4591479126991596,0,1
user_7037,10,122400.0,28800.0,2.24643933745754,0,1
user_7038,9,106650.0,3600.0,1.8365916623381988,0,1
user_7039,1,86400.0,86400.0,0.0,0,1
user_704,10,112000.0,28800.0,2.446439336014845,0,1
user_7040,6,164880.0,50400.0,1.9182958282837093,0,1
user_7041,73,0.19953881944444443,0.111579,2.780998869346361,0,-1
user_7042,5,192600.0,115200.0,1.9219280891165822,0,1
user_7043,44,0.1997844651162791,0.130159,2.6461730906629746,0,-1
user_7044,7,130800.0,14400.0,2.521640627687148,0,1
user_7045,2,241200.0,241200.0,-1.4426951595367387e-09,0,-1
user_7046,3,241200.0,230400.0,-1.4426951595367387e-09,1,-1
user_7047,2,295200.0,295200.0,0.99999999711461,0,-1
user_7048,6,155520.0,90000.0,1.2516291630597378,0,1
user_7049,8,148628.57142857142,46800.0,2.155639055016091,0,1
user_705,6,172080.0,118800.0,1.9182958282837093,0,1
user_7050,3,226800.0,176400.0,0.9182958311690995,0,1
user_7051,5,200700.0,136800.0,1.3709505901265835,0,1
user_7052,2,255600.0,255600.0,0.99999999711461,0,1
user_7053,7,148800.0,46800.0,1.8423709874063285,0,1
user_7054,1,86400.0,86400.0,0.0,1,1
user_7055,3,226800.0,219600.0,0.9182958311690995,0,1
user_7056,80,0.2009733417721519,0.118897,2.7979086959343236,0,-1
user_7057,2,262800.0,262800.0,0.99999999711461,0,1
user_7058,7,150000.0,36000.0,1.8423709874063285,0,1
user_7059,5,180900.0,126000.0,1.5219280905592771,0,1
user_706,5,196200.0,140400.0,1.3709505901265835,0,1
user_7060,9,116100.0,14400.0,1.879964941513636,0,1
user_7061,1,86400.0,86400.0,0.0,0,1
user_7062,27,0.2023315,0.123997,2.576637717504107,0,-1
user_7063,6,154800.0,50400.0,1.4591479126991596,0,1
user_7064,2,248400.0,248400.0,0.99999999711461,0,1
user_7065,2,284400.0,284400.0,-1.4426951595367387e-09,0,-1
user_7066,47,0.1993591521739131,0.110434,2.4834641081043203,0,-1
user_7067,8,145542.85714285713,36000.0,2.155639055016091,1,1
user_7068,4,224400.0,176400.0,1.4999999956719148,0,1
user_7069,7,165000.0,54000.0,1.3787834891580906,0,1
user_707,5,177300.0,97200.0,1.9219280891165822,0,1
user_7070,8,146571.42857142858,36000.0,1.74999999422922,0,1
user_7071,7,154200.0,32400.0,1.3787834891580906,0,1
user_7072,5,161100.0,104400.0,1.5219280905592771,0,1
user_7073,7,146400.0,50400.0,2.128085271677919,0,1
user_7074,9,120150.0,39600.0,1.5304930524293974,0,1
user_7075,8,143485.7142857143,43200.0,2.249999992786525,0,1
user_7076,6,149760.0,54000.0,1.792481244589798,0,1
user_7077,6,156240.0,104400.0,0.9182958311690995,0,1
user_7078,57,0.19938278571428575,0.108679,2.684269295737,0,1
user_7079,3,244800.0,237600.0,0.9182958311690995,0,1
user_708,1,86400.0,86400.0,0.0,0,1
user_7080,9,116550.0,10800.0,2.197159716210674,1,1
user_7081,1,86400.0,86400.0,0.0,0,1
user_7082,4,230400.0,205200.0,0.99999999711461,0,1
user_7083,9,135450.0,36000.0,1.879964941513636,0,1
user_7084,10,116800.0,10800.0,2.1709505872411934,0,1
user_7085,5,179100.0,90000.0,0.9709505915692787,0,1
user_7086,5,202500.0,140400.0,1.9219280891165822,0,1
user_7087,4,230400.0,190800.0,1.4999999956719148,0,1
user_7088,5,200700.0,162000.0,1.9219280891165822,0,1
user_7089,7,138000.0,46800.0,2.2359263434155574,0,1
user_709,3,223200.0,194400.0,0.9182958311690995,0,1
user_7090,3,246600.0,208800.0,0.9182958311690995,0,1
user_7091,5,199800.0,118800.0,1.3709505901265835,0,1
user_7092,2,288000.0,288000.0,0.99999999711461,0,-1
user_7093,10,107200.0,3600.0,1.760964041672901,1,1
user_7094,6,172080.0,104400.0,1.9182958282837093,1,1
user_7095,3,235800.0,212400.0,0.9182958311690995,0,1
user_7096,1,86400.0,86400.0,0.0,0,1
user_7097,9,119700.0,32400.0,2.197159716210674,0,1
user_7098,9,126450.0,21600.0,1.224394441077901,0,1
user_7099,8,139885.7142857143,54000.0,1.9056390564587862,0,1
user_71,10,115600.0,14400.0,1.4854752928992492,0,1
user_710,48,0.2006098085106383,0.122296,2.7632555240342893,0,1
user_7100,8,131142.85714285713,28800.0,1.8112781186883526,0,1
user_7101,4,210000.0,158400.0,0.8112781215737428,0,1
user_7102,78,0.19973157142857142,0.110613,2.796667823525516,0,-1
user_7103,3,244800.0,205200.0,1.584962496393071,0,1
user_7104,1,86400.0,86400.0,0.0,0,1
user_7105,7,144600.0,50400.0,2.128085271677919,0,1
user_7106,6,166320.0,72000.0,1.4591479126991596,1,1
user_7107,1,86400.0,86400.0,0.0,0,1
user_7108,1,86400.0,86400.0,0.0,0,1
user_7109,4,208800.0,133200.0,1.4999999956719148,0,1
user_711,24,0.1972560434782609,0.11099,2.5739348861851905,0,-1
user_7110,64,0.19948392063492065,0.112849,2.7727846176724693,0,1
user_7111,10,116000.0,10800.0,1.5709505901265834,0,1
user_7112,6,158400.0,46800.0,1.4591479126991596,0,1
user_7113,8,134742.85714285713,7200.0,1.74999999422922,1,1
user_7114,3,246600.0,216000.0,0.9182958311690995,0,1
user_7115,1,86400.0,86400.0,0.0,0,1
user_7116,6,147600.0,72000.0,1.2516291630597378,0,1
user_7117,3,239400.0,205200.0,1.584962496393071,0,1
user_7118,3,241200.0,234000.0,1.584962496393071,0,1
user_7119,38,0.198346972972973,0.12396,2.753956452471905,0,-1
user_712,8,144514.2857142857,50400.0,2.249999992786525,1,1
user_7120,1,86400.0,86400.0,0.0,0,1
user_7121,9,123300.0,25200.0,0.7642045036232302,0,1
user_7122,7,165000.0,64800.0,1.8423709874063285,0,1
user_7123,39,0.19948163157894738,0.112765,2.7649743275198593,0,1
user_7124,1,86400.0,86400.0,0.0,0,1
user_7125,8,147085.7142857143,25200.0,1.4056390579014812,0,1
user_7126,10,115200.0,21600.0,2.0464393374575405,0,1
user_7127,7,154800.0,28800.0,1.950212059143967,0,1
user_7128,4,190800.0,147600.0,1.4999999956719148,0,1
user_7129,3,210600.0,176400.0,0.9182958311690995,0,1
user_713,8,119828.57142857143,18000.0,1.5612781201310477,1,1
user_7130,2,248400.0,248400.0,0.99999999711461,0,1
user_7131,8,146571.42857142858,43200.0,2.155639055016091,0,1
user_7132,2,295200.0,295200.0,0.99999999711461,0,-1
user_7133,7,156600.0,36000.0,1.8423709874063285,1,1
user_7134,3,219600.0,180000.0,1.584962496393071,0,1
user_7135,59,0.19988244827586207,0.104932,2.7342322578771268,0,1
user_7136,74,0.19973300000000002,0.114158,2.692728163969815,0,-1
user_7137,2,219600.0,219600.0,0.99999999711461,0,1
user_7138,1,86400.0,86400.0,0.0,0,1
user_7139,1,86400.0,86400.0,0.0,1,1
user_714,2,252000.0,252000.0,0.99999999711461,0,1
user_7140,25,0.20247870833333334,0.118469,2.698688560352232,0,-1
user_7141,53,0.19981403846153847,0.11959,2.63753459650545,0,1
user_7142,5,180000.0,111600.0,1.5219280905592771,0,1
user_7143,9,117900.0,39600.0,0.9910760569528321,0,1
user_7144,58,0.1991336315789474,0.114527,2.7278963855562997,0,1
user_7145,6,182160.0,97200.0,1.9182958282837093,0,1
user_7146,2,288000.0,288000.0,0.99999999711461,0,-1
user_7147,8,131142.85714285713,21600.0,1.4056390579014812,0,1
user_7148,4,204000.0,162000.0,1.4999999956719148,0,1
user_7149,32,0.20094464516129032,0.128736,2.720759459602775,0,1
user_715,33,0.20096415625000003,0.138144,2.7917063387251226,0,-1
user_7150,10,117200.0,18000.0,2.24643933745754,0,1
user_7151,10,114000.0,3600.0,2.1609640387875113,0,1
user_7152,8,149657.14285714287,3600.0,0.99999999711461,0,1
user_7153,3,214200.0,183600.0,0.9182958311690995,0,1
user_7154,1,86400.0,86400.0,0.0,0,1
user_7155,6,174960.0,75600.0,1.4591479126991596,0,1
user_7156,4,232800.0,201600.0,-1.4426951595367387e-09,0,-1
user_7157,3,216000.0,176400.0,0.9182958311690995,0,1
user_7158,10,111200.0,21600.0,1.8464393389002354,0,1
user_7159,3,237600.0,198000.0,1.584962496393071,0,1
user_716,5,189900.0,126000.0,1.9219280891165822,0,1
user_7160,2,248400.0,248400.0,0.99999999711461,0,1
user_7161,10,118400.0,10800.0,1.9709505886838885,0,1
user_7162,5,193500.0,111600.0,1.5219280905592771,0,1
user_7163,4,228000.0,183600.0,1.4999999956719148,0,1
user_7164,8,135257.14285714287,3600.0,1.74999999422922,0,1
user_7165,4,217200.0,198000.0,1.9999999942292197,0,1
user_7166,3,230400.0,198000.0,1.584962496393071,0,1
user_7167,9,105300.0,10800.0,1.3516441108253072,0,1
user_7168,10,110400.0,7200.0,1.760964041672901,1,1
user_7169,8,133714.2857142857,18000.0,1.74999999422922,0,1
user_717,5,171900.0,133200.0,1.5219280905592771,0,1
user_7170,8,131142.85714285713,32400.0,2.155639055016091,0,1
user_7171,4,252000.0,212400.0,1.4999999956719148,1,1
user_7172,24,0.1993840869565217,0.127852,2.438054680816856,0,-1
user_7173,8,140914.2857142857,32400.0,1.5487949349246184,0,1
user_7174,3,217800.0,180000.0,1.584962496393071,0,1
user_7175,6,174960.0,75600.0,1.4591479126991596,0,1
user_7176,1,86400.0,86400.0,0.0,0,1
user_7177,51,0.19887646000000003,0.128786,2.717543945223523,0,1
user_7178,24,0.19737934782608696,0.146348,2.439798181424818,0,-1
user_7179,67,0.19963737878787877,0.121017,2.7578709250569102,0,1
user_718,5,199800.0,136800.0,1.9219280891165822,0,1
user_7180,7,147000.0,18000.0,2.128085271677919,0,1
user_7181,6,180720.0,126000.0,2.2516291601743474,0,1
user_7182,10,115600.0,14400.0,2.321928086231192,0,1
user_7183,5,186300.0,140400.0,0.9709505915692787,0,1
user_7184,4,228000.0,183600.0,1.4999999956719148,0,1
user_7185,10,107600.0,21600.0,1.760964041672901,1,1
user_7186,6,164160.0,50400.0,1.9182958282837093,0,1
user_7187,1,86400.0,86400.0,0.0,0,1
user_7188,9,114750.0,10800.0,1.5304930524293974,0,1
user_7189,6,177840.0,97200.0,1.792481244589798,0,1
user_719,3,250200.0,212400.0,0.9182958311690995,0,1
user_7190,8,148628.57142857142,54000.0,1.061278120131048,0,1
user_7191,9,129150.0,50400.0,2.197159716210674,0,1
user_7192,6,159840.0,86400.0,0.6500224187629642,0,1
user_7193,8,146571.42857142858,72000.0,1.74999999422922,0,1
user_7194,7,145200.0,28800.0,1.8423709874063285,0,1
user_7195,62,0.19936222950819674,0.117153,2.729123232302231,0,1
user_7196,8,139885.7142857143,46800.0,1.5487949349246184,0,1
user_7197,5,174600.0,104400.0,1.9219280891165822,0,1
user_7198,6,167040.0,90000.0,1.9182958282837093,0,1
user_7199,9,129600.0,39600.0,1.8365916623381988,0,1
user_72,8,121371.42857142857,7200.0,1.74999999422922,1,1
user_720,6,155520.0,75600.0,1.9182958282837093,0,1
user_7200,2,259200.0,259200.0,0.99999999711461,0,1
user_7201,1,86400.0,86400.0,0.0,1,1
user_7202,5,212400.0,151200.0,1.3709505901265835,0,1
user_7203,8,147600.0,28800.0,1.4056390579014812,0,1
user_7204,8,129600.0,18000.0,1.2987949363673135,0,1
user_7205,9,123300.0,18000.0,2.281036105339948,0,1
user_7206,28,0.20168566666666674,0.140663,2.583616965298367,0,-1
user_7207,7,163200.0,68400.0,1.5566567031347378,0,1
user_7208,5,187200.0,111600.0,1.3709505901265835,0,1
user_7209,3,230400.0,212400.0,1.584962496393071,0,1
user_721,4,231600.0,190800.0,1.9999999942292197,0,1
user_7210,5,183600.0,133200.0,0.9709505915692787,0,1
user_7211,4,206400.0,183600.0,0.99999999711461,0,1
user_7212,8,122914.28571428571,3600.0,1.4056390579014812,0,1
user_7213,44,0.20089027906976745,0.131159,2.6702320115369007,0,-1
user_7214,9,118800.0,3600.0,1.7527152732089246,0,1
user_7215,2,270000.0,270000.0,0.99999999711461,0,1
user_7216,33,0.20103378125,0.124741,2.7099831262396674,0,1
user_7217,10,131200.0,61200.0,1.8464393389002354,0,1
user_7218,4,217200.0,165600.0,0.8112781215737428,0,1
user_7219,10,109600.0,10800.0,2.446439336014845,1,1
user_722,68,0.20077043283582088,0.114041,2.7560811901348754,0,-1
user_7220,8,141942.85714285713,61200.0,1.5487949349246184,0,1
user_7221,9,139950.0,28800.0,2.197159716210674,0,1
user_7222,58,0.199805701754386,0.109953,2.787414643264603,0,1
user_7223,2,288000.0,288000.0,0.99999999711461,0,-1
user_7224,1,86400.0,86400.0,0.0,0,1
user_7225,3,250200.0,248400.0,0.9182958311690995,0,1
user_7226,1,86400.0,86400.0,0.0,0,1
user_7227,1,86400.0,86400.0,0.0,0,1
user_7228,6,174960.0,104400.0,2.2516291601743474,0,1
user_7229,6,172800.0,104400.0,1.9182958282837093,0,1
user_723,8,139885.7142857143,21600.0,1.4999999956719148,0,1
user_7230,6,165600.0,90000.0,1.4591479126991596,0,1
user_7231,9,124200.0,28800.0,1.5304930524293974,1,1
user_7232,3,243000.0,230400.0,0.9182958311690995,0,1
user_7233,5,202500.0,169200.0,1.9219280891165822,1,1
user_7234,10,115600.0,10800.0,2.446439336014845,0,1
user_7235,9,131850.0,3600.0,1.8910611063018725,0,1
user_7236,3,214200.0,208800.0,1.584962496393071,0,1
user_7237,68,0.2008757910447761,0.11068,2.7798929547127007,0,-1
user_7238,26,0.19810324,0.110174,2.6874129223638668,0,-1
user_7239,57,0.19976303571428572,0.124525,2.7463063848560028,0,1
user_724,8,117257.14285714286,10800.0,2.155639055016091,0,1
user_7240,1,86400.0,86400.0,0.0,0,1
user_7241,4,223200.0,147600.0,0.99999999711461,0,1
user_7242,55,0.20080874074074073,0.113093,2.725148366466856,0,1
user_7243,10,106800.0,3600.0,1.760964041672901,0,1
user_7244,40,0.19868228205128205,0.118161,2.744588486543476,0,1
user_7245,21,0.1982968,0.1096,2.719964294643526,0,-1
user_7246,9,130050.0,10800.0,2.1132833270813998,0,1
user_7247,5,190800.0,104400.0,1.9219280891165822,0,1
user_7248,10,120800.0,10800.0,2.1219280876738873,0,1
user_7249,3,230400.0,198000.0,0.9182958311690995,0,1
user_725,3,239400.0,230400.0,1.584962496393071,0,1
user_7250,2,237600.0,237600.0,0.99999999711461,0,1
user_7251,48,0.2007906170212766,0.13026,2.70968606419844,0,1
user_7252,10,111600.0,21600.0,2.446439336014845,0,1
user_7253,37,0.19857230555555558,0.120776,2.677973546807164,0,1
user_7254,4,201600.0,140400.0,1.4999999956719148,0,1
user_7255,2,295200.0,295200.0,-1.4426951595367387e-09,0,-1
user_7256,3,239400.0,190800.0,1.584962496393071,0,1
user_7257,5,178200.0,133200.0,1.9219280891165822,0,1
user_7258,9,118800.0,10800.0,1.7527152732089246,1,1
user_7259,1,86400.0,86400.0,0.0,0,1
user_726,7,160800.0,61200.0,1.8423709874063285,0,1
user_7260,72,0.19957081690140843,0.118435,2.695486040029988,0,-1
user_7261,4,228000.0,172800.0,-1.4426951595367387e-09,0,-1
user_7262,3,226800.0,187200.0,-1.4426951595367387e-09,0,-1
user_7263,3,230400.0,183600.0,1.584962496393071,1,1
user_7264,40,0.1977669230769231,0.143488,2.749181449273882,0,-1
user_7265,9,119700.0,3600.0,1.7527152732089246,0,1
user_7266,6,181440.0,118800.0,0.9182958311690995,0,1
user_7267,3,208800.0,176400.0,0.9182958311690995,0,1
user_7268,10,116000.0,7200.0,1.760964041672901,1,1
user_7269,69,0.20001411764705884,0.1105,2.7029551706629245,0,-1
user_727,22,0.2008848095238095,0.129217,2.681276359503716,0,-1
user_7270,5,198900.0,158400.0,1.3709505901265835,0,1
user_7271,3,230400.0,223200.0,0.9182958311690995,0,1
user_7272,2,223200.0,223200.0,0.99999999711461,0,1
user_7273,5,214200.0,122400.0,1.3709505901265835,0,1
user_7274,4,229200.0,187200.0,1.4999999956719148,0,1
user_7275,9,121050.0,21600.0,1.3921472193364495,1,1
user_7276,6,185040.0,122400.0,1.4591479126991596,0,1
user_7277,1,86400.0,86400.0,0.0,0,1
user_7278,3,243000.0,212400.0,1.584962496393071,0,1
user_7279,9,120150.0,3600.0,2.197159716210674,0,1
user_728,5,201600.0,126000.0,1.9219280891165822,0,1
user_7280,1,86400.0,86400.0,0.0,0,1
user_7281,5,181800.0,115200.0,1.3709505901265835,0,1
user_7282,10,116800.0,25200.0,1.8464393389002354,0,1
user_7283,7,154800.0,75600.0,2.128085271677919,0,1
user_7284,6,171360.0,61200.0,1.9182958282837093,0,1
user_7285,49,0.20103239583333332,0.121052,2.7207563970741857,0,1
user_7286,1,86400.0,86400.0,0.0,1,1
user_7287,9,119250.0,7200.0,1.4355204999545814,0,1
user_7288,6,173520.0,104400.0,1.792481244589798,0,1
user_7289,6,168480.0,86400.0,1.2516291630597378,0,1
user_729,1,86400.0,86400.0,0.0,0,1
user_7290,6,183600.0,100800.0,1.792481244589798,0,1
user_7291,9,130950.0,18000.0,1.8365916623381988,0,1
user_7292,8,147085.7142857143,18000.0,1.74999999422922,0,1
user_7293,1,86400.0,86400.0,0.0,0,1
user_7294,3,253800.0,216000.0,0.9182958311690995,0,1
user_7295,1,86400.0,86400.0,0.0,1,1
user_7296,4,217200.0,162000.0,1.4999999956719148,0,1
user_7297,5,170100.0,97200.0,1.3709505901265835,0,1
user_7298,7,175200.0,79200.0,1.8423709874063285,0,1
user_7299,1,86400.0,86400.0,0.0,0,1
user_73,10,107600.0,7200.0,1.9709505886838885,1,1
user_730,7,134400.0,25200.0,2.128085271677919,1,1
user_7300,4,235200.0,183600.0,1.4999999956719148,0,1
user_7301,3,248400.0,237600.0,0.9182958311690995,0,1
user_7302,3,228600.0,216000.0,0.9182958311690995,0,1
user_7303,2,270000.0,270000.0,-1.4426951595367387e-09,0,-1
user_7304,1,86400.0,86400.0,0.0,0,1
user_7305,53,0.19837561538461537,0.114152,2.6820561398893794,0,-1
user_7306,2,280800.0,280800.0,0.99999999711461,0,1
user_7307,1,86400.0,86400.0,0.0,0,1
user_7308,10,100400.0,14400.0,2.0464393374575405,0,1
user_7309,6,169200.0,57600.0,1.9182958282837093,0,1
user_731,7,142800.0,10800.0,2.128085271677919,0,1
user_7310,1,86400.0,86400.0,0.0,0,1
user_7311,6,180720.0,122400.0,2.2516291601743474,0,1
user_7312,6,195120.0,118800.0,1.584962496393071,0,1
user_7313,9,119700.0,10800.0,0.9910760569528321,0,1
user_7314,1,86400.0,86400.0,0.0,0,1
user_7315,5,198000.0,104400.0,1.3709505901265835,0,1
user_7316,52,0.1987507254901961,0.120814,2.77407450901483,0,1
user_7317,4,225600.0,194400.0,1.9999999942292197,0,1
user_7318,5,190800.0,140400.0,1.5219280905592771,0,1
user_7319,4,201600.0,180000.0,1.9999999942292197,0,1
user_732,8,134742.85714285713,3600.0,2.249999992786525,0,1
user_7320,3,261000.0,223200.0,0.9182958311690995,1,1
user_7321,10,109200.0,3600.0,2.1219280876738873,0,1
user_7322,8,144000.0,50400.0,1.9056390564587862,0,1
user_7323,4,200400.0,136800.0,0.8112781215737428,0,1
user_7324,8,143485.7142857143,68400.0,1.061278120131048,0,1
user_7325,5,207900.0,100800.0,1.9219280891165822,0,1
user_7326,3,205200.0,190800.0,1.584962496393071,0,1
user_7327,5,208800.0,162000.0,1.9219280891165822,0,1
user_7328,6,200880.0,90000.0,1.9182958282837093,0,1
user_7329,6,179280.0,93600.0,1.4591479126991596,0,1
user_733,4,200400.0,169200.0,1.9999999942292197,0,1
user_7330,9,114300.0,14400.0,1.8910611063018725,0,1
user_7331,8,143485.7142857143,43200.0,1.2987949363673135,0,1
user_7332,2,262800.0,262800.0,0.99999999711461,0,1
user_7333,4,224400.0,176400.0,0.8112781215737428,1,1
user_7334,9,125550.0,14400.0,2.419381936990201,1,1
user_7335,9,119700.0,21600.0,1.7527152732089246,0,1
user_7336,10,119600.0,32400.0,1.1567796451189545,0,1
user_7337,6,172080.0,118800.0,1.792481244589798,0,1
user_7338,4,223200.0,208800.0,0.99999999711461,0,1
user_7339,4,210000.0,144000.0,1.9999999942292197,0,1
user_734,6,169200.0,75600.0,1.4591479126991596,0,1
user_7340,2,241200.0,241200.0,-1.4426951595367387e-09,0,-1
user_7341,6,172800.0,90000.0,2.2516291601743474,1,1
user_7342,79,0.2000582564102564,0.112844,2.684390569316052,0,-1
user_7343,5,189000.0,90000.0,1.5219280905592771,0,1
user_7344,32,0.19740754838709673,0.107918,2.488608492075071,0,-1
user_7345,4,216000.0,169200.0,1.4999999956719148,0,1
user_7346,3,250200.0,241200.0,1.584962496393071,0,1
user_7347,1,86400.0,86400.0,0.0,0,1
user_7348,9,130950.0,7200.0,2.197159716210674,0,1
user_7349,6,164880.0,97200.0,1.792481244589798,0,1
user_735,10,107200.0,3600.0,1.8464393389002354,0,1
user_7350,36,0.20113611428571432,0.11968,2.4982358409143632,0,-1
user_7351,5,197100.0,111600.0,1.3709505901265835,0,1
user_7352,6,155520.0,68400.0,1.4591479126991596,0,1
user_7353,8,140914.2857142857,57600.0,1.5612781201310477,0,1
user_7354,9,121950.0,43200.0,2.197159716210674,0,1
user_7355,8,119314.28571428571,39600.0,1.74999999422922,0,1
user_7356,7,157800.0,61200.0,1.3787834891580906,0,1
user_7357,2,226800.0,226800.0,0.99999999711461,0,1
user_7358,3,257400.0,237600.0,0.9182958311690995,0,1
user_7359,28,0.20002370370370368,0.126851,2.6100053606969373,0,-1
user_736,6,175680.0,90000.0,1.792481244589798,0,1
user_7360,10,120000.0,14400.0,1.960964040230206,0,1
user_7361,6,167040.0,64800.0,1.4591479126991596,0,1
user_7362,2,280800.0,280800.0,0.99999999711461,0,1
user_7363,3,264600.0,230400.0,0.9182958311690995,0,1
user_7364,5,201600.0,144000.0,1.3709505901265835,0,1
user_7365,5,176400.0,129600.0,1.3709505901265835,0,1
user_7366,2,259200.0,259200.0,0.99999999711461,0,1
user_7367,7,133200.0,14400.0,2.2359263434155574,0,1
user_7368,8,146571.42857142858,25200.0,1.4056390579014812,0,1
user_7369,9,118350.0,14400.0,1.7527152732089246,0,1
user_737,2,237600.0,237600.0,0.99999999711461,0,1
user_7370,5,199800.0,144000.0,1.5219280905592771,0,1
user_7371,5,195300.0,154800.0,0.9709505915692787,0,1
user_7372,10,130000.0,18000.0,1.7219280891165822,0,1
user_7373,78,0.20031935064935066,0.111496,2.7218291789097058,0,-1
user_7374,9,113850.0,43200.0,1.6577427207341087,0,1
user_7375,4,217200.0,147600.0,1.4999999956719148,0,1
user_7376,5,192600.0,147600.0,1.9219280891165822,0,1
user_7377,7,142200.0,43200.0,2.2359263434155574,1,1
user_7378,7,178800.0,50400.0,1.8423709874063285,0,1
user_7379,8,150171.42857142858,64800.0,1.4056390579014812,0,1
user_738,7,136200.0,21600.0,1.3787834891580906,0,1
user_7380,2,230400.0,230400.0,0.99999999711461,0,1
user_7381,22,0.19836895238095242,0.1074,2.7155894277838737,0,-1
user_7382,4,210000.0,147600.0,1.4999999956719148,0,1
user_7383,9,132300.0,21600.0,1.7527152732089246,0,1
user_7384,4,190800.0,158400.0,0.8112781215737428,0,1
user_7385,41,0.1996311,0.107744,2.7878386668047974,0,1
user_7386,4,205200.0,190800.0,0.99999999711461,0,1
user_7387,9,134100.0,14400.0,2.197159716210674,0,1
user_7388,6,187200.0,111600.0,1.9182958282837093,0,1
user_7389,3,237600.0,208800.0,0.9182958311690995,0,1
user_739,2,280800.0,280800.0,0.99999999711461,0,1
user_7390,9,136800.0,46800.0,1.9749374954311467,0,1
user_7391,7,141000.0,21600.0,1.950212059143967,0,1
user_7392,4,223200.0,198000.0,1.4999999956719148,0,1
user_7393,8,145028.57142857142,14400.0,1.8112781186883526,0,1
user_7394,3,248400.0,241200.0,1.584962496393071,0,1
user_7395,1,86400.0,86400.0,0.0,0,1
user_7396,2,273600.0,273600.0,0.99999999711461,0,1
user_7397,53,0.19996934615384615,0.1248,2.6987831193024197,0,1
user_7398,1,86400.0,86400.0,0.0,0,1
user_7399,3,246600.0,244800.0,0.9182958311690995,0,1
user_74,9,123300.0,14400.0,2.281036105339948,0,1
user_740,6,171360.0,72000.0,1.2516291630597378,0,1
user_7400,1,86400.0,86400.0,0.0,0,1
user_7401,4,217200.0,183600.0,0.8112781215737428,0,1
user_7402,7,151200.0,14400.0,1.950212059143967,0,1
user_7403,5,184500.0,162000.0,1.9219280891165822,0,1
user_7404,7,147600.0,68400.0,1.5566567031347378,0,1
user_7405,23,0.2017838636363637,0.12581,2.403784229915474,0,-1
user_7406,5,210600.0,154800.0,1.5219280905592771,0,1
user_7407,5,177300.0,104400.0,1.3709505901265835,0,1
user_7408,6,174960.0,82800.0,1.4591479126991596,0,1
user_7409,7,152400.0,46800.0,1.8423709874063285,0,1
user_741,5,190800.0,100800.0,1.3709505901265835,0,1
user_7410,7,168600.0,46800.0,2.2359263434155574,0,1
user_7411,1,86400.0,86400.0,0.0,0,1
user_7412,4,210000.0,158400.0,0.8112781215737428,0,1
user_7413,7,159000.0,28800.0,1.8423709874063285,0,1
user_7414,2,252000.0,252000.0,-1.4426951595367387e-09,0,-1
user_7415,1,86400.0,86400.0,0.0,0,1
user_7416,8,140914.2857142857,54000.0,1.4056390579014812,0,1
user_7417,6,176400.0,86400.0,1.9182958282837093,0,1
user_7418,8,140914.2857142857,28800.0,1.74999999422922,0,1
user_7419,3,250200.0,244800.0,0.9182958311690995,0,1
user_742,45,0.19852384090909087,0.113213,2.76274197622026,0,1
user_7420,2,244800.0,244800.0,-1.4426951595367387e-09,0,-1
user_7421,9,123300.0,7200.0,2.197159716210674,0,1
user_7422,3,223200.0,180000.0,1.584962496393071,0,1
user_7423,4,213600.0,133200.0,1.4999999956719148,0,1
user_7424,5,172800.0,111600.0,1.3709505901265835,1,1
user_7425,1,86400.0,86400.0,0.0,1,1
user_7426,4,217200.0,201600.0,1.4999999956719148,0,1
user_7427,7,136800.0,7200.0,1.8423709874063285,0,1
user_7428,36,0.1996546857142857,0.1269,2.7506587710712016,0,1
user_7429,8,153257.14285714287,21600.0,2.155639055016091,0,1
user_743,9,117000.0,10800.0,1.3516441108253072,0,1
user_7430,1,86400.0,86400.0,0.0,0,1
user_7431,10,113600.0,28800.0,0.8812908963453026,0,1
user_7432,36,0.2017631142857143,0.112307,2.7732395764130606,0,-1
user_7433,26,0.19863044000000002,0.140475,2.643364959758995,0,-1
user_7434,37,0.1998754444444444,0.118364,2.6470209244361733,0,1
user_7435,1,86400.0,86400.0,0.0,0,1
user_7436,9,125100.0,14400.0,2.5032583261194756,0,1
user_7437,8,129600.0,18000.0,1.4056390579014812,0,1
user_7438,74,0.20000313698630137,0.107168,2.7109018746755202,0,-1
user_7439,7,160800.0,50400.0,1.3787834891580906,0,1
user_744,7,147600.0,25200.0,2.128085271677919,0,1
user_7440,5,187200.0,133200.0,1.3709505901265835,0,1
user_7441,10,113200.0,14400.0,1.5219280905592771,0,1
user_7442,7,135600.0,14400.0,1.8423709874063285,0,1
user_7443,8,141428.57142857142,21600.0,1.74999999422922,0,1
user_7444,1,86400.0,86400.0,0.0,0,1
user_7445,7,153000.0,36000.0,1.664497773429681,0,1
user_7446,4,198000.0,162000.0,1.4999999956719148,0,1
user_7447,9,117450.0,3600.0,1.5304930524293974,0,1
user_7448,8,126514.28571428571,14400.0,1.9056390564587862,1,1
user_7449,43,0.2005408333333334,0.136179,2.7363867696556032,0,-1
user_745,25,0.1967293333333333,0.119922,2.6750849417209146,0,-1
user_7450,26,0.20061048000000004,0.137065,2.6902603808695194,0,-1
user_7451,35,0.19865032352941178,0.122776,2.685689080122374,0,1
user_7452,4,235200.0,154800.0,1.4999999956719148,0,1
user_7453,5,220500.0,165600.0,0.9709505915692787,0,1
user_7454,73,0.19971191666666666,0.106513,2.7358398211739114,0,-1
user_7455,2,223200.0,223200.0,0.99999999711461,0,1
user_7456,3,212400.0,187200.0,0.9182958311690995,0,1
user_7457,4,206400.0,140400.0,1.9999999942292197,0,1
user_7458,3,234000.0,212400.0,0.9182958311690995,0,1
user_7459,6,160560.0,86400.0,1.792481244589798,0,1
user_746,1,86400.0,86400.0,0.0,0,1
user_7460,76,0.19903752,0.102461,2.779089323971061,0,-1
user_7461,54,0.19924928301886793,0.102493,2.7215105704559974,0,-1
user_7462,2,255600.0,255600.0,0.99999999711461,0,1
user_7463,1,86400.0,86400.0,0.0,0,1
user_7464,3,225000.0,183600.0,0.9182958311690995,0,1
user_7465,4,210000.0,194400.0,0.99999999711461,0,1
user_7466,9,128250.0,36000.0,1.3516441108253072,0,1
user_7467,3,237600.0,216000.0,0.9182958311690995,0,1
user_7468,6,185760.0,79200.0,1.4591479126991596,0,1
user_7469,4,224400.0,201600.0,1.4999999956719148,0,1
user_747,7,168000.0,64800.0,1.8423709874063285,0,1
user_7470,2,291600.0,291600.0,-1.4426951595367387e-09,0,-1
user_7471,10,112000.0,10800.0,1.8464393389002354,0,1
user_7472,7,149400.0,43200.0,1.950212059143967,0,1
user_7473,9,149850.0,61200.0,0.9910760569528321,0,1
user_7474,8,134742.85714285713,32400.0,2.249999992786525,0,1
user_7475,10,106800.0,3600.0,2.1709505872411934,0,1
user_7476,7,147600.0,46800.0,1.5566567031347378,0,1
user_7477,5,187200.0,104400.0,1.5219280905592771,0,1
user_7478,44,0.2000116976744186,0.133101,2.7671251447912057,0,-1
user_7479,3,223200.0,216000.0,0.9182958311690995,1,1
user_748,7,146400.0,50400.0,1.664497773429681,0,1
user_7480,5,205200.0,154800.0,1.9219280891165822,0,1
user_7481,4,225600.0,180000.0,0.8112781215737428,0,1
user_7482,1,86400.0,86400.0,0.0,0,1
user_7483,75,0.20038356756756753,0.111713,2.741073348615126,0,-1
user_7484,61,0.19941560000000003,0.123342,2.7971521409375932,0,-1
user_7485,10,122000.0,14400.0,2.6464393345721504,0,1
user_7486,27,0.19875930769230768,0.118694,2.8010027697622526,0,-1
user_7487,5,194400.0,129600.0,0.9709505915692787,0,1
user_7488,7,141000.0,39600.0,1.8423709874063285,0,1
user_7489,1,86400.0,86400.0,0.0,0,1
user_749,7,157800.0,46800.0,1.3787834891580906,0,1
user_7490,10,116400.0,18000.0,2.1219280876738873,0,1
user_7491,41,0.20045982499999998,0.136314,2.7928827179150533,0,-1
user_7492,5,209700.0,97200.0,1.5219280905592771,0,1
user_7493,9,130950.0,61200.0,1.8910611063018725,1,1
user_7494,1,86400.0,86400.0,0.0,0,1
user_7495,7,160200.0,25200.0,1.8423709874063285,0,1
user_7496,3,243000.0,219600.0,1.584962496393071,0,1
user_7497,8,144000.0,14400.0,1.4056390579014812,0,1
user_7498,2,262800.0,262800.0,0.99999999711461,0,1
user_7499,10,121600.0,32400.0,2.0464393374575405,0,1
user_75,5,197100.0,90000.0,1.3709505901265835,0,1
user_750,35,0.1991183823529412,0.120598,2.5627634263938837,0,-1
user_7500,5,210600.0,151200.0,1.3709505901265835,0,1
user_7501,4,216000.0,183600.0,1.4999999956719148,0,1
user_7502,8,123942.85714285714,7200.0,2.155639055016091,0,1
user_7503,8,113657.14285714286,10800.0,1.9056390564587862,0,1
user_7504,4,207600.0,176400.0,1.9999999942292197,0,1
user_7505,5,206100.0,147600.0,0.9709505915692787,0,1
user_7506,3,219600.0,187200.0,1.584962496393071,0,1
user_7507,1,86400.0,86400.0,0.0,0,1
user_7508,47,0.19917421739130436,0.129309,2.7650229615616584,0,1
user_7509,10,112800.0,7200.0,1.4854752928992492,0,1
user_751,2,248400.0,248400.0,0.99999999711461,0,1
user_7510,6,174240.0,75600.0,0.6500224187629642,0,1
user_7511,8,136800.0,10800.0,1.5487949349246184,0,1
user_7512,1,86400.0,86400.0,0.0,0,1
user_7513,1,86400.0,86400.0,0.0,0,1
user_7514,6,173520.0,68400.0,1.4591479126991596,0,1
user_7515,7,157200.0,18000.0,1.8423709874063285,0,1
user_7516,6,178560.0,61200.0,1.584962496393071,1,1
user_7517,42,0.1980950243902439,0.116141,2.6963043313175508,0,-1
user_7518,2,277200.0,277200.0,0.99999999711461,0,1
user_7519,4,213600.0,136800.0,1.4999999956719148,0,1
user_752,2,255600.0,255600.0,0.99999999711461,1,1
user_7520,10,114800.0,3600.0,0.9709505915692787,0,1
user_7521,10,120400.0,10800.0,2.321928086231192,0,1
user_7522,10,108800.0,3600.0,2.0464393374575405,0,1
user_7523,8,136800.0,28800.0,0.9544340000395749,0,1
user_7524,4,235200.0,187200.0,0.99999999711461,0,1
user_7525,3,232200.0,176400.0,1.584962496393071,0,1
user_7526,5,188100.0,122400.0,1.3709505901265835,0,1
user_7527,31,0.19906636666666666,0.127835,2.645563028826821,0,1
user_7528,5,197100.0,104400.0,1.3709505901265835,1,1
user_7529,60,0.2009336440677966,0.114812,2.72230087683051,0,1
user_753,78,0.2007172987012987,0.121622,2.775111097764929,0,-1
user_7530,1,86400.0,86400.0,0.0,0,1
user_7531,6,180720.0,50400.0,1.4591479126991596,0,1
user_7532,62,0.19972837704918034,0.122135,2.7582834675891665,0,1
user_7533,4,226800.0,169200.0,1.9999999942292197,0,1
user_7534,5,215100.0,129600.0,1.9219280891165822,0,1
user_7535,6,177120.0,118800.0,1.4591479126991596,1,1
user_7536,6,187200.0,115200.0,1.9182958282837093,0,1
user_7537,6,174240.0,122400.0,1.2516291630597378,0,1
user_7538,10,123200.0,28800.0,1.8464393389002354,0,1
user_7539,2,223200.0,223200.0,0.99999999711461,0,1
user_754,3,225000.0,205200.0,0.9182958311690995,0,1
user_7540,3,255600.0,216000.0,0.9182958311690995,0,1
user_7541,55,0.20045562962962965,0.13593,2.754226799739294,0,-1
user_7542,3,234000.0,223200.0,0.9182958311690995,0,1
user_7543,4,205200.0,133200.0,0.8112781215737428,0,1
user_7544,4,228000.0,198000.0,1.9999999942292197,0,1
user_7545,5,192600.0,162000.0,1.5219280905592771,0,1
user_7546,3,243000.0,237600.0,0.9182958311690995,0,1
user_7547,4,200400.0,147600.0,1.4999999956719148,0,1
user_7548,6,167760.0,90000.0,1.4591479126991596,0,1
user_7549,9,128700.0,3600.0,1.3921472193364495,0,1
user_755,3,214200.0,190800.0,0.9182958311690995,0,1
user_7550,1,86400.0,86400.0,0.0,1,1
user_7551,6,177840.0,86400.0,1.9182958282837093,1,1
user_7552,2,259200.0,259200.0,-1.4426951595367387e-09,0,-1
user_7553,7,157200.0,25200.0,1.4488156313970995,0,1
user_7554,4,207600.0,169200.0,0.8112781215737428,0,1
user_7555,80,0.1992428227848101,0.117715,2.7071108894303606,0,-1
user_7556,9,120150.0,14400.0,2.058813883117726,0,1
user_7557,2,237600.0,237600.0,0.99999999711461,0,1
user_7558,2,288000.0,288000.0,0.99999999711461,0,-1
user_7559,7,134400.0,7200.0,1.1488348499528316,0,1
user_756,8,128571.42857142857,25200.0,0.99999999711461,0,1
user_7560,22,0.19664919047619048,0.114262,2.7155894277838737,0,-1
user_7561,9,123750.0,7200.0,2.1132833270813998,0,1
user_7562,6,169920.0,75600.0,2.2516291601743474,1,1
user_7563,3,252000.0,219600.0,1.584962496393071,0,1
user_7564,36,0.20143174285714285,0.12767,2.5992211734549935,0,-1
user_7565,5,181800.0,126000.0,1.5219280905592771,0,1
user_7566,1,86400.0,86400.0,0.0,0,1
user_7567,7,144600.0,36000.0,1.8423709874063285,0,1
user_7568,6,169920.0,54000.0,1.4591479126991596,0,1
user_7569,33,0.19985215625,0.119393,2.7608108839174292,0,1
user_757,67,0.19966928787878788,0.112209,2.6944097076742404,0,-1
user_7570,6,170640.0,54000.0,1.9182958282837093,0,1
user_7571,5,181800.0,93600.0,1.9219280891165822,0,1
user_7572,4,240000.0,208800.0,0.99999999711461,0,1
user_7573,51,0.2000593,0.121578,2.6812156095941604,0,1
user_7574,5,187200.0,111600.0,0.7219280920019722,0,1
user_7575,3,235800.0,176400.0,1.584962496393071,0,1
user_7576,3,203400.0,187200.0,0.9182958311690995,0,1
user_7577,10,97200.0,14400.0,1.7219280891165822,0,1
user_7578,2,234000.0,234000.0,0.99999999711461,0,1
user_7579,75,0.20021395945945947,0.124103,2.7842402735797602,0,-1
user_758,5,192600.0,115200.0,0.7219280920019722,0,1
user_7580,3,241200.0,205200.0,1.584962496393071,0,1
user_7581,7,170400.0,68400.0,2.128085271677919,1,1
user_7582,2,298800.0,298800.0,0.99999999711461,0,-1
user_7583,1,86400.0,86400.0,0.0,0,1
user_7584,8,110571.42857142857,7200.0,1.9999999942292197,0,1
user_7585,4,198000.0,154800.0,1.4999999956719148,0,1
user_7586,5,181800.0,126000.0,1.9219280891165822,0,1
user_7587,2,241200.0,241200.0,0.99999999711461,0,1
user_7588,3,277200.0,255600.0,0.9182958311690995,0,-1
user_7589,2,277200.0,277200.0,0.99999999711461,0,1
user_759,6,182880.0,115200.0,1.2516291630597378,0,1
user_7590,8,120342.85714285714,14400.0,1.74999999422922,0,1
user_7591,9,115650.0,10800.0,1.3921472193364495,0,1
user_7592,10,114800.0,43200.0,2.3709505857984983,0,1
user_7593,3,246600.0,226800.0,1.584962496393071,0,1
user_7594,4,210000.0,172800.0,0.8112781215737428,0,1
user_7595,4,217200.0,162000.0,1.9999999942292197,1,1
user_7596,6,185040.0,97200.0,1.584962496393071,0,1
user_7597,7,171000.0,46800.0,2.2359263434155574,0,1
user_7598,7,156000.0,54000.0,1.8423709874063285,1,1
user_7599,3,232200.0,219600.0,-1.4426951595367387e-09,0,-1
user_76,2,255600.0,255600.0,-1.4426951595367387e-09,0,-1
user_760,4,210000.0,194400.0,1.4999999956719148,1,1
user_7600,7,142800.0,57600.0,1.8423709874063285,0,1
user_7601,1,86400.0,86400.0,0.0,0,1
user_7602,10,105200.0,14400.0,1.760964041672901,0,1
user_7603,9,119700.0,25200.0,1.5304930524293974,0,1
user_7604,1,86400.0,86400.0,0.0,0,1
user_7605,4,205200.0,151200.0,0.99999999711461,0,1
user_7606,61,0.1999181,0.117682,2.7562328645212424,0,1
user_7607,6,167760.0,64800.0,2.2516291601743474,1,1
user_7608,1,86400.0,86400.0,0.0,0,1
user_7609,4,230400.0,190800.0,1.4999999956719148,0,1
user_761,10,124000.0,32400.0,1.7219280891165822,0,1
user_7610,1,86400.0,86400.0,0.0,0,1
user_7611,54,0.20132320754716979,0.119885,2.7860027706793873,0,-1
user_7612,73,0.19989774999999999,0.117584,2.771318251127465,0,-1
user_7613,59,0.19897582758620688,0.119525,2.736173160551913,0,1
user_7614,1,86400.0,86400.0,0.0,0,1
user_7615,10,113200.0,21600.0,2.1709505872411934,0,1
user_7616,71,0.19995575714285713,0.11274,2.7128502880159706,0,-1
user_7617,7,153000.0,68400.0,1.4488156313970995,1,1
user_7618,79,0.20036078205128208,0.13403,2.7875217787021547,0,-1
user_7619,80,0.20028579746835443,0.122833,2.706646019537428,0,-1
user_762,2,244800.0,244800.0,0.99999999711461,0,1
user_7620,9,130500.0,61200.0,2.1132833270813998,0,1
user_7621,5,193500.0,93600.0,1.9219280891165822,0,1
user_7622,36,0.2007165142857143,0.120164,2.735879077303438,0,1
user_7623,3,252000.0,216000.0,0.9182958311690995,0,1
user_7624,3,199800.0,180000.0,0.9182958311690995,0,1
user_7625,1,86400.0,86400.0,0.0,0,1
user_7626,9,108000.0,7200.0,1.879964941513636,0,1
user_7627,4,223200.0,151200.0,1.4999999956719148,1,1
user_7628,1,86400.0,86400.0,0.0,0,1
user_7629,4,205200.0,187200.0,1.4999999956719148,0,1
user_763,3,252000.0,248400.0,1.584962496393071,0,1
user_7630,7,130800.0,36000.0,1.8423709874063285,0,1
user_7631,6,155520.0,61200.0,1.4591479126991596,0,1
user_7632,6,169920.0,104400.0,1.9182958282837093,0,1
user_7633,48,0.2002991489361702,0.11861,2.642168588933787,0,1
user_7634,2,284400.0,284400.0,0.99999999711461,0,-1
user_7635,6,179280.0,93600.0,1.4591479126991596,0,1
user_7636,6,164880.0,111600.0,0.9182958311690995,0,1
user_7637,10,114000.0,7200.0,1.7219280891165822,0,1
user_7638,6,173520.0,93600.0,1.792481244589798,0,1
user_7639,1,86400.0,86400.0,0.0,0,1
user_764,10,118400.0,14400.0,1.5709505886838886,0,1
user_7640,5,188100.0,108000.0,0.7219280920019722,0,1
user_7641,3,210600.0,198000.0,1.584962496393071,1,1
user_7642,7,138600.0,68400.0,1.8423709874063285,0,1
user_7643,6,172800.0,118800.0,1.584962496393071,0,1
user_7644,1,86400.0,86400.0,0.0,0,1
user_7645,3,223200.0,176400.0,1.584962496393071,0,1
user_7646,10,128800.0,18000.0,1.960964040230206,0,1
user_7647,1,86400.0,86400.0,0.0,0,1
user_7648,8,133714.2857142857,18000.0,1.8112781186883526,0,1
user_7649,2,230400.0,230400.0,0.99999999711461,0,1
user_765,5,199800.0,118800.0,1.9219280891165822,0,1
user_7650,5,193500.0,93600.0,1.5219280905592771,1,1
user_7651,40,0.20035810256410255,0.111652,2.749181449273882,0,1
user_7652,1,86400.0,86400.0,0.0,0,1
user_7653,3,261000.0,241200.0,0.9182958311690995,0,1
user_7654,1,86400.0,86400.0,0.0,0,1
user_7655,9,122850.0,7200.0,1.8365916623381988,0,1
user_7656,4,207600.0,154800.0,0.99999999711461,0,1
user_7657,72,0.19996050704225354,0.105525,2.7160720932971376,0,-1
user_7658,9,116100.0,7200.0,1.6577427207341087,0,1
user_7659,7,120600.0,18000.0,1.1488348499528316,0,1
user_766,1,86400.0,86400.0,0.0,0,1
user_7660,9,117450.0,7200.0,1.7527152732089246,0,1
user_7661,1,86400.0,86400.0,0.0,0,1
user_7662,7,134400.0,7200.0,2.2359263434155574,0,1
user_7663,1,86400.0,86400.0,0.0,0,1
user_7664,3,241200.0,216000.0,1.584962496393071,0,1
user_7665,5,189000.0,122400.0,1.5219280905592771,0,1
user_7666,1,86400.0,86400.0,0.0,0,1
user_7667,4,231600.0,165600.0,1.4999999956719148,0,1
user_7668,62,0.20012824590163936,0.120585,2.751307516969365,0,1
user_7669,8,147600.0,64800.0,1.74999999422922,0,1
user_767,4,217200.0,151200.0,1.9999999942292197,0,1
user_7670,5,190800.0,151200.0,0.9709505915692787,0,1
user_7671,4,235200.0,198000.0,1.4999999956719148,0,1
user_7672,5,164700.0,122400.0,1.5219280905592771,0,1
user_7673,73,0.19922719444444445,0.118573,2.747924084983945,0,-1
user_7674,7,140400.0,14400.0,1.3787834891580906,1,1
user_7675,1,86400.0,86400.0,0.0,0,1
user_7676,5,191700.0,136800.0,2.321928087673887,0,1
user_7677,6,169200.0,97200.0,1.9182958282837093,0,1
user_7678,4,230400.0,190800.0,1.4999999956719148,0,1
user_7679,47,0.20117847826086954,0.128286,2.7671477587980386,0,-1
user_768,9,128700.0,36000.0,2.197159716210674,0,1
user_7680,6,174960.0,111600.0,1.2516291630597378,0,1
user_7681,5,207900.0,122400.0,-1.4426951595367387e-09,0,-1
user_7682,6,191520.0,111600.0,1.9182958282837093,0,1
user_7683,4,212400.0,144000.0,1.4999999956719148,0,1
user_7684,8,144000.0,25200.0,2.155639055016091,0,1
user_7685,7,162600.0,64800.0,1.3787834891580906,0,1
user_7686,6,164160.0,79200.0,1.584962496393071,0,1
user_7687,3,257400.0,237600.0,0.9182958311690995,0,1
user_7688,9,126450.0,7200.0,1.3921472193364495,0,1
user_7689,6,180000.0,118800.0,1.792481244589798,0,1
user_769,2,237600.0,237600.0,0.99999999711461,1,1
user_7690,46,0.1985762666666667,0.11187,2.6405653885090876,0,-1
user_7691,1,86400.0,86400.0,0.0,0,1
user_7692,35,0.19963038235294117,0.129467,2.70679979644123,0,1
user_7693,10,108000.0,10800.0,2.3709505857984983,0,1
user_7694,1,86400.0,86400.0,0.0,0,1
user_7695,4,229200.0,140400.0,1.4999999956719148,0,1
user_7696,8,121371.42857142857,3600.0,1.5487949349246184,0,1
user_7697,5,195300.0,154800.0,1.9219280891165822,0,1
user_7698,4,198000.0,144000.0,1.9999999942292197,0,1
user_7699,58,0.1992832631578947,0.116941,2.7163803931426544,0,1
user_77,4,199200.0,140400.0,1.4999999956719148,0,1
user_770,7,141000.0,3600.0,2.2359263434155574,0,1
user_7700,39,0.20115326315789475,0.129887,2.6739029412771185,0,1
user_7701,8,140400.0,25200.0,1.5487949349246184,0,1
user_7702,9,122850.0,18000.0,2.419381936990201,0,1
user_7703,5,206100.0,136800.0,1.9219280891165822,0,1
user_7704,1,86400.0,86400.0,0.0,0,1
user_7705,49,0.19941979166666668,0.129142,2.778904663338594,0,1
user_7706,5,199800.0,140400.0,1.3709505901265835,0,1
user_7707,2,248400.0,248400.0,0.99999999711461,0,1
user_7708,23,0.20284586363636367,0.131532,2.6469854477524883,0,-1
user_7709,5,187200.0,133200.0,1.3709505901265835,0,1
user_771,73,0.19992408333333334,0.113735,2.745423519457181,0,-1
user_7710,7,166200.0,36000.0,1.3787834891580906,0,1
user_7711,59,0.19950429310344825,0.104861,2.748199931666403,0,1
user_7712,10,133200.0,50400.0,1.2954618399102367,1,1
user_7713,2,262800.0,262800.0,0.99999999711461,0,1
user_7714,5,203400.0,115200.0,1.3709505901265835,0,1
user_7715,9,133200.0,32400.0,2.2810361038972533,1,1
user_7716,3,248400.0,248400.0,0.9182958311690995,0,1
user_7717,8,146057.14285714287,36000.0,1.8112781186883526,0,1
user_7718,6,180720.0,90000.0,1.792481244589798,0,1
user_7719,5,190800.0,147600.0,2.321928087673887,0,1
user_772,1,86400.0,86400.0,0.0,0,1
user_7720,5,217800.0,165600.0,0.9709505915692787,0,1
user_7721,1,86400.0,86400.0,0.0,0,1
user_7722,9,128250.0,28800.0,1.8365916623381988,0,1
user_7723,2,219600.0,219600.0,0.99999999711461,0,1
user_7724,24,0.201939,0.116613,2.756866533083657,0,-1
user_7725,1,86400.0,86400.0,0.0,0,1
user_7726,6,180000.0,72000.0,1.2516291630597378,0,1
user_7727,6,169920.0,50400.0,1.4591479126991596,0,1
user_7728,7,138600.0,14400.0,1.8423709874063285,0,1
user_7729,8,132171.42857142858,57600.0,1.4056390579014812,0,1
user_773,3,266400.0,234000.0,0.9182958311690995,0,1
user_7730,6,170640.0,68400.0,1.792481244589798,0,1
user_7731,6,163440.0,86400.0,1.2516291630597378,0,1
user_7732,10,120800.0,32400.0,2.0464393374575405,0,1
user_7733,4,211200.0,165600.0,0.8112781215737428,0,1
user_7734,1,86400.0,86400.0,0.0,0,1
user_7735,7,148200.0,50400.0,1.8423709874063285,0,1
user_7736,78,0.2002327922077922,0.117375,2.785253317684105,0,-1
user_7737,5,177300.0,111600.0,1.9219280891165822,0,1
user_7738,10,122800.0,7200.0,2.3709505857984983,0,1
user_7739,4,225600.0,162000.0,0.99999999711461,0,1
user_774,1,86400.0,86400.0,0.0,0,1
user_7740,5,212400.0,126000.0,1.9219280891165822,0,1
user_7741,5,199800.0,147600.0,1.5219280905592771,0,1
user_7742,9,115200.0,28800.0,1.8365916623381988,0,1
user_7743,7,151200.0,28800.0,2.807354911958739,0,1
user_7744,66,0.2001313692307692,0.143477,2.7230147302973857,0,-1
user_7745,1,86400.0,86400.0,0.0,0,1
user_7746,2,248400.0,248400.0,0.99999999711461,0,1
user_7747,8,131657.14285714287,7200.0,1.8112781186883526,0,1
user_7748,7,162000.0,14400.0,2.521640627687148,1,1
user_7749,21,0.20142620000000006,0.139352,2.6840172707309797,0,-1
user_775,5,194400.0,165600.0,0.9709505915692787,0,1
user_7750,5,188100.0,93600.0,2.321928087673887,0,1
user_7751,1,86400.0,86400.0,0.0,0,1
user_7752,80,0.2004066075949367,0.104113,2.7182250913350905,0,-1
user_7753,43,0.20092611904761903,0.109673,2.7620473056500274,0,1
user_7754,1,86400.0,86400.0,0.0,0,1
user_7755,5,187200.0,108000.0,1.5219280905592771,0,1
user_7756,1,86400.0,86400.0,0.0,0,1
user_7757,9,130050.0,18000.0,1.224394441077901,0,1
user_7758,33,0.199362375,0.136045,2.7162449752198783,0,1
user_7759,10,110400.0,14400.0,1.6854752914565543,0,1
user_776,5,182700.0,140400.0,1.3709505901265835,0,1
user_7760,2,266400.0,266400.0,-1.4426951595367387e-09,1,-1
user_7761,1,86400.0,86400.0,0.0,0,1
user_7762,7,145800.0,57600.0,1.5566567031347378,0,1
user_7763,3,219600.0,212400.0,-1.4426951595367387e-09,1,-1
user_7764,7,144000.0,46800.0,1.8423709874063285,1,1
user_7765,10,104400.0,7200.0,1.760964041672901,0,1
user_7766,10,114800.0,10800.0,1.960964040230206,1,1
user_7767,1,86400.0,86400.0,0.0,0,1
user_7768,8,132685.7142857143,14400.0,1.8112781186883526,0,1
user_7769,8,131657.14285714287,7200.0,1.74999999422922,0,1
user_777,8,123428.57142857143,3600.0,1.74999999422922,0,1
user_7770,8,124457.14285714286,7200.0,0.5435644403142064,0,1
user_7771,9,132750.0,21600.0,1.7527152732089246,1,1
user_7772,3,226800.0,216000.0,0.9182958311690995,0,1
user_7773,6,163440.0,93600.0,1.9182958282837093,1,1
user_7774,2,295200.0,295200.0,-1.4426951595367387e-09,0,-1
user_7775,6,173520.0,104400.0,1.4591479126991596,0,1
user_7776,2,241200.0,241200.0,0.99999999711461,0,1
user_7777,34,0.19837651515151516,0.106661,2.527674052416218,0,-1
user_7778,3,261000.0,244800.0,0.9182958311690995,1,1
user_7779,9,107550.0,18000.0,1.4355204999545814,0,1
user_778,4,195600.0,162000.0,1.4999999956719148,0,1
user_7780,4,210000.0,190800.0,0.99999999711461,0,1
user_7781,6,175680.0,90000.0,1.792481244589798,0,1
user_7782,9,112050.0,7200.0,1.6577427207341087,1,1
user_7783,4,236400.0,183600.0,1.4999999956719148,0,1
user_7784,44,0.19843913953488368,0.123162,2.7146384282391827,0,1
user_7785,7,159000.0,43200.0,2.128085271677919,0,1
user_7786,4,207600.0,187200.0,1.4999999956719148,0,1
user_7787,27,0.19983780769230772,0.119786,2.6891675842565537,0,1
user_7788,9,126000.0,18000.0,2.1132833270813998,0,1
user_7789,7,172200.0,21600.0,1.950212059143967,0,1
user_779,8,140400.0,54000.0,2.155639055016091,0,1
user_7790,4,190800.0,136800.0,1.4999999956719148,1,1
user_7791,4,219600.0,194400.0,1.9999999942292197,0,1
user_7792,7,145800.0,28800.0,1.950212059143967,0,1
user_7793,3,253800.0,223200.0,0.9182958311690995,0,1
user_7794,1,86400.0,86400.0,0.0,0,1
user_7795,5,199800.0,129600.0,1.5219280905592771,0,1
user_7796,8,145028.57142857142,46800.0,1.4056390579014812,0,1
user_7797,7,155400.0,39600.0,1.950212059143967,0,1
user_7798,6,163440.0,46800.0,1.9182958282837093,0,1
user_7799,1,86400.0,86400.0,0.0,0,1
user_78,4,204000.0,190800.0,0.8112781215737428,0,1
user_780,1,86400.0,86400.0,0.0,0,1
user_7800,64,0.2001807142857143,0.118813,2.723417739788972,0,1
user_7801,2,237600.0,237600.0,-1.4426951595367387e-09,0,-1
user_7802,40,0.20045915384615384,0.107195,2.7761207367438154,0,-1
user_7803,5,190800.0,104400.0,2.321928087673887,0,1
user_7804,8,129600.0,72000.0,1.74999999422922,0,1
user_7805,1,86400.0,86400.0,0.0,0,1
user_7806,6,156240.0,50400.0,1.792481244589798,0,1
user_7807,7,155400.0,68400.0,1.4488156313970995,0,1
user_7808,7,131400.0,3600.0,1.8423709874063285,0,1
user_7809,10,113600.0,14400.0,2.24643933745754,0,1
user_781,3,226800.0,176400.0,1.584962496393071,0,1
user_7810,9,114300.0,14400.0,1.8910611063018725,0,1
user_7811,63,0.19936293548387096,0.126594,2.759150400030069,0,-1
user_7812,6,172080.0,61200.0,2.2516291601743474,0,1
user_7813,6,162000.0,68400.0,0.99999999711461,1,1
user_7814,40,0.19931941025641026,0.118326,2.7761207367438154,0,1
user_7815,6,180000.0,97200.0,1.792481244589798,0,1
user_7816,2,273600.0,273600.0,0.99999999711461,0,1
user_7817,3,230400.0,216000.0,0.9182958311690995,1,1
user_7818,1,86400.0,86400.0,0.0,0,1
user_7819,3,268200.0,248400.0,1.584962496393071,0,-1
user_782,5,223200.0,133200.0,1.9219280891165822,1,1
user_7820,9,117900.0,25200.0,2.1132833270813998,1,1
user_7821,1,86400.0,86400.0,0.0,0,1
user_7822,3,252000.0,252000.0,1.584962496393071,0,1
user_7823,10,116000.0,36000.0,2.446439336014845,0,1
user_7824,10,122400.0,18000.0,1.960964040230206,0,1
user_7825,10,102800.0,7200.0,2.0464393374575405,0,1
user_7826,4,190800.0,154800.0,0.8112781215737428,0,1
user_7827,60,0.19862961016949154,0.116561,2.754966465067509,0,1
user_7828,4,230400.0,194400.0,1.4999999956719148,0,1
user_7829,3,275400.0,255600.0,0.9182958311690995,0,1
user_783,7,168000.0,57600.0,1.8423709874063285,0,1
user_7830,9,119700.0,39600.0,1.8910611063018725,0,1
user_7831,6,169200.0,79200.0,1.792481244589798,0,1
user_7832,3,244800.0,208800.0,1.584962496393071,0,1
user_7833,9,126450.0,14400.0,1.6577427207341087,0,1
user_7834,2,230400.0,230400.0,0.99999999711461,0,1
user_7835,9,119250.0,10800.0,2.5032583261194756,0,1
user_7836,4,216000.0,198000.0,0.8112781215737428,0,1
user_7837,9,126450.0,43200.0,1.6577427207341087,0,1
user_7838,5,177300.0,104400.0,1.5219280905592771,0,1
user_7839,9,121950.0,10800.0,1.446616661857428,0,1
user_784,8,146057.14285714287,36000.0,2.155639055016091,0,1
user_7840,1,86400.0,86400.0,0.0,0,1
user_7841,5,202500.0,104400.0,1.9219280891165822,0,1
user_7842,3,223200.0,201600.0,1.584962496393071,0,1
user_7843,59,0.20081265517241376,0.125837,2.7435461262416956,0,1
user_7844,6,173520.0,46800.0,1.9182958282837093,0,1
user_7845,2,288000.0,288000.0,0.99999999711461,1,-1
user_7846,8,145542.85714285713,14400.0,1.74999999422922,0,1
user_7847,3,237600.0,194400.0,1.584962496393071,0,1
user_7848,1,86400.0,86400.0,0.0,0,1
user_7849,2,291600.0,291600.0,0.99999999711461,0,-1
user_785,6,182160.0,111600.0,0.99999999711461,0,1
user_7850,7,159000.0,68400.0,1.664497773429681,0,1
user_7851,2,280800.0,280800.0,0.99999999711461,0,1
user_7852,9,144000.0,61200.0,1.7527152732089246,0,1
user_7853,4,229200.0,176400.0,1.4999999956719148,0,1
user_7854,1,86400.0,86400.0,0.0,0,1
user_7855,3,217800.0,190800.0,0.9182958311690995,0,1
user_7856,1,86400.0,86400.0,0.0,0,1
user_7857,4,212400.0,205200.0,1.9999999942292197,0,1
user_7858,4,212400.0,136800.0,1.4999999956719148,1,1
user_7859,1,86400.0,86400.0,0.0,0,1
user_786,4,208800.0,144000.0,1.4999999956719148,0,1
user_7860,9,118800.0,14400.0,1.8910611063018725,0,1
user_7861,4,222000.0,183600.0,1.4999999956719148,1,1
user_7862,8,127028.57142857143,18000.0,2.4056390535733962,0,1
user_7863,4,236400.0,183600.0,1.4999999956719148,1,1
user_7864,6,178560.0,79200.0,1.4591479126991596,0,1
user_7865,2,266400.0,266400.0,0.99999999711461,0,1
user_7866,6,168480.0,111600.0,2.2516291601743474,0,1
user_7867,4,213600.0,165600.0,1.4999999956719148,0,1
user_7868,2,226800.0,226800.0,0.99999999711461,0,1
user_7869,3,207000.0,187200.0,0.9182958311690995,0,1
user_787,7,141600.0,25200.0,1.8423709874063285,1,1
user_7870,1,86400.0,86400.0,0.0,0,1
user_7871,10,124400.0,10800.0,1.5709505886838886,0,1
user_7872,10,127600.0,39600.0,1.960964040230206,1,1
user_7873,2,219600.0,219600.0,-1.4426951595367387e-09,0,-1
user_7874,9,121950.0,14400.0,1.3516441108253072,0,1
user_7875,4,189600.0,154800.0,1.9999999942292197,0,1
user_7876,10,105600.0,7200.0,1.5709505901265834,1,1
user_7877,8,142457.14285714287,36000.0,1.8112781186883526,1,1
user_7878,2,237600.0,237600.0,0.99999999711461,0,1
user_7879,7,138000.0,36000.0,1.8423709874063285,0,1
user_788,5,174600.0,104400.0,1.5219280905592771,0,1
user_7880,2,262800.0,262800.0,0.99999999711461,0,1
user_7881,2,280800.0,280800.0,-1.4426951595367387e-09,0,-1
user_7882,5,207900.0,133200.0,1.3709505901265835,0,1
user_7883,5,192600.0,144000.0,0.9709505915692787,0,1
user_7884,10,112000.0,32400.0,2.446439336014845,0,1
user_7885,4,211200.0,183600.0,1.9999999942292197,0,1
user_7886,52,0.19978060784313725,0.111302,2.678295518652234,0,1
user_7887,5,188100.0,108000.0,1.3709505901265835,0,1
user_7888,5,213300.0,154800.0,1.5219280905592771,0,1
user_7889,8,129600.0,18000.0,1.74999999422922,1,1
user_789,9,137250.0,14400.0,1.3516441108253072,0,1
user_7890,1,86400.0,86400.0,0.0,0,1
user_7891,3,223200.0,190800.0,1.584962496393071,0,1
user_7892,8,140400.0,21600.0,0.8112781215737428,0,1
user_7893,8,139885.7142857143,18000.0,1.5487949349246184,0,1
user_7894,52,0.20000064705882356,0.112234,2.77407450901483,0,1
user_7895,4,212400.0,136800.0,1.4999999956719148,0,1
user_7896,10,112400.0,28800.0,1.8464393389002354,1,1
user_7897,9,112950.0,28800.0,2.5032583261194756,0,1
user_7898,3,226800.0,223200.0,0.9182958311690995,0,1
user_7899,3,234000.0,219600.0,0.9182958311690995,0,1
user_79,10,118000.0,21600.0,2.446439336014845,0,1
user_790,4,224400.0,201600.0,0.99999999711461,0,1
user_7900,4,223200.0,144000.0,1.4999999956719148,0,1
user_7901,6,160560.0,57600.0,1.4591479126991596,1,1
user_7902,2,230400.0,230400.0,-1.4426951595367387e-09,0,-1
user_7903,3,234000.0,212400.0,0.9182958311690995,0,1
user_7904,10,122800.0,7200.0,1.8464393389002354,0,1
user_7905,26,0.20288331999999998,0.131369,2.5900256540700406,0,-1
user_7906,6,177840.0,90000.0,1.4591479126991596,1,1
user_7907,6,180720.0,115200.0,1.792481244589798,0,1
user_7908,6,167760.0,100800.0,1.9182958282837093,0,1
user_7909,8,148114.2857142857,18000.0,1.8112781186883526,0,1
user_791,8,128057.14285714286,3600.0,0.8112781215737428,0,1
user_7910,6,178560.0,86400.0,1.584962496393071,0,1
user_7911,3,259200.0,248400.0,1.584962496393071,0,1
user_7912,1,86400.0,86400.0,0.0,0,1
user_7913,4,202800.0,162000.0,0.99999999711461,0,1
user_7914,6,178560.0,68400.0,1.2516291630597378,0,1
user_7915,6,146880.0,46800.0,1.9182958282837093,1,1
user_7916,37,0.20093516666666666,0.109528,2.6426840097405386,0,1
user_7917,8,131142.85714285713,3600.0,2.249999992786525,0,1
user_7918,6,169920.0,104400.0,2.2516291601743474,1,1
user_7919,9,118800.0,3600.0,1.3921472193364495,0,1
user_792,8,148628.57142857142,43200.0,0.9544340000395749,0,1
user_7920,3,255600.0,216000.0,1.584962496393071,0,1
user_7921,25,0.19854066666666667,0.133039,2.6090255635447854,0,-1
user_7922,7,147600.0,50400.0,1.950212059143967,0,1
user_7923,10,114800.0,3600.0,1.8464393389002354,0,1
user_7924,7,160800.0,72000.0,1.8423709874063285,0,1
user_7925,10,120400.0,50400.0,1.5709505901265834,0,1
user_7926,7,131400.0,7200.0,1.3787834891580906,0,1
user_7927,6,173520.0,82800.0,1.4591479126991596,0,1
user_7928,1,86400.0,86400.0,0.0,0,1
user_7929,1,86400.0,86400.0,0.0,0,1
user_793,9,124200.0,18000.0,1.7527152732089246,0,1
user_7930,6,169920.0,82800.0,1.792481244589798,0,1
user_7931,9,134550.0,25200.0,2.5032583261194756,0,1
user_7932,5,198900.0,100800.0,0.9709505915692787,0,1
user_7933,62,0.20077736065573767,0.127487,2.719752456319866,0,-1
user_7934,5,200700.0,111600.0,1.3709505901265835,0,1
user_7935,42,0.20024470731707314,0.114274,2.6354019378746365,0,1
user_7936,7,133200.0,3600.0,2.2359263434155574,0,1
user_7937,2,226800.0,226800.0,-1.4426951595367387e-09,0,-1
user_7938,3,257400.0,216000.0,1.584962496393071,1,1
user_7939,73,0.19997333333333334,0.130694,2.7550943190037063,0,-1
user_794,3,241200.0,194400.0,1.584962496393071,0,1
user_7940,3,217800.0,190800.0,0.9182958311690995,0,1
user_7941,29,0.20016271428571428,0.137842,2.789906210855014,0,-1
user_7942,4,205200.0,180000.0,1.4999999956719148,0,1
user_7943,9,124650.0,10800.0,1.8365916623381988,0,1
user_7944,1,86400.0,86400.0,0.0,0,1
user_7945,10,110800.0,3600.0,1.7219280891165822,0,1
user_7946,10,124400.0,3600.0,1.8464393389002354,0,1
user_7947,2,277200.0,277200.0,-1.4426951595367387e-09,1,-1
user_7948,1,86400.0,86400.0,0.0,0,1
user_7949,4,183600.0,140400.0,1.9999999942292197,0,1
user_795,7,167400.0,46800.0,1.3787834891580906,0,1
user_7950,3,246600.0,194400.0,0.9182958311690995,0,1
user_7951,6,189360.0,122400.0,1.2516291630597378,0,1
user_7952,8,129600.0,25200.0,1.9056390564587862,0,1
user_7953,62,0.20003413114754093,0.106593,2.7814185714581825,0,-1
user_7954,6,190800.0,93600.0,1.9182958282837093,0,1
user_7955,6,169920.0,46800.0,0.99999999711461,0,1
user_7956,31,0.20053833333333335,0.125178,2.7655359315149677,0,1
user_7957,6,171360.0,46800.0,1.792481244589798,0,1
user_7958,10,111200.0,32400.0,2.0464393374575405,0,1
user_7959,8,142457.14285714287,54000.0,1.4056390579014812,0,1
user_796,6,164160.0,68400.0,1.9182958282837093,1,1
user_7960,6,163440.0,68400.0,2.2516291601743474,0,1
user_7961,8,137828.57142857142,18000.0,1.9056390564587862,0,1
user_7962,47,0.2000422826086956,0.12364,2.6260057012339106,0,1
user_7963,1,86400.0,86400.0,0.0,0,1
user_7964,4,216000.0,190800.0,1.4999999956719148,0,1
user_7965,2,248400.0,248400.0,0.99999999711461,0,1
user_7966,6,178560.0,79200.0,1.792481244589798,0,1
user_7967,9,125100.0,7200.0,1.8365916623381988,0,1
user_7968,5,172800.0,90000.0,1.3709505901265835,0,1
user_7969,4,225600.0,176400.0,0.99999999711461,0,1
user_797,2,298800.0,298800.0,0.99999999711461,0,-1
user_7970,10,113600.0,7200.0,1.4854752928992492,0,1
user_7971,3,266400.0,237600.0,1.584962496393071,0,1
user_7972,9,112050.0,18000.0,2.197159716210674,1,1
user_7973,68,0.19979559701492539,0.10734,2.72857833167947,0,-1
user_7974,7,162000.0,82800.0,1.3787834891580906,1,1
user_7975,6,156240.0,54000.0,1.792481244589798,0,1
user_7976,7,158400.0,57600.0,0.5916727756969373,0,1
user_7977,10,123200.0,43200.0,2.7219280847884972,0,1
user_7978,8,130628.57142857143,32400.0,2.49999999134383,0,1
user_7979,9,130500.0,14400.0,1.879964941513636,0,1
user_798,5,183600.0,126000.0,1.3709505901265835,0,1
user_7980,10,99200.0,3600.0,1.4854752928992492,0,1
user_7981,4,211200.0,172800.0,1.9999999942292197,1,1
user_7982,10,110400.0,3600.0,2.0464393374575405,1,1
user_7983,6,174960.0,90000.0,1.4591479126991596,0,1
user_7984,3,241200.0,237600.0,0.9182958311690995,0,1
user_7985,3,230400.0,190800.0,1.584962496393071,0,1
user_7986,7,156600.0,7200.0,2.128085271677919,0,1
user_7987,7,150000.0,50400.0,1.3787834891580906,0,1
user_7988,63,0.19984454838709673,0.123905,2.771009007697994,0,1
user_7989,6,182880.0,64800.0,1.584962496393071,0,1
user_799,7,153600.0,46800.0,1.8423709874063285,0,1
user_7990,3,210600.0,180000.0,0.9182958311690995,0,1
user_7991,8,145542.85714285713,32400.0,2.155639055016091,0,1
user_7992,10,112000.0,14400.0,1.8954618384675417,0,1
user_7993,8,126000.0,43200.0,2.49999999134383,1,1
user_7994,57,0.19926846428571426,0.107817,2.7188280204350224,0,1
user_7995,2,266400.0,266400.0,0.99999999711461,0,1
user_7996,8,149142.85714285713,14400.0,1.4999999956719148,0,1
user_7997,7,150000.0,72000.0,1.1488348499528316,0,1
user_7998,4,249600.0,208800.0,1.4999999956719148,0,1
user_7999,80,0.20063718987341772,0.12063,2.735390974666548,0,-1
user_8,6,159120.0,61200.0,0.99999999711461,0,1
user_80,5,206100.0,147600.0,1.9219280891165822,0,1
user_800,10,107200.0,14400.0,2.446439336014845,0,1
user_8000,5,204300.0,115200.0,0.9709505915692787,0,1
user_8001,9,121500.0,39600.0,1.3921472193364495,0,1
user_8002,2,288000.0,288000.0,0.99999999711461,0,-1
user_8003,5,192600.0,93600.0,1.5219280905592771,0,1
user_8004,80,0.20012169620253162,0.109574,2.751189335810282,0,-1
user_8005,33,0.20060234375,0.127811,2.77185718623865,0,1
user_8006,2,259200.0,259200.0,-1.4426951595367387e-09,0,-1
user_8007,6,172800.0,82800.0,0.9182958311690995,0,1
user_8008,2,248400.0,248400.0,-1.4426951595367387e-09,0,-1
user_8009,9,135900.0,28800.0,1.3516441108253072,0,1
user_801,1,86400.0,86400.0,0.0,0,1
user_8010,10,108400.0,7200.0,1.6854752914565543,0,1
user_8011,6,176400.0,57600.0,1.2516291630597378,0,1
user_8012,10,108800.0,10800.0,1.360964043115596,0,1
user_8013,4,193200.0,144000.0,0.8112781215737428,0,1
user_8014,7,158400.0,10800.0,1.950212059143967,0,1
user_8015,7,156000.0,72000.0,1.3787834891580906,0,1
user_8016,10,107600.0,3600.0,2.3709505857984983,0,1
user_8017,51,0.20085588,0.107728,2.7496120241137136,0,1
user_8018,10,113200.0,3600.0,1.360964043115596,0,1
user_8019,7,156600.0,21600.0,1.8423709874063285,0,1
user_802,6,190080.0,86400.0,1.9182958282837093,1,1
user_8020,10,120800.0,7200.0,2.0464393374575405,1,1
user_8021,1,86400.0,86400.0,0.0,0,1
user_8022,66,0.2013761076923077,0.121792,2.77284349904841,0,-1
user_8023,10,120000.0,18000.0,1.5219280905592771,1,1
user_8024,7,164400.0,28800.0,1.8423709874063285,0,1
user_8025,7,138000.0,39600.0,1.664497773429681,0,1
user_8026,5,196200.0,129600.0,1.9219280891165822,0,1
user_8027,1,86400.0,86400.0,0.0,0,1
user_8028,9,127350.0,25200.0,1.584962496393071,0,1
user_8029,7,160800.0,43200.0,0.9852281331488615,0,1
user_803,22,0.19968980952380952,0.12939,2.776724789963256,0,-1
user_8030,5,189900.0,151200.0,0.7219280920019722,0,1
user_8031,24,0.19848339130434778,0.123502,2.2841591191952517,0,-1
user_8032,6,165600.0,97200.0,1.2516291630597378,1,1
user_8033,1,86400.0,86400.0,0.0,0,1
user_8034,7,153000.0,25200.0,1.8423709874063285,1,1
user_8035,7,153000.0,32400.0,1.4488156313970995,0,1
user_8036,3,246600.0,223200.0,0.9182958311690995,0,1
user_8037,8,132685.7142857143,3600.0,2.249999992786525,1,1
user_8038,1,86400.0,86400.0,0.0,0,1
user_8039,7,139800.0,18000.0,2.128085271677919,0,1
user_804,4,205200.0,136800.0,1.4999999956719148,0,1
user_8040,3,221400.0,205200.0,0.9182958311690995,0,1
user_8041,53,0.20144221153846154,0.133583,2.652154750946998,0,-1
user_8042,47,0.19991960869565215,0.136872,2.7359151838116444,0,-1
user_8043,8,151200.0,54000.0,1.9056390564587862,0,1
user_8044,5,189900.0,115200.0,1.3709505901265835,0,1
user_8045,10,121200.0,36000.0,1.5219280905592771,0,1
user_8046,7,148200.0,3600.0,1.8423709874063285,0,1
user_8047,9,126450.0,54000.0,2.419381936990201,0,1
user_8048,4,229200.0,165600.0,1.4999999956719148,0,1
user_8049,8,137828.57142857142,14400.0,1.4056390579014812,0,1
user_805,6,175680.0,100800.0,1.2516291630597378,1,1
user_8050,6,183600.0,82800.0,2.2516291601743474,0,1
user_8051,5,219600.0,154800.0,1.5219280905592771,0,1
user_8052,5,188100.0,136800.0,1.9219280891165822,0,1
user_8053,4,226800.0,190800.0,1.4999999956719148,0,1
user_8054,1,86400.0,86400.0,0.0,0,1
user_8055,7,157200.0,14400.0,1.5566567031347378,0,1
user_8056,24,0.19868699999999997,0.101323,2.553508844698813,0,-1
user_8057,6,178560.0,64800.0,1.792481244589798,0,1
user_8058,8,123428.57142857143,14400.0,0.8112781215737428,0,1
user_8059,9,130950.0,14400.0,2.1132833270813998,0,1
user_806,6,184320.0,111600.0,1.792481244589798,0,1
user_8060,9,123300.0,25200.0,1.7527152732089246,0,1
user_8061,1,86400.0,86400.0,0.0,0,1
user_8062,4,237600.0,212400.0,1.4999999956719148,0,1
user_8063,6,182160.0,97200.0,1.9182958282837093,0,1
user_8064,4,240000.0,187200.0,1.4999999956719148,1,1
user_8065,6,172800.0,82800.0,0.6500224187629642,0,1
user_8066,4,206400.0,140400.0,1.4999999956719148,0,1
user_8067,3,241200.0,205200.0,1.584962496393071,0,1
user_8068,4,208800.0,133200.0,1.9999999942292197,0,1
user_8069,1,86400.0,86400.0,0.0,0,1
user_807,6,165600.0,82800.0,1.4591479126991596,0,1
user_8070,1,86400.0,86400.0,0.0,0,1
user_8071,75,0.20103817567567567,0.107145,2.776156207041338,0,-1
user_8072,7,156600.0,75600.0,0.9852281331488615,0,1
user_8073,4,237600.0,187200.0,1.4999999956719148,0,1
user_8074,8,124457.14285714286,3600.0,0.9544340000395749,0,1
user_8075,8,144514.2857142857,3600.0,1.9056390564587862,0,1
user_8076,8,134742.85714285713,57600.0,1.4056390579014812,0,1
user_8077,10,116400.0,14400.0,1.8464393389002354,0,1
user_8078,10,121600.0,46800.0,1.5219280905592771,0,1
user_8079,4,247200.0,205200.0,0.8112781215737428,1,1
user_808,4,210000.0,165600.0,0.8112781215737428,0,1
user_8080,3,259200.0,226800.0,1.584962496393071,0,1
user_8081,2,259200.0,259200.0,0.99999999711461,0,1
user_8082,10,118400.0,32400.0,2.24643933745754,0,1
user_8083,5,216900.0,154800.0,1.5219280905592771,0,1
user_8084,5,202500.0,147600.0,0.9709505915692787,0,1
user_8085,45,0.19879988636363635,0.129976,2.7323405194591346,0,1
user_8086,6,179280.0,97200.0,1.792481244589798,1,1
user_8087,4,234000.0,194400.0,0.8112781215737428,0,1
user_8088,1,86400.0,86400.0,0.0,0,1
user_8089,10,111200.0,21600.0,2.3709505857984983,0,1
user_809,7,168000.0,72000.0,2.2359263434155574,0,1
user_8090,78,0.20014107792207791,0.108913,2.770459998831139,0,-1
user_8091,10,128800.0,28800.0,1.3567796436762596,0,1
user_8092,10,120800.0,46800.0,1.8464393389002354,1,1
user_8093,8,136285.7142857143,61200.0,1.74999999422922,0,1
user_8094,2,219600.0,219600.0,0.99999999711461,0,1
user_8095,8,157371.42857142858,57600.0,1.2987949363673135,1,1
user_8096,4,192000.0,144000.0,0.8112781215737428,0,1
user_8097,4,211200.0,136800.0,1.9999999942292197,0,1
user_8098,29,0.20015207142857144,0.117083,2.725275073581662,0,1
user_8099,21,0.19881435,0.125324,2.543321154427017,0,-1
user_81,2,291600.0,291600.0,-1.4426951595367387e-09,0,-1
user_810,6,156960.0,93600.0,1.792481244589798,1,1
user_8100,9,123750.0,46800.0,1.8365916623381988,0,1
user_8101,8,141428.57142857142,50400.0,0.8112781215737428,0,1
user_8102,2,280800.0,280800.0,0.99999999711461,0,1
user_8103,2,241200.0,241200.0,0.99999999711461,0,1
user_8104,1,86400.0,86400.0,0.0,0,1
user_8105,2,244800.0,244800.0,0.99999999711461,0,1
user_8106,9,128700.0,39600.0,2.197159716210674,0,1
user_8107,5,177300.0,90000.0,0.9709505915692787,0,1
user_8108,2,266400.0,266400.0,0.99999999711461,0,1
user_8109,1,86400.0,86400.0,0.0,0,1
user_811,8,133200.0,28800.0,1.9999999942292197,0,1
user_8110,6,165600.0,54000.0,1.9182958282837093,1,1
user_8111,3,230400.0,190800.0,-1.4426951595367387e-09,0,-1
user_8112,7,157800.0,64800.0,1.950212059143967,0,1
user_8113,9,108900.0,7200.0,1.3516441108253072,0,1
user_8114,1,86400.0,86400.0,0.0,0,1
user_8115,47,0.1988109565217391,0.116325,2.786227802019598,0,-1
user_8116,6,165600.0,104400.0,1.584962496393071,0,1
user_8117,67,0.19937254545454544,0.109953,2.661217502645481,0,-1
user_8118,8,120857.14285714286,7200.0,2.4056390535733962,0,1
user_8119,7,167400.0,79200.0,1.664497773429681,1,1
user_812,7,144000.0,3600.0,1.3787834891580906,0,1
user_8120,1,86400.0,86400.0,0.0,0,1
user_8121,7,139200.0,10800.0,1.8423709874063285,1,1
user_8122,1,86400.0,86400.0,0.0,0,1
user_8123,9,108900.0,14400.0,1.3516441108253072,0,1
user_8124,7,162600.0,46800.0,1.1488348499528316,0,1
user_8125,5,199800.0,151200.0,1.9219280891165822,0,1
user_8126,1,86400.0,86400.0,0.0,0,1
user_8127,9,131850.0,36000.0,2.419381936990201,0,1
user_8128,10,111200.0,10800.0,1.960964040230206,1,1
user_8129,4,206400.0,172800.0,1.4999999956719148,0,1
user_813,1,86400.0,86400.0,0.0,0,1
user_8130,5,187200.0,104400.0,1.9219280891165822,0,1
user_8131,7,140400.0,32400.0,1.950212059143967,0,1
user_8132,7,156000.0,79200.0,1.3787834891580906,0,1
user_8133,7,163800.0,36000.0,1.5566567031347378,0,1
user_8134,7,139800.0,14400.0,1.3787834891580906,0,1
user_8135,6,173520.0,115200.0,1.4591479126991596,0,1
user_8136,2,255600.0,255600.0,0.99999999711461,0,1
user_8137,8,129085.71428571429,43200.0,1.4999999956719148,0,1
user_8138,47,0.20019730434782607,0.109235,2.745455205422424,0,1
user_8139,7,150000.0,68400.0,1.8423709874063285,0,1
user_814,3,234000.0,176400.0,1.584962496393071,0,1
user_8140,5,184500.0,133200.0,1.9219280891165822,0,1
user_8141,9,121500.0,14400.0,1.4355204999545814,0,1
user_8142,6,185760.0,126000.0,0.6500224187629642,0,1
user_8143,9,115650.0,3600.0,1.8910611063018725,0,1
user_8144,9,137250.0,10800.0,2.5032583261194756,0,1
user_8145,4,222000.0,190800.0,-1.4426951595367387e-09,0,-1
user_8146,9,125550.0,39600.0,2.419381936990201,0,1
user_8147,5,198900.0,136800.0,1.9219280891165822,0,1
user_8148,9,126450.0,36000.0,1.5304930524293974,0,1
user_8149,8,138857.14285714287,57600.0,1.9056390564587862,0,1
user_815,10,121200.0,46800.0,1.3709505901265835,0,1
user_8150,3,234000.0,190800.0,0.9182958311690995,0,1
user_8151,10,117600.0,21600.0,2.1709505872411934,0,1
user_8152,9,126000.0,28800.0,2.1132833270813998,0,1
user_8153,29,0.1998620357142857,0.135259,2.6259445728493773,0,-1
user_8154,4,226800.0,187200.0,1.9999999942292197,1,1
user_8155,7,156000.0,36000.0,1.3787834891580906,0,1
user_8156,5,197100.0,154800.0,1.9219280891165822,0,1
user_8157,10,113200.0,10800.0,1.5709505886838886,0,1
user_8158,7,159600.0,54000.0,1.5566567031347378,0,1
user_8159,3,253800.0,248400.0,0.9182958311690995,0,1
user_816,8,146057.14285714287,64800.0,1.4999999956719148,0,1
user_8160,2,288000.0,288000.0,0.99999999711461,0,-1
user_8161,9,108000.0,14400.0,1.8910611063018725,0,1
user_8162,5,198000.0,118800.0,1.9219280891165822,1,1
user_8163,10,121600.0,10800.0,1.2954618399102367,0,1
user_8164,6,182160.0,115200.0,0.99999999711461,1,1
user_8165,27,0.19963507692307697,0.128875,2.713427659517798,0,1
user_8166,7,165000.0,54000.0,2.128085271677919,0,1
user_8167,46,0.19848715555555557,0.138134,2.738145720535143,0,-1
user_8168,6,175680.0,122400.0,1.2516291630597378,0,1
user_8169,3,243000.0,187200.0,1.584962496393071,0,1
user_817,5,187200.0,93600.0,1.9219280891165822,0,1
user_8170,3,239400.0,219600.0,1.584962496393071,0,1
user_8171,1,86400.0,86400.0,0.0,0,1
user_8172,3,235800.0,187200.0,0.9182958311690995,0,1
user_8173,8,134742.85714285713,32400.0,2.155639055016091,0,1
user_8174,5,183600.0,154800.0,1.3709505901265835,0,1
user_8175,6,157680.0,57600.0,2.2516291601743474,0,1
user_8176,1,86400.0,86400.0,0.0,0,1
user_8177,1,86400.0,86400.0,0.0,0,1
user_8178,3,235800.0,187200.0,1.584962496393071,0,1
user_8179,46,0.20053464444444447,0.107918,2.547503649016317,0,-1
user_818,7,130800.0,3600.0,1.8423709874063285,0,1
user_8180,9,106650.0,10800.0,1.7527152732089246,0,1
user_8181,5,189900.0,90000.0,1.3709505901265835,0,1
user_8182,1,86400.0,86400.0,0.0,0,1
user_8183,5,173700.0,111600.0,1.5219280905592771,1,1
user_8184,8,133714.2857142857,10800.0,2.49999999134383,0,1
user_8185,1,86400.0,86400.0,0.0,1,1
user_8186,1,86400.0,86400.0,0.0,1,1
user_8187,9,110250.0,3600.0,1.3516441108253072,0,1
user_8188,10,117600.0,14400.0,2.446439336014845,0,1
user_8189,8,144000.0,21600.0,1.8112781186883526,1,1
user_819,2,266400.0,266400.0,0.99999999711461,0,1
user_8190,10,98400.0,7200.0,2.1219280876738873,0,1
user_8191,2,255600.0,255600.0,0.99999999711461,0,1
user_8192,1,86400.0,86400.0,0.0,0,1
user_8193,2,291600.0,291600.0,0.99999999711461,0,-1
user_8194,2,262800.0,262800.0,0.99999999711461,0,1
user_8195,1,86400.0,86400.0,0.0,0,1
user_8196,8,118800.0,3600.0,1.74999999422922,0,1
user_8197,2,248400.0,248400.0,0.99999999711461,0,1
user_8198,4,218400.0,151200.0,0.8112781215737428,0,1
user_8199,53,0.20032182692307693,0.133609,2.74702540824958,0,-1
user_82,9,136350.0,25200.0,2.197159716210674,0,1
user_820,5,183600.0,111600.0,1.5219280905592771,0,1
user_8200,6,168480.0,75600.0,1.792481244589798,0,1
user_8201,50,0.20075104081632655,0.116008,2.71908286210878,0,1
user_8202,8,128571.42857142857,10800.0,1.9999999927865248,0,1
user_8203,6,167040.0,111600.0,2.2516291601743474,0,1
user_8204,2,252000.0,252000.0,-1.4426951595367387e-09,1,-1
user_8205,10,109200.0,10800.0,1.7219280891165822,0,1
user_8206,4,181200.0,144000.0,1.9999999942292197,0,1
user_8207,9,113850.0,3600.0,2.058813883117726,0,1
user_8208,5,205200.0,144000.0,1.9219280891165822,1,1
user_8209,9,108000.0,3600.0,2.5032583261194756,1,1
user_821,57,0.2006080714285714,0.129081,2.767113960247059,0,-1
user_8210,2,230400.0,230400.0,0.99999999711461,1,1
user_8211,5,191700.0,118800.0,1.5219280905592771,1,1
user_8212,4,220800.0,187200.0,1.4999999956719148,0,1
user_8213,3,261000.0,234000.0,1.584962496393071,1,1
user_8214,1,86400.0,86400.0,0.0,0,1
user_8215,1,86400.0,86400.0,0.0,0,1
user_8216,5,201600.0,90000.0,1.5219280905592771,0,1
user_8217,3,230400.0,223200.0,0.9182958311690995,0,1
user_8218,6,159120.0,72000.0,1.4591479126991596,1,1
user_8219,4,229200.0,205200.0,1.4999999956719148,0,1
user_822,76,0.20128836,0.107005,2.782189053818107,0,-1
user_8220,9,128250.0,39600.0,1.6577427207341087,0,1
user_8221,73,0.20120030555555557,0.117374,2.749409842497546,0,-1
user_8222,6,174240.0,72000.0,1.4591479126991596,0,1
user_8223,1,86400.0,86400.0,0.0,0,1
user_8224,5,198000.0,126000.0,-1.4426951595367387e-09,0,-1
user_8225,1,86400.0,86400.0,0.0,0,1
user_8226,9,135000.0,46800.0,1.224394441077901,0,1
user_8227,10,113600.0,28800.0,2.1709505872411934,0,1
user_8228,7,153000.0,36000.0,0.863120565681241,0,1
user_8229,46,0.2000941111111111,0.111905,2.7581388626774035,0,1
user_823,26,0.20152896,0.114976,2.5374077495800185,0,-1
user_8230,3,257400.0,244800.0,1.584962496393071,0,1
user_8231,8,134228.57142857142,14400.0,1.9999999927865248,0,1
user_8232,4,205200.0,158400.0,1.4999999956719148,0,1
user_8233,1,86400.0,86400.0,0.0,0,1
user_8234,1,86400.0,86400.0,0.0,0,1
user_8235,2,262800.0,262800.0,0.99999999711461,0,1
user_8236,4,187200.0,158400.0,1.4999999956719148,0,1
user_8237,2,288000.0,288000.0,0.99999999711461,1,-1
user_8238,46,0.19923815555555555,0.119045,2.7100145980763672,0,1
user_8239,6,166320.0,50400.0,1.4591479126991596,0,1
user_824,9,129600.0,39600.0,1.6577427207341087,0,1
user_8240,9,117900.0,14400.0,1.6577427207341087,0,1
user_8241,6,145440.0,61200.0,2.2516291601743474,0,1
user_8242,5,201600.0,136800.0,1.9219280891165822,1,1
user_8243,4,214800.0,180000.0,1.4999999956719148,0,1
user_8244,4,205200.0,147600.0,1.4999999956719148,0,1
user_8245,3,226800.0,219600.0,1.584962496393071,0,1
user_8246,5,200700.0,165600.0,0.9709505915692787,0,1
user_8247,9,139500.0,10800.0,1.7527152732089246,0,1
user_8248,8,114685.71428571429,7200.0,1.8112781186883526,0,1
user_8249,2,252000.0,252000.0,0.99999999711461,0,1
user_825,8,123942.85714285714,32400.0,1.5612781201310477,0,1
user_8250,5,190800.0,133200.0,1.5219280905592771,0,1
user_8251,5,169200.0,104400.0,1.5219280905592771,0,1
user_8252,3,234000.0,223200.0,0.9182958311690995,0,1
user_8253,1,86400.0,86400.0,0.0,0,1
user_8254,58,0.20040466666666668,0.112516,2.7706796282062114,0,1
user_8255,5,191700.0,136800.0,1.5219280905592771,0,1
user_8256,6,167760.0,46800.0,0.99999999711461,0,1
user_8257,3,252000.0,219600.0,-1.4426951595367387e-09,0,-1
user_8258,5,193500.0,93600.0,1.3709505901265835,0,1
user_8259,5,190800.0,111600.0,0.7219280920019722,0,1
user_826,6,185760.0,122400.0,1.9182958282837093,0,1
user_8260,5,189900.0,97200.0,1.5219280905592771,0,1
user_8261,4,218400.0,180000.0,1.4999999956719148,0,1
user_8262,8,152228.57142857142,46800.0,2.155639055016091,0,1
user_8263,9,131850.0,14400.0,1.3516441108253072,0,1
user_8264,8,127542.85714285714,7200.0,2.155639055016091,0,1
user_8265,2,273600.0,273600.0,0.99999999711461,0,1
user_8266,8,139885.7142857143,18000.0,1.9999999927865248,0,1
user_8267,3,243000.0,234000.0,1.584962496393071,0,1
user_8268,2,291600.0,291600.0,0.99999999711461,0,-1
user_8269,3,252000.0,223200.0,1.584962496393071,0,1
user_827,2,252000.0,252000.0,0.99999999711461,0,1
user_8270,45,0.19941663636363635,0.108506,2.6651784312077447,0,1
user_8271,7,133200.0,3600.0,1.8423709874063285,0,1
user_8272,2,266400.0,266400.0,0.99999999711461,0,1
user_8273,9,119700.0,7200.0,2.058813883117726,0,1
user_8274,4,220800.0,133200.0,1.4999999956719148,0,1
user_8275,5,175500.0,115200.0,0.7219280920019722,0,1
user_8276,8,147085.7142857143,25200.0,1.74999999422922,0,1
user_8277,6,172800.0,64800.0,2.2516291601743474,0,1
user_8278,6,160560.0,64800.0,2.2516291601743474,0,1
user_8279,24,0.20151147826086954,0.12118,2.6403360546615784,0,-1
user_828,79,0.20045596153846157,0.110484,2.784402787699257,0,-1
user_8280,43,0.1991690476190476,0.129997,2.7097531178480065,0,1
user_8281,2,241200.0,241200.0,0.99999999711461,0,1
user_8282,10,113200.0,36000.0,1.7219280891165822,1,1
user_8283,8,139885.7142857143,28800.0,1.9056390564587862,0,1
user_8284,5,184500.0,133200.0,1.5219280905592771,0,1
user_8285,7,141600.0,43200.0,0.863120565681241,1,1
user_8286,4,219600.0,136800.0,0.99999999711461,0,1
user_8287,4,210000.0,147600.0,0.8112781215737428,0,1
user_8288,48,0.20092036170212765,0.109794,2.632493725460659,0,-1
user_8289,46,0.19820522222222223,0.121958,2.731328728323022,0,-1
user_829,5,181800.0,133200.0,1.3709505901265835,0,1
user_8290,3,232200.0,226800.0,1.584962496393071,0,1
user_8291,2,223200.0,223200.0,-1.4426951595367387e-09,0,-1
user_8292,8,131142.85714285713,39600.0,1.74999999422922,0,1
user_8293,8,146057.14285714287,54000.0,1.4999999956719148,0,1
user_8294,4,246000.0,205200.0,1.4999999956719148,0,1
user_8295,4,238800.0,201600.0,1.4999999956719148,1,1
user_8296,10,110800.0,3600.0,1.8464393389002354,0,1
user_8297,3,239400.0,208800.0,0.9182958311690995,0,1
user_8298,2,219600.0,219600.0,0.99999999711461,0,1
user_8299,6,190080.0,111600.0,1.792481244589798,0,1
user_83,3,228600.0,205200.0,0.9182958311690995,0,1
user_830,9,114750.0,3600.0,1.6577427207341087,0,1
user_8300,10,117200.0,3600.0,2.446439336014845,1,1
user_8301,9,111150.0,25200.0,2.058813883117726,0,1
user_8302,2,295200.0,295200.0,0.99999999711461,0,-1
user_8303,6,166320.0,64800.0,1.2516291630597378,0,1
user_8304,2,295200.0,295200.0,0.99999999711461,0,-1
user_8305,5,189900.0,100800.0,1.9219280891165822,0,1
user_8306,4,193200.0,144000.0,1.4999999956719148,0,1
user_8307,5,197100.0,133200.0,0.9709505915692787,0,1
user_8308,57,0.19869251785714287,0.122069,2.6972320162836656,0,-1
user_8309,8,122400.0,3600.0,2.249999992786525,0,1
user_831,7,147000.0,50400.0,1.4488156313970995,0,1
user_8310,8,147085.7142857143,57600.0,1.2987949363673135,1,1
user_8311,8,131142.85714285713,43200.0,1.5487949349246184,0,1
user_8312,3,228600.0,201600.0,1.584962496393071,0,1
user_8313,8,144514.2857142857,18000.0,1.4056390579014812,0,1
user_8314,5,214200.0,144000.0,1.5219280905592771,0,1
user_8315,10,122800.0,18000.0,2.7219280847884972,0,1
user_8316,3,207000.0,190800.0,1.584962496393071,0,1
user_8317,29,0.20123321428571428,0.122192,2.6414059871840894,0,1
user_8318,32,0.2019912258064516,0.118521,2.6978907122321742,0,-1
user_8319,10,124800.0,25200.0,2.1709505872411934,0,1
user_832,72,0.1995387323943662,0.122128,2.742966997144781,0,-1
user_8320,71,0.2004978142857143,0.111037,2.743136263768918,0,-1
user_8321,7,152400.0,50400.0,1.4488156313970995,0,1
user_8322,2,298800.0,298800.0,-1.4426951595367387e-09,0,-1
user_8323,6,158400.0,79200.0,1.4591479126991596,0,1
user_8324,4,216000.0,180000.0,0.99999999711461,0,1
user_8325,5,192600.0,111600.0,1.5219280905592771,0,1
user_8326,10,121600.0,3600.0,2.0464393374575405,0,1
user_8327,62,0.19946278688524588,0.121361,2.7121898810112612,0,1
user_8328,3,223200.0,216000.0,-1.4426951595367387e-09,0,-1
user_8329,6,172800.0,75600.0,0.9182958311690995,0,1
user_833,5,200700.0,133200.0,1.9219280891165822,0,1
user_8330,4,210000.0,165600.0,1.4999999956719148,0,1
user_8331,9,116100.0,10800.0,2.197159716210674,0,1
user_8332,8,139371.42857142858,18000.0,1.74999999422922,0,1
user_8333,2,237600.0,237600.0,0.99999999711461,1,1
user_8334,3,237600.0,234000.0,1.584962496393071,0,1
user_8335,4,205200.0,165600.0,0.8112781215737428,0,1
user_8336,1,86400.0,86400.0,0.0,0,1
user_8337,31,0.1989953,0.127796,2.4303630450362697,0,-1
user_8338,6,178560.0,75600.0,1.2516291630597378,0,1
user_8339,9,130950.0,36000.0,1.224394441077901,0,1
user_834,9,132750.0,3600.0,1.879964941513636,0,1
user_8340,1,86400.0,86400.0,0.0,0,1
user_8341,9,132300.0,50400.0,1.5304930524293974,0,1
user_8342,1,86400.0,86400.0,0.0,0,1
user_8343,9,123750.0,18000.0,1.7527152732089246,0,1
user_8344,9,118350.0,28800.0,1.3516441108253072,0,1
user_8345,7,145800.0,21600.0,2.2359263434155574,1,1
user_8346,37,0.19782205555555554,0.115721,2.750163667430329,0,-1
user_8347,3,230400.0,201600.0,0.9182958311690995,1,1
user_8348,30,0.19953737931034485,0.137867,2.451932569118168,0,-1
user_8349,6,178560.0,61200.0,1.4591479126991596,0,1
user_835,4,211200.0,172800.0,0.8112781215737428,0,1
user_8350,2,223200.0,223200.0,0.99999999711461,0,1
user_8351,9,117450.0,25200.0,2.419381936990201,0,1
user_8352,3,261000.0,252000.0,-1.4426951595367387e-09,0,-1
user_8353,8,123428.57142857143,18000.0,2.49999999134383,0,1
user_8354,3,232200.0,187200.0,0.9182958311690995,0,1
user_8355,4,205200.0,151200.0,0.99999999711461,0,1
user_8356,8,127028.57142857143,18000.0,2.155639055016091,1,1
user_8357,3,257400.0,234000.0,1.584962496393071,0,1
user_8358,9,121050.0,3600.0,1.3516441108253072,0,1
user_8359,9,124200.0,10800.0,1.3921472193364495,1,1
user_836,4,225600.0,194400.0,1.4999999956719148,0,1
user_8360,10,120800.0,25200.0,1.5709505886838886,0,1
user_8361,3,237600.0,234000.0,1.584962496393071,0,1
user_8362,9,121050.0,18000.0,1.6577427207341087,0,1
user_8363,3,255600.0,244800.0,1.584962496393071,0,1
user_8364,10,117200.0,7200.0,1.7219280891165822,0,1
user_8365,3,223200.0,180000.0,1.584962496393071,0,1
user_8366,3,264600.0,255600.0,1.584962496393071,1,-1
user_8367,1,86400.0,86400.0,0.0,0,1
user_8368,9,126000.0,10800.0,2.058813883117726,0,1
user_8369,8,144514.2857142857,39600.0,2.155639055016091,0,1
user_837,4,222000.0,158400.0,0.8112781215737428,1,1
user_8370,9,123750.0,18000.0,1.3921472193364495,0,1
user_8371,10,114800.0,10800.0,1.8954618384675417,0,1
user_8372,8,132171.42857142858,18000.0,1.74999999422922,0,1
user_8373,1,86400.0,86400.0,0.0,0,1
user_8374,7,150000.0,46800.0,2.2359263434155574,0,1
user_8375,74,0.1993070821917808,0.120996,2.7764059789403275,0,-1
user_8376,2,244800.0,244800.0,0.99999999711461,0,1
user_8377,1,86400.0,86400.0,0.0,0,1
user_8378,5,181800.0,97200.0,1.3709505901265835,0,1
user_8379,21,0.19829919999999998,0.115244,2.4935410802547895,0,-1
user_838,7,142800.0,3600.0,1.8423709874063285,0,1
user_8380,1,86400.0,86400.0,0.0,0,1
user_8381,5,189000.0,108000.0,0.9709505915692787,0,1
user_8382,5,178200.0,126000.0,0.9709505915692787,0,1
user_8383,6,173520.0,115200.0,1.9182958282837093,0,1
user_8384,3,214200.0,190800.0,1.584962496393071,0,1
user_8385,8,129600.0,28800.0,1.2987949363673135,0,1
user_8386,8,141428.57142857142,32400.0,1.4056390579014812,0,1
user_8387,8,144514.2857142857,50400.0,2.249999992786525,0,1
user_8388,9,129150.0,28800.0,2.419381936990201,0,1
user_8389,2,288000.0,288000.0,0.99999999711461,0,-1
user_839,2,230400.0,230400.0,-1.4426951595367387e-09,0,-1
user_8390,2,237600.0,237600.0,-1.4426951595367387e-09,0,-1
user_8391,7,153600.0,57600.0,1.3787834891580906,0,1
user_8392,10,119600.0,50400.0,2.321928086231192,0,1
user_8393,3,244800.0,201600.0,0.9182958311690995,0,1
user_8394,10,97200.0,3600.0,2.1709505872411934,0,1
user_8395,3,237600.0,194400.0,0.9182958311690995,0,1
user_8396,4,219600.0,176400.0,1.4999999956719148,1,1
user_8397,7,144600.0,25200.0,1.8423709874063285,0,1
user_8398,5,205200.0,158400.0,1.9219280891165822,1,1
user_8399,2,291600.0,291600.0,0.99999999711461,0,-1
user_84,6,171360.0,93600.0,1.792481244589798,0,1
user_840,1,86400.0,86400.0,0.0,0,1
user_8400,5,199800.0,126000.0,1.9219280891165822,0,1
user_8401,5,206100.0,93600.0,1.3709505901265835,0,1
user_8402,7,139800.0,18000.0,1.4488156313970995,0,1
user_8403,3,270000.0,248400.0,1.584962496393071,0,-1
user_8404,1,86400.0,86400.0,0.0,0,1
user_8405,8,135771.42857142858,14400.0,1.74999999422922,0,1
user_8406,9,125550.0,14400.0,2.419381936990201,1,1
user_8407,5,217800.0,169200.0,0.9709505915692787,0,1
user_8408,28,0.2006911851851852,0.11491,2.537082361412422,0,-1
user_8409,10,118400.0,7200.0,1.360964043115596,0,1
user_841,38,0.198582027027027,0.11843,2.7297542277733786,0,1
user_8410,2,284400.0,284400.0,0.99999999711461,0,-1
user_8411,4,219600.0,165600.0,1.4999999956719148,0,1
user_8412,5,217800.0,158400.0,1.3709505901265835,0,1
user_8413,8,113657.14285714286,14400.0,1.5487949349246184,0,1
user_8414,3,266400.0,237600.0,1.584962496393071,0,1
user_8415,10,112000.0,21600.0,1.3567796436762596,0,1
user_8416,10,122000.0,21600.0,2.1219280876738873,0,1
user_8417,5,190800.0,122400.0,0.9709505915692787,0,1
user_8418,5,207000.0,162000.0,1.9219280891165822,1,1
user_8419,7,150600.0,3600.0,1.3787834891580906,0,1
user_842,5,180900.0,133200.0,1.5219280905592771,0,1
user_8420,9,125100.0,14400.0,1.8910611063018725,0,1
user_8421,9,135450.0,18000.0,1.7527152732089246,0,1
user_8422,4,218400.0,198000.0,0.8112781215737428,0,1
user_8423,59,0.20015487931034484,0.13019,2.73683069588089,0,-1
user_8424,7,144600.0,3600.0,1.5566567031347378,0,1
user_8425,3,243000.0,219600.0,1.584962496393071,0,1
user_8426,6,194400.0,111600.0,0.9182958311690995,1,1
user_8427,8,149657.14285714287,10800.0,1.4056390579014812,0,1
user_8428,5,190800.0,122400.0,0.7219280920019722,0,1
user_8429,6,182880.0,93600.0,1.9182958282837093,0,1
user_843,7,139800.0,39600.0,1.664497773429681,0,1
user_8430,3,239400.0,219600.0,0.9182958311690995,0,1
user_8431,22,0.20124219047619046,0.115118,2.6424239516731096,0,-1
user_8432,7,144000.0,68400.0,1.5566567031347378,0,1
user_8433,3,208800.0,176400.0,1.584962496393071,0,1
user_8434,3,255600.0,230400.0,0.9182958311690995,0,1
user_8435,1,86400.0,86400.0,0.0,0,1
user_8436,8,140400.0,46800.0,1.9056390564587862,0,1
user_8437,3,219600.0,187200.0,1.584962496393071,0,1
user_8438,10,116000.0,21600.0,2.446439336014845,0,1
user_8439,10,132000.0,7200.0,1.960964040230206,0,1
user_844,4,225600.0,198000.0,1.9999999942292197,0,1
user_8440,1,86400.0,86400.0,0.0,0,1
user_8441,9,114750.0,18000.0,1.7527152732089246,1,1
user_8442,6,180000.0,126000.0,1.792481244589798,0,1
user_8443,10,132000.0,10800.0,2.1709505872411934,0,1
user_8444,7,154200.0,54000.0,1.8423709874063285,1,1
user_8445,35,0.20086020588235295,0.107046,2.67858479225132,0,-1
user_8446,2,280800.0,280800.0,0.99999999711461,0,1
user_8447,7,144000.0,14400.0,1.8423709874063285,0,1
user_8448,1,86400.0,86400.0,0.0,0,1
user_8449,10,113200.0,7200.0,1.8464393389002354,0,1
user_845,24,0.19634417391304346,0.134699,2.619910013175201,0,-1
user_8450,5,186300.0,129600.0,1.5219280905592771,0,1
user_8451,4,207600.0,194400.0,1.4999999956719148,0,1
user_8452,7,141600.0,7200.0,1.5566567031347378,1,1
user_8453,2,248400.0,248400.0,-1.4426951595367387e-09,1,-1
user_8454,1,86400.0,86400.0,0.0,0,1
user_8455,3,232200.0,201600.0,1.584962496393071,0,1
user_8456,1,86400.0,86400.0,0.0,0,1
user_8457,9,124650.0,10800.0,1.7527152732089246,0,1
user_8458,3,244800.0,205200.0,0.9182958311690995,0,1
user_8459,4,229200.0,158400.0,1.4999999956719148,0,1
user_846,7,156000.0,18000.0,1.4488156313970995,0,1
user_8460,1,86400.0,86400.0,0.0,0,1
user_8461,5,190800.0,97200.0,1.3709505901265835,0,1
user_8462,6,190800.0,90000.0,2.2516291601743474,0,1
user_8463,7,163200.0,64800.0,1.8423709874063285,0,1
user_8464,65,0.20047796875,0.112503,2.71863646510135,0,1
user_8465,1,86400.0,86400.0,0.0,1,1
user_8466,9,141750.0,32400.0,1.6577427207341087,0,1
user_8467,10,129200.0,54000.0,1.760964041672901,0,1
user_8468,3,217800.0,205200.0,0.9182958311690995,1,1
user_8469,7,161400.0,72000.0,1.1488348499528316,0,1
user_847,1,86400.0,86400.0,0.0,0,1
user_8470,6,174960.0,104400.0,1.792481244589798,0,1
user_8471,9,114750.0,7200.0,1.7527152732089246,1,1
user_8472,5,182700.0,90000.0,1.3709505901265835,0,1
user_8473,1,86400.0,86400.0,0.0,0,1
user_8474,3,214200.0,208800.0,0.9182958311690995,0,1
user_8475,7,164400.0,64800.0,2.128085271677919,0,1
user_8476,7,144000.0,7200.0,1.664497773429681,0,1
user_8477,8,141428.57142857142,28800.0,1.4056390579014812,0,1
user_8478,4,211200.0,154800.0,0.8112781215737428,0,1
user_8479,67,0.20077325757575754,0.114387,2.7382740575888347,0,1
user_848,5,189000.0,126000.0,1.9219280891165822,0,1
user_8480,9,131850.0,14400.0,2.197159716210674,0,1
user_8481,4,235200.0,201600.0,1.4999999956719148,0,1
user_8482,6,174960.0,126000.0,1.792481244589798,1,1
user_8483,8,133714.2857142857,54000.0,1.8112781186883526,0,1
user_8484,1,86400.0,86400.0,0.0,0,1
user_8485,2,219600.0,219600.0,0.99999999711461,0,1
user_8486,72,0.200310338028169,0.108982,2.77743874826012,0,-1
user_8487,3,261000.0,252000.0,1.584962496393071,0,-1
user_8488,2,252000.0,252000.0,0.99999999711461,0,1
user_8489,1,86400.0,86400.0,0.0,0,1
user_849,2,262800.0,262800.0,-1.4426951595367387e-09,0,-1
user_8490,4,223200.0,190800.0,1.4999999956719148,0,1
user_8491,4,225600.0,194400.0,1.9999999942292197,0,1
user_8492,6,174960.0,75600.0,1.9182958282837093,0,1
user_8493,5,180000.0,93600.0,1.5219280905592771,0,1
user_8494,38,0.19958608108108103,0.122628,2.688424215743667,0,1
user_8495,9,127800.0,28800.0,2.1132833270813998,1,1
user_8496,9,117900.0,14400.0,1.8910611063018725,0,1
user_8497,8,122914.28571428571,46800.0,1.74999999422922,1,1
user_8498,3,212400.0,190800.0,0.9182958311690995,0,1
user_8499,7,161400.0,64800.0,2.128085271677919,0,1
user_85,7,139800.0,54000.0,1.664497773429681,0,1
user_850,10,111200.0,7200.0,1.960964040230206,0,1
user_8500,2,219600.0,219600.0,-1.4426951595367387e-09,0,-1
user_8501,3,257400.0,223200.0,0.9182958311690995,0,1
user_8502,36,0.20010417142857143,0.127659,2.609346950582779,0,-1
user_8503,5,191700.0,144000.0,1.5219280905592771,1,1
user_8504,2,280800.0,280800.0,0.99999999711461,0,1
user_8505,5,176400.0,111600.0,1.9219280891165822,0,1
user_8506,6,174240.0,97200.0,1.792481244589798,0,1
user_8507,6,168480.0,93600.0,0.6500224187629642,0,1
user_8508,5,191700.0,115200.0,1.9219280891165822,0,1
user_8509,2,252000.0,252000.0,-1.4426951595367387e-09,0,-1
user_851,10,113200.0,21600.0,2.1709505872411934,0,1
user_8510,10,105200.0,7200.0,2.1219280876738873,0,1
user_8511,2,262800.0,262800.0,-1.4426951595367387e-09,0,-1
user_8512,6,167760.0,64800.0,1.9182958282837093,0,1
user_8513,6,195120.0,90000.0,2.2516291601743474,0,1
user_8514,1,86400.0,86400.0,0.0,1,1
user_8515,5,205200.0,140400.0,0.9709505915692787,0,1
user_8516,8,131142.85714285713,25200.0,1.8112781186883526,0,1
user_8517,1,86400.0,86400.0,0.0,0,1
user_8518,60,0.1999187627118644,0.121144,2.7329340002483247,0,1
user_8519,5,212400.0,154800.0,0.9709505915692787,0,1
user_852,1,86400.0,86400.0,0.0,0,1
user_8520,2,295200.0,295200.0,0.99999999711461,0,-1
user_8521,2,244800.0,244800.0,0.99999999711461,0,1
user_8522,5,192600.0,129600.0,1.9219280891165822,0,1
user_8523,1,86400.0,86400.0,0.0,1,1
user_8524,10,120400.0,25200.0,1.7219280891165822,0,1
user_8525,7,142800.0,36000.0,1.8423709874063285,0,1
user_8526,3,239400.0,201600.0,1.584962496393071,0,1
user_8527,6,185040.0,93600.0,0.9182958311690995,0,1
user_8528,3,246600.0,237600.0,0.9182958311690995,0,1
user_8529,5,216000.0,154800.0,1.9219280891165822,0,1
user_853,60,0.2000707118644068,0.115517,2.7769225841474614,0,1
user_8530,7,157200.0,57600.0,1.664497773429681,0,1
user_8531,7,135000.0,21600.0,1.3787834891580906,0,1
user_8532,2,266400.0,266400.0,0.99999999711461,0,1
user_8533,9,130500.0,10800.0,0.9182958311690995,0,1
user_8534,6,175680.0,122400.0,1.2516291630597378,1,1
user_8535,2,280800.0,280800.0,-1.4426951595367387e-09,0,-1
user_8536,7,167400.0,32400.0,1.664497773429681,0,1
user_8537,1,86400.0,86400.0,0.0,0,1
user_8538,6,168480.0,97200.0,0.9182958311690995,0,1
user_8539,9,119700.0,14400.0,1.8365916623381988,1,1
user_854,4,211200.0,144000.0,1.4999999956719148,0,1
user_8540,57,0.198613125,0.111045,2.7255702408954376,0,1
user_8541,7,159000.0,72000.0,2.2359263434155574,0,1
user_8542,4,225600.0,162000.0,0.8112781215737428,0,1
user_8543,2,284400.0,284400.0,0.99999999711461,0,-1
user_8544,1,86400.0,86400.0,0.0,1,1
user_8545,10,103600.0,14400.0,1.6854752914565543,0,1
user_8546,1,86400.0,86400.0,0.0,0,1
user_8547,5,198900.0,108000.0,0.9709505915692787,0,1
user_8548,23,0.2035598181818182,0.134383,2.670118881475944,0,-1
user_8549,9,117450.0,3600.0,1.7527152732089246,0,1
user_855,1,86400.0,86400.0,0.0,0,1
user_8550,3,257400.0,255600.0,1.584962496393071,0,-1
user_8551,9,116100.0,21600.0,2.197159716210674,0,1
user_8552,6,187200.0,79200.0,1.4591479126991596,0,1
user_8553,5,180900.0,122400.0,1.3709505901265835,0,1
user_8554,2,255600.0,255600.0,0.99999999711461,0,1
user_8555,3,217800.0,180000.0,0.9182958311690995,0,1
user_8556,8,121371.42857142857,14400.0,1.74999999422922,0,1
user_8557,3,239400.0,237600.0,0.9182958311690995,0,1
user_8558,5,196200.0,158400.0,1.9219280891165822,0,1
user_8559,6,188640.0,100800.0,1.4591479126991596,0,1
user_856,2,252000.0,252000.0,0.99999999711461,0,1
user_8560,4,211200.0,176400.0,0.8112781215737428,1,1
user_8561,38,0.1981332162162162,0.131315,2.7336696121254054,0,-1
user_8562,3,246600.0,198000.0,1.584962496393071,1,1
user_8563,10,102400.0,7200.0,2.1219280876738873,0,1
user_8564,2,248400.0,248400.0,0.99999999711461,0,1
user_8565,43,0.19872361904761904,0.119223,2.738645409363771,0,1
user_8566,2,259200.0,259200.0,0.99999999711461,0,1
user_8567,2,252000.0,252000.0,0.99999999711461,0,1
user_8568,3,244800.0,244800.0,1.584962496393071,0,1
user_8569,1,86400.0,86400.0,0.0,0,1
user_857,3,223200.0,208800.0,1.584962496393071,0,1
user_8570,6,189360.0,108000.0,2.2516291601743474,0,1
user_8571,6,164880.0,115200.0,1.4591479126991596,0,1
user_8572,10,112400.0,10800.0,2.321928086231192,0,1
user_8573,9,112950.0,28800.0,1.8365916623381988,0,1
user_8574,9,123750.0,14400.0,1.8910611063018725,0,1
user_8575,3,266400.0,237600.0,0.9182958311690995,0,1
user_8576,9,140850.0,50400.0,1.7527152732089246,0,1
user_8577,2,280800.0,280800.0,0.99999999711461,0,1
user_8578,1,86400.0,86400.0,0.0,0,1
user_8579,8,131657.14285714287,39600.0,2.4056390535733962,0,1
user_858,58,0.19954484210526316,0.118804,2.670396785680212,0,1
user_8580,2,262800.0,262800.0,-1.4426951595367387e-09,1,-1
user_8581,3,230400.0,183600.0,0.9182958311690995,0,1
user_8582,8,121371.42857142857,10800.0,1.8112781186883526,1,1
user_8583,8,142457.14285714287,28800.0,1.5487949349246184,0,1
user_8584,10,113200.0,7200.0,1.760964041672901,0,1
user_8585,5,201600.0,136800.0,1.9219280891165822,0,1
user_8586,4,210000.0,151200.0,0.99999999711461,0,1
user_8587,3,250200.0,230400.0,0.9182958311690995,0,1
user_8588,5,207900.0,169200.0,1.3709505901265835,0,1
user_8589,4,200400.0,183600.0,1.9999999942292197,0,1
user_859,5,189000.0,111600.0,1.5219280905592771,0,1
user_8590,8,142971.42857142858,68400.0,1.8112781186883526,0,1
user_8591,3,250200.0,244800.0,1.584962496393071,0,1
user_8592,5,197100.0,118800.0,2.321928087673887,0,1
user_8593,6,183600.0,72000.0,2.2516291601743474,0,1
user_8594,4,217200.0,151200.0,1.4999999956719148,0,1
user_8595,50,0.19970181632653058,0.115926,2.733857061948509,0,1
user_8596,8,147085.7142857143,21600.0,1.9999999927865248,1,1
user_8597,2,288000.0,288000.0,0.99999999711461,0,-1
user_8598,5,206100.0,111600.0,1.5219280905592771,0,1
user_8599,3,235800.0,194400.0,1.584962496393071,1,1
user_86,2,262800.0,262800.0,-1.4426951595367387e-09,0,-1
user_860,2,273600.0,273600.0,0.99999999711461,0,1
user_8600,8,145028.57142857142,18000.0,1.5487949349246184,0,1
user_8601,3,219600.0,205200.0,0.9182958311690995,0,1
user_8602,9,119700.0,43200.0,1.9749374954311467,0,1
user_8603,3,250200.0,244800.0,0.9182958311690995,1,1
user_8604,6,187920.0,93600.0,1.4591479126991596,0,1
user_8605,9,136350.0,43200.0,1.7527152732089246,0,1
user_8606,1,86400.0,86400.0,0.0,0,1
user_8607,7,145200.0,7200.0,1.8423709874063285,0,1
user_8608,6,171360.0,68400.0,1.9182958282837093,0,1
user_8609,3,219600.0,194400.0,0.9182958311690995,1,1
user_861,5,195300.0,122400.0,1.5219280905592771,0,1
user_8610,10,107600.0,18000.0,1.6854752914565543,0,1
user_8611,2,298800.0,298800.0,0.99999999711461,0,-1
user_8612,3,226800.0,226800.0,1.584962496393071,0,1
user_8613,7,165000.0,61200.0,1.4488156313970995,0,1
user_8614,8,134228.57142857142,7200.0,1.8112781186883526,0,1
user_8615,6,162000.0,72000.0,1.9182958282837093,0,1
user_8616,2,262800.0,262800.0,0.99999999711461,0,1
user_8617,36,0.1992576,0.124687,2.71884635363435,0,1
user_8618,1,86400.0,86400.0,0.0,0,1
user_8619,75,0.19970647297297298,0.113489,2.712567931588263,0,-1
user_862,5,184500.0,122400.0,2.321928087673887,0,1
user_8620,6,182880.0,122400.0,1.4591479126991596,0,1
user_8621,10,119200.0,18000.0,2.0464393374575405,0,1
user_8622,9,138150.0,3600.0,1.3516441108253072,0,1
user_8623,8,140400.0,25200.0,2.49999999134383,0,1
user_8624,7,163800.0,79200.0,1.3787834891580906,0,1
user_8625,5,205200.0,158400.0,1.9219280891165822,0,1
user_8626,8,158400.0,50400.0,2.155639055016091,0,1
user_8627,1,86400.0,86400.0,0.0,0,1
user_8628,4,224400.0,205200.0,1.4999999956719148,0,1
user_8629,3,228600.0,198000.0,1.584962496393071,0,1
user_863,2,230400.0,230400.0,-1.4426951595367387e-09,0,-1
user_8630,2,255600.0,255600.0,0.99999999711461,0,1
user_8631,1,86400.0,86400.0,0.0,0,1
user_8632,5,192600.0,97200.0,0.7219280920019722,0,1
user_8633,7,166800.0,79200.0,1.8423709874063285,0,1
user_8634,9,115650.0,3600.0,1.7527152732089246,0,1
user_8635,4,218400.0,165600.0,1.4999999956719148,0,1
user_8636,6,163440.0,82800.0,0.9182958311690995,1,1
user_8637,8,149142.85714285713,32400.0,1.9056390564587862,0,1
user_8638,7,142800.0,7200.0,1.664497773429681,0,1
user_8639,3,221400.0,194400.0,0.9182958311690995,0,1
user_864,3,219600.0,212400.0,-1.4426951595367387e-09,0,-1
user_8640,4,222000.0,198000.0,-1.4426951595367387e-09,0,-1
user_8641,3,235800.0,234000.0,0.9182958311690995,0,1
user_8642,5,215100.0,165600.0,1.5219280905592771,0,1
user_8643,10,116400.0,36000.0,1.760964041672901,0,1
user_8644,3,243000.0,241200.0,1.584962496393071,0,1
user_8645,59,0.19886408620689658,0.121272,2.781564848998656,0,-1
user_8646,6,181440.0,118800.0,1.4591479126991596,0,1
user_8647,3,208800.0,198000.0,0.9182958311690995,1,1
user_8648,9,118800.0,3600.0,2.419381936990201,1,1
user_8649,7,160200.0,79200.0,1.3787834891580906,0,1
user_865,3,226800.0,194400.0,0.9182958311690995,0,1
user_8650,5,204300.0,165600.0,1.3709505901265835,0,1
user_8651,8,137828.57142857142,46800.0,1.74999999422922,0,1
user_8652,1,86400.0,86400.0,0.0,0,1
user_8653,8,133200.0,3600.0,1.5487949349246184,0,1
user_8654,7,153000.0,28800.0,1.8423709874063285,0,1
user_8655,4,202800.0,136800.0,0.8112781215737428,0,1
user_8656,2,284400.0,284400.0,0.99999999711461,0,-1
user_8657,4,223200.0,136800.0,1.9999999942292197,0,1
user_8658,7,146400.0,75600.0,1.3787834891580906,0,1
user_8659,8,119314.28571428571,25200.0,1.5612781201310477,0,1
user_866,6,195120.0,104400.0,1.9182958282837093,0,1
user_8660,7,147000.0,3600.0,1.8423709874063285,0,1
user_8661,10,92800.0,10800.0,2.321928086231192,0,1
user_8662,4,231600.0,194400.0,1.9999999942292197,0,1
user_8663,7,153000.0,46800.0,1.8423709874063285,0,1
user_8664,7,147600.0,50400.0,1.3787834891580906,0,1
user_8665,10,103600.0,10800.0,1.8464393389002354,0,1
user_8666,68,0.2002212537313433,0.119221,2.7941371263863943,0,-1
user_8667,4,208800.0,190800.0,0.8112781215737428,0,1
user_8668,2,244800.0,244800.0,0.99999999711461,0,1
user_8669,77,0.20002460526315788,0.130858,2.7391714878276323,0,-1
user_867,2,266400.0,266400.0,0.99999999711461,0,1
user_8670,2,237600.0,237600.0,0.99999999711461,0,1
user_8671,6,164160.0,104400.0,0.99999999711461,0,1
user_8672,9,121500.0,18000.0,2.058813883117726,0,1
user_8673,7,153000.0,43200.0,2.128085271677919,0,1
user_8674,6,187920.0,97200.0,2.2516291601743474,0,1
user_8675,3,216000.0,176400.0,1.584962496393071,0,1
user_8676,9,130500.0,43200.0,2.197159716210674,0,1
user_8677,9,135900.0,14400.0,2.281036105339948,0,1
user_8678,5,195300.0,90000.0,-1.4426951595367387e-09,0,1
user_8679,4,188400.0,151200.0,0.8112781215737428,0,1
user_868,9,117450.0,3600.0,2.5032583261194756,1,1
user_8680,6,151200.0,57600.0,1.9182958282837093,0,1
user_8681,3,248400.0,205200.0,0.9182958311690995,0,1
user_8682,7,163200.0,54000.0,1.3787834891580906,0,1
user_8683,10,107600.0,3600.0,1.3567796436762596,0,1
user_8684,8,139371.42857142858,18000.0,1.74999999422922,1,1
user_8685,8,141942.85714285713,46800.0,2.249999992786525,0,1
user_8686,7,153000.0,82800.0,0.863120565681241,0,1
user_8687,8,129600.0,21600.0,1.4056390579014812,0,1
user_8688,2,284400.0,284400.0,0.99999999711461,0,-1
user_8689,41,0.199193625,0.128861,2.639556243537159,0,-1
user_869,5,198900.0,144000.0,0.7219280920019722,1,1
user_8690,1,86400.0,86400.0,0.0,0,1
user_8691,5,221400.0,158400.0,1.5219280905592771,0,1
user_8692,4,241200.0,201600.0,1.4999999956719148,0,1
user_8693,9,121950.0,3600.0,1.7527152732089246,0,1
user_8694,5,182700.0,100800.0,1.5219280905592771,0,1
user_8695,6,157680.0,50400.0,1.9182958282837093,0,1
user_8696,2,280800.0,280800.0,0.99999999711461,0,1
user_8697,45,0.19845379545454545,0.123676,2.7409541986347903,0,1
user_8698,28,0.19730644444444442,0.10956,2.6203801483916984,0,-1
user_8699,9,135000.0,43200.0,2.058813883117726,1,1
user_87,6,174240.0,64800.0,1.4591479126991596,0,1
user_870,3,223200.0,208800.0,0.9182958311690995,0,1
user_8700,5,196200.0,115200.0,0.7219280920019722,0,1
user_8701,41,0.19885207500000002,0.133865,2.7222299854415586,0,1
user_8702,68,0.20095777611940296,0.136173,2.774066331311414,0,-1
user_8703,4,200400.0,162000.0,1.4999999956719148,0,1
user_8704,6,175680.0,57600.0,0.99999999711461,0,1
user_8705,4,204000.0,180000.0,0.8112781215737428,0,1
user_8706,5,195300.0,122400.0,1.9219280891165822,0,1
user_8707,9,134100.0,25200.0,1.6577427207341087,0,1
user_8708,5,185400.0,126000.0,1.9219280891165822,0,1
user_8709,2,266400.0,266400.0,0.99999999711461,0,1
user_871,6,174240.0,86400.0,0.6500224187629642,0,1
user_8710,2,241200.0,241200.0,0.99999999711461,0,1
user_8711,3,225000.0,198000.0,1.584962496393071,0,1
user_8712,10,121200.0,10800.0,1.8954618384675417,0,1
user_8713,9,126000.0,28800.0,1.5304930524293974,0,1
user_8714,9,112050.0,18000.0,0.9182958311690995,0,1
user_8715,1,86400.0,86400.0,0.0,0,1
user_8716,10,112400.0,18000.0,2.1219280876738873,0,1
user_8717,7,145200.0,46800.0,2.2359263434155574,0,1
user_8718,8,132685.7142857143,57600.0,1.74999999422922,0,1
user_8719,5,202500.0,158400.0,1.5219280905592771,0,1
user_872,8,143485.7142857143,3600.0,1.8112781186883526,0,1
user_8720,7,163800.0,50400.0,1.664497773429681,1,1
user_8721,5,186300.0,118800.0,1.9219280891165822,0,1
user_8722,9,120150.0,3600.0,1.5304930524293974,0,1
user_8723,4,230400.0,151200.0,1.9999999942292197,0,1
user_8724,6,166320.0,93600.0,0.6500224187629642,0,1
user_8725,5,212400.0,129600.0,1.9219280891165822,1,1
user_8726,9,118350.0,25200.0,1.9749374954311467,0,1
user_8727,56,0.2009070363636364,0.112131,2.7371867792937663,0,1
user_8728,43,0.19851361904761905,0.107183,2.7112631542729053,0,-1
user_8729,3,234000.0,226800.0,0.9182958311690995,0,1
user_873,6,157680.0,61200.0,1.9182958282837093,1,1
user_8730,7,154800.0,7200.0,2.128085271677919,0,1
user_8731,3,216000.0,180000.0,1.584962496393071,0,1
user_8732,7,165600.0,18000.0,2.128085271677919,0,1
user_8733,1,86400.0,86400.0,0.0,0,1
user_8734,5,207000.0,162000.0,0.7219280920019722,0,1
user_8735,2,284400.0,284400.0,0.99999999711461,0,-1
user_8736,8,134228.57142857142,7200.0,1.8112781186883526,0,1
user_8737,10,109200.0,28800.0,1.8464393389002354,0,1
user_8738,7,138000.0,3600.0,2.2359263434155574,0,1
user_8739,1,86400.0,86400.0,0.0,0,1
user_874,4,246000.0,194400.0,0.99999999711461,0,1
user_8740,4,206400.0,136800.0,1.9999999942292197,1,1
user_8741,2,230400.0,230400.0,0.99999999711461,0,1
user_8742,37,0.19832249999999996,0.120995,2.650776748420433,0,-1
user_8743,5,187200.0,118800.0,1.5219280905592771,0,1
user_8744,5,186300.0,104400.0,0.9709505915692787,0,1
user_8745,4,213600.0,180000.0,1.4999999956719148,0,1
user_8746,10,118400.0,7200.0,1.960964040230206,0,1
user_8747,2,262800.0,262800.0,0.99999999711461,0,1
user_8748,6,165600.0,57600.0,1.2516291630597378,0,1
user_8749,3,207000.0,190800.0,1.584962496393071,0,1
user_875,10,118800.0,3600.0,1.8464393389002354,0,1
user_8750,3,225000.0,219600.0,0.9182958311690995,0,1
user_8751,27,0.19775184615384617,0.125674,2.62800149335273,0,-1
user_8752,6,184320.0,79200.0,1.2516291630597378,0,1
user_8753,2,230400.0,230400.0,-1.4426951595367387e-09,0,-1
user_8754,8,130628.57142857143,3600.0,1.9056390564587862,0,1
user_8755,3,246600.0,241200.0,1.584962496393071,1,1
user_8756,5,186300.0,126000.0,0.9709505915692787,0,1
user_8757,9,134550.0,3600.0,1.3516441108253072,0,1
user_8758,4,206400.0,190800.0,1.4999999956719148,0,1
user_8759,2,288000.0,288000.0,0.99999999711461,0,-1
user_876,2,270000.0,270000.0,-1.4426951595367387e-09,0,-1
user_8760,4,224400.0,162000.0,0.8112781215737428,0,1
user_8761,7,144600.0,28800.0,2.128085271677919,0,1
user_8762,5,176400.0,133200.0,1.5219280905592771,0,1
user_8763,6,198720.0,122400.0,1.4591479126991596,0,1
user_8764,3,230400.0,205200.0,-1.4426951595367387e-09,0,-1
user_8765,7,143400.0,18000.0,1.3787834891580906,0,1
user_8766,7,138000.0,50400.0,1.4488156313970995,0,1
user_8767,7,163200.0,54000.0,1.4488156313970995,0,1
user_8768,8,126514.28571428571,28800.0,1.74999999422922,0,1
user_8769,1,86400.0,86400.0,0.0,0,1
user_877,1,86400.0,86400.0,0.0,0,1
user_8770,1,86400.0,86400.0,0.0,0,1
user_8771,10,123600.0,28800.0,2.1219280876738873,0,1
user_8772,6,174240.0,72000.0,1.2516291630597378,1,1
user_8773,3,207000.0,176400.0,0.9182958311690995,0,1
user_8774,7,142800.0,54000.0,1.3787834891580906,0,1
user_8775,1,86400.0,86400.0,0.0,0,1
user_8776,4,219600.0,165600.0,0.8112781215737428,0,1
user_8777,5,221400.0,169200.0,2.321928087673887,0,-1
user_8778,1,86400.0,86400.0,0.0,0,1
user_8779,53,0.20039498076923073,0.119549,2.783182239194244,0,1
user_878,46,0.19973884444444442,0.120644,2.4507103963713974,0,-1
user_8780,5,198000.0,136800.0,1.5219280905592771,0,1
user_8781,8,126514.28571428571,3600.0,1.74999999422922,0,1
user_8782,4,223200.0,165600.0,0.8112781215737428,0,1
user_8783,5,203400.0,151200.0,0.9709505915692787,0,1
user_8784,6,145440.0,46800.0,1.4591479126991596,0,1
user_8785,28,0.19866229629629628,0.12289,2.6699095036742992,0,1
user_8786,38,0.1983885135135135,0.129204,2.6711867938475193,0,-1
user_8787,5,184500.0,136800.0,1.3709505901265835,0,1
user_8788,9,131850.0,3600.0,1.7527152732089246,0,1
user_8789,9,124650.0,3600.0,2.197159716210674,0,1
user_879,3,244800.0,237600.0,1.584962496393071,0,1
user_8790,6,170640.0,108000.0,1.792481244589798,0,1
user_8791,33,0.2022634375,0.120535,2.5759664757322813,0,-1
user_8792,5,181800.0,104400.0,1.3709505901265835,0,1
user_8793,2,262800.0,262800.0,-1.4426951595367387e-09,0,-1
user_8794,5,189000.0,129600.0,1.3709505901265835,0,1
user_8795,7,162600.0,3600.0,1.8423709874063285,0,1
user_8796,7,133800.0,3600.0,0.9852281331488615,0,1
user_8797,32,0.2005343548387097,0.124683,2.6266144617113163,0,1
user_8798,1,86400.0,86400.0,0.0,0,1
user_8799,5,192600.0,108000.0,0.9709505915692787,0,1
user_88,9,122400.0,7200.0,1.6577427207341087,0,1
user_880,10,108000.0,7200.0,2.446439336014845,0,1
user_8800,3,266400.0,252000.0,0.9182958311690995,0,1
user_8801,9,127800.0,14400.0,1.879964941513636,0,1
user_8802,3,264600.0,230400.0,0.9182958311690995,0,1
user_8803,9,132300.0,46800.0,2.5032583261194756,0,1
user_8804,6,179280.0,54000.0,1.9182958282837093,1,1
user_8805,8,145028.57142857142,46800.0,2.249999992786525,0,1
user_8806,10,117600.0,10800.0,1.7219280891165822,1,1
user_8807,27,0.20209026923076928,0.125904,2.7180831046686413,0,-1
user_8808,71,0.2001032857142857,0.121479,2.735706042095756,0,-1
user_8809,1,86400.0,86400.0,0.0,1,1
user_881,10,117200.0,3600.0,2.1709505872411934,0,1
user_8810,7,169800.0,75600.0,1.950212059143967,0,1
user_8811,1,86400.0,86400.0,0.0,0,1
user_8812,8,137828.57142857142,43200.0,1.74999999422922,0,1
user_8813,3,203400.0,187200.0,0.9182958311690995,0,1
user_8814,7,143400.0,25200.0,1.5566567031347378,0,1
user_8815,3,214200.0,201600.0,0.9182958311690995,0,1
user_8816,2,252000.0,252000.0,0.99999999711461,0,1
user_8817,46,0.20040002222222217,0.12951,2.620479340168279,0,-1
user_8818,59,0.198486,0.104341,2.7094245063647993,0,-1
user_8819,1,86400.0,86400.0,0.0,0,1
user_882,5,183600.0,97200.0,2.321928087673887,0,1
user_8820,9,130050.0,46800.0,0.9910760569528321,0,1
user_8821,46,0.1986847111111111,0.11588,2.7774202303611837,0,1
user_8822,2,266400.0,266400.0,-1.4426951595367387e-09,0,-1
user_8823,1,86400.0,86400.0,0.0,0,1
user_8824,62,0.19941721311475408,0.121068,2.730578255388102,0,1
user_8825,4,224400.0,172800.0,0.8112781215737428,0,1
user_8826,3,234000.0,190800.0,0.9182958311690995,0,1
user_8827,10,123200.0,28800.0,2.1709505872411934,0,1
user_8828,9,135900.0,14400.0,1.8365916623381988,0,1
user_8829,10,99600.0,7200.0,1.5709505886838886,0,1
user_883,8,134742.85714285713,50400.0,1.5487949349246184,0,1
user_8830,43,0.20051933333333333,0.104396,2.676528328827559,0,-1
user_8831,9,125550.0,46800.0,1.6577427207341087,1,1
user_8832,5,219600.0,165600.0,1.5219280905592771,1,1
user_8833,10,125200.0,36000.0,1.960964040230206,0,1
user_8834,20,0.19961931578947367,0.124435,2.7086949594639766,0,-1
user_8835,77,0.19999030263157894,0.108405,2.7513437437554726,0,-1
user_8836,7,149400.0,39600.0,1.8423709874063285,0,1
user_8837,76,0.20058322666666664,0.128051,2.7794445094798594,0,-1
user_8838,4,201600.0,133200.0,1.4999999956719148,0,1
user_8839,3,243000.0,241200.0,0.9182958311690995,0,1
user_884,1,86400.0,86400.0,0.0,0,1
user_8840,9,119700.0,25200.0,1.3516441108253072,0,1
user_8841,9,141300.0,18000.0,2.197159716210674,0,1
user_8842,10,104000.0,3600.0,1.9219280891165822,0,1
user_8843,3,225000.0,216000.0,0.9182958311690995,0,1
user_8844,6,162000.0,64800.0,1.9182958282837093,0,1
user_8845,9,112050.0,3600.0,1.7527152732089246,0,1
user_8846,10,120400.0,21600.0,1.4854752928992492,0,1
user_8847,65,0.200033203125,0.11427,2.770876185954725,0,1
user_8848,2,223200.0,223200.0,0.99999999711461,0,1
user_8849,60,0.20006310169491526,0.115649,2.745426577025448,0,1
user_885,2,270000.0,270000.0,0.99999999711461,0,1
user_8850,44,0.20061295348837216,0.119371,2.696260353076143,0,1
user_8851,2,298800.0,298800.0,0.99999999711461,0,-1
user_8852,3,246600.0,216000.0,0.9182958311690995,0,1
user_8853,3,255600.0,241200.0,1.584962496393071,1,1
user_8854,2,262800.0,262800.0,-1.4426951595367387e-09,0,-1
user_8855,1,86400.0,86400.0,0.0,0,1
user_8856,59,0.20032727586206894,0.103448,2.6850683842537753,0,-1
user_8857,8,147085.7142857143,46800.0,2.155639055016091,0,1
user_8858,4,224400.0,183600.0,0.8112781215737428,0,1
user_8859,9,113400.0,3600.0,1.5304930524293974,0,1
user_886,4,199200.0,176400.0,1.9999999942292197,0,1
user_8860,3,273600.0,255600.0,0.9182958311690995,0,1
user_8861,10,114800.0,7200.0,2.1709505872411934,0,1
user_8862,6,174960.0,68400.0,2.2516291601743474,0,1
user_8863,6,150480.0,54000.0,1.4591479126991596,1,1
user_8864,66,0.20039963076923076,0.11325,2.741817819568247,0,1
user_8865,7,149400.0,18000.0,1.5566567031347378,0,1
user_8866,1,86400.0,86400.0,0.0,1,1
user_8867,3,239400.0,226800.0,0.9182958311690995,0,1
user_8868,8,123942.85714285714,10800.0,0.8112781215737428,1,1
user_8869,3,255600.0,244800.0,1.584962496393071,0,1
user_887,46,0.1985934888888889,0.117152,2.751823774515375,0,1
user_8870,1,86400.0,86400.0,0.0,0,1
user_8871,5,182700.0,133200.0,1.3709505901265835,0,1
user_8872,8,126514.28571428571,7200.0,2.4056390535733962,0,1
user_8873,4,201600.0,133200.0,0.8112781215737428,0,1
user_8874,5,199800.0,129600.0,1.3709505901265835,0,1
user_8875,8,129600.0,3600.0,1.8112781186883526,0,1
user_8876,2,277200.0,277200.0,0.99999999711461,0,1
user_8877,10,106800.0,3600.0,1.6854752914565543,0,1
user_8878,3,243000.0,237600.0,1.584962496393071,0,1
user_8879,5,187200.0,93600.0,1.9219280891165822,0,1
user_888,65,0.200253734375,0.117104,2.7843156763154076,0,1
user_8880,1,86400.0,86400.0,0.0,0,1
user_8881,7,145200.0,39600.0,1.3787834891580906,1,1
user_8882,4,208800.0,172800.0,1.9999999942292197,0,1
user_8883,55,0.19976472222222222,0.105768,2.795543167340489,0,-1
user_8884,1,86400.0,86400.0,0.0,0,1
user_8885,6,177840.0,72000.0,1.4591479126991596,0,1
user_8886,3,223200.0,190800.0,1.584962496393071,0,1
user_8887,5,198900.0,122400.0,1.5219280905592771,0,1
user_8888,8,129085.71428571429,18000.0,1.5487949349246184,0,1
user_8889,42,0.19959424390243904,0.12168,2.7248882492987754,0,1
user_889,10,116800.0,14400.0,2.1709505872411934,0,1
user_8890,50,0.19979755102040817,0.118725,2.737724512908551,0,1
user_8891,2,295200.0,295200.0,-1.4426951595367387e-09,0,-1
user_8892,6,182160.0,90000.0,1.2516291630597378,1,1
user_8893,2,255600.0,255600.0,-1.4426951595367387e-09,0,-1
user_8894,5,187200.0,122400.0,1.5219280905592771,0,1
user_8895,5,174600.0,90000.0,1.3709505901265835,0,1
user_8896,5,201600.0,151200.0,1.9219280891165822,0,1
user_8897,9,133650.0,7200.0,2.419381936990201,0,1
user_8898,2,252000.0,252000.0,0.99999999711461,0,1
user_8899,7,151800.0,57600.0,1.3787834891580906,0,1
user_89,1,86400.0,86400.0,0.0,0,1
user_890,2,223200.0,223200.0,0.99999999711461,1,1
user_8900,49,0.19817302083333335,0.11468,2.6438784397640465,0,-1
user_8901,10,112400.0,14400.0,0.9219280905592773,0,1
user_8902,7,164400.0,10800.0,1.3787834891580906,0,1
user_8903,39,0.19923323684210525,0.115354,2.6488727795793507,0,1
user_8904,3,199800.0,180000.0,0.9182958311690995,0,1
user_8905,6,169200.0,75600.0,1.9182958282837093,0,1
user_8906,9,133200.0,32400.0,2.1132833270813998,0,1
user_8907,8,126514.28571428571,14400.0,1.9056390564587862,0,1
user_8908,7,144600.0,36000.0,1.664497773429681,0,1
user_8909,2,262800.0,262800.0,0.99999999711461,0,1
user_891,8,132685.7142857143,28800.0,1.9056390564587862,0,1
user_8910,6,149760.0,54000.0,1.792481244589798,1,1
user_8911,6,177840.0,79200.0,1.4591479126991596,1,1
user_8912,4,225600.0,201600.0,1.9999999942292197,0,1
user_8913,3,241200.0,212400.0,1.584962496393071,0,1
user_8914,2,259200.0,259200.0,-1.4426951595367387e-09,0,-1
user_8915,4,212400.0,136800.0,1.4999999956719148,0,1
user_8916,3,237600.0,226800.0,0.9182958311690995,0,1
user_8917,5,212400.0,162000.0,0.9709505915692787,0,1
user_8918,5,188100.0,100800.0,1.3709505901265835,1,1
user_8919,9,135000.0,10800.0,2.197159716210674,1,1
user_892,4,225600.0,190800.0,1.9999999942292197,0,1
user_8920,52,0.1999997843137255,0.131349,2.7892633822071895,0,-1
user_8921,2,234000.0,234000.0,-1.4426951595367387e-09,0,-1
user_8922,21,0.20286370000000004,0.140174,2.6247261994054307,0,-1
user_8923,9,130050.0,36000.0,2.1132833270813998,0,1
user_8924,9,123300.0,3600.0,1.7527152732089246,0,1
user_8925,7,141600.0,18000.0,1.1488348499528316,1,1
user_8926,6,160560.0,57600.0,1.2516291630597378,0,1
user_8927,5,203400.0,104400.0,0.9709505915692787,0,1
user_8928,53,0.19890705769230768,0.116315,2.7229542249185887,0,1
user_8929,10,100800.0,25200.0,2.1219280876738873,0,1
user_893,26,0.19971808,0.107513,2.651046918998216,0,-1
user_8930,1,86400.0,86400.0,0.0,1,1
user_8931,1,86400.0,86400.0,0.0,0,1
user_8932,10,108800.0,18000.0,2.0464393374575405,0,1
user_8933,6,180720.0,79200.0,1.4591479126991596,0,1
user_8934,9,113850.0,3600.0,1.224394441077901,0,1
user_8935,52,0.19829190196078436,0.109332,2.710138127249259,0,-1
user_8936,5,190800.0,104400.0,1.5219280905592771,0,1
user_8937,5,181800.0,104400.0,1.9219280891165822,0,1
user_8938,23,0.19864654545454538,0.120862,2.4730724057169224,0,-1
user_8939,1,86400.0,86400.0,0.0,0,1
user_894,5,206100.0,158400.0,0.9709505915692787,0,1
user_8940,1,86400.0,86400.0,0.0,0,1
user_8941,1,86400.0,86400.0,0.0,0,1
user_8942,7,148200.0,50400.0,1.8423709874063285,0,1
user_8943,2,219600.0,219600.0,-1.4426951595367387e-09,0,-1
user_8944,3,241200.0,183600.0,1.584962496393071,0,1
user_8945,2,295200.0,295200.0,0.99999999711461,1,-1
user_8946,10,122400.0,25200.0,1.8464393389002354,1,1
user_8947,54,0.2009375283018868,0.119196,2.7147600523708073,0,1
user_8948,2,288000.0,288000.0,0.99999999711461,0,-1
user_8949,9,123300.0,7200.0,1.3516441108253072,0,1
user_895,3,228600.0,183600.0,1.584962496393071,0,1
user_8950,1,86400.0,86400.0,0.0,0,1
user_8951,4,214800.0,180000.0,1.4999999956719148,0,1
user_8952,3,261000.0,252000.0,1.584962496393071,0,-1
user_8953,10,116400.0,14400.0,1.5709505886838886,1,1
user_8954,2,295200.0,295200.0,0.99999999711461,0,-1
user_8955,36,0.20078014285714285,0.135526,2.7040666598665863,0,-1
user_8956,7,157800.0,54000.0,2.128085271677919,0,1
user_8957,8,151200.0,54000.0,2.249999992786525,0,1
user_8958,10,112000.0,10800.0,1.8464393389002354,0,1
user_8959,3,277200.0,255600.0,1.584962496393071,0,-1
user_896,8,126000.0,18000.0,1.2987949363673135,0,1
user_8960,1,86400.0,86400.0,0.0,0,1
user_8961,1,86400.0,86400.0,0.0,0,1
user_8962,5,199800.0,169200.0,1.3709505901265835,0,1
user_8963,10,111600.0,7200.0,2.446439336014845,0,1
user_8964,8,142457.14285714287,54000.0,1.8112781186883526,0,1
user_8965,2,241200.0,241200.0,0.99999999711461,0,1
user_8966,6,166320.0,118800.0,1.2516291630597378,0,1
user_8967,8,147085.7142857143,46800.0,1.74999999422922,0,1
user_8968,9,123300.0,39600.0,1.6577427207341087,0,1
user_8969,7,141000.0,50400.0,1.4488156313970995,0,1
user_897,4,194400.0,133200.0,1.4999999956719148,0,1
user_8970,3,243000.0,230400.0,0.9182958311690995,0,1
user_8971,7,144000.0,36000.0,1.950212059143967,1,1
user_8972,6,171360.0,50400.0,1.9182958282837093,0,1
user_8973,3,243000.0,234000.0,1.584962496393071,0,1
user_8974,9,107100.0,3600.0,1.3516441108253072,0,1
user_8975,5,178200.0,108000.0,2.321928087673887,0,1
user_8976,79,0.19987597435897436,0.112091,2.771841747669727,0,-1
user_8977,70,0.20037744927536233,0.115979,2.7183704027693136,0,1
user_8978,3,208800.0,194400.0,1.584962496393071,0,1
user_8979,6,177120.0,104400.0,1.4591479126991596,0,1
user_898,8,126514.28571428571,18000.0,1.8112781186883526,1,1
user_8980,7,137400.0,25200.0,1.4488156313970995,0,1
user_8981,8,132685.7142857143,46800.0,1.8112781186883526,0,1
user_8982,3,241200.0,234000.0,1.584962496393071,0,1
user_8983,9,118350.0,10800.0,2.1132833270813998,0,1
user_8984,3,239400.0,230400.0,1.584962496393071,0,1
user_8985,8,139885.7142857143,50400.0,1.8112781186883526,0,1
user_8986,3,250200.0,223200.0,1.584962496393071,0,1
user_8987,3,259200.0,241200.0,1.584962496393071,0,1
user_8988,9,122850.0,61200.0,1.8910611063018725,0,1
user_8989,2,255600.0,255600.0,-1.4426951595367387e-09,0,-1
user_899,1,86400.0,86400.0,0.0,0,1
user_8990,7,156600.0,79200.0,2.2359263434155574,0,1
user_8991,7,136200.0,25200.0,1.4488156313970995,0,1
user_8992,5,189000.0,90000.0,1.5219280905592771,0,1
user_8993,7,150600.0,57600.0,2.2359263434155574,0,1
user_8994,6,191520.0,86400.0,1.4591479126991596,0,1
user_8995,1,86400.0,86400.0,0.0,1,1
user_8996,10,104000.0,14400.0,1.6854752914565543,0,1
user_8997,6,181440.0,111600.0,1.584962496393071,1,1
user_8998,25,0.19650054166666667,0.131376,2.6628246822626416,0,-1
user_8999,6,156240.0,97200.0,1.2516291630597378,0,1
user_9,61,0.20101958333333333,0.112279,2.760895833310321,0,1
user_90,50,0.20132475510204081,0.115842,2.594014027492613,0,-1
user_900,7,163800.0,46800.0,1.8423709874063285,0,1
user_9000,7,157200.0,79200.0,1.4488156313970995,0,1
user_9001,8,139371.42857142858,7200.0,0.99999999711461,0,1
user_9002,5,216000.0,162000.0,1.9219280891165822,0,1
user_9003,1,86400.0,86400.0,0.0,0,1
user_9004,4,202800.0,176400.0,0.99999999711461,0,1
user_9005,6,177120.0,100800.0,1.9182958282837093,0,1
user_9006,5,196200.0,140400.0,2.321928087673887,0,1
user_9007,44,0.19917093023255814,0.114396,2.6308548858357432,0,1
user_9008,3,239400.0,234000.0,0.9182958311690995,0,1
user_9009,2,295200.0,295200.0,0.99999999711461,0,-1
user_901,10,114800.0,3600.0,1.760964041672901,0,1
user_9010,9,128700.0,21600.0,1.8365916623381988,0,1
user_9011,7,157800.0,43200.0,1.8423709874063285,0,1
user_9012,20,0.1983437894736842,0.123831,2.621928084788497,0,-1
user_9013,10,117600.0,10800.0,1.3567796436762596,0,1
user_9014,4,211200.0,198000.0,0.99999999711461,0,1
user_9015,5,189900.0,122400.0,1.9219280891165822,0,1
user_9016,35,0.20095473529411764,0.133593,2.744027479549986,0,-1
user_9017,31,0.20113053333333336,0.104716,2.6902992206949765,0,-1
user_9018,9,120600.0,28800.0,1.8910611063018725,0,1
user_9019,6,174240.0,75600.0,0.9182958311690995,1,1
user_902,6,179280.0,122400.0,1.9182958282837093,0,1
user_9020,8,130628.57142857143,43200.0,2.155639055016091,0,1
user_9021,9,132750.0,18000.0,1.224394441077901,0,1
user_9022,8,135771.42857142858,32400.0,1.5612781201310477,0,1
user_9023,7,129600.0,36000.0,1.5566567031347378,0,1
user_9024,25,0.20242341666666666,0.122587,2.698688560352232,0,-1
user_9025,10,111600.0,46800.0,2.0464393374575405,0,1
user_9026,9,133200.0,32400.0,1.3516441108253072,0,1
user_9027,2,280800.0,280800.0,-1.4426951595367387e-09,0,-1
user_9028,4,244800.0,212400.0,1.4999999956719148,0,1
user_9029,10,110400.0,3600.0,2.24643933745754,0,1
user_903,4,234000.0,198000.0,0.8112781215737428,0,1
user_9030,2,248400.0,248400.0,-1.4426951595367387e-09,0,-1
user_9031,62,0.19957613114754102,0.124428,2.6005403088915617,0,-1
user_9032,7,162600.0,72000.0,2.128085271677919,0,1
user_9033,10,114400.0,18000.0,2.1219280876738873,0,1
user_9034,3,244800.0,237600.0,0.9182958311690995,0,1
user_9035,8,138342.85714285713,14400.0,1.9056390564587862,0,1
user_9036,2,237600.0,237600.0,-1.4426951595367387e-09,0,-1
user_9037,5,198000.0,122400.0,1.5219280905592771,1,1
user_9038,37,0.20144883333333333,0.111975,2.721664102227813,0,1
user_9039,1,86400.0,86400.0,0.0,0,1
user_904,9,124200.0,21600.0,1.6577427207341087,0,1
user_9040,8,134228.57142857142,7200.0,1.9999999942292197,0,1
user_9041,7,139800.0,10800.0,1.3787834891580906,0,1
user_9042,67,0.19968283333333336,0.123401,2.7319084905212248,0,1
user_9043,50,0.19897455102040817,0.122764,2.6728324134816863,0,-1
user_9044,42,0.19998556097560977,0.109991,2.6863950200193103,0,1
user_9045,1,86400.0,86400.0,0.0,0,1
user_9046,9,125550.0,3600.0,2.058813883117726,0,1
user_9047,8,158914.2857142857,75600.0,1.4999999956719148,0,1
user_9048,47,0.19979495652173912,0.116313,2.6251524731445115,0,1
user_9049,3,235800.0,230400.0,-1.4426951595367387e-09,0,-1
user_905,1,86400.0,86400.0,0.0,0,1
user_9050,6,187920.0,90000.0,1.4591479126991596,0,1
user_9051,7,142200.0,43200.0,1.8423709874063285,0,1
user_9052,43,0.20022702380952384,0.108885,2.763993537276372,0,1
user_9053,7,163200.0,50400.0,1.8423709874063285,0,1
user_9054,3,241200.0,234000.0,1.584962496393071,0,1
user_9055,5,185400.0,129600.0,1.3709505901265835,0,1
user_9056,3,207000.0,180000.0,1.584962496393071,0,1
user_9057,4,199200.0,133200.0,1.9999999942292197,1,1
user_9058,9,118350.0,7200.0,1.7527152732089246,0,1
user_9059,7,147000.0,32400.0,1.8423709874063285,0,1
user_906,7,153600.0,28800.0,1.950212059143967,0,1
user_9060,8,141428.57142857142,39600.0,2.249999992786525,0,1
user_9061,8,122400.0,46800.0,1.2987949363673135,0,1
user_9062,8,148114.2857142857,46800.0,1.9056390564587862,0,1
user_9063,1,86400.0,86400.0,0.0,0,1
user_9064,22,0.19935038095238097,0.107381,2.5039975186786783,0,-1
user_9065,2,298800.0,298800.0,0.99999999711461,0,-1
user_9066,31,0.19803346666666666,0.120795,2.5495079956433546,0,-1
user_9067,5,189900.0,133200.0,0.9709505915692787,0,1
user_9068,53,0.2007420384615384,0.127157,2.73313925675283,0,1
user_9069,3,243000.0,219600.0,1.584962496393071,0,1
user_907,4,181200.0,140400.0,0.8112781215737428,0,1
user_9070,6,185040.0,64800.0,0.9182958311690995,0,1
user_9071,5,193500.0,133200.0,1.9219280891165822,0,1
user_9072,5,209700.0,144000.0,0.7219280920019722,0,1
user_9073,7,151800.0,39600.0,1.4488156313970995,0,1
user_9074,2,273600.0,273600.0,0.99999999711461,0,1
user_9075,46,0.19813446666666665,0.121817,2.713537490983364,0,-1
user_9076,2,252000.0,252000.0,0.99999999711461,0,1
user_9077,2,223200.0,223200.0,0.99999999711461,0,1
user_9078,6,184320.0,108000.0,0.99999999711461,0,1
user_9079,4,231600.0,212400.0,1.4999999956719148,1,1
user_908,9,130500.0,50400.0,1.7527152732089246,0,1
user_9080,70,0.20033046376811595,0.10979,2.756889131732315,0,-1
user_9081,10,110800.0,21600.0,2.1219280876738873,1,1
user_9082,6,180720.0,108000.0,1.9182958282837093,0,1
user_9083,77,0.20050842105263159,0.104907,2.767191836545795,0,-1
user_9084,6,177840.0,54000.0,1.792481244589798,0,1
user_9085,4,211200.0,183600.0,1.4999999956719148,0,1
user_9086,29,0.1999182857142857,0.119923,2.3206082634606413,0,-1
user_9087,8,141428.57142857142,61200.0,1.8112781186883526,0,1
user_9088,2,280800.0,280800.0,0.99999999711461,0,1
user_9089,6,182880.0,108000.0,1.792481244589798,0,1
user_909,7,136800.0,50400.0,1.664497773429681,0,1
user_9090,2,252000.0,252000.0,0.99999999711461,0,1
user_9091,10,113200.0,14400.0,2.1709505872411934,0,1
user_9092,9,128700.0,10800.0,1.3516441108253072,0,1
user_9093,10,113200.0,10800.0,1.3567796436762596,0,1
user_9094,3,250200.0,208800.0,1.584962496393071,0,1
user_9095,4,206400.0,162000.0,1.9999999942292197,0,1
user_9096,73,0.20034356944444445,0.1081,2.7628622695103853,0,-1
user_9097,9,116550.0,25200.0,1.3516441108253072,0,1
user_9098,4,189600.0,133200.0,0.8112781215737428,0,1
user_9099,7,169800.0,68400.0,1.4488156313970995,0,1
user_91,7,144600.0,61200.0,1.8423709874063285,0,1
user_910,10,115600.0,14400.0,2.6464393345721504,0,1
user_9100,7,146400.0,7200.0,2.128085271677919,1,1
user_9101,3,252000.0,216000.0,0.9182958311690995,1,1
user_9102,7,148200.0,50400.0,2.128085271677919,0,1
user_9103,10,116400.0,7200.0,1.960964040230206,1,1
user_9104,7,150000.0,50400.0,1.8423709874063285,0,1
user_9105,61,0.20156491666666662,0.126695,2.78918572601071,0,-1
user_9106,78,0.19927638961038963,0.109684,2.776225839980054,0,-1
user_9107,8,118285.71428571429,3600.0,1.8112781186883526,0,1
user_9108,1,86400.0,86400.0,0.0,0,1
user_9109,4,186000.0,144000.0,1.9999999942292197,0,1
user_911,9,126450.0,3600.0,1.8910611063018725,0,1
user_9110,7,161400.0,82800.0,1.8423709874063285,0,1
user_9111,3,232200.0,226800.0,1.584962496393071,0,1
user_9112,6,169920.0,75600.0,1.9182958282837093,0,1
user_9113,5,196200.0,140400.0,0.9709505915692787,0,1
user_9114,8,132171.42857142858,7200.0,1.2987949363673135,0,1
user_9115,10,117200.0,43200.0,2.3709505857984983,0,1
user_9116,3,275400.0,255600.0,0.9182958311690995,0,1
user_9117,3,228600.0,226800.0,0.9182958311690995,0,1
user_9118,9,122850.0,32400.0,1.7527152732089246,0,1
user_9119,2,230400.0,230400.0,0.99999999711461,0,1
user_912,7,162600.0,39600.0,1.8423709874063285,0,1
user_9120,5,190800.0,133200.0,1.9219280891165822,0,1
user_9121,6,162000.0,104400.0,1.9182958282837093,0,1
user_9122,5,209700.0,129600.0,0.7219280920019722,0,1
user_9123,8,140400.0,39600.0,2.155639055016091,0,1
user_9124,10,111200.0,14400.0,0.9709505915692787,1,1
user_9125,39,0.19990921052631577,0.114081,2.7021953271171246,0,1
user_9126,7,154800.0,50400.0,1.5566567031347378,0,1
user_9127,9,119700.0,50400.0,1.3516441108253072,0,1
user_9128,4,189600.0,133200.0,1.4999999956719148,1,1
user_9129,9,119700.0,10800.0,2.197159716210674,0,1
user_913,10,120400.0,43200.0,2.1219280876738873,0,1
user_9130,6,169920.0,57600.0,2.2516291601743474,0,1
user_9131,25,0.20262258333333336,0.134477,2.724889441634376,0,-1
user_9132,70,0.1992147391304348,0.115232,2.783030661482387,0,-1
user_9133,2,234000.0,234000.0,0.99999999711461,0,1
user_9134,1,86400.0,86400.0,0.0,0,1
user_9135,3,250200.0,223200.0,0.9182958311690995,0,1
user_9136,8,136285.7142857143,64800.0,1.74999999422922,1,1
user_9137,1,86400.0,86400.0,0.0,0,1
user_9138,3,232200.0,219600.0,1.584962496393071,0,1
user_9139,5,185400.0,97200.0,0.7219280920019722,1,1
user_914,2,223200.0,223200.0,0.99999999711461,0,1
user_9140,5,211500.0,133200.0,1.5219280905592771,0,1
user_9141,1,86400.0,86400.0,0.0,0,1
user_9142,7,158400.0,36000.0,2.2359263434155574,0,1
user_9143,71,0.19969297142857145,0.119278,2.692917296047616,0,-1
user_9144,4,247200.0,198000.0,1.4999999956719148,0,1
user_9145,3,243000.0,187200.0,0.9182958311690995,0,1
user_9146,4,224400.0,154800.0,1.9999999942292197,0,1
user_9147,8,130628.57142857143,10800.0,1.2987949363673135,1,1
user_9148,9,130500.0,32400.0,2.197159716210674,0,1
user_9149,3,277200.0,255600.0,0.9182958311690995,0,-1
user_915,3,237600.0,237600.0,0.9182958311690995,0,1
user_9150,4,207600.0,140400.0,1.9999999942292197,0,1
user_9151,9,123300.0,21600.0,2.197159716210674,0,1
user_9152,1,86400.0,86400.0,0.0,0,1
user_9153,5,211500.0,165600.0,1.3709505901265835,0,1
user_9154,1,86400.0,86400.0,0.0,0,1
user_9155,3,228600.0,187200.0,0.9182958311690995,0,1
user_9156,9,120600.0,3600.0,1.8910611063018725,0,1
user_9157,40,0.2017536923076923,0.126866,2.7262976156263337,0,-1
user_9158,7,151200.0,3600.0,2.2359263434155574,1,1
user_9159,2,295200.0,295200.0,0.99999999711461,0,-1
user_916,23,0.20217127272727273,0.132126,2.5928501217595956,0,-1
user_9160,9,137250.0,54000.0,2.419381936990201,0,1
user_9161,4,220800.0,208800.0,1.4999999956719148,0,1
user_9162,6,184320.0,93600.0,1.4591479126991596,0,1
user_9163,5,198900.0,162000.0,1.9219280891165822,0,1
user_9164,5,184500.0,133200.0,0.7219280920019722,0,1
user_9165,4,216000.0,172800.0,1.4999999956719148,0,1
user_9166,5,190800.0,122400.0,1.9219280891165822,0,1
user_9167,5,206100.0,162000.0,1.9219280891165822,0,1
user_9168,9,124200.0,36000.0,1.6577427207341087,0,1
user_9169,2,273600.0,273600.0,0.99999999711461,1,1
user_917,10,132800.0,25200.0,1.6854752914565543,0,1
user_9170,1,86400.0,86400.0,0.0,0,1
user_9171,8,136285.7142857143,14400.0,1.9056390564587862,1,1
user_9172,8,135257.14285714287,14400.0,1.9056390564587862,0,1
user_9173,59,0.2013298103448276,0.131074,2.779954055772101,0,-1
user_9174,2,262800.0,262800.0,0.99999999711461,0,1
user_9175,7,150600.0,7200.0,1.8423709874063285,0,1
user_9176,1,86400.0,86400.0,0.0,0,1
user_9177,5,184500.0,97200.0,1.3709505901265835,0,1
user_9178,3,244800.0,237600.0,0.9182958311690995,0,1
user_9179,6,172080.0,54000.0,1.9182958282837093,0,1
user_918,6,187200.0,108000.0,2.2516291601743474,0,1
user_9180,9,126000.0,18000.0,2.281036105339948,0,1
user_9181,1,86400.0,86400.0,0.0,0,1
user_9182,6,177120.0,93600.0,0.6500224187629642,0,1
user_9183,10,112000.0,14400.0,2.0464393374575405,0,1
user_9184,4,236400.0,176400.0,1.4999999956719148,0,1
user_9185,8,136285.7142857143,54000.0,1.8112781186883526,1,1
user_9186,7,172800.0,82800.0,2.2359263434155574,0,1
user_9187,8,144000.0,57600.0,1.9056390564587862,0,1
user_9188,8,147600.0,61200.0,1.74999999422922,0,1
user_9189,50,0.20094063265306117,0.113546,2.6881875337952796,0,1
user_919,61,0.19861163333333334,0.121532,2.7656922064666776,0,-1
user_9190,1,86400.0,86400.0,0.0,0,1
user_9191,4,217200.0,162000.0,0.8112781215737428,0,1
user_9192,5,194400.0,126000.0,0.9709505915692787,0,1
user_9193,9,111150.0,7200.0,1.7527152732089246,0,1
user_9194,9,122400.0,28800.0,1.9749374954311467,0,1
user_9195,54,0.19897758490566037,0.104522,2.749819764477528,0,-1
user_9196,6,186480.0,97200.0,0.6500224187629642,0,1
user_9197,76,0.20068913333333332,0.107844,2.790659853335006,0,-1
user_9198,73,0.200011,0.111632,2.792752355119311,0,-1
user_9199,6,175680.0,118800.0,1.4591479126991596,0,1
user_92,6,174240.0,104400.0,1.9182958282837093,0,1
user_920,5,212400.0,165600.0,1.9219280891165822,1,1
user_9200,4,214800.0,205200.0,0.99999999711461,0,1
user_9201,7,150000.0,54000.0,1.664497773429681,0,1
user_9202,7,147000.0,61200.0,0.9852281331488615,0,1
user_9203,2,273600.0,273600.0,0.99999999711461,0,1
user_9204,5,204300.0,108000.0,1.9219280891165822,1,1
user_9205,4,219600.0,158400.0,0.99999999711461,0,1
user_9206,3,237600.0,176400.0,0.9182958311690995,0,1
user_9207,7,146400.0,61200.0,1.950212059143967,0,1
user_9208,2,277200.0,277200.0,0.99999999711461,1,1
user_9209,5,217800.0,162000.0,0.7219280920019722,0,1
user_921,6,176400.0,122400.0,1.792481244589798,0,1
user_9210,10,97200.0,3600.0,1.7219280891165822,0,1
user_9211,4,217200.0,169200.0,1.4999999956719148,0,1
user_9212,3,205200.0,176400.0,0.9182958311690995,0,1
user_9213,1,86400.0,86400.0,0.0,0,1
user_9214,2,226800.0,226800.0,0.99999999711461,0,1
user_9215,9,125550.0,21600.0,2.1132833270813998,0,1
user_9216,4,216000.0,133200.0,0.8112781215737428,0,1
user_9217,4,195600.0,172800.0,1.4999999956719148,0,1
user_9218,9,129600.0,10800.0,2.197159716210674,0,1
user_9219,2,226800.0,226800.0,0.99999999711461,0,1
user_922,4,229200.0,183600.0,1.9999999942292197,0,1
user_9220,5,198000.0,136800.0,1.9219280891165822,0,1
user_9221,32,0.20181980645161288,0.151023,2.4987781143602676,0,-1
user_9222,2,288000.0,288000.0,0.99999999711461,0,-1
user_9223,4,213600.0,136800.0,1.4999999956719148,0,1
user_9224,38,0.19835289189189187,0.102701,2.663307021974991,0,-1
user_9225,8,126000.0,36000.0,1.9056390564587862,1,1
user_9226,9,120150.0,21600.0,1.7527152732089246,0,1
user_9227,2,295200.0,295200.0,0.99999999711461,0,-1
user_9228,5,171900.0,97200.0,1.3709505901265835,0,1
user_9229,7,135600.0,21600.0,2.2359263434155574,0,1
user_923,3,234000.0,194400.0,1.584962496393071,0,1
user_9230,6,172800.0,57600.0,1.792481244589798,0,1
user_9231,4,216000.0,172800.0,1.9999999942292197,0,1
user_9232,7,141000.0,32400.0,1.8423709874063285,0,1
user_9233,4,246000.0,212400.0,0.8112781215737428,0,1
user_9234,8,129600.0,50400.0,1.74999999422922,0,1
user_9235,3,246600.0,216000.0,1.584962496393071,1,1
user_9236,5,179100.0,111600.0,1.9219280891165822,0,1
user_9237,3,237600.0,234000.0,1.584962496393071,0,1
user_9238,6,179280.0,79200.0,0.6500224187629642,0,1
user_9239,10,121200.0,39600.0,2.446439336014845,0,1
user_924,1,86400.0,86400.0,0.0,0,1
user_9240,48,0.2012307659574468,0.107517,2.7293877551709493,0,-1
user_9241,5,213300.0,151200.0,1.9219280891165822,0,1
user_9242,5,197100.0,111600.0,1.3709505901265835,0,1
user_9243,7,156600.0,10800.0,1.8423709874063285,0,1
user_9244,3,248400.0,237600.0,0.9182958311690995,0,1
user_9245,8,139885.7142857143,14400.0,2.49999999134383,0,1
user_9246,26,0.20071348,0.11158,2.6912539019834774,0,1
user_9247,1,86400.0,86400.0,0.0,0,1
user_9248,8,133200.0,21600.0,1.74999999422922,0,1
user_9249,1,86400.0,86400.0,0.0,0,1
user_925,1,86400.0,86400.0,0.0,0,1
user_9250,48,0.19862606382978726,0.112327,2.7288461587514403,0,1
user_9251,7,149400.0,36000.0,1.4488156313970995,1,1
user_9252,8,125485.71428571429,10800.0,1.9056390564587862,0,1
user_9253,1,86400.0,86400.0,0.0,0,1
user_9254,7,163800.0,46800.0,2.128085271677919,0,1
user_9255,7,168000.0,57600.0,1.950212059143967,0,1
user_9256,2,270000.0,270000.0,0.99999999711461,0,1
user_9257,2,230400.0,230400.0,0.99999999711461,0,1
user_9258,7,169200.0,50400.0,1.8423709874063285,0,1
user_9259,4,205200.0,180000.0,1.4999999956719148,1,1
user_926,4,214800.0,169200.0,1.4999999956719148,0,1
user_9260,78,0.20032951948051947,0.108769,2.722833859855719,0,-1
user_9261,5,181800.0,100800.0,1.9219280891165822,1,1
user_9262,6,174960.0,54000.0,1.9182958282837093,0,1
user_9263,5,182700.0,104400.0,0.7219280920019722,0,1
user_9264,6,176400.0,118800.0,2.2516291601743474,1,1
user_9265,3,226800.0,198000.0,0.9182958311690995,0,1
user_9266,9,130950.0,39600.0,1.5304930524293974,0,1
user_9267,1,86400.0,86400.0,0.0,0,1
user_9268,10,111200.0,32400.0,2.0464393374575405,0,1
user_9269,6,169200.0,115200.0,2.2516291601743474,0,1
user_927,3,232200.0,194400.0,1.584962496393071,0,1
user_9270,4,214800.0,151200.0,1.4999999956719148,0,1
user_9271,9,123300.0,39600.0,1.6577427207341087,0,1
user_9272,38,0.19980594594594595,0.114132,2.6841596611720386,0,1
user_9273,10,126800.0,18000.0,1.6854752914565543,0,1
user_9274,9,125550.0,10800.0,2.419381936990201,1,1
user_9275,2,219600.0,219600.0,0.99999999711461,0,1
user_9276,5,199800.0,118800.0,1.9219280891165822,0,1
user_9277,9,133200.0,46800.0,2.2810361038972533,0,1
user_9278,7,141600.0,57600.0,1.3787834891580906,0,1
user_9279,2,223200.0,223200.0,0.99999999711461,0,1
user_928,9,124650.0,18000.0,0.7642045036232302,0,1
user_9280,6,158400.0,46800.0,1.9182958282837093,0,1
user_9281,1,86400.0,86400.0,0.0,0,1
user_9282,7,167400.0,82800.0,2.2359263434155574,0,1
user_9283,2,298800.0,298800.0,-1.4426951595367387e-09,0,-1
user_9284,5,183600.0,115200.0,1.5219280905592771,0,1
user_9285,9,104400.0,3600.0,1.8365916623381988,1,1
user_9286,1,86400.0,86400.0,0.0,0,1
user_9287,8,133714.2857142857,57600.0,1.4056390579014812,0,1
user_9288,9,136350.0,28800.0,1.879964941513636,0,1
user_9289,4,220800.0,158400.0,1.4999999956719148,0,1
user_929,6,187920.0,50400.0,1.9182958282837093,1,1
user_9290,6,182160.0,122400.0,1.9182958282837093,1,1
user_9291,1,86400.0,86400.0,0.0,1,1
user_9292,55,0.2007430185185185,0.117237,2.6889658114065647,0,1
user_9293,5,198900.0,162000.0,1.9219280891165822,0,1
user_9294,6,185760.0,64800.0,0.9182958311690995,0,1
user_9295,62,0.20000095081967215,0.125371,2.7444531085750485,0,1
user_9296,5,210600.0,133200.0,1.5219280905592771,0,1
user_9297,5,200700.0,162000.0,1.9219280891165822,1,1
user_9298,9,128250.0,28800.0,1.7527152732089246,0,1
user_9299,1,86400.0,86400.0,0.0,0,1
user_93,8,139371.42857142858,50400.0,1.4056390579014812,1,1
user_930,2,284400.0,284400.0,-1.4426951595367387e-09,0,-1
user_9300,5,195300.0,93600.0,2.321928087673887,0,1
user_9301,4,240000.0,198000.0,1.4999999956719148,0,1
user_9302,6,167040.0,79200.0,0.6500224187629642,0,1
user_9303,5,196200.0,140400.0,1.9219280891165822,0,1
user_9304,9,125100.0,10800.0,1.224394441077901,0,1
user_9305,5,209700.0,151200.0,1.3709505901265835,0,1
user_9306,8,136800.0,3600.0,1.4056390579014812,1,1
user_9307,8,118285.71428571429,10800.0,1.8112781186883526,0,1
user_9308,5,194400.0,133200.0,1.3709505901265835,0,1
user_9309,7,151200.0,36000.0,1.3787834891580906,0,1
user_931,44,0.1994283953488372,0.119702,2.7861250670323687,0,1
user_9310,1,86400.0,86400.0,0.0,0,1
user_9311,4,210000.0,198000.0,1.4999999956719148,0,1
user_9312,3,232200.0,230400.0,1.584962496393071,0,1
user_9313,3,253800.0,226800.0,0.9182958311690995,0,1
user_9314,4,205200.0,147600.0,-1.4426951595367387e-09,0,-1
user_9315,4,213600.0,172800.0,1.4999999956719148,0,1
user_9316,64,0.19997896825396824,0.118658,2.745474478865449,0,1
user_9317,2,270000.0,270000.0,0.99999999711461,0,1
user_9318,1,86400.0,86400.0,0.0,0,1
user_9319,2,295200.0,295200.0,0.99999999711461,1,-1
user_932,7,133200.0,36000.0,1.8423709874063285,0,1
user_9320,3,228600.0,187200.0,1.584962496393071,0,1
user_9321,10,116400.0,3600.0,2.1219280876738873,1,1
user_9322,10,118000.0,10800.0,1.7219280891165822,0,1
user_9323,3,250200.0,226800.0,0.9182958311690995,0,1
user_9324,55,0.1997317222222222,0.106568,2.5952347841445533,0,-1
user_9325,63,0.20015714516129032,0.113068,2.7726224163376165,0,1
user_9326,5,185400.0,100800.0,1.9219280891165822,1,1
user_9327,3,237600.0,180000.0,1.584962496393071,0,1
user_9328,4,242400.0,187200.0,0.8112781215737428,0,1
user_9329,9,134100.0,32400.0,1.6577427207341087,1,1
user_933,4,232800.0,205200.0,1.9999999942292197,0,1
user_9330,5,195300.0,111600.0,1.5219280905592771,0,1
user_9331,3,225000.0,208800.0,0.9182958311690995,0,1
user_9332,9,123750.0,28800.0,1.8910611063018725,0,1
user_9333,59,0.20063306896551725,0.117548,2.600432174041622,0,-1
user_9334,7,153600.0,46800.0,1.5566567031347378,0,1
user_9335,1,86400.0,86400.0,0.0,0,1
user_9336,61,0.19923174999999999,0.117492,2.7082249717257967,0,1
user_9337,9,117000.0,3600.0,1.6577427207341087,0,1
user_9338,10,95600.0,14400.0,2.1709505872411934,0,1
user_9339,8,130114.28571428571,36000.0,1.4056390579014812,0,1
user_934,2,262800.0,262800.0,0.99999999711461,0,1
user_9340,2,298800.0,298800.0,0.99999999711461,0,-1
user_9341,4,213600.0,144000.0,1.4999999956719148,0,1
user_9342,7,157800.0,79200.0,2.2359263434155574,0,1
user_9343,9,133200.0,64800.0,2.1132833270813998,0,1
user_9344,8,130114.28571428571,10800.0,2.155639055016091,0,1
user_9345,1,86400.0,86400.0,0.0,0,1
user_9346,10,116400.0,3600.0,1.6854752914565543,1,1
user_9347,2,255600.0,255600.0,0.99999999711461,1,1
user_9348,7,162600.0,18000.0,1.4488156313970995,0,1
user_9349,5,189000.0,129600.0,1.3709505901265835,0,1
user_935,7,157200.0,75600.0,1.5566567031347378,0,1
user_9350,1,86400.0,86400.0,0.0,0,1
user_9351,7,152400.0,36000.0,1.8423709874063285,0,1
user_9352,9,124650.0,14400.0,1.7527152732089246,1,1
user_9353,5,205200.0,162000.0,1.9219280891165822,1,1
user_9354,9,116100.0,14400.0,1.3516441108253072,0,1
user_9355,51,0.19976638000000002,0.104612,2.698319435589285,0,1
user_9356,10,114000.0,14400.0,1.8464393389002354,0,1
user_9357,9,117000.0,3600.0,1.5304930524293974,0,1
user_9358,5,196200.0,97200.0,1.9219280891165822,0,1
user_9359,6,190080.0,100800.0,1.792481244589798,0,1
user_936,31,0.20090219999999998,0.136336,2.5719875444181937,0,-1
user_9360,4,224400.0,201600.0,1.4999999956719148,0,1
user_9361,6,182160.0,68400.0,1.584962496393071,0,1
user_9362,6,176400.0,72000.0,1.792481244589798,0,1
user_9363,5,199800.0,104400.0,1.3709505901265835,0,1
user_9364,6,172080.0,46800.0,0.9182958311690995,0,1
user_9365,1,86400.0,86400.0,0.0,0,1
user_9366,4,206400.0,183600.0,1.4999999956719148,0,1
user_9367,4,234000.0,205200.0,-1.4426951595367387e-09,0,-1
user_9368,25,0.19942195833333334,0.12406,2.6343029413747594,0,-1
user_9369,8,124971.42857142857,3600.0,1.8112781186883526,0,1
user_937,2,237600.0,237600.0,0.99999999711461,0,1
user_9370,36,0.20089354285714286,0.118968,2.7813088557312082,0,1
user_9371,1,86400.0,86400.0,0.0,0,1
user_9372,5,183600.0,90000.0,1.3709505901265835,0,1
user_9373,5,202500.0,158400.0,1.9219280891165822,0,1
user_9374,9,125100.0,3600.0,2.058813883117726,0,1
user_9375,10,122000.0,3600.0,1.760964041672901,0,1
user_9376,6,200880.0,104400.0,1.9182958282837093,1,1
user_9377,2,259200.0,259200.0,0.99999999711461,0,1
user_9378,7,140400.0,68400.0,2.2359263434155574,1,1
user_9379,7,151800.0,28800.0,1.1488348499528316,0,1
user_938,2,295200.0,295200.0,0.99999999711461,0,-1
user_9380,7,136200.0,18000.0,1.8423709874063285,0,1
user_9381,3,232200.0,230400.0,0.9182958311690995,0,1
user_9382,1,86400.0,86400.0,0.0,0,1
user_9383,8,124457.14285714286,7200.0,1.9056390564587862,0,1
user_9384,2,262800.0,262800.0,0.99999999711461,0,1
user_9385,3,237600.0,234000.0,0.9182958311690995,0,1
user_9386,9,137250.0,3600.0,1.6577427207341087,0,1
user_9387,4,230400.0,205200.0,0.8112781215737428,0,1
user_9388,10,107200.0,7200.0,2.0464393374575405,0,1
user_9389,1,86400.0,86400.0,0.0,1,1
user_939,9,122850.0,3600.0,2.058813883117726,0,1
user_9390,4,205200.0,136800.0,0.99999999711461,0,1
user_9391,3,219600.0,194400.0,1.584962496393071,0,1
user_9392,1,86400.0,86400.0,0.0,0,1
user_9393,6,174240.0,86400.0,1.4591479126991596,0,1
user_9394,1,86400.0,86400.0,0.0,0,1
user_9395,3,241200.0,226800.0,-1.4426951595367387e-09,0,-1
user_9396,8,144000.0,14400.0,0.9544340000395749,0,1
user_9397,2,219600.0,219600.0,0.99999999711461,1,1
user_9398,3,228600.0,223200.0,1.584962496393071,0,1
user_9399,2,252000.0,252000.0,0.99999999711461,0,1
user_94,9,135450.0,36000.0,2.197159716210674,0,1
user_940,4,212400.0,144000.0,0.99999999711461,0,1
user_9400,6,167760.0,57600.0,1.9182958282837093,0,1
user_9401,3,232200.0,219600.0,0.9182958311690995,0,1
user_9402,8,137828.57142857142,64800.0,1.5612781201310477,1,1
user_9403,5,190800.0,97200.0,1.9219280891165822,0,1
user_9404,1,86400.0,86400.0,0.0,1,1
user_9405,30,0.1981538965517241,0.129083,2.552584236073297,0,-1
user_9406,9,136800.0,7200.0,2.6416041577697285,1,1
user_9407,6,179280.0,118800.0,1.9182958282837093,0,1
user_9408,8,148628.57142857142,57600.0,1.9999999927865248,0,1
user_9409,8,147085.7142857143,21600.0,1.8112781186883526,0,1
user_941,10,111200.0,46800.0,1.5709505901265834,0,1
user_9410,8,131142.85714285713,10800.0,1.9999999927865248,0,1
user_9411,9,126000.0,25200.0,1.4355204999545814,0,1
user_9412,4,205200.0,154800.0,0.8112781215737428,0,1
user_9413,3,221400.0,208800.0,1.584962496393071,0,1
user_9414,8,122400.0,7200.0,1.9056390564587862,0,1
user_9415,1,86400.0,86400.0,0.0,0,1
user_9416,5,200700.0,126000.0,0.9709505915692787,0,1
user_9417,52,0.19845607843137258,0.121841,2.6449247496906816,0,-1
user_9418,10,112000.0,36000.0,1.8464393389002354,0,1
user_9419,6,175680.0,82800.0,0.6500224187629642,0,1
user_942,8,137314.2857142857,61200.0,2.249999992786525,0,1
user_9420,7,148800.0,46800.0,2.2359263434155574,0,1
user_9421,8,131657.14285714287,25200.0,2.155639055016091,0,1
user_9422,8,139885.7142857143,7200.0,2.49999999134383,0,1
user_9423,1,86400.0,86400.0,0.0,0,1
user_9424,54,0.2005357358490566,0.110471,2.730085177926538,0,1
user_9425,4,222000.0,205200.0,1.4999999956719148,0,1
user_9426,9,126900.0,3600.0,1.7527152732089246,0,1
user_9427,8,124457.14285714286,7200.0,1.74999999422922,0,1
user_9428,9,116550.0,21600.0,1.879964941513636,0,1
user_9429,10,107200.0,7200.0,1.6854752914565543,0,1
user_943,8,135257.14285714287,50400.0,1.9056390564587862,0,1
user_9430,9,115650.0,18000.0,2.058813883117726,0,1
user_9431,30,0.20000165517241378,0.145649,2.673766636853288,0,-1
user_9432,58,0.1993648245614035,0.115768,2.7369920017424114,0,1
user_9433,52,0.20043174509803924,0.114205,2.796717527647661,0,1
user_9434,8,121371.42857142857,10800.0,1.9056390564587862,0,1
user_9435,2,230400.0,230400.0,0.99999999711461,0,1
user_9436,10,104800.0,7200.0,1.8464393389002354,0,1
user_9437,9,130050.0,28800.0,1.8365916623381988,0,1
user_9438,2,234000.0,234000.0,0.99999999711461,0,1
user_9439,8,128057.14285714286,28800.0,2.249999992786525,0,1
user_944,4,238800.0,212400.0,0.8112781215737428,0,1
user_9440,72,0.19960957746478875,0.103805,2.7002065074383195,0,-1
user_9441,23,0.20080063636363635,0.120178,2.7029400772221814,0,1
user_9442,1,86400.0,86400.0,0.0,0,1
user_9443,9,132750.0,10800.0,1.6577427207341087,0,1
user_9444,6,164160.0,50400.0,1.4591479126991596,0,1
user_9445,2,219600.0,219600.0,0.99999999711461,0,1
user_9446,72,0.19981469014084507,0.107433,2.786012174066326,0,-1
user_9447,3,230400.0,212400.0,1.584962496393071,0,1
user_9448,3,237600.0,212400.0,0.9182958311690995,0,1
user_9449,8,129600.0,3600.0,1.2987949363673135,0,1
user_945,7,136200.0,7200.0,1.3787834891580906,0,1
user_9450,4,240000.0,169200.0,0.8112781215737428,0,1
user_9451,4,219600.0,140400.0,1.9999999942292197,0,1
user_9452,2,237600.0,237600.0,-1.4426951595367387e-09,0,-1
user_9453,37,0.20046836111111116,0.105288,2.666479129796288,0,-1
user_9454,4,217200.0,151200.0,1.4999999956719148,0,1
user_9455,5,215100.0,104400.0,0.9709505915692787,0,1
user_9456,2,291600.0,291600.0,0.99999999711461,0,-1
user_9457,2,234000.0,234000.0,0.99999999711461,0,1
user_9458,9,132750.0,18000.0,2.058813883117726,0,1
user_9459,36,0.19736985714285712,0.117774,2.7324637146252684,0,-1
user_946,6,160560.0,61200.0,1.792481244589798,0,1
user_9460,6,169200.0,82800.0,1.792481244589798,0,1
user_9461,1,86400.0,86400.0,0.0,0,1
user_9462,1,86400.0,86400.0,0.0,0,1
user_9463,9,112950.0,7200.0,1.8365916623381988,0,1
user_9464,1,86400.0,86400.0,0.0,0,1
user_9465,6,162720.0,108000.0,1.4591479126991596,0,1
user_9466,5,207000.0,104400.0,1.3709505901265835,0,1
user_9467,5,199800.0,165600.0,1.5219280905592771,0,1
user_9468,4,194400.0,162000.0,0.99999999711461,0,1
user_9469,2,248400.0,248400.0,0.99999999711461,0,1
user_947,5,200700.0,136800.0,1.5219280905592771,0,1
user_9470,7,166800.0,75600.0,2.2359263434155574,1,1
user_9471,4,204000.0,183600.0,1.9999999942292197,0,1
user_9472,10,118000.0,28800.0,1.8464393389002354,0,1
user_9473,10,108000.0,36000.0,2.321928086231192,1,1
user_9474,2,277200.0,277200.0,-1.4426951595367387e-09,1,-1
user_9475,6,162720.0,82800.0,1.9182958282837093,1,1
user_9476,2,270000.0,270000.0,0.99999999711461,0,1
user_9477,1,86400.0,86400.0,0.0,0,1
user_9478,9,121500.0,46800.0,1.3921472193364495,0,1
user_9479,8,126514.28571428571,3600.0,1.2987949363673135,0,1
user_948,7,149400.0,72000.0,1.8423709874063285,0,1
user_9480,4,212400.0,136800.0,1.4999999956719148,0,1
user_9481,68,0.20038801492537311,0.1094,2.7040107824915665,0,-1
user_9482,7,158400.0,75600.0,1.3787834891580906,0,1
user_9483,9,130950.0,21600.0,1.879964941513636,0,1
user_9484,8,139371.42857142858,18000.0,1.4056390579014812,0,1
user_9485,44,0.20175193023255814,0.120827,2.777836588492055,0,-1
user_9486,7,154800.0,50400.0,2.2359263434155574,0,1
user_9487,7,159000.0,64800.0,1.3787834891580906,0,1
user_9488,1,86400.0,86400.0,0.0,0,1
user_9489,80,0.20032769620253166,0.111105,2.7323735052660494,0,-1
user_949,69,0.19998395588235293,0.114168,2.759905870248484,0,1
user_9490,8,152228.57142857142,72000.0,1.9056390564587862,0,1
user_9491,6,180000.0,100800.0,1.792481244589798,0,1
user_9492,7,152400.0,68400.0,1.950212059143967,0,1
user_9493,6,158400.0,93600.0,0.99999999711461,0,1
user_9494,7,163800.0,79200.0,1.664497773429681,1,1
user_9495,45,0.2008496136363637,0.129804,2.771355655395916,0,-1
user_9496,5,198900.0,154800.0,1.5219280905592771,0,1
user_9497,1,86400.0,86400.0,0.0,0,1
user_9498,3,235800.0,183600.0,0.9182958311690995,0,1
user_9499,4,222000.0,176400.0,0.99999999711461,0,1
user_95,8,133714.2857142857,50400.0,2.155639055016091,0,1
user_950,7,166800.0,72000.0,2.128085271677919,0,1
user_9500,7,150600.0,61200.0,1.664497773429681,0,1
user_9501,36,0.19991242857142857,0.126431,2.5747604923095424,0,-1
user_9502,37,0.1997463333333333,0.116883,2.6641002337807502,0,1
user_9503,8,143485.7142857143,18000.0,1.2987949363673135,0,1
user_9504,5,179100.0,108000.0,1.9219280891165822,0,1
user_9505,1,86400.0,86400.0,0.0,0,1
user_9506,9,128700.0,21600.0,2.197159716210674,0,1
user_9507,3,244800.0,226800.0,1.584962496393071,1,1
user_9508,4,190800.0,147600.0,0.8112781215737428,0,1
user_9509,5,176400.0,97200.0,1.5219280905592771,0,1
user_951,5,180900.0,111600.0,1.9219280891165822,0,1
user_9510,10,116800.0,25200.0,2.1219280876738873,0,1
user_9511,6,189360.0,93600.0,1.4591479126991596,0,1
user_9512,62,0.200737262295082,0.123582,2.750327429020943,0,-1
user_9513,4,217200.0,208800.0,1.4999999956719148,0,1
user_9514,8,128571.42857142857,10800.0,1.8112781186883526,1,1
user_9515,1,86400.0,86400.0,0.0,0,1
user_9516,9,113850.0,10800.0,2.197159716210674,1,1
user_9517,3,241200.0,187200.0,0.9182958311690995,0,1
user_9518,4,210000.0,169200.0,1.4999999956719148,0,1
user_9519,6,164880.0,82800.0,0.9182958311690995,0,1
user_952,5,190800.0,151200.0,1.5219280905592771,0,1
user_9520,6,162000.0,100800.0,2.2516291601743474,1,1
user_9521,9,114750.0,10800.0,1.879964941513636,0,1
user_9522,5,179100.0,136800.0,0.9709505915692787,0,1
user_9523,2,262800.0,262800.0,0.99999999711461,0,1
user_9524,9,132750.0,14400.0,1.8365916623381988,0,1
user_9525,9,135450.0,64800.0,1.7527152732089246,0,1
user_9526,3,232200.0,223200.0,0.9182958311690995,0,1
user_9527,8,134742.85714285713,7200.0,2.155639055016091,0,1
user_9528,42,0.20183636585365855,0.113846,2.6977182868757517,0,-1
user_9529,8,135771.42857142858,7200.0,1.4056390579014812,0,1
user_953,5,210600.0,118800.0,1.9219280891165822,0,1
user_9530,2,288000.0,288000.0,0.99999999711461,0,-1
user_9531,2,284400.0,284400.0,0.99999999711461,0,-1
user_9532,3,230400.0,208800.0,1.584962496393071,0,1
user_9533,9,131400.0,14400.0,2.1132833270813998,0,1
user_9534,2,234000.0,234000.0,0.99999999711461,0,1
user_9535,7,138600.0,7200.0,1.4488156313970995,0,1
user_9536,4,240000.0,205200.0,1.4999999956719148,0,1
user_9537,2,284400.0,284400.0,0.99999999711461,0,-1
user_9538,1,86400.0,86400.0,0.0,0,1
user_9539,7,158400.0,57600.0,1.5566567031347378,0,1
user_954,7,164400.0,68400.0,1.8423709874063285,0,1
user_9540,1,86400.0,86400.0,0.0,0,1
user_9541,8,142971.42857142858,50400.0,1.5487949349246184,0,1
user_9542,2,288000.0,288000.0,-1.4426951595367387e-09,0,-1
user_9543,77,0.1993067763157895,0.114127,2.789741215532573,0,-1
user_9544,9,126450.0,21600.0,1.7527152732089246,0,1
user_9545,4,225600.0,151200.0,1.9999999942292197,0,1
user_9546,1,86400.0,86400.0,0.0,0,1
user_9547,2,241200.0,241200.0,0.99999999711461,1,1
user_9548,3,214200.0,190800.0,-1.4426951595367387e-09,0,-1
user_9549,3,228600.0,219600.0,1.584962496393071,0,1
user_955,5,194400.0,90000.0,1.3709505901265835,0,1
user_9550,2,284400.0,284400.0,-1.4426951595367387e-09,0,-1
user_9551,9,124200.0,36000.0,1.3921472193364495,0,1
user_9552,3,250200.0,205200.0,0.9182958311690995,0,1
user_9553,5,206100.0,133200.0,1.9219280891165822,0,1
user_9554,69,0.20024672058823528,0.110627,2.734940304889431,0,-1
user_9555,2,295200.0,295200.0,0.99999999711461,0,-1
user_9556,5,182700.0,144000.0,1.9219280891165822,0,1
user_9557,8,136285.7142857143,14400.0,2.155639055016091,0,1
user_9558,10,115200.0,10800.0,0.99999999711461,0,1
user_9559,3,221400.0,198000.0,0.9182958311690995,0,1
user_956,7,142200.0,3600.0,0.863120565681241,0,1
user_9560,58,0.19882259649122808,0.12117,2.765923658072577,0,1
user_9561,5,189900.0,140400.0,1.9219280891165822,0,1
user_9562,30,0.2004286206896552,0.118851,2.643880071778629,0,1
user_9563,8,137828.57142857142,7200.0,2.49999999134383,0,1
user_9564,2,230400.0,230400.0,0.99999999711461,1,1
user_9565,6,176400.0,104400.0,1.9182958282837093,0,1
user_9566,6,174960.0,100800.0,1.2516291630597378,0,1
user_9567,4,235200.0,212400.0,0.99999999711461,0,1
user_9568,10,124400.0,18000.0,1.8464393389002354,0,1
user_9569,33,0.19761290625,0.107107,2.780660036403902,0,-1
user_957,2,284400.0,284400.0,0.99999999711461,0,-1
user_9570,5,179100.0,104400.0,1.3709505901265835,0,1
user_9571,36,0.20067602857142855,0.108323,2.566720635502586,0,-1
user_9572,7,181200.0,79200.0,1.8423709874063285,0,1
user_9573,9,137250.0,18000.0,2.058813883117726,0,1
user_9574,4,224400.0,198000.0,1.4999999956719148,1,1
user_9575,1,86400.0,86400.0,0.0,0,1
user_9576,8,116228.57142857143,3600.0,0.99999999711461,0,1
user_9577,24,0.19725913043478263,0.121823,2.621653512340468,0,-1
user_9578,8,143485.7142857143,18000.0,2.155639055016091,0,1
user_9579,8,124457.14285714286,7200.0,1.74999999422922,1,1
user_958,64,0.19915885714285714,0.117108,2.746532229209457,0,1
user_9580,9,130050.0,14400.0,1.8365916623381988,0,1
user_9581,3,210600.0,183600.0,1.584962496393071,0,1
user_9582,10,117600.0,25200.0,2.1709505872411934,0,1
user_9583,1,86400.0,86400.0,0.0,0,1
user_9584,4,212400.0,140400.0,1.9999999942292197,0,1
user_9585,1,86400.0,86400.0,0.0,0,1
user_9586,3,248400.0,230400.0,1.584962496393071,0,1
user_9587,5,210600.0,151200.0,1.3709505901265835,0,1
user_9588,10,124000.0,50400.0,2.446439336014845,0,1
user_9589,2,230400.0,230400.0,0.99999999711461,0,1
user_959,1,86400.0,86400.0,0.0,0,1
user_9590,36,0.201133,0.124848,2.7052289926434314,0,1
user_9591,10,103600.0,10800.0,1.760964041672901,0,1
user_9592,10,111600.0,7200.0,2.446439336014845,0,1
user_9593,5,191700.0,90000.0,1.3709505901265835,0,1
user_9594,5,207900.0,147600.0,0.7219280920019722,0,1
user_9595,9,126450.0,39600.0,1.6577427207341087,0,1
user_9596,3,223200.0,187200.0,-1.4426951595367387e-09,0,-1
user_9597,3,264600.0,237600.0,0.9182958311690995,1,1
user_9598,1,86400.0,86400.0,0.0,0,1
user_9599,8,120857.14285714286,21600.0,1.74999999422922,0,1
user_96,20,0.20104894736842108,0.133233,2.521928086231192,0,-1
user_960,49,0.19946908333333332,0.135034,2.7581535195427738,0,-1
user_9600,7,144600.0,10800.0,1.664497773429681,0,1
user_9601,9,118800.0,14400.0,1.9749374954311467,0,1
user_9602,10,121200.0,39600.0,1.6854752914565543,0,1
user_9603,5,181800.0,140400.0,1.5219280905592771,0,1
user_9604,3,228600.0,201600.0,0.9182958311690995,0,1
user_9605,9,132300.0,50400.0,2.281036105339948,0,1
user_9606,1,86400.0,86400.0,0.0,1,1
user_9607,22,0.20031166666666664,0.132603,2.413088427769587,0,-1
user_9608,9,129600.0,10800.0,1.6577427207341087,0,1
user_9609,4,249600.0,198000.0,1.4999999956719148,0,1
user_961,1,86400.0,86400.0,0.0,1,1
user_9610,1,86400.0,86400.0,0.0,0,1
user_9611,9,130050.0,7200.0,2.058813883117726,0,1
user_9612,8,131657.14285714287,28800.0,1.9056390564587862,1,1
user_9613,6,155520.0,57600.0,1.4591479126991596,0,1
user_9614,3,208800.0,194400.0,0.9182958311690995,0,1
user_9615,8,127542.85714285714,21600.0,2.249999992786525,0,1
user_9616,57,0.19894633928571429,0.106515,2.7600577173856875,0,-1
user_9617,10,109600.0,3600.0,1.960964040230206,0,1
user_9618,4,219600.0,190800.0,1.4999999956719148,0,1
user_9619,74,0.20015431506849315,0.113526,2.7168397400343656,0,-1
user_962,6,192960.0,104400.0,1.2516291630597378,0,1
user_9620,8,147085.7142857143,68400.0,2.155639055016091,0,1
user_9621,4,210000.0,172800.0,1.4999999956719148,1,1
user_9622,60,0.20076654237288136,0.112769,2.7228155902536506,0,1
user_9623,7,154200.0,25200.0,1.664497773429681,0,1
user_9624,4,235200.0,183600.0,1.4999999956719148,0,1
user_9625,4,220800.0,172800.0,1.9999999942292197,0,1
user_9626,55,0.20133946296296296,0.113412,2.754226799739294,0,1
user_9627,9,129150.0,28800.0,1.8910611063018725,0,1
user_9628,10,124000.0,14400.0,1.9709505886838885,1,1
user_9629,3,232200.0,212400.0,0.9182958311690995,0,1
user_963,2,226800.0,226800.0,-1.4426951595367387e-09,0,-1
user_9630,10,112000.0,10800.0,1.7219280891165822,0,1
user_9631,10,107600.0,21600.0,2.0464393374575405,0,1
user_9632,5,195300.0,118800.0,0.9709505915692787,0,1
user_9633,10,112400.0,14400.0,1.9219280891165822,0,1
user_9634,4,231600.0,176400.0,1.4999999956719148,0,1
user_9635,9,128250.0,36000.0,1.8365916623381988,0,1
user_9636,6,167760.0,54000.0,2.2516291601743474,0,1
user_9637,7,166200.0,39600.0,2.521640627687148,0,1
user_9638,39,0.1983078947368421,0.123172,2.7208890695068826,0,1
user_9639,9,130500.0,32400.0,2.197159716210674,0,1
user_964,37,0.20130127777777773,0.110908,2.6122383169279852,0,-1
user_9640,1,86400.0,86400.0,0.0,0,1
user_9641,60,0.19932477966101697,0.109179,2.7381427074375693,0,1
user_9642,76,0.19940341333333333,0.119137,2.756287341678595,0,-1
user_9643,6,172080.0,54000.0,1.792481244589798,0,1
user_9644,9,117450.0,10800.0,2.058813883117726,0,1
user_9645,3,250200.0,205200.0,1.584962496393071,0,1
user_9646,2,252000.0,252000.0,0.99999999711461,0,1
user_9647,35,0.20257635294117643,0.108283,2.685689080122374,0,-1
user_9648,2,291600.0,291600.0,0.99999999711461,0,-1
user_9649,6,173520.0,93600.0,1.4591479126991596,1,1
user_965,4,230400.0,180000.0,1.9999999942292197,0,1
user_9650,8,139885.7142857143,14400.0,2.155639055016091,0,1
user_9651,5,202500.0,97200.0,1.9219280891165822,0,1
user_9652,9,126450.0,18000.0,2.197159716210674,1,1
user_9653,8,146571.42857142858,25200.0,1.74999999422922,0,1
user_9654,74,0.2008430273972603,0.114759,2.730912679241422,0,-1
user_9655,6,174240.0,61200.0,1.4591479126991596,0,1
user_9656,9,129600.0,61200.0,2.419381936990201,0,1
user_9657,9,141300.0,39600.0,1.8910611063018725,0,1
user_9658,10,122800.0,21600.0,1.6854752914565543,0,1
user_9659,72,0.1988719014084507,0.10556,2.792816612438201,0,-1
user_966,4,218400.0,180000.0,1.4999999956719148,0,1
user_9660,1,86400.0,86400.0,0.0,0,1
user_9661,4,219600.0,172800.0,0.99999999711461,0,1
user_9662,3,214200.0,176400.0,1.584962496393071,0,1
user_9663,46,0.20033533333333334,0.125702,2.7323325364232063,0,1
user_9664,6,164160.0,46800.0,1.2516291630597378,0,1
user_9665,4,219600.0,140400.0,1.4999999956719148,0,1
user_9666,9,124650.0,3600.0,2.1132833270813998,0,1
user_9667,3,226800.0,183600.0,0.9182958311690995,0,1
user_9668,3,266400.0,237600.0,0.9182958311690995,0,1
user_9669,58,0.19974840350877193,0.112548,2.7428535220067287,0,1
user_967,10,122000.0,10800.0,2.321928086231192,0,1
user_9670,2,244800.0,244800.0,0.99999999711461,0,1
user_9671,5,198000.0,118800.0,1.5219280905592771,0,1
user_9672,10,118400.0,25200.0,1.2954618399102367,0,1
user_9673,1,86400.0,86400.0,0.0,0,1
user_9674,71,0.1997580857142857,0.107582,2.7481494067015557,0,-1
user_9675,9,134550.0,25200.0,2.058813883117726,1,1
user_9676,3,228600.0,190800.0,1.584962496393071,0,1
user_9677,3,271800.0,255600.0,1.584962496393071,1,-1
user_9678,1,86400.0,86400.0,0.0,0,1
user_9679,6,168480.0,54000.0,1.4591479126991596,0,1
user_968,5,201600.0,169200.0,2.321928087673887,1,-1
user_9680,8,117257.14285714286,7200.0,1.4056390579014812,0,1
user_9681,10,127600.0,39600.0,1.8464393389002354,0,1
user_9682,5,191700.0,111600.0,1.9219280891165822,0,1
user_9683,10,127200.0,32400.0,1.7219280891165822,0,1
user_9684,8,150171.42857142858,28800.0,1.74999999422922,0,1
user_9685,2,284400.0,284400.0,0.99999999711461,0,-1
user_9686,9,119250.0,7200.0,1.3921472193364495,0,1
user_9687,1,86400.0,86400.0,0.0,0,1
user_9688,7,156600.0,46800.0,1.4488156313970995,0,1
user_9689,3,219600.0,198000.0,1.584962496393071,0,1
user_969,4,202800.0,165600.0,1.4999999956719148,0,1
user_9690,7,149400.0,21600.0,2.2359263434155574,0,1
user_9691,7,148200.0,54000.0,1.8423709874063285,0,1
user_9692,4,231600.0,198000.0,1.4999999956719148,0,1
user_9693,2,223200.0,223200.0,0.99999999711461,0,1
user_9694,5,205200.0,136800.0,1.3709505901265835,0,1
user_9695,10,116800.0,3600.0,1.8464393389002354,0,1
user_9696,6,180720.0,93600.0,1.2516291630597378,0,1
user_9697,27,0.2026856923076923,0.121605,2.730034363803229,0,-1
user_9698,6,192960.0,100800.0,0.6500224187629642,0,1
user_9699,9,109350.0,14400.0,2.419381936990201,1,1
user_97,10,115600.0,3600.0,1.8464393389002354,1,1
user_970,4,199200.0,154800.0,1.4999999956719148,0,1
user_9700,70,0.20068288405797094,0.124762,2.7582939281271055,0,-1
user_9701,7,142200.0,21600.0,1.3787834891580906,0,1
user_9702,5,173700.0,90000.0,1.9219280891165822,0,1
user_9703,4,220800.0,162000.0,1.4999999956719148,0,1
user_9704,1,86400.0,86400.0,0.0,1,1
user_9705,2,295200.0,295200.0,-1.4426951595367387e-09,1,-1
user_9706,6,168480.0,61200.0,1.792481244589798,0,1
user_9707,73,0.19889576388888888,0.124578,2.7123818651405083,0,-1
user_9708,3,241200.0,212400.0,0.9182958311690995,0,1
user_9709,3,264600.0,234000.0,1.584962496393071,0,1
user_971,2,288000.0,288000.0,0.99999999711461,0,-1
user_9710,6,180720.0,97200.0,1.4591479126991596,0,1
user_9711,1,86400.0,86400.0,0.0,1,1
user_9712,1,86400.0,86400.0,0.0,0,1
user_9713,7,170400.0,46800.0,2.128085271677919,0,1
user_9714,9,125550.0,21600.0,2.5032583261194756,0,1
user_9715,1,86400.0,86400.0,0.0,0,1
user_9716,7,139800.0,28800.0,2.2359263434155574,0,1
user_9717,10,119200.0,46800.0,1.360964043115596,0,1
user_9718,9,133650.0,39600.0,1.7527152732089246,0,1
user_9719,4,206400.0,154800.0,1.4999999956719148,0,1
user_972,6,158400.0,61200.0,1.9182958282837093,0,1
user_9720,9,130950.0,21600.0,1.6577427207341087,0,1
user_9721,2,223200.0,223200.0,0.99999999711461,0,1
user_9722,1,86400.0,86400.0,0.0,0,1
user_9723,4,201600.0,144000.0,0.99999999711461,0,1
user_9724,3,252000.0,252000.0,1.584962496393071,0,1
user_9725,6,179280.0,72000.0,2.2516291601743474,0,1
user_9726,51,0.19923234,0.120188,2.755115454260653,0,1
user_9727,6,187920.0,122400.0,1.792481244589798,1,1
user_9728,10,116000.0,25200.0,1.7219280891165822,0,1
user_9729,37,0.19892019444444445,0.107504,2.6413574093502503,0,-1
user_973,1,86400.0,86400.0,0.0,0,1
user_9730,7,150000.0,68400.0,2.2359263434155574,0,1
user_9731,1,86400.0,86400.0,0.0,0,1
user_9732,2,288000.0,288000.0,-1.4426951595367387e-09,0,-1
user_9733,6,182160.0,104400.0,1.792481244589798,0,1
user_9734,8,158400.0,50400.0,1.74999999422922,0,1
user_9735,2,266400.0,266400.0,0.99999999711461,0,1
user_9736,4,192000.0,133200.0,1.4999999956719148,0,1
user_9737,3,257400.0,237600.0,0.9182958311690995,0,1
user_9738,10,113600.0,21600.0,1.4854752928992492,0,1
user_9739,2,262800.0,262800.0,0.99999999711461,1,1
user_974,2,262800.0,262800.0,0.99999999711461,1,1
user_9740,29,0.2016529642857143,0.131277,2.7673192442324765,0,-1
user_9741,4,211200.0,190800.0,1.4999999956719148,0,1
user_9742,4,231600.0,198000.0,1.4999999956719148,0,1
user_9743,10,118400.0,21600.0,1.5219280905592771,0,1
user_9744,8,135771.42857142858,61200.0,2.155639055016091,0,1
user_9745,5,203400.0,100800.0,1.5219280905592771,0,1
user_9746,4,226800.0,151200.0,0.8112781215737428,0,1
user_9747,3,270000.0,241200.0,0.9182958311690995,0,1
user_9748,6,152640.0,50400.0,2.2516291601743474,0,1
user_9749,31,0.1978103333333333,0.125047,2.59424418751151,0,-1
user_975,5,194400.0,133200.0,1.9219280891165822,0,1
user_9750,7,174000.0,57600.0,0.863120565681241,0,1
user_9751,5,195300.0,104400.0,0.7219280920019722,0,1
user_9752,6,169920.0,122400.0,1.9182958282837093,0,1
user_9753,8,138342.85714285713,32400.0,2.155639055016091,0,1
user_9754,7,153600.0,61200.0,2.128085271677919,0,1
user_9755,23,0.20028240909090905,0.14944,2.425098360162129,0,-1
user_9756,8,134228.57142857142,64800.0,1.9999999927865248,0,1
user_9757,3,264600.0,244800.0,0.9182958311690995,0,1
user_9758,6,162000.0,97200.0,0.99999999711461,0,1
user_9759,5,186300.0,108000.0,1.5219280905592771,0,1
user_976,1,86400.0,86400.0,0.0,0,1
user_9760,5,208800.0,165600.0,0.9709505915692787,0,1
user_9761,7,176400.0,68400.0,1.664497773429681,0,1
user_9762,1,86400.0,86400.0,0.0,0,1
user_9763,46,0.1999560666666667,0.118476,2.5469124274453625,0,-1
user_9764,45,0.19972197727272725,0.115331,2.7813196779671747,0,1
user_9765,4,220800.0,169200.0,1.4999999956719148,0,1
user_9766,52,0.19950833333333334,0.113785,2.77407450901483,0,1
user_9767,53,0.20063390384615387,0.111423,2.645467893857512,0,1
user_9768,3,210600.0,187200.0,0.9182958311690995,0,1
user_9769,10,109200.0,14400.0,2.1219280876738873,0,1
user_977,67,0.2010896363636364,0.106821,2.742567976772204,0,-1
user_9770,2,226800.0,226800.0,0.99999999711461,0,1
user_9771,79,0.20022941025641025,0.111719,2.760308565844181,0,-1
user_9772,10,108800.0,25200.0,2.1219280876738873,0,1
user_9773,2,277200.0,277200.0,-1.4426951595367387e-09,0,-1
user_9774,45,0.2006337045454546,0.113316,2.5917754536970783,0,1
user_9775,2,234000.0,234000.0,0.99999999711461,0,1
user_9776,7,154200.0,7200.0,1.3787834891580906,0,1
user_9777,78,0.20057944155844154,0.103622,2.7475809980404358,0,-1
user_9778,2,237600.0,237600.0,0.99999999711461,0,1
user_9779,9,135450.0,36000.0,2.419381936990201,1,1
user_978,9,106200.0,7200.0,1.7527152732089246,0,1
user_9780,2,237600.0,237600.0,0.99999999711461,0,1
user_9781,2,273600.0,273600.0,-1.4426951595367387e-09,0,-1
user_9782,5,206100.0,154800.0,1.3709505901265835,0,1
user_9783,59,0.2007832068965517,0.119544,2.768178045507085,0,1
user_9784,6,177840.0,54000.0,1.2516291630597378,0,1
user_9785,2,262800.0,262800.0,0.99999999711461,0,1
user_9786,4,199200.0,133200.0,0.8112781215737428,0,1
user_9787,10,108400.0,7200.0,2.24643933745754,0,1
user_9788,4,211200.0,162000.0,1.9999999942292197,0,1
user_9789,7,157800.0,28800.0,1.5566567031347378,0,1
user_979,5,216900.0,165600.0,2.321928087673887,0,-1
user_9790,3,237600.0,230400.0,1.584962496393071,1,1
user_9791,8,130628.57142857143,3600.0,1.9056390564587862,0,1
user_9792,10,104400.0,10800.0,1.6854752914565543,0,1
user_9793,2,262800.0,262800.0,0.99999999711461,0,1
user_9794,4,198000.0,162000.0,1.4999999956719148,0,1
user_9795,3,230400.0,201600.0,1.584962496393071,0,1
user_9796,6,171360.0,72000.0,1.4591479126991596,0,1
user_9797,6,180720.0,104400.0,1.4591479126991596,1,1
user_9798,71,0.19908015714285712,0.117759,2.6541872911969047,0,-1
user_9799,9,152100.0,57600.0,2.197159716210674,0,1
user_98,5,202500.0,151200.0,1.5219280905592771,0,1
user_980,3,216000.0,201600.0,0.9182958311690995,0,1
user_9800,9,135900.0,54000.0,2.281036105339948,0,1
user_9801,9,120150.0,28800.0,1.6577427207341087,0,1
user_9802,4,204000.0,136800.0,0.99999999711461,0,1
user_9803,9,134550.0,39600.0,1.8910611063018725,0,1
user_9804,4,213600.0,180000.0,1.9999999942292197,0,1
user_9805,1,86400.0,86400.0,0.0,0,1
user_9806,6,189360.0,104400.0,0.9182958311690995,0,1
user_9807,5,189900.0,129600.0,1.9219280891165822,0,1
user_9808,2,295200.0,295200.0,-1.4426951595367387e-09,0,-1
user_9809,7,163800.0,72000.0,1.8423709874063285,1,1
user_981,5,212400.0,144000.0,1.9219280891165822,0,1
user_9810,9,121950.0,14400.0,2.058813883117726,0,1
user_9811,6,155520.0,46800.0,1.792481244589798,0,1
user_9812,9,121950.0,14400.0,1.7527152732089246,0,1
user_9813,58,0.1993947543859649,0.118517,2.695971729944087,0,1
user_9814,6,162720.0,93600.0,1.4591479126991596,0,1
user_9815,2,255600.0,255600.0,0.99999999711461,1,1
user_9816,7,136800.0,28800.0,2.128085271677919,0,1
user_9817,4,222000.0,147600.0,1.4999999956719148,0,1
user_9818,3,250200.0,244800.0,0.9182958311690995,0,1
user_9819,7,156000.0,46800.0,1.950212059143967,0,1
user_982,8,150685.7142857143,32400.0,1.8112781186883526,0,1
user_9820,49,0.2001970833333334,0.115096,2.6332231437649547,0,1
user_9821,6,172800.0,108000.0,1.4591479126991596,0,1
user_9822,3,214200.0,205200.0,1.584962496393071,1,1
user_9823,8,128571.42857142857,7200.0,1.8112781186883526,0,1
user_9824,3,228600.0,201600.0,0.9182958311690995,0,1
user_9825,10,115600.0,21600.0,1.760964041672901,0,1
user_9826,8,135257.14285714287,14400.0,1.74999999422922,0,1
user_9827,10,118400.0,43200.0,1.7219280891165822,0,1
user_9828,8,133200.0,36000.0,1.74999999422922,1,1
user_9829,10,100000.0,3600.0,1.6854752914565543,0,1
user_983,6,167040.0,86400.0,1.792481244589798,0,1
user_9830,7,153600.0,75600.0,1.4488156313970995,0,1
user_9831,8,159428.57142857142,75600.0,1.4056390579014812,0,1
user_9832,4,218400.0,208800.0,0.99999999711461,0,1
user_9833,3,271800.0,248400.0,0.9182958311690995,0,1
user_9834,4,217200.0,183600.0,1.4999999956719148,0,1
user_9835,4,208800.0,172800.0,1.4999999956719148,0,1
user_9836,3,212400.0,180000.0,1.584962496393071,0,1
user_9837,25,0.19925683333333333,0.124577,2.476623802423193,0,-1
user_9838,7,158400.0,57600.0,1.8423709874063285,0,1
user_9839,9,144450.0,61200.0,1.584962496393071,0,1
user_984,8,131142.85714285713,39600.0,1.5612781201310477,0,1
user_9840,5,196200.0,111600.0,-1.4426951595367387e-09,0,-1
user_9841,7,137400.0,18000.0,1.8423709874063285,1,1
user_9842,3,239400.0,212400.0,1.584962496393071,0,1
user_9843,7,162600.0,46800.0,1.8423709874063285,0,1
user_9844,8,117771.42857142857,10800.0,1.4056390579014812,1,1
user_9845,1,86400.0,86400.0,0.0,0,1
user_9846,6,200160.0,122400.0,1.9182958282837093,0,1
user_9847,10,115200.0,43200.0,1.360964043115596,0,1
user_9848,7,147600.0,21600.0,2.2359263434155574,0,1
user_9849,5,181800.0,115200.0,1.3709505901265835,0,1
user_985,4,222000.0,162000.0,1.4999999956719148,0,1
user_9850,9,133650.0,39600.0,1.7527152732089246,0,1
user_9851,7,147000.0,32400.0,1.3787834891580906,0,1
user_9852,4,199200.0,136800.0,1.4999999956719148,0,1
user_9853,3,244800.0,216000.0,1.584962496393071,0,1
user_9854,5,168300.0,90000.0,1.3709505901265835,0,1
user_9855,3,225000.0,190800.0,1.584962496393071,0,1
user_9856,1,86400.0,86400.0,0.0,0,1
user_9857,7,145200.0,21600.0,2.2359263434155574,1,1
user_9858,2,255600.0,255600.0,0.99999999711461,0,1
user_9859,6,168480.0,61200.0,1.4591479126991596,0,1
user_986,37,0.20018686111111111,0.109502,2.670857388342585,0,1
user_9860,6,182160.0,108000.0,1.584962496393071,0,1
user_9861,9,110250.0,10800.0,0.5032583318902557,0,1
user_9862,4,192000.0,165600.0,1.4999999956719148,0,1
user_9863,71,0.19949805714285715,0.109529,2.7619252326895998,0,-1
user_9864,3,243000.0,223200.0,0.9182958311690995,0,1
user_9865,6,190800.0,118800.0,1.792481244589798,0,1
user_9866,8,121885.71428571429,7200.0,1.2987949363673135,0,1
user_9867,7,158400.0,72000.0,2.128085271677919,0,1
user_9868,7,159600.0,3600.0,1.950212059143967,1,1
user_9869,6,172080.0,72000.0,1.9182958282837093,0,1
user_987,6,171360.0,97200.0,1.9182958282837093,0,1
user_9870,3,250200.0,219600.0,0.9182958311690995,0,1
user_9871,6,152640.0,54000.0,0.6500224187629642,0,1
user_9872,1,86400.0,86400.0,0.0,0,1
user_9873,5,194400.0,118800.0,1.9219280891165822,0,1
user_9874,10,129600.0,36000.0,2.446439336014845,0,1
user_9875,3,243000.0,205200.0,0.9182958311690995,0,1
user_9876,2,248400.0,248400.0,-1.4426951595367387e-09,0,-1
user_9877,8,142457.14285714287,46800.0,1.4056390579014812,0,1
user_9878,7,139800.0,79200.0,1.4488156313970995,0,1
user_9879,9,130950.0,57600.0,1.879964941513636,0,1
user_988,10,119600.0,25200.0,2.7219280847884972,0,1
user_9880,4,247200.0,194400.0,1.4999999956719148,0,1
user_9881,6,151200.0,61200.0,1.4591479126991596,0,1
user_9882,10,108400.0,21600.0,2.1219280876738873,0,1
user_9883,20,0.19926473684210527,0.138249,2.74643933457215,0,-1
user_9884,5,201600.0,97200.0,1.3709505901265835,0,1
user_9885,5,192600.0,136800.0,1.3709505901265835,0,1
user_9886,7,156600.0,10800.0,1.4488156313970995,0,1
user_9887,4,207600.0,162000.0,0.99999999711461,0,1
user_9888,5,198000.0,133200.0,1.3709505901265835,0,1
user_9889,8,122400.0,32400.0,2.155639055016091,0,1
user_989,8,132171.42857142858,14400.0,1.4056390579014812,0,1
user_9890,1,86400.0,86400.0,0.0,1,1
user_9891,68,0.20041183582089553,0.110219,2.7778351580084366,0,-1
user_9892,4,218400.0,183600.0,1.4999999956719148,0,1
user_9893,2,277200.0,277200.0,0.99999999711461,0,1
user_9894,8,154800.0,68400.0,2.49999999134383,0,1
user_9895,7,146400.0,18000.0,2.128085271677919,0,1
user_9896,10,122000.0,50400.0,2.0464393374575405,0,1
user_9897,10,113600.0,14400.0,2.1219280876738873,0,1
user_9898,10,112800.0,3600.0,1.960964040230206,0,1
user_9899,1,86400.0,86400.0,0.0,0,1
user_99,5,191700.0,133200.0,2.321928087673887,0,1
user_990,1,86400.0,86400.0,0.0,0,1
user_9900,1,86400.0,86400.0,0.0,0,1
user_9901,1,86400.0,86400.0,0.0,0,1
user_9902,10,124400.0,3600.0,1.760964041672901,0,1
user_9903,9,117000.0,10800.0,2.058813883117726,0,1
user_9904,7,146400.0,28800.0,1.8423709874063285,0,1
user_9905,10,104000.0,3600.0,2.0464393374575405,0,1
user_9906,2,262800.0,262800.0,0.99999999711461,0,1
user_9907,5,189000.0,122400.0,1.9219280891165822,0,1
user_9908,6,161280.0,75600.0,1.4591479126991596,0,1
user_9909,39,0.20044702631578948,0.121966,2.694154772200265,0,1
user_991,2,270000.0,270000.0,0.99999999711461,0,1
user_9910,3,214200.0,176400.0,0.9182958311690995,0,1
user_9911,10,110400.0,3600.0,2.24643933745754,0,1
user_9912,9,137700.0,61200.0,1.7527152732089246,0,1
user_9913,5,168300.0,97200.0,1.5219280905592771,0,1
user_9914,9,114750.0,18000.0,2.197159716210674,0,1
user_9915,7,158400.0,36000.0,1.664497773429681,1,1
user_9916,5,175500.0,97200.0,0.9709505915692787,0,1
user_9917,1,86400.0,86400.0,0.0,0,1
user_9918,1,86400.0,86400.0,0.0,0,1
user_9919,2,270000.0,270000.0,0.99999999711461,0,1
user_992,27,0.19940134615384617,0.143926,2.611394789067299,0,-1
user_9920,9,122400.0,10800.0,1.6577427207341087,0,1
user_9921,4,222000.0,187200.0,1.4999999956719148,0,1
user_9922,6,172800.0,90000.0,1.9182958282837093,1,1
user_9923,10,120400.0,32400.0,2.0464393374575405,0,1
user_9924,1,86400.0,86400.0,0.0,0,1
user_9925,4,220800.0,201600.0,0.8112781215737428,0,1
user_9926,57,0.20030728571428572,0.121487,2.7403162025701073,0,1
user_9927,6,163440.0,72000.0,1.584962496393071,1,1
user_9928,10,107200.0,10800.0,2.1709505872411934,0,1
user_9929,1,86400.0,86400.0,0.0,0,1
user_993,61,0.19978274999999998,0.119464,2.685061710581963,0,1
user_9930,6,185760.0,75600.0,1.4591479126991596,0,1
user_9931,7,165600.0,75600.0,2.521640627687148,1,1
user_9932,34,0.1983930303030303,0.131438,2.6489373776048684,0,-1
user_9933,50,0.2000252448979592,0.132766,2.69593984505337,0,-1
user_9934,2,230400.0,230400.0,-1.4426951595367387e-09,0,-1
user_9935,48,0.19923089361702123,0.108963,2.727303785394212,0,1
user_9936,9,127350.0,10800.0,2.058813883117726,0,1
user_9937,8,129600.0,3600.0,1.74999999422922,0,1
user_9938,24,0.200443,0.130488,2.6776942610049015,0,-1
user_9939,31,0.20093780000000003,0.108032,2.696965059931975,0,-1
user_994,5,202500.0,169200.0,1.5219280905592771,0,1
user_9940,6,190080.0,115200.0,1.4591479126991596,0,1
user_9941,5,208800.0,169200.0,1.9219280891165822,0,1
user_9942,6,159120.0,68400.0,1.2516291630597378,0,1
user_9943,1,86400.0,86400.0,0.0,0,1
user_9944,3,241200.0,234000.0,0.9182958311690995,0,1
user_9945,3,243000.0,234000.0,-1.4426951595367387e-09,0,-1
user_9946,24,0.20167421739130437,0.12922,2.689798179982123,0,-1
user_9947,5,198000.0,140400.0,1.5219280905592771,0,1
user_9948,5,189900.0,129600.0,1.3709505901265835,0,1
user_9949,32,0.2002576129032258,0.126561,2.6551386636618415,0,1
user_995,8,143485.7142857143,57600.0,2.155639055016091,0,1
user_9950,5,199800.0,126000.0,1.3709505901265835,0,1
user_9951,2,295200.0,295200.0,0.99999999711461,0,-1
user_9952,1,86400.0,86400.0,0.0,0,1
user_9953,3,239400.0,194400.0,1.584962496393071,0,1
user_9954,7,149400.0,75600.0,1.5566567031347378,1,1
user_9955,4,208800.0,136800.0,1.9999999942292197,0,1
user_9956,10,101200.0,18000.0,1.960964040230206,0,1
user_9957,10,120400.0,7200.0,2.446439336014845,1,1
user_9958,8,126000.0,21600.0,1.9056390564587862,0,1
user_9959,9,124200.0,3600.0,2.197159716210674,0,1
user_996,10,116400.0,36000.0,1.9709505886838885,0,1
user_9960,7,170400.0,82800.0,1.8423709874063285,0,1
user_9961,10,109200.0,3600.0,1.760964041672901,0,1
user_9962,3,257400.0,223200.0,1.584962496393071,1,1
user_9963,2,230400.0,230400.0,0.99999999711461,0,1
user_9964,1,86400.0,86400.0,0.0,1,1
user_9965,7,153000.0,32400.0,1.664497773429681,1,1
user_9966,2,284400.0,284400.0,0.99999999711461,0,-1
user_9967,10,124800.0,14400.0,2.0464393374575405,0,1
user_9968,9,110700.0,3600.0,2.5032583261194756,0,1
user_9969,8,134742.85714285713,39600.0,0.5435644403142064,0,1
user_997,6,169920.0,68400.0,1.4591479126991596,0,1
user_9970,1,86400.0,86400.0,0.0,0,1
user_9971,9,124650.0,14400.0,1.9749374954311467,0,1
user_9972,8,125485.71428571429,3600.0,1.74999999422922,0,1
user_9973,10,120400.0,21600.0,2.24643933745754,0,1
user_9974,3,237600.0,226800.0,1.584962496393071,0,1
user_9975,64,0.20054174603174602,0.10914,2.7029729447340336,0,1
user_9976,4,214800.0,151200.0,0.8112781215737428,0,1
user_9977,36,0.19916017142857143,0.139739,2.686589146447401,0,-1
user_9978,1,86400.0,86400.0,0.0,0,1
user_9979,8,127542.85714285714,32400.0,1.9999999927865248,0,1
user_998,48,0.1999159574468085,0.127579,2.725079294847606,0,1
user_9980,26,0.20104164000000002,0.111917,2.537407748137323,0,-1
user_9981,7,158400.0,36000.0,0.863120565681241,1,1
user_9982,10,117200.0,21600.0,1.8954618384675417,0,1
user_9983,9,134550.0,43200.0,1.7527152732089246,0,1
user_9984,1,86400.0,86400.0,0.0,0,1
user_9985,55,0.20023364814814817,0.100735,2.692808162904119,0,-1
user_9986,4,204000.0,140400.0,1.9999999942292197,0,1
user_9987,5,213300.0,147600.0,1.3709505901265835,0,1
user_9988,32,0.2026301612903226,0.125861,2.7692475528619425,0,-1
user_9989,8,135257.14285714287,18000.0,1.74999999422922,0,1
user_999,8,148628.57142857142,54000.0,1.061278120131048,0,1
user_9990,6,162000.0,57600.0,1.792481244589798,0,1
user_9991,2,262800.0,262800.0,-1.4426951595367387e-09,0,-1
user_9992,4,224400.0,205200.0,1.4999999956719148,0,1
user_9993,8,127542.85714285714,36000.0,2.155639055016091,0,1
user_9994,1,86400.0,86400.0,0.0,0,1
user_9995,41,0.1982821,0.113059,2.707038958834899,0,-1
user_9996,1,86400.0,86400.0,0.0,0,1
user_9997,8,142457.14285714287,18000.0,1.5612781201310477,0,1
user_9998,4,207600.0,180000.0,0.8112781215737428,0,1
user_9999,72,0.20084614084507038,0.118571,2.735352462619552,0,-1
