user_id,persona,geo,conversion_status,conversion_timestamp,revenue_generated
user_0,Budget Parents,Tier-3 Cities,0,,0.0
user_1,Premium Fitness Users,International,0,,0.0
user_2,Budget Parents,Tier-2 Cities,0,,0.0
user_3,Impulse Buyers,Tier-1 Cities,0,,0.0
user_4,Gen-Z Trend Seekers,International,0,,0.0
user_5,Budget Parents,Tier-2 Cities,0,,0.0
user_6,Unknown,International,0,,0.0
user_7,Premium Fitness Users,Tier-1 Cities,0,,0.0
user_8,Budget Parents,Tier-3 Cities,0,,0.0
user_9,Unknown,International,0,,0.0
user_10,Gen-Z Trend Seekers,International,0,,0.0
user_11,Gen-Z Trend Seekers,International,0,,0.0
user_12,Budget Parents,Tier-1 Cities,0,,0.0
user_13,Gen-Z Trend Seekers,Tier-2 Cities,0,,0.0
user_14,Gen-Z Trend Seekers,Tier-3 Cities,0,,0.0
user_15,Premium Fitness Users,Tier-3 Cities,1,2023-07-07 15:14:10,6562.1
user_16,Impulse Buyers,Tier-2 Cities,0,,0.0
user_17,Premium Fitness Users,Tier-1 Cities,0,,0.0
user_18,Unknown,Tier-2 Cities,0,,0.0
user_19,Gen-Z Trend Seekers,Tier-3 Cities,0,,0.0
user_20,Gen-Z Trend Seekers,Tier-3 Cities,1,2023-07-24 18:44:53,3937.35
user_21,Budget Parents,Tier-2 Cities,0,,0.0
user_22,Budget Parents,International,0,,0.0
user_23,Gen-Z Trend Seekers,International,0,,0.0
user_24,Premium Fitness Users,Tier-2 Cities,0,,0.0
user_25,Budget Parents,International,0,,0.0
user_26,Gen-Z Trend Seekers,International,0,,0.0
user_27,Unknown,Tier-1 Cities,0,,0.0
user_28,Impulse Buyers,Tier-3 Cities,0,,0.0
user_29,Gen-Z Trend Seekers,Tier-2 Cities,0,,0.0
user_30,Impulse Buyers,Tier-2 Cities,1,2023-12-20 10:12:30,3412.65
user_31,Premium Fitness Users,Tier-2 Cities,0,,0.0
user_32,Impulse Buyers,Tier-1 Cities,0,,0.0
user_33,Impulse Buyers,Tier-1 Cities,0,,0.0
user_34,Impulse Buyers,Tier-2 Cities,0,,0.0
user_35,Unknown,Tier-3 Cities,0,,0.0
user_36,Gen-Z Trend Seekers,Tier-3 Cities,0,,0.0
user_37,Gen-Z Trend Seekers,Tier-2 Cities,1,2023-07-13 05:19:05,4174.95
user_38,Impulse Buyers,Tier-3 Cities,0,,0.0
user_39,Premium Fitness Users,International,0,,0.0
user_40,Premium Fitness Users,International,1,2023-08-21 23:09:57,8370.36
user_41,Impulse Buyers,International,0,,0.0
user_42,Unknown,Tier-1 Cities,0,,0.0
user_43,Unknown,International,0,,0.0
user_44,Gen-Z Trend Seekers,International,0,,0.0
user_45,Impulse Buyers,Tier-3 Cities,0,,0.0
user_46,Unknown,International,0,,0.0
user_47,Gen-Z Trend Seekers,International,0,,0.0
user_48,Gen-Z Trend Seekers,Tier-3 Cities,0,,0.0
user_49,Budget Parents,International,0,,0.0
user_50,Budget Parents,Tier-3 Cities,0,,0.0
user_51,Impulse Buyers,Tier-1 Cities,1,2023-04-04 06:44:32,1049.4
user_52,Budget Parents,Tier-2 Cities,0,,0.0
user_53,Unknown,Tier-2 Cities,0,,0.0
user_54,Impulse Buyers,Tier-1 Cities,0,,0.0
user_55,Premium Fitness Users,Tier-1 Cities,0,,0.0
user_56,Gen-Z Trend Seekers,Tier-3 Cities,0,,0.0
user_57,Budget Parents,Tier-1 Cities,0,,0.0
user_58,Unknown,Tier-3 Cities,0,,0.0
user_59,Premium Fitness Users,International,0,,0.0
user_60,Gen-Z Trend Seekers,Tier-2 Cities,1,2023-02-28 14:42:01,5302.09
user_61,Gen-Z Trend Seekers,Tier-2 Cities,0,,0.0
user_62,Premium Fitness Users,Tier-1 Cities,0,,0.0
user_63,Budget Parents,International,0,,0.0
user_64,Impulse Buyers,Tier-1 Cities,0,,0.0
user_65,Gen-Z Trend Seekers,Tier-1 Cities,1,2023-04-26 11:12:42,2726.42
user_66,Impulse Buyers,Tier-3 Cities,0,,0.0
user_67,Impulse Buyers,Tier-2 Cities,0,,0.0
user_68,Budget Parents,Tier-1 Cities,0,,0.0
user_69,Impulse Buyers,International,0,,0.0
user_70,Impulse Buyers,Tier-2 Cities,0,,0.0
user_71,Budget Parents,Tier-1 Cities,0,,0.0
user_72,Impulse Buyers,Tier-3 Cities,1,2023-12-08 04:29:52,3386.18
user_73,Impulse Buyers,International,1,2023-04-15 03:34:21,1625.24
user_74,Gen-Z Trend Seekers,Tier-1 Cities,0,,0.0
user_75,Gen-Z Trend Seekers,International,0,,0.0
user_76,Impulse Buyers,International,0,,0.0
user_77,Gen-Z Trend Seekers,Tier-1 Cities,0,,0.0
user_78,Gen-Z Trend Seekers,Tier-1 Cities,0,,0.0
user_79,Budget Parents,Tier-2 Cities,0,,0.0
user_80,Premium Fitness Users,Tier-3 Cities,0,,0.0
user_81,Gen-Z Trend Seekers,Tier-3 Cities,0,,0.0
user_82,Gen-Z Trend Seekers,Tier-3 Cities,0,,0.0
user_83,Budget Parents,Tier-3 Cities,0,,0.0
user_84,Impulse Buyers,Tier-2 Cities,0,,0.0
user_85,Budget Parents,Tier-2 Cities,0,,0.0
user_86,Budget Parents,Tier-2 Cities,0,,0.0
user_87,Budget Parents,Tier-1 Cities,0,,0.0
user_88,Budget Parents,Tier-3 Cities,0,,0.0
user_89,Premium Fitness Users,Tier-1 Cities,0,,0.0
user_90,Unknown,Tier-3 Cities,0,,0.0
user_91,Gen-Z Trend Seekers,International,0,,0.0
user_92,Impulse Buyers,Tier-2 Cities,0,,0.0
user_93,Gen-Z Trend Seekers,Tier-2 Cities,1,2023-05-20 06:31:25,5000.56
user_94,Impulse Buyers,Tier-3 Cities,0,,0.0
user_95,Impulse Buyers,Tier-1 Cities,0,,0.0
user_96,Unknown,International,0,,0.0
user_97,Gen-Z Trend Seekers,Tier-2 Cities,1,2023-10-21 06:32:47,4800.89
user_98,Impulse Buyers,Tier-2 Cities,0,,0.0
user_99,Gen-Z Trend Seekers,International,0,,0.0
user_100,Impulse Buyers,Tier-2 Cities,1,2023-11-04 21:06:50,3071.01
user_101,Gen-Z Trend Seekers,Tier-2 Cities,0,,0.0
user_102,Gen-Z Trend Seekers,International,0,,0.0
user_103,Impulse Buyers,Tier-2 Cities,0,,0.0
user_104,Impulse Buyers,International,1,2023-08-10 12:13:57,3341.49
user_105,Premium Fitness Users,Tier-1 Cities,0,,0.0
user_106,Unknown,Tier-1 Cities,0,,0.0
user_107,Premium Fitness Users,International,0,,0.0
user_108,Impulse Buyers,Tier-2 Cities,0,,0.0
user_109,Budget Parents,Tier-2 Cities,0,,0.0
user_110,Budget Parents,Tier-2 Cities,0,,0.0
user_111,Premium Fitness Users,Tier-2 Cities,0,,0.0
user_112,Impulse Buyers,Tier-3 Cities,0,,0.0
user_113,Impulse Buyers,Tier-3 Cities,0,,0.0
user_114,Gen-Z Trend Seekers,International,0,,0.0
user_115,Budget Parents,Tier-3 Cities,0,,0.0
user_116,Impulse Buyers,Tier-3 Cities,0,,0.0
user_117,Unknown,International,0,,0.0
user_118,Premium Fitness Users,International,0,,0.0
user_119,Premium Fitness Users,Tier-1 Cities,0,,0.0
user_120,Impulse Buyers,Tier-2 Cities,0,,0.0
user_121,Gen-Z Trend Seekers,Tier-2 Cities,0,,0.0
user_122,Impulse Buyers,Tier-2 Cities,0,,0.0
user_123,Gen-Z Trend Seekers,Tier-1 Cities,0,,0.0
user_124,Gen-Z Trend Seekers,Tier-1 Cities,0,,0.0
user_125,Gen-Z Trend Seekers,Tier-2 Cities,0,,0.0
user_126,Impulse Buyers,Tier-3 Cities,0,,0.0
user_127,Budget Parents,Tier-2 Cities,0,,0.0
user_128,Unknown,Tier-1 Cities,0,,0.0
user_129,Premium Fitness Users,International,1,2023-05-31 13:25:11,8310.77
user_130,Premium Fitness Users,International,0,,0.0
user_131,Gen-Z Trend Seekers,Tier-1 Cities,0,,0.0
user_132,Unknown,International,0,,0.0
user_133,Premium Fitness Users,Tier-2 Cities,0,,0.0
user_134,Gen-Z Trend Seekers,Tier-3 Cities,0,,0.0
user_135,Gen-Z Trend Seekers,Tier-2 Cities,0,,0.0
user_136,Premium Fitness Users,Tier-2 Cities,0,,0.0
user_137,Gen-Z Trend Seekers,Tier-3 Cities,0,,0.0
user_138,Impulse Buyers,Tier-1 Cities,0,,0.0
user_139,Gen-Z Trend Seekers,Tier-3 Cities,0,,0.0
user_140,Premium Fitness Users,Tier-3 Cities,0,,0.0
user_141,Budget Parents,Tier-3 Cities,0,,0.0
user_142,Impulse Buyers,Tier-1 Cities,0,,0.0
user_143,Impulse Buyers,International,0,,0.0
user_144,Gen-Z Trend Seekers,Tier-2 Cities,0,,0.0
user_145,Budget Parents,Tier-2 Cities,0,,0.0
user_146,Impulse Buyers,Tier-3 Cities,0,,0.0
user_147,Gen-Z Trend Seekers,Tier-3 Cities,0,,0.0
user_148,Premium Fitness Users,Tier-1 Cities,0,,0.0
user_149,Gen-Z Trend Seekers,Tier-1 Cities,0,,0.0
user_150,Impulse Buyers,Tier-2 Cities,1,2023-04-15 06:56:09,2238.07
user_151,Gen-Z Trend Seekers,Tier-3 Cities,1,2023-10-24 07:57:18,5810.08
user_152,Unknown,Tier-1 Cities,0,,0.0
user_153,Unknown,Tier-1 Cities,0,,0.0
user_154,Impulse Buyers,International,0,,0.0
user_155,Gen-Z Trend Seekers,Tier-2 Cities,0,,0.0
user_156,Impulse Buyers,Tier-3 Cities,0,,0.0
user_157,Premium Fitness Users,Tier-3 Cities,1,2023-02-06 22:01:54,3038.0
user_158,Unknown,International,0,,0.0
user_159,Budget Parents,Tier-2 Cities,0,,0.0
user_160,Gen-Z Trend Seekers,Tier-3 Cities,0,,0.0
user_161,Gen-Z Trend Seekers,Tier-3 Cities,0,,0.0
user_162,Impulse Buyers,Tier-3 Cities,1,2023-05-03 02:44:36,3379.01
user_163,Impulse Buyers,International,0,,0.0
user_164,Budget Parents,Tier-3 Cities,0,,0.0
user_165,Premium Fitness Users,Tier-3 Cities,0,,0.0
user_166,Unknown,Tier-2 Cities,0,,0.0
user_167,Gen-Z Trend Seekers,Tier-3 Cities,0,,0.0
user_168,Impulse Buyers,Tier-2 Cities,0,,0.0
user_169,Impulse Buyers,Tier-2 Cities,0,,0.0
user_170,Gen-Z Trend Seekers,Tier-3 Cities,0,,0.0
user_171,Budget Parents,Tier-1 Cities,1,2023-09-05 18:25:33,4928.07
user_172,Impulse Buyers,Tier-3 Cities,0,,0.0
user_173,Gen-Z Trend Seekers,International,0,,0.0
user_174,Budget Parents,Tier-3 Cities,0,,0.0
user_175,Premium Fitness Users,Tier-3 Cities,0,,0.0
user_176,Gen-Z Trend Seekers,Tier-2 Cities,0,,0.0
user_177,Gen-Z Trend Seekers,Tier-1 Cities,0,,0.0
user_178,Gen-Z Trend Seekers,Tier-2 Cities,0,,0.0
user_179,Premium Fitness Users,Tier-1 Cities,1,2023-02-06 22:16:14,11761.37
user_180,Budget Parents,Tier-3 Cities,0,,0.0
user_181,Budget Parents,Tier-2 Cities,0,,0.0
user_182,Budget Parents,Tier-3 Cities,0,,0.0
user_183,Gen-Z Trend Seekers,Tier-2 Cities,1,2023-07-23 14:00:25,5773.25
user_184,Premium Fitness Users,Tier-2 Cities,1,2023-12-15 00:12:54,6443.2
user_185,Budget Parents,Tier-1 Cities,0,,0.0
user_186,Impulse Buyers,International,0,,0.0
user_187,Budget Parents,Tier-1 Cities,0,,0.0
user_188,Unknown,Tier-2 Cities,0,,0.0
user_189,Premium Fitness Users,Tier-3 Cities,0,,0.0
user_190,Gen-Z Trend Seekers,International,0,,0.0
user_191,Impulse Buyers,International,1,2023-03-18 05:38:11,2844.18
user_192,Budget Parents,Tier-3 Cities,1,2023-07-14 09:16:12,4458.3
user_193,Premium Fitness Users,Tier-1 Cities,0,,0.0
user_194,Gen-Z Trend Seekers,Tier-2 Cities,0,,0.0
user_195,Gen-Z Trend Seekers,Tier-3 Cities,0,,0.0
user_196,Budget Parents,Tier-1 Cities,0,,0.0
user_197,Impulse Buyers,International,0,,0.0
user_198,Gen-Z Trend Seekers,Tier-1 Cities,0,,0.0
user_199,Gen-Z Trend Seekers,Tier-2 Cities,0,,0.0
user_200,Unknown,Tier-3 Cities,0,,0.0
user_201,Budget Parents,Tier-2 Cities,0,,0.0
user_202,Premium Fitness Users,International,0,,0.0
user_203,Gen-Z Trend Seekers,International,0,,0.0
user_204,Premium Fitness Users,Tier-1 Cities,1,2023-10-01 01:22:42,5912.57
user_205,Budget Parents,Tier-1 Cities,0,,0.0
user_206,Gen-Z Trend Seekers,International,1,2023-09-01 20:27:24,2227.58
user_207,Unknown,Tier-3 Cities,0,,0.0
user_208,Impulse Buyers,International,0,,0.0
user_209,Impulse Buyers,Tier-3 Cities,0,,0.0
user_210,Gen-Z Trend Seekers,Tier-3 Cities,0,,0.0
user_211,Budget Parents,Tier-1 Cities,0,,0.0
user_212,Impulse Buyers,Tier-1 Cities,0,,0.0
user_213,Premium Fitness Users,International,0,,0.0
user_214,Premium Fitness Users,Tier-3 Cities,0,,0.0
user_215,Impulse Buyers,Tier-3 Cities,0,,0.0
user_216,Premium Fitness Users,Tier-1 Cities,0,,0.0
user_217,Budget Parents,Tier-2 Cities,0,,0.0
user_218,Gen-Z Trend Seekers,Tier-2 Cities,0,,0.0
user_219,Gen-Z Trend Seekers,Tier-2 Cities,0,,0.0
user_220,Premium Fitness Users,Tier-3 Cities,0,,0.0
user_221,Budget Parents,Tier-1 Cities,0,,0.0
user_222,Gen-Z Trend Seekers,Tier-1 Cities,0,,0.0
user_223,Premium Fitness Users,Tier-3 Cities,0,,0.0
user_224,Unknown,International,0,,0.0
user_225,Budget Parents,Tier-1 Cities,0,,0.0
user_226,Gen-Z Trend Seekers,International,0,,0.0
user_227,Impulse Buyers,Tier-3 Cities,0,,0.0
user_228,Unknown,Tier-2 Cities,0,,0.0
user_229,Impulse Buyers,International,0,,0.0
user_230,Budget Parents,Tier-2 Cities,0,,0.0
user_231,Unknown,Tier-2 Cities,0,,0.0
user_232,Budget Parents,Tier-3 Cities,0,,0.0
user_233,Premium Fitness Users,Tier-3 Cities,1,2023-06-05 02:26:24,6516.51
user_234,Budget Parents,Tier-2 Cities,0,,0.0
user_235,Budget Parents,International,0,,0.0
user_236,Budget Parents,Tier-2 Cities,0,,0.0
user_237,Impulse Buyers,Tier-2 Cities,0,,0.0
user_238,Impulse Buyers,International,1,2023-07-30 20:24:26,1176.78
user_239,Impulse Buyers,Tier-3 Cities,1,2023-05-06 16:06:15,2136.24
user_240,Premium Fitness Users,Tier-3 Cities,0,,0.0
user_241,Unknown,International,0,,0.0
user_242,Budget Parents,International,0,,0.0
user_243,Unknown,International,0,,0.0
user_244,Gen-Z Trend Seekers,Tier-3 Cities,0,,0.0
user_245,Budget Parents,International,0,,0.0
user_246,Impulse Buyers,International,0,,0.0
user_247,Gen-Z Trend Seekers,Tier-2 Cities,0,,0.0
user_248,Gen-Z Trend Seekers,Tier-1 Cities,0,,0.0
user_249,Gen-Z Trend Seekers,Tier-2 Cities,0,,0.0
user_250,Impulse Buyers,Tier-3 Cities,1,2023-02-23 10:08:51,2652.59
user_251,Unknown,Tier-1 Cities,0,,0.0
user_252,Premium Fitness Users,Tier-2 Cities,0,,0.0
user_253,Budget Parents,Tier-2 Cities,0,,0.0
user_254,Impulse Buyers,International,0,,0.0
user_255,Budget Parents,Tier-2 Cities,1,2023-04-14 21:49:08,2354.41
user_256,Gen-Z Trend Seekers,International,0,,0.0
user_257,Impulse Buyers,International,0,,0.0
user_258,Unknown,Tier-3 Cities,0,,0.0
user_259,Budget Parents,Tier-1 Cities,0,,0.0
user_260,Budget Parents,Tier-3 Cities,0,,0.0
user_261,Gen-Z Trend Seekers,International,0,,0.0
user_262,Gen-Z Trend Seekers,Tier-2 Cities,0,,0.0
user_263,Premium Fitness Users,Tier-3 Cities,0,,0.0
user_264,Impulse Buyers,Tier-2 Cities,1,2023-07-13 03:16:03,2414.06
user_265,Budget Parents,Tier-3 Cities,0,,0.0
user_266,Gen-Z Trend Seekers,International,0,,0.0
user_267,Impulse Buyers,Tier-2 Cities,1,2023-02-25 13:52:07,889.42
user_268,Budget Parents,Tier-1 Cities,0,,0.0
user_269,Impulse Buyers,International,1,2023-04-07 14:12:03,2268.08
user_270,Premium Fitness Users,Tier-1 Cities,0,,0.0
user_271,Premium Fitness Users,International,0,,0.0
user_272,Budget Parents,International,1,2023-07-27 01:12:53,3279.69
user_273,Budget Parents,Tier-2 Cities,0,,0.0
user_274,Gen-Z Trend Seekers,Tier-3 Cities,0,,0.0
user_275,Budget Parents,International,1,2023-07-01 10:06:08,5055.78
user_276,Gen-Z Trend Seekers,Tier-2 Cities,0,,0.0
user_277,Gen-Z Trend Seekers,Tier-3 Cities,0,,0.0
user_278,Gen-Z Trend Seekers,Tier-2 Cities,0,,0.0
user_279,Budget Parents,Tier-1 Cities,0,,0.0
user_280,Impulse Buyers,International,0,,0.0
user_281,Impulse Buyers,International,0,,0.0
user_282,Unknown,Tier-1 Cities,0,,0.0
user_283,Premium Fitness Users,International,0,,0.0
user_284,Budget Parents,International,0,,0.0
user_285,Premium Fitness Users,International,0,,0.0
user_286,Premium Fitness Users,Tier-3 Cities,0,,0.0
user_287,Gen-Z Trend Seekers,International,0,,0.0
user_288,Impulse Buyers,Tier-3 Cities,0,,0.0
user_289,Budget Parents,International,0,,0.0
user_290,Gen-Z Trend Seekers,Tier-3 Cities,0,,0.0
user_291,Premium Fitness Users,International,0,,0.0
user_292,Impulse Buyers,Tier-2 Cities,0,,0.0
user_293,Budget Parents,Tier-3 Cities,0,,0.0
user_294,Budget Parents,Tier-1 Cities,0,,0.0
user_295,Impulse Buyers,International,0,,0.0
user_296,Gen-Z Trend Seekers,Tier-1 Cities,0,,0.0
user_297,Gen-Z Trend Seekers,International,0,,0.0
user_298,Budget Parents,Tier-1 Cities,1,2023-03-27 20:17:53,4536.89
user_299,Impulse Buyers,Tier-3 Cities,0,,0.0
user_300,Premium Fitness Users,International,0,,0.0
user_301,Impulse Buyers,International,0,,0.0
user_302,Budget Parents,Tier-2 Cities,0,,0.0
user_303,Impulse Buyers,Tier-1 Cities,1,2023-03-17 17:56:06,3041.46
user_304,Premium Fitness Users,Tier-3 Cities,0,,0.0
user_305,Premium Fitness Users,International,0,,0.0
user_306,Impulse Buyers,Tier-1 Cities,0,,0.0
user_307,Impulse Buyers,Tier-2 Cities,0,,0.0
user_308,Premium Fitness Users,Tier-1 Cities,0,,0.0
user_309,Gen-Z Trend Seekers,International,0,,0.0
user_310,Gen-Z Trend Seekers,Tier-2 Cities,1,2023-06-19 00:49:05,2400.65
user_311,Budget Parents,International,0,,0.0
user_312,Gen-Z Trend Seekers,Tier-3 Cities,0,,0.0
user_313,Gen-Z Trend Seekers,Tier-2 Cities,0,,0.0
user_314,Gen-Z Trend Seekers,Tier-2 Cities,0,,0.0
user_315,Budget Parents,Tier-2 Cities,0,,0.0
user_316,Gen-Z Trend Seekers,International,0,,0.0
user_317,Unknown,Tier-2 Cities,0,,0.0
user_318,Gen-Z Trend Seekers,International,0,,0.0
user_319,Unknown,Tier-3 Cities,0,,0.0
user_320,Unknown,International,0,,0.0
user_321,Premium Fitness Users,Tier-1 Cities,1,2023-02-13 00:35:20,7532.95
user_322,Budget Parents,Tier-1 Cities,0,,0.0
user_323,Impulse Buyers,International,0,,0.0
user_324,Gen-Z Trend Seekers,Tier-2 Cities,0,,0.0
user_325,Premium Fitness Users,Tier-2 Cities,1,2023-05-16 11:06:33,7269.53
user_326,Gen-Z Trend Seekers,Tier-1 Cities,0,,0.0
user_327,Impulse Buyers,Tier-2 Cities,0,,0.0
user_328,Budget Parents,International,0,,0.0
user_329,Gen-Z Trend Seekers,International,1,2023-06-18 23:01:27,1473.88
user_330,Premium Fitness Users,Tier-2 Cities,0,,0.0
user_331,Gen-Z Trend Seekers,International,1,2023-01-31 15:49:02,1592.2
user_332,Impulse Buyers,International,1,2023-04-09 14:36:08,3788.22
user_333,Unknown,International,0,,0.0
user_334,Gen-Z Trend Seekers,Tier-3 Cities,0,,0.0
user_335,Premium Fitness Users,Tier-1 Cities,0,,0.0
user_336,Gen-Z Trend Seekers,Tier-3 Cities,0,,0.0
user_337,Budget Parents,Tier-1 Cities,0,,0.0
user_338,Budget Parents,Tier-3 Cities,0,,0.0
user_339,Unknown,Tier-3 Cities,0,,0.0
user_340,Gen-Z Trend Seekers,Tier-2 Cities,0,,0.0
user_341,Budget Parents,Tier-3 Cities,0,,0.0
user_342,Impulse Buyers,Tier-1 Cities,0,,0.0
user_343,Budget Parents,Tier-1 Cities,1,2023-07-26 04:13:50,1950.25
user_344,Unknown,Tier-3 Cities,0,,0.0
user_345,Budget Parents,International,0,,0.0
user_346,Gen-Z Trend Seekers,Tier-2 Cities,0,,0.0
user_347,Gen-Z Trend Seekers,Tier-3 Cities,0,,0.0
user_348,Impulse Buyers,Tier-2 Cities,0,,0.0
user_349,Unknown,Tier-3 Cities,0,,0.0
user_350,Budget Parents,Tier-2 Cities,0,,0.0
user_351,Budget Parents,International,0,,0.0
user_352,Impulse Buyers,International,0,,0.0
user_353,Premium Fitness Users,International,0,,0.0
user_354,Budget Parents,Tier-2 Cities,0,,0.0
user_355,Impulse Buyers,Tier-3 Cities,0,,0.0
user_356,Gen-Z Trend Seekers,International,0,,0.0
user_357,Impulse Buyers,Tier-1 Cities,0,,0.0
user_358,Budget Parents,International,0,,0.0
user_359,Unknown,International,0,,0.0
user_360,Gen-Z Trend Seekers,Tier-2 Cities,0,,0.0
user_361,Premium Fitness Users,Tier-1 Cities,0,,0.0
user_362,Gen-Z Trend Seekers,Tier-2 Cities,0,,0.0
user_363,Gen-Z Trend Seekers,Tier-2 Cities,0,,0.0
user_364,Budget Parents,Tier-2 Cities,0,,0.0
user_365,Impulse Buyers,Tier-2 Cities,0,,0.0
user_366,Gen-Z Trend Seekers,Tier-1 Cities,0,,0.0
user_367,Impulse Buyers,Tier-1 Cities,0,,0.0
user_368,Gen-Z Trend Seekers,Tier-1 Cities,0,,0.0
user_369,Gen-Z Trend Seekers,Tier-1 Cities,0,,0.0
user_370,Premium Fitness Users,Tier-1 Cities,1,2023-02-05 13:49:01,3631.83
user_371,Gen-Z Trend Seekers,Tier-1 Cities,0,,0.0
user_372,Budget Parents,Tier-2 Cities,0,,0.0
user_373,Impulse Buyers,Tier-1 Cities,0,,0.0
user_374,Budget Parents,International,0,,0.0
user_375,Premium Fitness Users,Tier-3 Cities,0,,0.0
user_376,Impulse Buyers,Tier-2 Cities,0,,0.0
user_377,Impulse Buyers,Tier-2 Cities,0,,0.0
user_378,Impulse Buyers,Tier-1 Cities,0,,0.0
user_379,Gen-Z Trend Seekers,International,1,2023-10-15 15:31:57,5507.05
user_380,Gen-Z Trend Seekers,International,0,,0.0
user_381,Impulse Buyers,Tier-1 Cities,0,,0.0
user_382,Impulse Buyers,Tier-2 Cities,0,,0.0
user_383,Budget Parents,Tier-1 Cities,0,,0.0
user_384,Impulse Buyers,Tier-1 Cities,0,,0.0
user_385,Impulse Buyers,Tier-2 Cities,0,,0.0
user_386,Budget Parents,International,0,,0.0
user_387,Unknown,Tier-3 Cities,0,,0.0
user_388,Budget Parents,Tier-3 Cities,0,,0.0
user_389,Budget Parents,International,0,,0.0
user_390,Premium Fitness Users,Tier-1 Cities,0,,0.0
user_391,Premium Fitness Users,Tier-3 Cities,0,,0.0
user_392,Budget Parents,International,0,,0.0
user_393,Budget Parents,Tier-2 Cities,0,,0.0
user_394,Gen-Z Trend Seekers,International,0,,0.0
user_395,Gen-Z Trend Seekers,Tier-2 Cities,0,,0.0
user_396,Premium Fitness Users,International,0,,0.0
user_397,Budget Parents,International,0,,0.0
user_398,Budget Parents,International,0,,0.0
user_399,Budget Parents,Tier-2 Cities,0,,0.0
user_400,Unknown,Tier-1 Cities,0,,0.0
user_401,Premium Fitness Users,Tier-2 Cities,0,,0.0
user_402,Impulse Buyers,Tier-2 Cities,0,,0.0
user_403,Premium Fitness Users,International,0,,0.0
user_404,Gen-Z Trend Seekers,Tier-1 Cities,0,,0.0
user_405,Impulse Buyers,Tier-1 Cities,0,,0.0
user_406,Unknown,Tier-2 Cities,0,,0.0
user_407,Gen-Z Trend Seekers,Tier-2 Cities,0,,0.0
user_408,Gen-Z Trend Seekers,International,0,,0.0
user_409,Unknown,Tier-1 Cities,0,,0.0
user_410,Unknown,International,0,,0.0
user_411,Premium Fitness Users,Tier-1 Cities,0,,0.0
user_412,Premium Fitness Users,Tier-3 Cities,0,,0.0
user_413,Gen-Z Trend Seekers,Tier-1 Cities,0,,0.0
user_414,Premium Fitness Users,Tier-1 Cities,0,,0.0
user_415,Impulse Buyers,Tier-1 Cities,0,,0.0
user_416,Premium Fitness Users,Tier-2 Cities,0,,0.0
user_417,Budget Parents,Tier-2 Cities,0,,0.0
user_418,Budget Parents,Tier-1 Cities,0,,0.0
user_419,Premium Fitness Users,Tier-3 Cities,1,2023-07-02 16:36:46,7375.8
user_420,Unknown,Tier-3 Cities,0,,0.0
user_421,Premium Fitness Users,Tier-3 Cities,0,,0.0
user_422,Unknown,International,0,,0.0
user_423,Unknown,Tier-3 Cities,0,,0.0
user_424,Budget Parents,International,0,,0.0
user_425,Premium Fitness Users,International,0,,0.0
user_426,Impulse Buyers,Tier-1 Cities,0,,0.0
user_427,Budget Parents,Tier-2 Cities,0,,0.0
user_428,Premium Fitness Users,International,0,,0.0
user_429,Gen-Z Trend Seekers,Tier-3 Cities,0,,0.0
user_430,Budget Parents,Tier-1 Cities,0,,0.0
user_431,Impulse Buyers,Tier-3 Cities,0,,0.0
user_432,Impulse Buyers,Tier-1 Cities,0,,0.0
user_433,Impulse Buyers,Tier-1 Cities,0,,0.0
user_434,Unknown,Tier-3 Cities,0,,0.0
user_435,Premium Fitness Users,Tier-3 Cities,0,,0.0
user_436,Impulse Buyers,Tier-2 Cities,0,,0.0
user_437,Premium Fitness Users,Tier-1 Cities,0,,0.0
user_438,Impulse Buyers,International,0,,0.0
user_439,Impulse Buyers,Tier-1 Cities,0,,0.0
user_440,Gen-Z Trend Seekers,Tier-1 Cities,0,,0.0
user_441,Unknown,Tier-2 Cities,0,,0.0
user_442,Premium Fitness Users,Tier-3 Cities,0,,0.0
user_443,Gen-Z Trend Seekers,Tier-3 Cities,0,,0.0
user_444,Unknown,Tier-3 Cities,0,,0.0
user_445,Gen-Z Trend Seekers,International,0,,0.0
user_446,Impulse Buyers,Tier-3 Cities,1,2024-01-06 13:10:10,1022.03
user_447,Premium Fitness Users,Tier-2 Cities,0,,0.0
user_448,Gen-Z Trend Seekers,Tier-2 Cities,0,,0.0
user_449,Impulse Buyers,Tier-2 Cities,0,,0.0
user_450,Gen-Z Trend Seekers,International,0,,0.0
user_451,Impulse Buyers,Tier-2 Cities,0,,0.0
user_452,Unknown,Tier-3 Cities,0,,0.0
user_453,Premium Fitness Users,Tier-3 Cities,0,,0.0
user_454,Impulse Buyers,Tier-1 Cities,0,,0.0
user_455,Budget Parents,Tier-2 Cities,0,,0.0
user_456,Gen-Z Trend Seekers,Tier-3 Cities,0,,0.0
user_457,Budget Parents,Tier-1 Cities,0,,0.0
user_458,Premium Fitness Users,Tier-1 Cities,0,,0.0
user_459,Premium Fitness Users,Tier-1 Cities,0,,0.0
user_460,Impulse Buyers,Tier-1 Cities,0,,0.0
user_461,Gen-Z Trend Seekers,Tier-1 Cities,0,,0.0
user_462,Premium Fitness Users,International,0,,0.0
user_463,Premium Fitness Users,Tier-2 Cities,0,,0.0
user_464,Premium Fitness Users,Tier-3 Cities,0,,0.0
user_465,Premium Fitness Users,Tier-3 Cities,1,2023-10-13 16:32:22,6597.32
user_466,Budget Parents,International,0,,0.0
user_467,Budget Parents,Tier-3 Cities,0,,0.0
user_468,Premium Fitness Users,International,0,,0.0
user_469,Premium Fitness Users,International,0,,0.0
user_470,Unknown,Tier-2 Cities,0,,0.0
user_471,Budget Parents,Tier-2 Cities,0,,0.0
user_472,Unknown,Tier-1 Cities,0,,0.0
user_473,Impulse Buyers,Tier-2 Cities,0,,0.0
user_474,Unknown,Tier-2 Cities,0,,0.0
user_475,Unknown,Tier-1 Cities,0,,0.0
user_476,Premium Fitness Users,Tier-2 Cities,0,,0.0
user_477,Budget Parents,Tier-3 Cities,1,2023-04-07 04:52:47,5022.75
user_478,Impulse Buyers,Tier-3 Cities,0,,0.0
user_479,Impulse Buyers,Tier-1 Cities,0,,0.0
user_480,Budget Parents,Tier-1 Cities,0,,0.0
user_481,Budget Parents,Tier-1 Cities,0,,0.0
user_482,Gen-Z Trend Seekers,Tier-2 Cities,1,2023-02-13 21:05:48,2090.45
user_483,Gen-Z Trend Seekers,International,0,,0.0
user_484,Gen-Z Trend Seekers,International,0,,0.0
user_485,Budget Parents,Tier-1 Cities,0,,0.0
user_486,Gen-Z Trend Seekers,Tier-1 Cities,0,,0.0
user_487,Impulse Buyers,Tier-3 Cities,0,,0.0
user_488,Unknown,Tier-2 Cities,0,,0.0
user_489,Gen-Z Trend Seekers,Tier-3 Cities,0,,0.0
user_490,Premium Fitness Users,International,0,,0.0
user_491,Budget Parents,Tier-1 Cities,0,,0.0
user_492,Impulse Buyers,Tier-1 Cities,0,,0.0
user_493,Impulse Buyers,Tier-2 Cities,0,,0.0
user_494,Budget Parents,International,0,,0.0
user_495,Budget Parents,International,0,,0.0
user_496,Budget Parents,Tier-1 Cities,1,2023-06-05 09:31:47,5845.07
user_497,Gen-Z Trend Seekers,International,1,2023-05-29 03:44:21,1631.87
user_498,Gen-Z Trend Seekers,Tier-2 Cities,0,,0.0
user_499,Gen-Z Trend Seekers,Tier-1 Cities,0,,0.0
user_500,Gen-Z Trend Seekers,Tier-2 Cities,0,,0.0
user_501,Budget Parents,Tier-1 Cities,0,,0.0
user_502,Gen-Z Trend Seekers,International,0,,0.0
user_503,Budget Parents,Tier-3 Cities,0,,0.0
user_504,Budget Parents,Tier-3 Cities,0,,0.0
user_505,Budget Parents,International,0,,0.0
user_506,Gen-Z Trend Seekers,International,0,,0.0
user_507,Budget Parents,Tier-1 Cities,0,,0.0
user_508,Unknown,Tier-2 Cities,0,,0.0
user_509,Impulse Buyers,Tier-3 Cities,0,,0.0
user_510,Gen-Z Trend Seekers,Tier-3 Cities,0,,0.0
user_511,Budget Parents,International,0,,0.0
user_512,Premium Fitness Users,International,1,2023-06-30 15:52:30,2826.85
user_513,Impulse Buyers,Tier-3 Cities,0,,0.0
user_514,Unknown,International,0,,0.0
user_515,Premium Fitness Users,Tier-2 Cities,0,,0.0
user_516,Impulse Buyers,International,0,,0.0
user_517,Impulse Buyers,International,0,,0.0
user_518,Premium Fitness Users,Tier-3 Cities,0,,0.0
user_519,Impulse Buyers,Tier-3 Cities,0,,0.0
user_520,Unknown,International,0,,0.0
user_521,Budget Parents,International,0,,0.0
user_522,Budget Parents,Tier-1 Cities,0,,0.0
user_523,Premium Fitness Users,Tier-1 Cities,0,,0.0
user_524,Impulse Buyers,Tier-1 Cities,0,,0.0
user_525,Unknown,Tier-2 Cities,0,,0.0
user_526,Premium Fitness Users,Tier-2 Cities,0,,0.0
user_527,Budget Parents,International,0,,0.0
user_528,Budget Parents,Tier-1 Cities,0,,0.0
user_529,Gen-Z Trend Seekers,Tier-1 Cities,0,,0.0
user_530,Budget Parents,Tier-1 Cities,0,,0.0
user_531,Gen-Z Trend Seekers,Tier-3 Cities,0,,0.0
user_532,Gen-Z Trend Seekers,Tier-1 Cities,0,,0.0
user_533,Premium Fitness Users,Tier-2 Cities,0,,0.0
user_534,Unknown,Tier-3 Cities,0,,0.0
user_535,Gen-Z Trend Seekers,Tier-1 Cities,0,,0.0
user_536,Unknown,Tier-3 Cities,0,,0.0
user_537,Budget Parents,Tier-2 Cities,0,,0.0
user_538,Gen-Z Trend Seekers,Tier-2 Cities,0,,0.0
user_539,Impulse Buyers,Tier-1 Cities,0,,0.0
user_540,Gen-Z Trend Seekers,Tier-2 Cities,0,,0.0
user_541,Premium Fitness Users,Tier-2 Cities,0,,0.0
user_542,Budget Parents,Tier-1 Cities,0,,0.0
user_543,Impulse Buyers,Tier-2 Cities,0,,0.0
user_544,Gen-Z Trend Seekers,Tier-2 Cities,0,,0.0
user_545,Impulse Buyers,Tier-1 Cities,0,,0.0
user_546,Unknown,International,0,,0.0
user_547,Premium Fitness Users,Tier-2 Cities,0,,0.0
user_548,Premium Fitness Users,Tier-1 Cities,0,,0.0
user_549,Gen-Z Trend Seekers,Tier-3 Cities,0,,0.0
user_550,Impulse Buyers,International,0,,0.0
user_551,Impulse Buyers,Tier-2 Cities,0,,0.0
user_552,Impulse Buyers,Tier-1 Cities,1,2023-03-18 22:42:44,3449.64
user_553,Impulse Buyers,Tier-3 Cities,0,,0.0
user_554,Budget Parents,Tier-3 Cities,1,2023-06-29 08:31:48,6352.45
user_555,Premium Fitness Users,Tier-1 Cities,0,,0.0
user_556,Gen-Z Trend Seekers,Tier-2 Cities,1,2023-12-09 03:22:12,1760.56
user_557,Budget Parents,International,0,,0.0
user_558,Premium Fitness Users,Tier-1 Cities,1,2023-02-13 21:37:38,4705.11
user_559,Gen-Z Trend Seekers,Tier-3 Cities,0,,0.0
user_560,Impulse Buyers,Tier-1 Cities,0,,0.0
user_561,Gen-Z Trend Seekers,International,0,,0.0
user_562,Gen-Z Trend Seekers,Tier-3 Cities,1,2023-10-13 17:41:09,2611.28
user_563,Impulse Buyers,Tier-1 Cities,0,,0.0
user_564,Budget Parents,International,0,,0.0
user_565,Gen-Z Trend Seekers,Tier-1 Cities,0,,0.0
user_566,Gen-Z Trend Seekers,International,0,,0.0
user_567,Budget Parents,Tier-1 Cities,0,,0.0
user_568,Impulse Buyers,Tier-2 Cities,1,2023-05-26 01:51:03,1377.44
user_569,Budget Parents,Tier-3 Cities,0,,0.0
user_570,Premium Fitness Users,International,0,,0.0
user_571,Impulse Buyers,International,0,,0.0
user_572,Budget Parents,Tier-3 Cities,0,,0.0
user_573,Budget Parents,International,0,,0.0
user_574,Impulse Buyers,Tier-1 Cities,0,,0.0
user_575,Impulse Buyers,Tier-3 Cities,0,,0.0
user_576,Impulse Buyers,Tier-3 Cities,0,,0.0
user_577,Gen-Z Trend Seekers,International,0,,0.0
user_578,Impulse Buyers,Tier-1 Cities,1,2023-08-06 16:49:28,3465.68
user_579,Premium Fitness Users,Tier-3 Cities,0,,0.0
user_580,Impulse Buyers,Tier-2 Cities,0,,0.0
user_581,Impulse Buyers,Tier-2 Cities,0,,0.0
user_582,Impulse Buyers,Tier-2 Cities,0,,0.0
user_583,Impulse Buyers,Tier-1 Cities,0,,0.0
user_584,Premium Fitness Users,Tier-2 Cities,0,,0.0
user_585,Premium Fitness Users,Tier-2 Cities,0,,0.0
user_586,Premium Fitness Users,Tier-2 Cities,0,,0.0
user_587,Premium Fitness Users,Tier-1 Cities,0,,0.0
user_588,Unknown,Tier-2 Cities,0,,0.0
user_589,Gen-Z Trend Seekers,Tier-1 Cities,0,,0.0
user_590,Unknown,Tier-1 Cities,0,,0.0
user_591,Gen-Z Trend Seekers,Tier-1 Cities,0,,0.0
user_592,Gen-Z Trend Seekers,Tier-3 Cities,0,,0.0
user_593,Gen-Z Trend Seekers,Tier-1 Cities,0,,0.0
user_594,Impulse Buyers,Tier-1 Cities,1,2023-04-02 19:59:06,1629.94
user_595,Impulse Buyers,Tier-1 Cities,0,,0.0
user_596,Premium Fitness Users,Tier-2 Cities,1,2023-06-25 13:07:37,3799.88
user_597,Budget Parents,Tier-3 Cities,0,,0.0
user_598,Gen-Z Trend Seekers,Tier-3 Cities,0,,0.0
user_599,Budget Parents,International,1,2023-09-11 18:54:30,6114.94
user_600,Gen-Z Trend Seekers,Tier-1 Cities,0,,0.0
user_601,Unknown,Tier-3 Cities,0,,0.0
user_602,Budget Parents,International,0,,0.0
user_603,Gen-Z Trend Seekers,Tier-3 Cities,0,,0.0
user_604,Gen-Z Trend Seekers,Tier-1 Cities,0,,0.0
user_605,Impulse Buyers,International,0,,0.0
user_606,Unknown,Tier-1 Cities,0,,0.0
user_607,Impulse Buyers,International,0,,0.0
user_608,Budget Parents,Tier-3 Cities,0,,0.0
user_609,Unknown,International,0,,0.0
user_610,Premium Fitness Users,Tier-2 Cities,1,2023-02-13 17:40:24,11979.88
user_611,Budget Parents,Tier-2 Cities,0,,0.0
user_612,Gen-Z Trend Seekers,Tier-3 Cities,0,,0.0
user_613,Budget Parents,Tier-1 Cities,0,,0.0
user_614,Premium Fitness Users,Tier-1 Cities,0,,0.0
user_615,Budget Parents,Tier-1 Cities,0,,0.0
user_616,Gen-Z Trend Seekers,Tier-3 Cities,1,2023-03-06 00:32:43,5336.87
user_617,Premium Fitness Users,International,0,,0.0
user_618,Gen-Z Trend Seekers,Tier-1 Cities,0,,0.0
user_619,Impulse Buyers,Tier-2 Cities,0,,0.0
user_620,Gen-Z Trend Seekers,Tier-1 Cities,0,,0.0
user_621,Impulse Buyers,Tier-3 Cities,1,2023-09-18 03:58:54,3146.67
user_622,Budget Parents,Tier-1 Cities,0,,0.0
user_623,Impulse Buyers,Tier-3 Cities,0,,0.0
user_624,Impulse Buyers,Tier-3 Cities,0,,0.0
user_625,Budget Parents,Tier-1 Cities,0,,0.0
user_626,Unknown,International,0,,0.0
user_627,Impulse Buyers,Tier-1 Cities,0,,0.0
user_628,Impulse Buyers,Tier-1 Cities,1,2023-11-18 23:39:54,3275.03
user_629,Gen-Z Trend Seekers,Tier-1 Cities,0,,0.0
user_630,Premium Fitness Users,Tier-2 Cities,0,,0.0
user_631,Budget Parents,Tier-2 Cities,0,,0.0
user_632,Impulse Buyers,Tier-3 Cities,0,,0.0
user_633,Premium Fitness Users,Tier-2 Cities,0,,0.0
user_634,Unknown,Tier-3 Cities,0,,0.0
user_635,Gen-Z Trend Seekers,Tier-1 Cities,0,,0.0
user_636,Budget Parents,Tier-3 Cities,0,,0.0
user_637,Premium Fitness Users,Tier-2 Cities,1,2023-03-02 06:39:47,6575.57
user_638,Premium Fitness Users,International,0,,0.0
user_639,Gen-Z Trend Seekers,Tier-1 Cities,0,,0.0
user_640,Gen-Z Trend Seekers,Tier-2 Cities,1,2023-05-12 11:06:51,3867.77
user_641,Budget Parents,International,0,,0.0
user_642,Budget Parents,International,1,2023-08-19 04:48:09,6551.12
user_643,Premium Fitness Users,Tier-2 Cities,1,2023-01-19 00:02:06,11307.25
user_644,Premium Fitness Users,International,0,,0.0
user_645,Unknown,Tier-2 Cities,0,,0.0
user_646,Budget Parents,International,0,,0.0
user_647,Budget Parents,Tier-1 Cities,0,,0.0
user_648,Premium Fitness Users,International,0,,0.0
user_649,Premium Fitness Users,Tier-2 Cities,0,,0.0
user_650,Impulse Buyers,Tier-2 Cities,0,,0.0
user_651,Unknown,International,0,,0.0
user_652,Impulse Buyers,Tier-3 Cities,0,,0.0
user_653,Unknown,Tier-3 Cities,0,,0.0
user_654,Premium Fitness Users,International,1,2023-10-31 13:34:29,4059.71
user_655,Budget Parents,Tier-1 Cities,0,,0.0
user_656,Premium Fitness Users,Tier-1 Cities,1,2023-05-11 17:58:53,3647.4
user_657,Gen-Z Trend Seekers,Tier-1 Cities,0,,0.0
user_658,Premium Fitness Users,International,0,,0.0
user_659,Unknown,Tier-1 Cities,0,,0.0
user_660,Premium Fitness Users,Tier-3 Cities,0,,0.0
user_661,Gen-Z Trend Seekers,Tier-3 Cities,0,,0.0
user_662,Premium Fitness Users,Tier-3 Cities,0,,0.0
user_663,Impulse Buyers,Tier-2 Cities,0,,0.0
user_664,Premium Fitness Users,Tier-1 Cities,0,,0.0
user_665,Gen-Z Trend Seekers,Tier-3 Cities,1,2023-06-07 23:43:14,5398.28
user_666,Gen-Z Trend Seekers,Tier-1 Cities,0,,0.0
user_667,Premium Fitness Users,Tier-3 Cities,0,,0.0
user_668,Gen-Z Trend Seekers,Tier-2 Cities,0,,0.0
user_669,Gen-Z Trend Seekers,Tier-1 Cities,0,,0.0
user_670,Gen-Z Trend Seekers,Tier-3 Cities,0,,0.0
user_671,Gen-Z Trend Seekers,Tier-2 Cities,0,,0.0
user_672,Unknown,Tier-1 Cities,0,,0.0
user_673,Impulse Buyers,Tier-1 Cities,0,,0.0
user_674,Premium Fitness Users,Tier-3 Cities,0,,0.0
user_675,Impulse Buyers,Tier-1 Cities,1,2023-05-09 17:33:38,1954.29
user_676,Gen-Z Trend Seekers,Tier-3 Cities,0,,0.0
user_677,Impulse Buyers,International,0,,0.0
user_678,Budget Parents,International,0,,0.0
user_679,Budget Parents,International,0,,0.0
user_680,Gen-Z Trend Seekers,Tier-2 Cities,0,,0.0
user_681,Premium Fitness Users,Tier-2 Cities,0,,0.0
user_682,Premium Fitness Users,Tier-1 Cities,0,,0.0
user_683,Impulse Buyers,Tier-2 Cities,0,,0.0
user_684,Budget Parents,Tier-3 Cities,0,,0.0
user_685,Unknown,Tier-1 Cities,0,,0.0
user_686,Budget Parents,Tier-2 Cities,0,,0.0
user_687,Impulse Buyers,Tier-1 Cities,0,,0.0
user_688,Budget Parents,Tier-1 Cities,0,,0.0
user_689,Premium Fitness Users,International,0,,0.0
user_690,Gen-Z Trend Seekers,Tier-2 Cities,0,,0.0
user_691,Gen-Z Trend Seekers,Tier-3 Cities,0,,0.0
user_692,Impulse Buyers,Tier-3 Cities,0,,0.0
user_693,Premium Fitness Users,Tier-3 Cities,0,,0.0
user_694,Budget Parents,Tier-2 Cities,0,,0.0
user_695,Impulse Buyers,Tier-2 Cities,0,,0.0
user_696,Gen-Z Trend Seekers,Tier-3 Cities,0,,0.0
user_697,Impulse Buyers,Tier-1 Cities,1,2023-03-09 18:50:12,1727.61
user_698,Gen-Z Trend Seekers,Tier-1 Cities,0,,0.0
user_699,Gen-Z Trend Seekers,Tier-2 Cities,0,,0.0
user_700,Budget Parents,Tier-3 Cities,0,,0.0
user_701,Gen-Z Trend Seekers,Tier-3 Cities,0,,0.0
user_702,Premium Fitness Users,Tier-3 Cities,0,,0.0
user_703,Budget Parents,Tier-3 Cities,0,,0.0
user_704,Premium Fitness Users,Tier-2 Cities,0,,0.0
user_705,Gen-Z Trend Seekers,Tier-3 Cities,0,,0.0
user_706,Budget Parents,Tier-3 Cities,0,,0.0
user_707,Gen-Z Trend Seekers,International,0,,0.0
user_708,Budget Parents,Tier-2 Cities,0,,0.0
user_709,Budget Parents,Tier-1 Cities,0,,0.0
user_710,Unknown,Tier-1 Cities,0,,0.0
user_711,Unknown,Tier-2 Cities,0,,0.0
user_712,Premium Fitness Users,Tier-2 Cities,1,2023-12-07 09:09:59,5630.81
user_713,Impulse Buyers,Tier-1 Cities,1,2023-10-31 17:12:25,3008.27
user_714,Impulse Buyers,Tier-3 Cities,0,,0.0
user_715,Unknown,International,0,,0.0
user_716,Impulse Buyers,Tier-3 Cities,0,,0.0
user_717,Budget Parents,Tier-3 Cities,0,,0.0
user_718,Gen-Z Trend Seekers,Tier-1 Cities,0,,0.0
user_719,Premium Fitness Users,Tier-1 Cities,0,,0.0
user_720,Impulse Buyers,Tier-2 Cities,0,,0.0
user_721,Budget Parents,Tier-2 Cities,0,,0.0
user_722,Unknown,Tier-3 Cities,0,,0.0
user_723,Gen-Z Trend Seekers,International,0,,0.0
user_724,Impulse Buyers,International,0,,0.0
user_725,Impulse Buyers,Tier-3 Cities,0,,0.0
user_726,Premium Fitness Users,Tier-2 Cities,0,,0.0
user_727,Unknown,International,0,,0.0
user_728,Gen-Z Trend Seekers,Tier-2 Cities,0,,0.0
user_729,Gen-Z Trend Seekers,International,0,,0.0
user_730,Budget Parents,International,1,2023-03-28 01:32:56,3761.42
user_731,Premium Fitness Users,Tier-3 Cities,0,,0.0
user_732,Gen-Z Trend Seekers,Tier-2 Cities,0,,0.0
user_733,Premium Fitness Users,Tier-3 Cities,0,,0.0
user_734,Premium Fitness Users,Tier-3 Cities,0,,0.0
user_735,Impulse Buyers,International,0,,0.0
user_736,Budget Parents,Tier-1 Cities,0,,0.0
user_737,Gen-Z Trend Seekers,Tier-3 Cities,0,,0.0
user_738,Gen-Z Trend Seekers,Tier-1 Cities,0,,0.0
user_739,Gen-Z Trend Seekers,International,0,,0.0
user_740,Budget Parents,International,0,,0.0
user_741,Impulse Buyers,Tier-2 Cities,0,,0.0
user_742,Unknown,Tier-2 Cities,0,,0.0
user_743,Budget Parents,Tier-3 Cities,0,,0.0
user_744,Gen-Z Trend Seekers,Tier-1 Cities,0,,0.0
user_745,Unknown,Tier-1 Cities,0,,0.0
user_746,Budget Parents,International,0,,0.0
user_747,Budget Parents,Tier-2 Cities,0,,0.0
user_748,Budget Parents,Tier-1 Cities,0,,0.0
user_749,Gen-Z Trend Seekers,Tier-2 Cities,0,,0.0
user_750,Unknown,Tier-1 Cities,0,,0.0
user_751,Budget Parents,Tier-1 Cities,0,,0.0
user_752,Impulse Buyers,International,1,2023-05-12 16:09:00,3265.37
user_753,Unknown,International,0,,0.0
user_754,Budget Parents,Tier-3 Cities,0,,0.0
user_755,Premium Fitness Users,International,0,,0.0
user_756,Impulse Buyers,International,0,,0.0
user_757,Unknown,Tier-2 Cities,0,,0.0
user_758,Premium Fitness Users,Tier-2 Cities,0,,0.0
user_759,Impulse Buyers,Tier-3 Cities,0,,0.0
user_760,Gen-Z Trend Seekers,Tier-2 Cities,1,2023-06-13 23:24:39,4812.76
user_761,Gen-Z Trend Seekers,Tier-1 Cities,0,,0.0
user_762,Budget Parents,Tier-2 Cities,0,,0.0
user_763,Budget Parents,Tier-3 Cities,0,,0.0
user_764,Gen-Z Trend Seekers,Tier-2 Cities,0,,0.0
user_765,Premium Fitness Users,International,0,,0.0
user_766,Premium Fitness Users,Tier-1 Cities,0,,0.0
user_767,Impulse Buyers,International,0,,0.0
user_768,Gen-Z Trend Seekers,Tier-3 Cities,0,,0.0
user_769,Premium Fitness Users,Tier-3 Cities,1,2023-11-08 20:35:11,7832.84
user_770,Premium Fitness Users,Tier-3 Cities,0,,0.0
user_771,Unknown,Tier-2 Cities,0,,0.0
user_772,Premium Fitness Users,International,0,,0.0
user_773,Budget Parents,Tier-2 Cities,0,,0.0
user_774,Impulse Buyers,Tier-1 Cities,0,,0.0
user_775,Budget Parents,Tier-3 Cities,0,,0.0
user_776,Premium Fitness Users,International,0,,0.0
user_777,Impulse Buyers,Tier-3 Cities,0,,0.0
user_778,Gen-Z Trend Seekers,International,0,,0.0
user_779,Gen-Z Trend Seekers,Tier-2 Cities,0,,0.0
user_780,Premium Fitness Users,Tier-3 Cities,0,,0.0
user_781,Premium Fitness Users,Tier-3 Cities,0,,0.0
user_782,Impulse Buyers,Tier-3 Cities,1,2023-08-24 20:07:17,1458.98
user_783,Impulse Buyers,Tier-1 Cities,0,,0.0
user_784,Budget Parents,Tier-2 Cities,0,,0.0
user_785,Gen-Z Trend Seekers,Tier-1 Cities,0,,0.0
user_786,Premium Fitness Users,Tier-3 Cities,0,,0.0
user_787,Budget Parents,Tier-1 Cities,1,2023-09-20 18:33:24,1826.4
user_788,Budget Parents,Tier-2 Cities,0,,0.0
user_789,Impulse Buyers,Tier-3 Cities,0,,0.0
user_790,Impulse Buyers,Tier-2 Cities,0,,0.0
user_791,Impulse Buyers,Tier-3 Cities,0,,0.0
user_792,Premium Fitness Users,International,0,,0.0
user_793,Impulse Buyers,Tier-3 Cities,0,,0.0
user_794,Impulse Buyers,International,0,,0.0
user_795,Budget Parents,Tier-1 Cities,0,,0.0
user_796,Premium Fitness Users,International,1,2024-01-05 04:08:11,6524.51
user_797,Gen-Z Trend Seekers,Tier-1 Cities,0,,0.0
user_798,Impulse Buyers,Tier-1 Cities,0,,0.0
user_799,Premium Fitness Users,International,0,,0.0
user_800,Premium Fitness Users,Tier-3 Cities,0,,0.0
user_801,Impulse Buyers,Tier-3 Cities,0,,0.0
user_802,Premium Fitness Users,Tier-1 Cities,1,2023-04-13 12:10:10,10117.95
user_803,Unknown,Tier-2 Cities,0,,0.0
user_804,Gen-Z Trend Seekers,Tier-3 Cities,0,,0.0
user_805,Budget Parents,Tier-3 Cities,1,2023-05-29 17:54:21,6853.56
user_806,Premium Fitness Users,Tier-1 Cities,0,,0.0
user_807,Gen-Z Trend Seekers,Tier-1 Cities,0,,0.0
user_808,Premium Fitness Users,International,0,,0.0
user_809,Impulse Buyers,Tier-1 Cities,0,,0.0
user_810,Gen-Z Trend Seekers,International,1,2023-08-10 12:15:50,2284.27
user_811,Premium Fitness Users,International,0,,0.0
user_812,Impulse Buyers,International,0,,0.0
user_813,Budget Parents,Tier-1 Cities,0,,0.0
user_814,Budget Parents,Tier-1 Cities,0,,0.0
user_815,Premium Fitness Users,Tier-2 Cities,0,,0.0
user_816,Budget Parents,International,0,,0.0
user_817,Budget Parents,Tier-3 Cities,0,,0.0
user_818,Impulse Buyers,Tier-2 Cities,0,,0.0
user_819,Budget Parents,Tier-1 Cities,0,,0.0
user_820,Gen-Z Trend Seekers,Tier-3 Cities,0,,0.0
user_821,Unknown,International,0,,0.0
user_822,Unknown,Tier-2 Cities,0,,0.0
user_823,Unknown,International,0,,0.0
user_824,Gen-Z Trend Seekers,Tier-3 Cities,0,,0.0
user_825,Impulse Buyers,Tier-1 Cities,0,,0.0
user_826,Impulse Buyers,Tier-3 Cities,0,,0.0
user_827,Gen-Z Trend Seekers,Tier-3 Cities,0,,0.0
user_828,Unknown,International,0,,0.0
user_829,Premium Fitness Users,International,0,,0.0
user_830,Budget Parents,Tier-1 Cities,0,,0.0
user_831,Gen-Z Trend Seekers,Tier-1 Cities,0,,0.0
user_832,Unknown,Tier-1 Cities,0,,0.0
user_833,Budget Parents,Tier-1 Cities,0,,0.0
user_834,Impulse Buyers,International,0,,0.0
user_835,Gen-Z Trend Seekers,Tier-1 Cities,0,,0.0
user_836,Premium Fitness Users,Tier-2 Cities,0,,0.0
user_837,Impulse Buyers,Tier-2 Cities,1,2023-04-10 14:25:47,3713.22
user_838,Gen-Z Trend Seekers,Tier-3 Cities,0,,0.0
user_839,Budget Parents,Tier-1 Cities,0,,0.0
user_840,Budget Parents,International,0,,0.0
user_841,Unknown,International,0,,0.0
user_842,Gen-Z Trend Seekers,Tier-3 Cities,0,,0.0
user_843,Premium Fitness Users,Tier-3 Cities,0,,0.0
user_844,Budget Parents,Tier-3 Cities,0,,0.0
user_845,Unknown,Tier-2 Cities,0,,0.0
user_846,Gen-Z Trend Seekers,Tier-1 Cities,0,,0.0
user_847,Premium Fitness Users,International,0,,0.0
user_848,Budget Parents,Tier-1 Cities,0,,0.0
user_849,Gen-Z Trend Seekers,Tier-2 Cities,0,,0.0
user_850,Gen-Z Trend Seekers,Tier-1 Cities,0,,0.0
user_851,Gen-Z Trend Seekers,Tier-3 Cities,0,,0.0
user_852,Gen-Z Trend Seekers,Tier-2 Cities,0,,0.0
user_853,Unknown,International,0,,0.0
user_854,Gen-Z Trend Seekers,International,0,,0.0
user_855,Impulse Buyers,International,0,,0.0
user_856,Gen-Z Trend Seekers,Tier-1 Cities,0,,0.0
user_857,Premium Fitness Users,Tier-3 Cities,0,,0.0
user_858,Unknown,Tier-2 Cities,0,,0.0
user_859,Budget Parents,Tier-3 Cities,0,,0.0
user_860,Impulse Buyers,Tier-3 Cities,0,,0.0
user_861,Premium Fitness Users,Tier-1 Cities,0,,0.0
user_862,Impulse Buyers,International,0,,0.0
user_863,Premium Fitness Users,Tier-2 Cities,0,,0.0
user_864,Gen-Z Trend Seekers,Tier-3 Cities,0,,0.0
user_865,Impulse Buyers,International,0,,0.0
user_866,Gen-Z Trend Seekers,Tier-1 Cities,0,,0.0
user_867,Gen-Z Trend Seekers,Tier-1 Cities,0,,0.0
user_868,Budget Parents,Tier-2 Cities,1,2023-05-10 16:11:28,4555.46
user_869,Impulse Buyers,International,1,2023-01-30 11:43:21,1339.2
user_870,Gen-Z Trend Seekers,Tier-1 Cities,0,,0.0
user_871,Budget Parents,Tier-2 Cities,0,,0.0
user_872,Gen-Z Trend Seekers,Tier-3 Cities,0,,0.0
user_873,Premium Fitness Users,Tier-1 Cities,1,2023-04-18 11:03:15,9241.35
user_874,Gen-Z Trend Seekers,Tier-2 Cities,0,,0.0
user_875,Gen-Z Trend Seekers,Tier-1 Cities,0,,0.0
user_876,Gen-Z Trend Seekers,International,0,,0.0
user_877,Budget Parents,Tier-3 Cities,0,,0.0
user_878,Unknown,Tier-2 Cities,0,,0.0
user_879,Gen-Z Trend Seekers,International,0,,0.0
user_880,Premium Fitness Users,Tier-3 Cities,0,,0.0
user_881,Gen-Z Trend Seekers,Tier-2 Cities,0,,0.0
user_882,Gen-Z Trend Seekers,Tier-2 Cities,0,,0.0
user_883,Impulse Buyers,Tier-3 Cities,0,,0.0
user_884,Budget Parents,Tier-3 Cities,0,,0.0
user_885,Gen-Z Trend Seekers,Tier-2 Cities,0,,0.0
user_886,Gen-Z Trend Seekers,International,0,,0.0
user_887,Unknown,Tier-3 Cities,0,,0.0
user_888,Unknown,Tier-3 Cities,0,,0.0
user_889,Impulse Buyers,International,0,,0.0
user_890,Impulse Buyers,Tier-3 Cities,1,2023-12-26 05:04:31,3676.55
user_891,Budget Parents,Tier-3 Cities,0,,0.0
user_892,Impulse Buyers,Tier-2 Cities,0,,0.0
user_893,Unknown,Tier-1 Cities,0,,0.0
user_894,Budget Parents,Tier-2 Cities,0,,0.0
user_895,Budget Parents,International,0,,0.0
user_896,Budget Parents,International,0,,0.0
user_897,Gen-Z Trend Seekers,International,0,,0.0
user_898,Impulse Buyers,Tier-2 Cities,1,2023-07-16 23:43:37,1728.86
user_899,Impulse Buyers,Tier-2 Cities,0,,0.0
user_900,Impulse Buyers,Tier-1 Cities,0,,0.0
user_901,Gen-Z Trend Seekers,Tier-3 Cities,0,,0.0
user_902,Gen-Z Trend Seekers,Tier-1 Cities,0,,0.0
user_903,Impulse Buyers,International,0,,0.0
user_904,Gen-Z Trend Seekers,International,0,,0.0
user_905,Gen-Z Trend Seekers,Tier-3 Cities,0,,0.0
user_906,Gen-Z Trend Seekers,Tier-1 Cities,0,,0.0
user_907,Budget Parents,Tier-2 Cities,0,,0.0
user_908,Impulse Buyers,Tier-3 Cities,0,,0.0
user_909,Premium Fitness Users,Tier-2 Cities,0,,0.0
user_910,Gen-Z Trend Seekers,Tier-2 Cities,0,,0.0
user_911,Premium Fitness Users,Tier-2 Cities,0,,0.0
user_912,Gen-Z Trend Seekers,International,0,,0.0
user_913,Budget Parents,International,0,,0.0
user_914,Gen-Z Trend Seekers,International,0,,0.0
user_915,Premium Fitness Users,Tier-1 Cities,0,,0.0
user_916,Unknown,International,0,,0.0
user_917,Premium Fitness Users,Tier-3 Cities,0,,0.0
user_918,Gen-Z Trend Seekers,Tier-3 Cities,0,,0.0
user_919,Unknown,Tier-3 Cities,0,,0.0
user_920,Premium Fitness Users,Tier-3 Cities,1,2023-12-18 01:04:56,7459.1
user_921,Premium Fitness Users,Tier-2 Cities,0,,0.0
user_922,Budget Parents,Tier-3 Cities,0,,0.0
user_923,Impulse Buyers,Tier-1 Cities,0,,0.0
user_924,Impulse Buyers,Tier-2 Cities,0,,0.0
user_925,Premium Fitness Users,Tier-1 Cities,0,,0.0
user_926,Gen-Z Trend Seekers,Tier-2 Cities,0,,0.0
user_927,Impulse Buyers,Tier-2 Cities,0,,0.0
user_928,Impulse Buyers,Tier-2 Cities,0,,0.0
user_929,Gen-Z Trend Seekers,Tier-1 Cities,1,2023-05-10 04:08:11,3522.28
user_930,Premium Fitness Users,Tier-1 Cities,0,,0.0
user_931,Unknown,Tier-2 Cities,0,,0.0
user_932,Gen-Z Trend Seekers,Tier-2 Cities,0,,0.0
user_933,Budget Parents,Tier-2 Cities,0,,0.0
user_934,Budget Parents,Tier-2 Cities,0,,0.0
user_935,Premium Fitness Users,Tier-3 Cities,0,,0.0
user_936,Unknown,Tier-1 Cities,0,,0.0
user_937,Premium Fitness Users,Tier-3 Cities,0,,0.0
user_938,Gen-Z Trend Seekers,Tier-1 Cities,0,,0.0
user_939,Gen-Z Trend Seekers,Tier-3 Cities,0,,0.0
user_940,Budget Parents,Tier-2 Cities,0,,0.0
user_941,Budget Parents,Tier-1 Cities,0,,0.0
user_942,Impulse Buyers,Tier-3 Cities,0,,0.0
user_943,Budget Parents,Tier-1 Cities,0,,0.0
user_944,Gen-Z Trend Seekers,Tier-1 Cities,0,,0.0
user_945,Budget Parents,Tier-1 Cities,0,,0.0
user_946,Budget Parents,Tier-3 Cities,0,,0.0
user_947,Gen-Z Trend Seekers,Tier-3 Cities,0,,0.0
user_948,Premium Fitness Users,Tier-2 Cities,0,,0.0
user_949,Unknown,Tier-3 Cities,0,,0.0
user_950,Budget Parents,Tier-2 Cities,0,,0.0
user_951,Impulse Buyers,Tier-2 Cities,0,,0.0
user_952,Impulse Buyers,Tier-2 Cities,0,,0.0
user_953,Gen-Z Trend Seekers,Tier-3 Cities,0,,0.0
user_954,Gen-Z Trend Seekers,Tier-1 Cities,0,,0.0
user_955,Gen-Z Trend Seekers,International,0,,0.0
user_956,Impulse Buyers,Tier-1 Cities,0,,0.0
user_957,Impulse Buyers,International,0,,0.0
user_958,Unknown,Tier-3 Cities,0,,0.0
user_959,Budget Parents,Tier-1 Cities,0,,0.0
user_960,Unknown,Tier-3 Cities,0,,0.0
user_961,Impulse Buyers,Tier-1 Cities,1,2023-04-16 16:30:16,1585.65
user_962,Premium Fitness Users,Tier-3 Cities,0,,0.0
user_963,Budget Parents,Tier-3 Cities,0,,0.0
user_964,Unknown,Tier-1 Cities,0,,0.0
user_965,Impulse Buyers,Tier-2 Cities,0,,0.0
user_966,Gen-Z Trend Seekers,Tier-1 Cities,0,,0.0
user_967,Gen-Z Trend Seekers,Tier-3 Cities,0,,0.0
user_968,Premium Fitness Users,Tier-1 Cities,1,2023-08-09 04:11:56,3527.96
user_969,Premium Fitness Users,Tier-3 Cities,0,,0.0
user_970,Gen-Z Trend Seekers,International,0,,0.0
user_971,Budget Parents,International,0,,0.0
user_972,Premium Fitness Users,Tier-3 Cities,0,,0.0
user_973,Budget Parents,Tier-3 Cities,0,,0.0
user_974,Gen-Z Trend Seekers,Tier-1 Cities,1,2023-12-31 08:45:07,4688.21
user_975,Gen-Z Trend Seekers,Tier-2 Cities,0,,0.0
user_976,Impulse Buyers,International,0,,0.0
user_977,Unknown,Tier-1 Cities,0,,0.0
user_978,Premium Fitness Users,Tier-3 Cities,0,,0.0
user_979,Impulse Buyers,Tier-1 Cities,0,,0.0
user_980,Budget Parents,Tier-2 Cities,0,,0.0
user_981,Budget Parents,Tier-3 Cities,0,,0.0
user_982,Impulse Buyers,Tier-3 Cities,0,,0.0
user_983,Budget Parents,Tier-2 Cities,0,,0.0
user_984,Premium Fitness Users,Tier-1 Cities,0,,0.0
user_985,Impulse Buyers,Tier-3 Cities,0,,0.0
user_986,Unknown,Tier-1 Cities,0,,0.0
user_987,Budget Parents,International,0,,0.0
user_988,Gen-Z Trend Seekers,Tier-3 Cities,0,,0.0
user_989,Gen-Z Trend Seekers,International,0,,0.0
user_990,Impulse Buyers,Tier-2 Cities,0,,0.0
user_991,Gen-Z Trend Seekers,Tier-2 Cities,0,,0.0
user_992,Unknown,Tier-1 Cities,0,,0.0
user_993,Unknown,Tier-1 Cities,0,,0.0
user_994,Impulse Buyers,International,0,,0.0
user_995,Premium Fitness Users,Tier-1 Cities,0,,0.0
user_996,Budget Parents,International,0,,0.0
user_997,Budget Parents,Tier-2 Cities,0,,0.0
user_998,Unknown,Tier-2 Cities,0,,0.0
user_999,Impulse Buyers,Tier-1 Cities,0,,0.0
user_1000,Gen-Z Trend Seekers,Tier-2 Cities,0,,0.0
user_1001,Budget Parents,International,0,,0.0
user_1002,Impulse Buyers,Tier-2 Cities,1,2023-12-10 17:31:58,1857.34
user_1003,Premium Fitness Users,International,0,,0.0
user_1004,Impulse Buyers,International,0,,0.0
user_1005,Gen-Z Trend Seekers,Tier-3 Cities,0,,0.0
user_1006,Gen-Z Trend Seekers,Tier-3 Cities,0,,0.0
user_1007,Premium Fitness Users,International,0,,0.0
user_1008,Impulse Buyers,Tier-3 Cities,0,,0.0
user_1009,Gen-Z Trend Seekers,International,0,,0.0
user_1010,Gen-Z Trend Seekers,International,1,2023-03-08 17:20:58,4844.59
user_1011,Gen-Z Trend Seekers,Tier-3 Cities,0,,0.0
user_1012,Budget Parents,Tier-1 Cities,0,,0.0
user_1013,Budget Parents,Tier-3 Cities,0,,0.0
user_1014,Premium Fitness Users,Tier-1 Cities,0,,0.0
user_1015,Impulse Buyers,Tier-1 Cities,0,,0.0
user_1016,Impulse Buyers,International,0,,0.0
user_1017,Impulse Buyers,Tier-2 Cities,0,,0.0
user_1018,Gen-Z Trend Seekers,Tier-1 Cities,0,,0.0
user_1019,Impulse Buyers,Tier-2 Cities,0,,0.0
user_1020,Unknown,Tier-2 Cities,0,,0.0
user_1021,Premium Fitness Users,Tier-2 Cities,0,,0.0
user_1022,Gen-Z Trend Seekers,Tier-3 Cities,0,,0.0
user_1023,Gen-Z Trend Seekers,Tier-3 Cities,0,,0.0
user_1024,Budget Parents,Tier-2 Cities,0,,0.0
user_1025,Premium Fitness Users,Tier-1 Cities,0,,0.0
user_1026,Budget Parents,Tier-3 Cities,0,,0.0
user_1027,Gen-Z Trend Seekers,Tier-2 Cities,0,,0.0
user_1028,Impulse Buyers,International,0,,0.0
user_1029,Premium Fitness Users,International,0,,0.0
user_1030,Gen-Z Trend Seekers,International,0,,0.0
user_1031,Premium Fitness Users,International,0,,0.0
user_1032,Impulse Buyers,Tier-3 Cities,0,,0.0
user_1033,Gen-Z Trend Seekers,Tier-3 Cities,0,,0.0
user_1034,Premium Fitness Users,Tier-1 Cities,0,,0.0
user_1035,Unknown,Tier-2 Cities,0,,0.0
user_1036,Gen-Z Trend Seekers,International,0,,0.0
user_1037,Budget Parents,Tier-3 Cities,0,,0.0
user_1038,Gen-Z Trend Seekers,Tier-3 Cities,0,,0.0
user_1039,Gen-Z Trend Seekers,Tier-3 Cities,0,,0.0
user_1040,Unknown,Tier-2 Cities,0,,0.0
user_1041,Unknown,Tier-3 Cities,0,,0.0
user_1042,Impulse Buyers,Tier-1 Cities,0,,0.0
user_1043,Impulse Buyers,Tier-3 Cities,0,,0.0
user_1044,Budget Parents,Tier-2 Cities,0,,0.0
user_1045,Gen-Z Trend Seekers,International,0,,0.0
user_1046,Impulse Buyers,Tier-1 Cities,1,2023-03-06 15:53:53,1170.7
user_1047,Budget Parents,Tier-1 Cities,0,,0.0
user_1048,Premium Fitness Users,International,0,,0.0
user_1049,Unknown,International,0,,0.0
user_1050,Impulse Buyers,Tier-1 Cities,0,,0.0
user_1051,Impulse Buyers,Tier-2 Cities,0,,0.0
user_1052,Unknown,Tier-3 Cities,0,,0.0
user_1053,Impulse Buyers,Tier-2 Cities,0,,0.0
user_1054,Gen-Z Trend Seekers,Tier-2 Cities,0,,0.0
user_1055,Budget Parents,Tier-1 Cities,0,,0.0
user_1056,Budget Parents,Tier-2 Cities,1,2023-09-30 14:39:27,3074.4
user_1057,Budget Parents,Tier-1 Cities,0,,0.0
user_1058,Impulse Buyers,Tier-2 Cities,0,,0.0
user_1059,Budget Parents,Tier-1 Cities,0,,0.0
user_1060,Premium Fitness Users,Tier-3 Cities,1,2023-08-24 22:04:20,7496.82
user_1061,Impulse Buyers,Tier-1 Cities,0,,0.0
user_1062,Impulse Buyers,Tier-3 Cities,0,,0.0
user_1063,Budget Parents,Tier-3 Cities,0,,0.0
user_1064,Impulse Buyers,International,0,,0.0
user_1065,Budget Parents,Tier-1 Cities,0,,0.0
user_1066,Gen-Z Trend Seekers,Tier-1 Cities,1,2023-10-07 13:34:23,4639.06
user_1067,Premium Fitness Users,International,0,,0.0
user_1068,Budget Parents,Tier-2 Cities,1,2023-04-02 00:37:07,5425.16
user_1069,Gen-Z Trend Seekers,Tier-2 Cities,0,,0.0
user_1070,Unknown,Tier-1 Cities,0,,0.0
user_1071,Premium Fitness Users,Tier-3 Cities,0,,0.0
user_1072,Budget Parents,Tier-2 Cities,0,,0.0
user_1073,Gen-Z Trend Seekers,International,1,2023-04-01 21:35:32,4240.33
user_1074,Premium Fitness Users,Tier-3 Cities,0,,0.0
user_1075,Impulse Buyers,Tier-3 Cities,0,,0.0
user_1076,Budget Parents,International,0,,0.0
user_1077,Budget Parents,Tier-3 Cities,0,,0.0
user_1078,Gen-Z Trend Seekers,International,0,,0.0
user_1079,Budget Parents,International,0,,0.0
user_1080,Budget Parents,International,0,,0.0
user_1081,Premium Fitness Users,Tier-3 Cities,0,,0.0
user_1082,Budget Parents,International,0,,0.0
user_1083,Gen-Z Trend Seekers,Tier-2 Cities,0,,0.0
user_1084,Unknown,Tier-3 Cities,0,,0.0
user_1085,Budget Parents,Tier-1 Cities,0,,0.0
user_1086,Premium Fitness Users,Tier-1 Cities,0,,0.0
user_1087,Gen-Z Trend Seekers,International,0,,0.0
user_1088,Budget Parents,International,0,,0.0
user_1089,Impulse Buyers,Tier-1 Cities,0,,0.0
user_1090,Budget Parents,Tier-3 Cities,0,,0.0
user_1091,Budget Parents,Tier-3 Cities,0,,0.0
user_1092,Budget Parents,International,0,,0.0
user_1093,Budget Parents,Tier-2 Cities,0,,0.0
user_1094,Gen-Z Trend Seekers,International,1,2023-01-26 02:13:15,3996.64
user_1095,Impulse Buyers,Tier-2 Cities,0,,0.0
user_1096,Premium Fitness Users,Tier-1 Cities,0,,0.0
user_1097,Budget Parents,Tier-1 Cities,0,,0.0
user_1098,Budget Parents,Tier-1 Cities,0,,0.0
user_1099,Budget Parents,Tier-1 Cities,0,,0.0
user_1100,Gen-Z Trend Seekers,International,0,,0.0
user_1101,Impulse Buyers,Tier-3 Cities,0,,0.0
user_1102,Budget Parents,International,0,,0.0
user_1103,Impulse Buyers,Tier-1 Cities,0,,0.0
user_1104,Unknown,International,0,,0.0
user_1105,Premium Fitness Users,Tier-1 Cities,1,2023-02-03 20:44:20,8338.75
user_1106,Impulse Buyers,International,0,,0.0
user_1107,Premium Fitness Users,International,0,,0.0
user_1108,Impulse Buyers,Tier-1 Cities,0,,0.0
user_1109,Budget Parents,International,0,,0.0
user_1110,Gen-Z Trend Seekers,International,0,,0.0
user_1111,Impulse Buyers,Tier-1 Cities,0,,0.0
user_1112,Gen-Z Trend Seekers,Tier-3 Cities,0,,0.0
user_1113,Unknown,Tier-3 Cities,0,,0.0
user_1114,Gen-Z Trend Seekers,Tier-2 Cities,0,,0.0
user_1115,Premium Fitness Users,Tier-3 Cities,0,,0.0
user_1116,Impulse Buyers,Tier-2 Cities,0,,0.0
user_1117,Budget Parents,Tier-3 Cities,1,2023-10-31 11:24:57,6594.09
user_1118,Gen-Z Trend Seekers,Tier-2 Cities,1,2023-04-28 16:52:36,2389.21
user_1119,Budget Parents,International,1,2023-05-10 02:58:57,1601.45
user_1120,Budget Parents,Tier-1 Cities,0,,0.0
user_1121,Unknown,Tier-3 Cities,0,,0.0
user_1122,Unknown,Tier-2 Cities,0,,0.0
user_1123,Gen-Z Trend Seekers,Tier-2 Cities,0,,0.0
user_1124,Unknown,Tier-2 Cities,0,,0.0
user_1125,Premium Fitness Users,Tier-2 Cities,0,,0.0
user_1126,Premium Fitness Users,Tier-2 Cities,1,2023-05-28 00:15:57,7818.89
user_1127,Unknown,Tier-1 Cities,0,,0.0
user_1128,Impulse Buyers,Tier-3 Cities,0,,0.0
user_1129,Unknown,International,0,,0.0
user_1130,Budget Parents,Tier-1 Cities,0,,0.0
user_1131,Impulse Buyers,International,0,,0.0
user_1132,Budget Parents,Tier-2 Cities,0,,0.0
user_1133,Unknown,Tier-2 Cities,0,,0.0
user_1134,Gen-Z Trend Seekers,Tier-2 Cities,0,,0.0
user_1135,Impulse Buyers,Tier-2 Cities,0,,0.0
user_1136,Gen-Z Trend Seekers,Tier-3 Cities,0,,0.0
user_1137,Unknown,Tier-3 Cities,0,,0.0
user_1138,Impulse Buyers,Tier-3 Cities,0,,0.0
user_1139,Unknown,Tier-3 Cities,0,,0.0
user_1140,Premium Fitness Users,Tier-2 Cities,0,,0.0
user_1141,Budget Parents,Tier-2 Cities,0,,0.0
user_1142,Budget Parents,International,0,,0.0
user_1143,Unknown,Tier-3 Cities,0,,0.0
user_1144,Gen-Z Trend Seekers,International,0,,0.0
user_1145,Impulse Buyers,Tier-1 Cities,0,,0.0
user_1146,Unknown,Tier-2 Cities,0,,0.0
user_1147,Gen-Z Trend Seekers,International,0,,0.0
user_1148,Gen-Z Trend Seekers,Tier-3 Cities,1,2023-10-23 08:21:35,5534.12
user_1149,Gen-Z Trend Seekers,Tier-1 Cities,0,,0.0
user_1150,Gen-Z Trend Seekers,Tier-1 Cities,0,,0.0
user_1151,Premium Fitness Users,Tier-1 Cities,0,,0.0
user_1152,Impulse Buyers,Tier-2 Cities,0,,0.0
user_1153,Budget Parents,International,0,,0.0
user_1154,Gen-Z Trend Seekers,International,0,,0.0
user_1155,Impulse Buyers,Tier-2 Cities,0,,0.0
user_1156,Premium Fitness Users,Tier-1 Cities,0,,0.0
user_1157,Impulse Buyers,International,0,,0.0
user_1158,Premium Fitness Users,International,0,,0.0
user_1159,Gen-Z Trend Seekers,Tier-1 Cities,0,,0.0
user_1160,Unknown,Tier-3 Cities,0,,0.0
user_1161,Gen-Z Trend Seekers,Tier-1 Cities,0,,0.0
user_1162,Impulse Buyers,Tier-1 Cities,0,,0.0
user_1163,Unknown,International,0,,0.0
user_1164,Gen-Z Trend Seekers,International,0,,0.0
user_1165,Gen-Z Trend Seekers,Tier-3 Cities,0,,0.0
user_1166,Unknown,Tier-3 Cities,0,,0.0
user_1167,Impulse Buyers,Tier-2 Cities,0,,0.0
user_1168,Impulse Buyers,International,0,,0.0
user_1169,Unknown,Tier-2 Cities,0,,0.0
user_1170,Premium Fitness Users,International,0,,0.0
user_1171,Budget Parents,International,0,,0.0
user_1172,Budget Parents,Tier-1 Cities,0,,0.0
user_1173,Budget Parents,Tier-1 Cities,0,,0.0
user_1174,Premium Fitness Users,International,0,,0.0
user_1175,Gen-Z Trend Seekers,International,0,,0.0
user_1176,Impulse Buyers,International,0,,0.0
user_1177,Budget Parents,Tier-3 Cities,0,,0.0
user_1178,Impulse Buyers,Tier-3 Cities,0,,0.0
user_1179,Premium Fitness Users,Tier-1 Cities,0,,0.0
user_1180,Budget Parents,International,0,,0.0
user_1181,Gen-Z Trend Seekers,Tier-3 Cities,0,,0.0
user_1182,Budget Parents,Tier-1 Cities,0,,0.0
user_1183,Premium Fitness Users,International,0,,0.0
user_1184,Impulse Buyers,Tier-2 Cities,0,,0.0
user_1185,Gen-Z Trend Seekers,Tier-3 Cities,0,,0.0
user_1186,Impulse Buyers,Tier-1 Cities,0,,0.0
user_1187,Gen-Z Trend Seekers,Tier-3 Cities,0,,0.0
user_1188,Unknown,Tier-3 Cities,0,,0.0
user_1189,Gen-Z Trend Seekers,Tier-3 Cities,0,,0.0
user_1190,Gen-Z Trend Seekers,Tier-1 Cities,0,,0.0
user_1191,Budget Parents,Tier-3 Cities,0,,0.0
user_1192,Premium Fitness Users,Tier-2 Cities,0,,0.0
user_1193,Unknown,Tier-1 Cities,0,,0.0
user_1194,Premium Fitness Users,International,0,,0.0
user_1195,Premium Fitness Users,Tier-3 Cities,0,,0.0
user_1196,Budget Parents,Tier-3 Cities,0,,0.0
user_1197,Budget Parents,Tier-2 Cities,0,,0.0
user_1198,Budget Parents,Tier-1 Cities,0,,0.0
user_1199,Gen-Z Trend Seekers,Tier-2 Cities,1,2023-07-12 21:36:23,3148.31
user_1200,Unknown,Tier-1 Cities,0,,0.0
user_1201,Budget Parents,International,0,,0.0
user_1202,Budget Parents,Tier-2 Cities,0,,0.0
user_1203,Budget Parents,International,0,,0.0
user_1204,Impulse Buyers,International,0,,0.0
user_1205,Premium Fitness Users,International,0,,0.0
user_1206,Gen-Z Trend Seekers,Tier-2 Cities,0,,0.0
user_1207,Premium Fitness Users,Tier-3 Cities,0,,0.0
user_1208,Budget Parents,Tier-2 Cities,0,,0.0
user_1209,Gen-Z Trend Seekers,International,0,,0.0
user_1210,Unknown,International,0,,0.0
user_1211,Budget Parents,Tier-1 Cities,0,,0.0
user_1212,Premium Fitness Users,International,0,,0.0
user_1213,Unknown,International,0,,0.0
user_1214,Impulse Buyers,Tier-2 Cities,0,,0.0
user_1215,Gen-Z Trend Seekers,Tier-2 Cities,0,,0.0
user_1216,Premium Fitness Users,Tier-3 Cities,0,,0.0
user_1217,Impulse Buyers,Tier-3 Cities,0,,0.0
user_1218,Budget Parents,Tier-2 Cities,0,,0.0
user_1219,Impulse Buyers,Tier-1 Cities,0,,0.0
user_1220,Premium Fitness Users,International,0,,0.0
user_1221,Gen-Z Trend Seekers,Tier-1 Cities,0,,0.0
user_1222,Impulse Buyers,Tier-1 Cities,0,,0.0
user_1223,Impulse Buyers,Tier-3 Cities,0,,0.0
user_1224,Impulse Buyers,International,0,,0.0
user_1225,Unknown,Tier-1 Cities,0,,0.0
user_1226,Budget Parents,International,0,,0.0
user_1227,Budget Parents,International,0,,0.0
user_1228,Impulse Buyers,International,1,2023-02-16 20:11:33,1621.06
user_1229,Unknown,Tier-2 Cities,0,,0.0
user_1230,Budget Parents,Tier-3 Cities,0,,0.0
user_1231,Impulse Buyers,Tier-2 Cities,0,,0.0
user_1232,Unknown,Tier-2 Cities,0,,0.0
user_1233,Unknown,Tier-2 Cities,0,,0.0
user_1234,Impulse Buyers,Tier-2 Cities,0,,0.0
user_1235,Unknown,Tier-2 Cities,0,,0.0
user_1236,Gen-Z Trend Seekers,Tier-1 Cities,0,,0.0
user_1237,Budget Parents,Tier-2 Cities,0,,0.0
user_1238,Impulse Buyers,International,1,2023-11-05 16:23:44,3739.57
user_1239,Gen-Z Trend Seekers,Tier-3 Cities,0,,0.0
user_1240,Premium Fitness Users,Tier-2 Cities,0,,0.0
user_1241,Premium Fitness Users,Tier-3 Cities,0,,0.0
user_1242,Gen-Z Trend Seekers,Tier-1 Cities,0,,0.0
user_1243,Gen-Z Trend Seekers,Tier-1 Cities,0,,0.0
user_1244,Impulse Buyers,International,0,,0.0
user_1245,Unknown,Tier-1 Cities,0,,0.0
user_1246,Gen-Z Trend Seekers,Tier-3 Cities,0,,0.0
user_1247,Premium Fitness Users,International,0,,0.0
user_1248,Gen-Z Trend Seekers,Tier-3 Cities,0,,0.0
user_1249,Gen-Z Trend Seekers,Tier-2 Cities,0,,0.0
user_1250,Budget Parents,Tier-1 Cities,0,,0.0
user_1251,Budget Parents,International,1,2023-10-28 04:49:20,3414.51
user_1252,Impulse Buyers,International,0,,0.0
user_1253,Impulse Buyers,International,0,,0.0
user_1254,Impulse Buyers,International,0,,0.0
user_1255,Gen-Z Trend Seekers,Tier-1 Cities,0,,0.0
user_1256,Budget Parents,Tier-2 Cities,0,,0.0
user_1257,Budget Parents,International,0,,0.0
user_1258,Budget Parents,International,0,,0.0
user_1259,Gen-Z Trend Seekers,International,0,,0.0
user_1260,Budget Parents,Tier-2 Cities,0,,0.0
user_1261,Budget Parents,Tier-1 Cities,0,,0.0
user_1262,Impulse Buyers,Tier-1 Cities,0,,0.0
user_1263,Premium Fitness Users,International,0,,0.0
user_1264,Gen-Z Trend Seekers,Tier-1 Cities,0,,0.0
user_1265,Gen-Z Trend Seekers,Tier-3 Cities,1,2023-05-12 11:53:58,5212.64
user_1266,Premium Fitness Users,Tier-1 Cities,0,,0.0
user_1267,Gen-Z Trend Seekers,Tier-2 Cities,0,,0.0
user_1268,Premium Fitness Users,Tier-2 Cities,0,,0.0
user_1269,Unknown,International,0,,0.0
user_1270,Impulse Buyers,International,0,,0.0
user_1271,Gen-Z Trend Seekers,Tier-3 Cities,0,,0.0
user_1272,Impulse Buyers,Tier-3 Cities,0,,0.0
user_1273,Premium Fitness Users,Tier-3 Cities,0,,0.0
user_1274,Budget Parents,Tier-2 Cities,0,,0.0
user_1275,Gen-Z Trend Seekers,Tier-2 Cities,0,,0.0
user_1276,Gen-Z Trend Seekers,Tier-3 Cities,0,,0.0
user_1277,Premium Fitness Users,Tier-2 Cities,0,,0.0
user_1278,Budget Parents,Tier-1 Cities,0,,0.0
user_1279,Gen-Z Trend Seekers,Tier-2 Cities,0,,0.0
user_1280,Impulse Buyers,Tier-3 Cities,0,,0.0
user_1281,Gen-Z Trend Seekers,International,0,,0.0
user_1282,Gen-Z Trend Seekers,Tier-2 Cities,0,,0.0
user_1283,Impulse Buyers,Tier-2 Cities,0,,0.0
user_1284,Premium Fitness Users,Tier-2 Cities,1,2023-08-12 16:17:27,7324.73
user_1285,Budget Parents,Tier-2 Cities,0,,0.0
user_1286,Impulse Buyers,Tier-2 Cities,0,,0.0
user_1287,Gen-Z Trend Seekers,Tier-1 Cities,1,2023-07-12 09:19:46,5600.99
user_1288,Budget Parents,Tier-2 Cities,1,2023-02-04 15:24:27,3134.13
user_1289,Gen-Z Trend Seekers,International,0,,0.0
user_1290,Unknown,International,0,,0.0
user_1291,Unknown,International,0,,0.0
user_1292,Gen-Z Trend Seekers,Tier-2 Cities,0,,0.0
user_1293,Unknown,Tier-1 Cities,0,,0.0
user_1294,Impulse Buyers,Tier-3 Cities,0,,0.0
user_1295,Impulse Buyers,International,0,,0.0
user_1296,Gen-Z Trend Seekers,Tier-2 Cities,0,,0.0
user_1297,Premium Fitness Users,Tier-2 Cities,0,,0.0
user_1298,Impulse Buyers,Tier-3 Cities,0,,0.0
user_1299,Gen-Z Trend Seekers,Tier-3 Cities,0,,0.0
user_1300,Gen-Z Trend Seekers,Tier-3 Cities,0,,0.0
user_1301,Impulse Buyers,Tier-2 Cities,0,,0.0
user_1302,Premium Fitness Users,Tier-2 Cities,0,,0.0
user_1303,Gen-Z Trend Seekers,International,0,,0.0
user_1304,Premium Fitness Users,Tier-3 Cities,0,,0.0
user_1305,Impulse Buyers,Tier-3 Cities,0,,0.0
user_1306,Budget Parents,International,0,,0.0
user_1307,Unknown,Tier-3 Cities,0,,0.0
user_1308,Gen-Z Trend Seekers,Tier-3 Cities,0,,0.0
user_1309,Gen-Z Trend Seekers,Tier-2 Cities,0,,0.0
user_1310,Budget Parents,International,0,,0.0
user_1311,Budget Parents,International,0,,0.0
user_1312,Unknown,Tier-3 Cities,0,,0.0
user_1313,Premium Fitness Users,Tier-1 Cities,0,,0.0
user_1314,Premium Fitness Users,Tier-2 Cities,0,,0.0
user_1315,Unknown,International,0,,0.0
user_1316,Budget Parents,International,0,,0.0
user_1317,Unknown,Tier-1 Cities,0,,0.0
user_1318,Budget Parents,International,0,,0.0
user_1319,Premium Fitness Users,International,1,2023-04-19 02:05:43,2914.57
user_1320,Unknown,Tier-3 Cities,0,,0.0
user_1321,Budget Parents,International,1,2023-12-30 14:21:37,5492.88
user_1322,Gen-Z Trend Seekers,Tier-1 Cities,0,,0.0
user_1323,Impulse Buyers,International,0,,0.0
user_1324,Premium Fitness Users,International,0,,0.0
user_1325,Impulse Buyers,International,0,,0.0
user_1326,Impulse Buyers,Tier-1 Cities,0,,0.0
user_1327,Gen-Z Trend Seekers,Tier-1 Cities,0,,0.0
user_1328,Budget Parents,Tier-3 Cities,0,,0.0
user_1329,Premium Fitness Users,International,0,,0.0
user_1330,Unknown,Tier-3 Cities,0,,0.0
user_1331,Premium Fitness Users,Tier-2 Cities,0,,0.0
user_1332,Premium Fitness Users,Tier-3 Cities,1,2023-02-18 03:47:47,10115.4
user_1333,Impulse Buyers,Tier-2 Cities,0,,0.0
user_1334,Budget Parents,International,0,,0.0
user_1335,Premium Fitness Users,Tier-3 Cities,0,,0.0
user_1336,Gen-Z Trend Seekers,International,0,,0.0
user_1337,Premium Fitness Users,Tier-3 Cities,1,2023-02-25 12:32:32,5766.53
user_1338,Impulse Buyers,Tier-1 Cities,0,,0.0
user_1339,Impulse Buyers,Tier-3 Cities,0,,0.0
user_1340,Premium Fitness Users,Tier-3 Cities,0,,0.0
user_1341,Unknown,Tier-2 Cities,0,,0.0
user_1342,Gen-Z Trend Seekers,Tier-3 Cities,0,,0.0
user_1343,Unknown,Tier-1 Cities,0,,0.0
user_1344,Impulse Buyers,Tier-2 Cities,0,,0.0
user_1345,Impulse Buyers,Tier-1 Cities,1,2023-09-30 08:51:43,2679.7
user_1346,Impulse Buyers,Tier-2 Cities,0,,0.0
user_1347,Impulse Buyers,Tier-2 Cities,0,,0.0
user_1348,Budget Parents,Tier-2 Cities,0,,0.0
user_1349,Gen-Z Trend Seekers,International,0,,0.0
user_1350,Premium Fitness Users,International,0,,0.0
user_1351,Budget Parents,Tier-2 Cities,0,,0.0
user_1352,Gen-Z Trend Seekers,International,0,,0.0
user_1353,Budget Parents,Tier-2 Cities,0,,0.0
user_1354,Premium Fitness Users,Tier-1 Cities,1,2024-01-03 23:50:25,8875.48
user_1355,Budget Parents,International,0,,0.0
user_1356,Gen-Z Trend Seekers,Tier-2 Cities,0,,0.0
user_1357,Premium Fitness Users,Tier-1 Cities,1,2023-02-02 22:08:16,4099.74
user_1358,Budget Parents,Tier-2 Cities,0,,0.0
user_1359,Budget Parents,Tier-2 Cities,0,,0.0
user_1360,Gen-Z Trend Seekers,International,0,,0.0
user_1361,Premium Fitness Users,Tier-1 Cities,0,,0.0
user_1362,Gen-Z Trend Seekers,International,0,,0.0
user_1363,Gen-Z Trend Seekers,Tier-2 Cities,0,,0.0
user_1364,Impulse Buyers,Tier-3 Cities,0,,0.0
user_1365,Gen-Z Trend Seekers,Tier-3 Cities,0,,0.0
user_1366,Impulse Buyers,Tier-3 Cities,0,,0.0
user_1367,Gen-Z Trend Seekers,International,0,,0.0
user_1368,Premium Fitness Users,Tier-3 Cities,0,,0.0
user_1369,Gen-Z Trend Seekers,Tier-3 Cities,0,,0.0
user_1370,Gen-Z Trend Seekers,Tier-3 Cities,0,,0.0
user_1371,Budget Parents,Tier-2 Cities,0,,0.0
user_1372,Gen-Z Trend Seekers,International,0,,0.0
user_1373,Gen-Z Trend Seekers,Tier-1 Cities,0,,0.0
user_1374,Gen-Z Trend Seekers,International,0,,0.0
user_1375,Unknown,Tier-2 Cities,0,,0.0
user_1376,Gen-Z Trend Seekers,Tier-2 Cities,0,,0.0
user_1377,Impulse Buyers,International,1,2024-01-05 19:03:08,3844.55
user_1378,Impulse Buyers,Tier-1 Cities,0,,0.0
user_1379,Gen-Z Trend Seekers,Tier-3 Cities,0,,0.0
user_1380,Premium Fitness Users,Tier-3 Cities,0,,0.0
user_1381,Gen-Z Trend Seekers,Tier-2 Cities,0,,0.0
user_1382,Budget Parents,Tier-1 Cities,0,,0.0
user_1383,Budget Parents,Tier-1 Cities,0,,0.0
user_1384,Gen-Z Trend Seekers,International,0,,0.0
user_1385,Impulse Buyers,Tier-1 Cities,1,2023-12-26 05:39:37,3277.4
user_1386,Budget Parents,Tier-2 Cities,0,,0.0
user_1387,Impulse Buyers,Tier-1 Cities,0,,0.0
user_1388,Impulse Buyers,Tier-1 Cities,1,2023-07-26 18:35:49,3593.41
user_1389,Unknown,Tier-1 Cities,0,,0.0
user_1390,Impulse Buyers,Tier-3 Cities,0,,0.0
user_1391,Budget Parents,Tier-1 Cities,0,,0.0
user_1392,Budget Parents,International,0,,0.0
user_1393,Budget Parents,Tier-1 Cities,0,,0.0
user_1394,Impulse Buyers,Tier-1 Cities,0,,0.0
user_1395,Unknown,Tier-3 Cities,0,,0.0
user_1396,Budget Parents,Tier-1 Cities,0,,0.0
user_1397,Budget Parents,Tier-3 Cities,0,,0.0
user_1398,Budget Parents,International,0,,0.0
user_1399,Gen-Z Trend Seekers,Tier-1 Cities,0,,0.0
user_1400,Gen-Z Trend Seekers,Tier-2 Cities,0,,0.0
user_1401,Gen-Z Trend Seekers,Tier-1 Cities,0,,0.0
user_1402,Unknown,Tier-1 Cities,0,,0.0
user_1403,Unknown,International,0,,0.0
user_1404,Premium Fitness Users,International,0,,0.0
user_1405,Budget Parents,International,0,,0.0
user_1406,Premium Fitness Users,International,0,,0.0
user_1407,Impulse Buyers,Tier-1 Cities,0,,0.0
user_1408,Gen-Z Trend Seekers,Tier-3 Cities,0,,0.0
user_1409,Budget Parents,Tier-2 Cities,0,,0.0
user_1410,Budget Parents,Tier-1 Cities,0,,0.0
user_1411,Gen-Z Trend Seekers,Tier-2 Cities,0,,0.0
user_1412,Gen-Z Trend Seekers,International,0,,0.0
user_1413,Impulse Buyers,International,0,,0.0
user_1414,Impulse Buyers,International,0,,0.0
user_1415,Premium Fitness Users,Tier-3 Cities,1,2023-11-16 15:00:56,8736.22
user_1416,Budget Parents,Tier-1 Cities,0,,0.0
user_1417,Gen-Z Trend Seekers,International,0,,0.0
user_1418,Budget Parents,Tier-2 Cities,0,,0.0
user_1419,Unknown,International,0,,0.0
user_1420,Gen-Z Trend Seekers,Tier-1 Cities,0,,0.0
user_1421,Budget Parents,International,0,,0.0
user_1422,Gen-Z Trend Seekers,Tier-3 Cities,0,,0.0
user_1423,Premium Fitness Users,Tier-2 Cities,0,,0.0
user_1424,Unknown,Tier-2 Cities,0,,0.0
user_1425,Budget Parents,International,0,,0.0
user_1426,Gen-Z Trend Seekers,Tier-3 Cities,0,,0.0
user_1427,Budget Parents,Tier-2 Cities,0,,0.0
user_1428,Impulse Buyers,Tier-1 Cities,0,,0.0
user_1429,Impulse Buyers,Tier-2 Cities,0,,0.0
user_1430,Premium Fitness Users,Tier-3 Cities,0,,0.0
user_1431,Gen-Z Trend Seekers,International,0,,0.0
user_1432,Premium Fitness Users,Tier-1 Cities,1,2023-09-09 21:48:20,4508.51
user_1433,Premium Fitness Users,Tier-2 Cities,0,,0.0
user_1434,Impulse Buyers,Tier-1 Cities,0,,0.0
user_1435,Premium Fitness Users,Tier-2 Cities,0,,0.0
user_1436,Budget Parents,Tier-1 Cities,0,,0.0
user_1437,Premium Fitness Users,International,0,,0.0
user_1438,Budget Parents,Tier-3 Cities,0,,0.0
user_1439,Impulse Buyers,Tier-2 Cities,0,,0.0
user_1440,Impulse Buyers,Tier-3 Cities,0,,0.0
user_1441,Budget Parents,International,0,,0.0
user_1442,Unknown,Tier-1 Cities,0,,0.0
user_1443,Gen-Z Trend Seekers,Tier-2 Cities,0,,0.0
user_1444,Premium Fitness Users,International,0,,0.0
user_1445,Gen-Z Trend Seekers,International,0,,0.0
user_1446,Premium Fitness Users,Tier-3 Cities,0,,0.0
user_1447,Budget Parents,Tier-2 Cities,0,,0.0
user_1448,Premium Fitness Users,Tier-3 Cities,0,,0.0
user_1449,Premium Fitness Users,Tier-1 Cities,1,2023-07-29 01:10:28,9618.4
user_1450,Premium Fitness Users,Tier-2 Cities,0,,0.0
user_1451,Gen-Z Trend Seekers,International,0,,0.0
user_1452,Budget Parents,Tier-2 Cities,0,,0.0
user_1453,Budget Parents,Tier-2 Cities,0,,0.0
user_1454,Gen-Z Trend Seekers,Tier-1 Cities,0,,0.0
user_1455,Impulse Buyers,Tier-3 Cities,1,2023-07-08 21:30:22,2832.68
user_1456,Impulse Buyers,International,1,2023-04-07 18:40:59,3589.38
user_1457,Budget Parents,Tier-3 Cities,0,,0.0
user_1458,Budget Parents,Tier-3 Cities,0,,0.0
user_1459,Gen-Z Trend Seekers,Tier-2 Cities,0,,0.0
user_1460,Budget Parents,International,0,,0.0
user_1461,Impulse Buyers,Tier-2 Cities,0,,0.0
user_1462,Gen-Z Trend Seekers,International,0,,0.0
user_1463,Budget Parents,International,0,,0.0
user_1464,Impulse Buyers,Tier-2 Cities,0,,0.0
user_1465,Budget Parents,International,0,,0.0
user_1466,Impulse Buyers,Tier-1 Cities,0,,0.0
user_1467,Gen-Z Trend Seekers,Tier-3 Cities,0,,0.0
user_1468,Impulse Buyers,Tier-2 Cities,0,,0.0
user_1469,Budget Parents,Tier-1 Cities,0,,0.0
user_1470,Premium Fitness Users,Tier-1 Cities,0,,0.0
user_1471,Impulse Buyers,Tier-3 Cities,0,,0.0
user_1472,Impulse Buyers,Tier-1 Cities,0,,0.0
user_1473,Impulse Buyers,Tier-1 Cities,0,,0.0
user_1474,Premium Fitness Users,Tier-2 Cities,0,,0.0
user_1475,Premium Fitness Users,International,0,,0.0
user_1476,Unknown,Tier-1 Cities,0,,0.0
user_1477,Budget Parents,Tier-1 Cities,0,,0.0
user_1478,Impulse Buyers,Tier-1 Cities,0,,0.0
user_1479,Unknown,Tier-1 Cities,0,,0.0
user_1480,Unknown,Tier-2 Cities,0,,0.0
user_1481,Budget Parents,Tier-1 Cities,0,,0.0
user_1482,Premium Fitness Users,Tier-2 Cities,0,,0.0
user_1483,Premium Fitness Users,Tier-2 Cities,0,,0.0
user_1484,Budget Parents,International,0,,0.0
user_1485,Impulse Buyers,Tier-3 Cities,0,,0.0
user_1486,Gen-Z Trend Seekers,Tier-2 Cities,0,,0.0
user_1487,Impulse Buyers,Tier-3 Cities,0,,0.0
user_1488,Budget Parents,Tier-3 Cities,0,,0.0
user_1489,Unknown,Tier-1 Cities,0,,0.0
user_1490,Budget Parents,Tier-3 Cities,0,,0.0
user_1491,Gen-Z Trend Seekers,Tier-3 Cities,0,,0.0
user_1492,Budget Parents,Tier-1 Cities,0,,0.0
user_1493,Gen-Z Trend Seekers,Tier-2 Cities,0,,0.0
user_1494,Unknown,Tier-1 Cities,0,,0.0
user_1495,Gen-Z Trend Seekers,Tier-2 Cities,0,,0.0
user_1496,Unknown,Tier-2 Cities,0,,0.0
user_1497,Gen-Z Trend Seekers,International,0,,0.0
user_1498,Premium Fitness Users,International,0,,0.0
user_1499,Gen-Z Trend Seekers,Tier-3 Cities,1,2023-08-19 11:08:39,5935.74
user_1500,Premium Fitness Users,Tier-1 Cities,1,2023-08-18 00:33:46,6972.63
user_1501,Unknown,Tier-3 Cities,0,,0.0
user_1502,Premium Fitness Users,Tier-3 Cities,0,,0.0
user_1503,Budget Parents,International,0,,0.0
user_1504,Impulse Buyers,International,0,,0.0
user_1505,Budget Parents,International,0,,0.0
user_1506,Gen-Z Trend Seekers,Tier-2 Cities,0,,0.0
user_1507,Impulse Buyers,Tier-3 Cities,0,,0.0
user_1508,Premium Fitness Users,International,0,,0.0
user_1509,Budget Parents,International,0,,0.0
user_1510,Budget Parents,International,0,,0.0
user_1511,Budget Parents,International,1,2023-12-11 16:54:00,3659.85
user_1512,Unknown,Tier-3 Cities,0,,0.0
user_1513,Impulse Buyers,Tier-1 Cities,1,2023-11-08 13:15:23,2730.1
user_1514,Impulse Buyers,International,0,,0.0
user_1515,Budget Parents,Tier-2 Cities,0,,0.0
user_1516,Premium Fitness Users,International,0,,0.0
user_1517,Gen-Z Trend Seekers,Tier-1 Cities,0,,0.0
user_1518,Gen-Z Trend Seekers,Tier-3 Cities,0,,0.0
user_1519,Unknown,Tier-3 Cities,0,,0.0
user_1520,Budget Parents,Tier-3 Cities,0,,0.0
user_1521,Budget Parents,Tier-1 Cities,0,,0.0
user_1522,Budget Parents,Tier-2 Cities,0,,0.0
user_1523,Premium Fitness Users,Tier-1 Cities,0,,0.0
user_1524,Unknown,Tier-1 Cities,0,,0.0
user_1525,Budget Parents,Tier-3 Cities,0,,0.0
user_1526,Gen-Z Trend Seekers,Tier-1 Cities,1,2023-09-29 04:18:56,2255.82
user_1527,Unknown,Tier-3 Cities,0,,0.0
user_1528,Unknown,Tier-1 Cities,0,,0.0
user_1529,Budget Parents,Tier-1 Cities,0,,0.0
user_1530,Unknown,Tier-2 Cities,0,,0.0
user_1531,Impulse Buyers,Tier-1 Cities,0,,0.0
user_1532,Impulse Buyers,Tier-2 Cities,0,,0.0
user_1533,Gen-Z Trend Seekers,Tier-2 Cities,0,,0.0
user_1534,Impulse Buyers,Tier-2 Cities,0,,0.0
user_1535,Unknown,Tier-1 Cities,0,,0.0
user_1536,Gen-Z Trend Seekers,Tier-2 Cities,0,,0.0
user_1537,Gen-Z Trend Seekers,Tier-2 Cities,0,,0.0
user_1538,Gen-Z Trend Seekers,International,0,,0.0
user_1539,Gen-Z Trend Seekers,Tier-2 Cities,0,,0.0
user_1540,Impulse Buyers,Tier-3 Cities,0,,0.0
user_1541,Budget Parents,Tier-2 Cities,0,,0.0
user_1542,Premium Fitness Users,International,0,,0.0
user_1543,Gen-Z Trend Seekers,International,0,,0.0
user_1544,Gen-Z Trend Seekers,Tier-1 Cities,0,,0.0
user_1545,Unknown,Tier-2 Cities,0,,0.0
user_1546,Gen-Z Trend Seekers,International,0,,0.0
user_1547,Premium Fitness Users,International,0,,0.0
user_1548,Impulse Buyers,Tier-1 Cities,0,,0.0
user_1549,Gen-Z Trend Seekers,International,0,,0.0
user_1550,Impulse Buyers,Tier-2 Cities,0,,0.0
user_1551,Budget Parents,International,0,,0.0
user_1552,Premium Fitness Users,Tier-3 Cities,0,,0.0
user_1553,Impulse Buyers,International,0,,0.0
user_1554,Premium Fitness Users,Tier-2 Cities,0,,0.0
user_1555,Premium Fitness Users,Tier-2 Cities,0,,0.0
user_1556,Gen-Z Trend Seekers,Tier-2 Cities,1,2023-02-13 08:51:30,2348.83
user_1557,Premium Fitness Users,Tier-3 Cities,1,2023-04-16 11:22:45,10441.48
user_1558,Budget Parents,Tier-2 Cities,0,,0.0
user_1559,Gen-Z Trend Seekers,International,0,,0.0
user_1560,Premium Fitness Users,Tier-1 Cities,0,,0.0
user_1561,Gen-Z Trend Seekers,Tier-2 Cities,0,,0.0
user_1562,Premium Fitness Users,Tier-2 Cities,0,,0.0
user_1563,Impulse Buyers,International,0,,0.0
user_1564,Gen-Z Trend Seekers,Tier-1 Cities,0,,0.0
user_1565,Budget Parents,International,0,,0.0
user_1566,Gen-Z Trend Seekers,International,0,,0.0
user_1567,Gen-Z Trend Seekers,Tier-3 Cities,0,,0.0
user_1568,Gen-Z Trend Seekers,International,1,2023-12-22 06:31:17,1630.31
user_1569,Budget Parents,International,0,,0.0
user_1570,Budget Parents,Tier-3 Cities,1,2023-09-05 07:44:26,5819.52
user_1571,Premium Fitness Users,Tier-1 Cities,0,,0.0
user_1572,Budget Parents,International,0,,0.0
user_1573,Impulse Buyers,International,0,,0.0
user_1574,Gen-Z Trend Seekers,International,0,,0.0
user_1575,Budget Parents,Tier-1 Cities,0,,0.0
user_1576,Gen-Z Trend Seekers,Tier-1 Cities,0,,0.0
user_1577,Gen-Z Trend Seekers,Tier-2 Cities,0,,0.0
user_1578,Impulse Buyers,International,1,2023-08-12 13:30:40,3526.48
user_1579,Budget Parents,Tier-2 Cities,0,,0.0
user_1580,Impulse Buyers,Tier-2 Cities,0,,0.0
user_1581,Impulse Buyers,Tier-1 Cities,0,,0.0
user_1582,Premium Fitness Users,Tier-1 Cities,0,,0.0
user_1583,Impulse Buyers,Tier-1 Cities,1,2023-05-13 11:34:14,1895.32
user_1584,Unknown,Tier-3 Cities,0,,0.0
user_1585,Impulse Buyers,Tier-2 Cities,0,,0.0
user_1586,Impulse Buyers,International,0,,0.0
user_1587,Budget Parents,Tier-2 Cities,0,,0.0
user_1588,Unknown,Tier-3 Cities,0,,0.0
user_1589,Impulse Buyers,International,1,2023-09-15 05:51:34,2273.25
user_1590,Premium Fitness Users,Tier-3 Cities,0,,0.0
user_1591,Unknown,Tier-3 Cities,0,,0.0
user_1592,Unknown,Tier-3 Cities,0,,0.0
user_1593,Impulse Buyers,Tier-1 Cities,0,,0.0
user_1594,Premium Fitness Users,Tier-2 Cities,0,,0.0
user_1595,Impulse Buyers,Tier-1 Cities,0,,0.0
user_1596,Budget Parents,International,0,,0.0
user_1597,Premium Fitness Users,Tier-1 Cities,0,,0.0
user_1598,Budget Parents,International,0,,0.0
user_1599,Budget Parents,Tier-3 Cities,0,,0.0
user_1600,Impulse Buyers,Tier-3 Cities,1,2023-08-01 22:39:54,2552.15
user_1601,Budget Parents,Tier-1 Cities,0,,0.0
user_1602,Budget Parents,Tier-1 Cities,0,,0.0
user_1603,Budget Parents,International,0,,0.0
user_1604,Unknown,Tier-3 Cities,0,,0.0
user_1605,Gen-Z Trend Seekers,Tier-3 Cities,0,,0.0
user_1606,Impulse Buyers,Tier-3 Cities,0,,0.0
user_1607,Budget Parents,Tier-3 Cities,0,,0.0
user_1608,Budget Parents,International,0,,0.0
user_1609,Gen-Z Trend Seekers,Tier-1 Cities,0,,0.0
user_1610,Impulse Buyers,Tier-2 Cities,0,,0.0
user_1611,Premium Fitness Users,Tier-1 Cities,0,,0.0
user_1612,Unknown,Tier-3 Cities,0,,0.0
user_1613,Premium Fitness Users,International,0,,0.0
user_1614,Gen-Z Trend Seekers,Tier-2 Cities,0,,0.0
user_1615,Gen-Z Trend Seekers,Tier-2 Cities,0,,0.0
user_1616,Gen-Z Trend Seekers,Tier-1 Cities,0,,0.0
user_1617,Impulse Buyers,Tier-3 Cities,0,,0.0
user_1618,Impulse Buyers,International,0,,0.0
user_1619,Premium Fitness Users,Tier-2 Cities,1,2023-08-02 09:39:52,7400.83
user_1620,Premium Fitness Users,Tier-3 Cities,0,,0.0
user_1621,Gen-Z Trend Seekers,Tier-2 Cities,0,,0.0
user_1622,Unknown,International,0,,0.0
user_1623,Impulse Buyers,Tier-2 Cities,0,,0.0
user_1624,Budget Parents,Tier-2 Cities,0,,0.0
user_1625,Unknown,Tier-1 Cities,0,,0.0
user_1626,Gen-Z Trend Seekers,Tier-1 Cities,1,2023-09-18 08:52:16,1959.19
user_1627,Unknown,Tier-2 Cities,0,,0.0
user_1628,Impulse Buyers,International,0,,0.0
user_1629,Gen-Z Trend Seekers,International,0,,0.0
user_1630,Budget Parents,Tier-1 Cities,0,,0.0
user_1631,Impulse Buyers,Tier-2 Cities,0,,0.0
user_1632,Budget Parents,Tier-3 Cities,0,,0.0
user_1633,Unknown,Tier-1 Cities,0,,0.0
user_1634,Budget Parents,Tier-1 Cities,0,,0.0
user_1635,Gen-Z Trend Seekers,Tier-3 Cities,0,,0.0
user_1636,Gen-Z Trend Seekers,Tier-1 Cities,0,,0.0
user_1637,Gen-Z Trend Seekers,Tier-3 Cities,0,,0.0
user_1638,Unknown,Tier-2 Cities,0,,0.0
user_1639,Gen-Z Trend Seekers,Tier-3 Cities,0,,0.0
user_1640,Budget Parents,Tier-3 Cities,0,,0.0
user_1641,Premium Fitness Users,Tier-2 Cities,0,,0.0
user_1642,Gen-Z Trend Seekers,Tier-1 Cities,1,2024-01-04 13:05:56,2068.2
user_1643,Impulse Buyers,Tier-2 Cities,0,,0.0
user_1644,Unknown,Tier-2 Cities,0,,0.0
user_1645,Gen-Z Trend Seekers,Tier-2 Cities,0,,0.0
user_1646,Unknown,Tier-3 Cities,0,,0.0
user_1647,Unknown,Tier-3 Cities,0,,0.0
user_1648,Gen-Z Trend Seekers,Tier-2 Cities,1,2023-08-13 17:55:39,3555.71
user_1649,Gen-Z Trend Seekers,Tier-3 Cities,1,2023-06-24 22:13:25,5547.74
user_1650,Gen-Z Trend Seekers,Tier-2 Cities,0,,0.0
user_1651,Premium Fitness Users,Tier-1 Cities,1,2023-04-24 22:53:14,3221.5
user_1652,Gen-Z Trend Seekers,Tier-1 Cities,0,,0.0
user_1653,Impulse Buyers,Tier-3 Cities,0,,0.0
user_1654,Unknown,Tier-3 Cities,0,,0.0
user_1655,Gen-Z Trend Seekers,Tier-3 Cities,0,,0.0
user_1656,Gen-Z Trend Seekers,International,0,,0.0
user_1657,Budget Parents,International,0,,0.0
user_1658,Gen-Z Trend Seekers,Tier-1 Cities,0,,0.0
user_1659,Gen-Z Trend Seekers,Tier-2 Cities,0,,0.0
user_1660,Gen-Z Trend Seekers,International,0,,0.0
user_1661,Gen-Z Trend Seekers,International,0,,0.0
user_1662,Impulse Buyers,Tier-2 Cities,0,,0.0
user_1663,Premium Fitness Users,Tier-1 Cities,0,,0.0
user_1664,Gen-Z Trend Seekers,Tier-3 Cities,0,,0.0
user_1665,Budget Parents,Tier-3 Cities,0,,0.0
user_1666,Gen-Z Trend Seekers,International,0,,0.0
user_1667,Budget Parents,International,0,,0.0
user_1668,Impulse Buyers,International,0,,0.0
user_1669,Unknown,Tier-1 Cities,0,,0.0
user_1670,Gen-Z Trend Seekers,International,0,,0.0
user_1671,Impulse Buyers,Tier-1 Cities,0,,0.0
user_1672,Budget Parents,International,0,,0.0
user_1673,Budget Parents,Tier-3 Cities,0,,0.0
user_1674,Unknown,Tier-1 Cities,0,,0.0
user_1675,Gen-Z Trend Seekers,Tier-1 Cities,0,,0.0
user_1676,Gen-Z Trend Seekers,Tier-3 Cities,1,2023-11-26 17:37:36,1287.09
user_1677,Gen-Z Trend Seekers,International,0,,0.0
user_1678,Premium Fitness Users,Tier-1 Cities,0,,0.0
user_1679,Unknown,Tier-1 Cities,0,,0.0
user_1680,Unknown,International,0,,0.0
user_1681,Premium Fitness Users,Tier-1 Cities,0,,0.0
user_1682,Budget Parents,Tier-3 Cities,0,,0.0
user_1683,Premium Fitness Users,Tier-2 Cities,0,,0.0
user_1684,Unknown,Tier-1 Cities,0,,0.0
user_1685,Gen-Z Trend Seekers,Tier-2 Cities,0,,0.0
user_1686,Budget Parents,Tier-1 Cities,0,,0.0
user_1687,Gen-Z Trend Seekers,International,0,,0.0
user_1688,Impulse Buyers,International,0,,0.0
user_1689,Impulse Buyers,Tier-1 Cities,0,,0.0
user_1690,Budget Parents,Tier-1 Cities,0,,0.0
user_1691,Gen-Z Trend Seekers,International,0,,0.0
user_1692,Impulse Buyers,Tier-1 Cities,0,,0.0
user_1693,Gen-Z Trend Seekers,International,0,,0.0
user_1694,Gen-Z Trend Seekers,Tier-1 Cities,0,,0.0
user_1695,Gen-Z Trend Seekers,Tier-3 Cities,0,,0.0
user_1696,Gen-Z Trend Seekers,Tier-2 Cities,0,,0.0
user_1697,Unknown,International,0,,0.0
user_1698,Budget Parents,International,0,,0.0
user_1699,Budget Parents,Tier-3 Cities,0,,0.0
user_1700,Budget Parents,Tier-1 Cities,0,,0.0
user_1701,Budget Parents,Tier-1 Cities,0,,0.0
user_1702,Budget Parents,Tier-1 Cities,0,,0.0
user_1703,Impulse Buyers,Tier-3 Cities,1,2023-04-21 16:37:52,2828.84
user_1704,Budget Parents,Tier-1 Cities,0,,0.0
user_1705,Budget Parents,International,0,,0.0
user_1706,Budget Parents,Tier-2 Cities,0,,0.0
user_1707,Impulse Buyers,Tier-2 Cities,0,,0.0
user_1708,Budget Parents,International,0,,0.0
user_1709,Gen-Z Trend Seekers,Tier-2 Cities,0,,0.0
user_1710,Impulse Buyers,Tier-1 Cities,0,,0.0
user_1711,Premium Fitness Users,Tier-2 Cities,1,2023-06-15 13:33:22,7162.96
user_1712,Premium Fitness Users,Tier-1 Cities,1,2023-10-15 17:24:33,3989.68
user_1713,Unknown,Tier-3 Cities,0,,0.0
user_1714,Gen-Z Trend Seekers,Tier-2 Cities,0,,0.0
user_1715,Impulse Buyers,Tier-3 Cities,0,,0.0
user_1716,Budget Parents,Tier-2 Cities,0,,0.0
user_1717,Premium Fitness Users,Tier-2 Cities,0,,0.0
user_1718,Premium Fitness Users,Tier-2 Cities,0,,0.0
user_1719,Impulse Buyers,Tier-2 Cities,0,,0.0
user_1720,Impulse Buyers,Tier-2 Cities,0,,0.0
user_1721,Budget Parents,Tier-1 Cities,0,,0.0
user_1722,Budget Parents,Tier-1 Cities,0,,0.0
user_1723,Premium Fitness Users,Tier-3 Cities,0,,0.0
user_1724,Impulse Buyers,Tier-1 Cities,0,,0.0
user_1725,Gen-Z Trend Seekers,Tier-3 Cities,0,,0.0
user_1726,Impulse Buyers,International,0,,0.0
user_1727,Impulse Buyers,Tier-2 Cities,0,,0.0
user_1728,Gen-Z Trend Seekers,Tier-1 Cities,0,,0.0
user_1729,Unknown,Tier-2 Cities,0,,0.0
user_1730,Impulse Buyers,Tier-3 Cities,0,,0.0
user_1731,Premium Fitness Users,Tier-1 Cities,0,,0.0
user_1732,Impulse Buyers,Tier-1 Cities,0,,0.0
user_1733,Budget Parents,Tier-3 Cities,0,,0.0
user_1734,Budget Parents,Tier-1 Cities,0,,0.0
user_1735,Impulse Buyers,Tier-3 Cities,0,,0.0
user_1736,Budget Parents,Tier-2 Cities,0,,0.0
user_1737,Impulse Buyers,Tier-3 Cities,0,,0.0
user_1738,Impulse Buyers,Tier-1 Cities,1,2023-01-22 10:59:24,2447.06
user_1739,Budget Parents,Tier-3 Cities,1,2023-10-16 03:41:25,4995.99
user_1740,Gen-Z Trend Seekers,Tier-3 Cities,1,2023-12-23 23:17:11,4138.33
user_1741,Gen-Z Trend Seekers,Tier-2 Cities,0,,0.0
user_1742,Premium Fitness Users,Tier-1 Cities,0,,0.0
user_1743,Unknown,Tier-1 Cities,0,,0.0
user_1744,Gen-Z Trend Seekers,International,0,,0.0
user_1745,Premium Fitness Users,Tier-3 Cities,1,2023-03-22 00:53:53,2724.95
user_1746,Unknown,Tier-2 Cities,0,,0.0
user_1747,Unknown,Tier-2 Cities,0,,0.0
user_1748,Budget Parents,Tier-1 Cities,0,,0.0
user_1749,Impulse Buyers,International,0,,0.0
user_1750,Premium Fitness Users,Tier-1 Cities,0,,0.0
user_1751,Impulse Buyers,Tier-1 Cities,0,,0.0
user_1752,Gen-Z Trend Seekers,Tier-2 Cities,0,,0.0
user_1753,Unknown,Tier-2 Cities,0,,0.0
user_1754,Impulse Buyers,Tier-1 Cities,0,,0.0
user_1755,Gen-Z Trend Seekers,Tier-2 Cities,0,,0.0
user_1756,Impulse Buyers,Tier-3 Cities,0,,0.0
user_1757,Gen-Z Trend Seekers,International,0,,0.0
user_1758,Impulse Buyers,Tier-2 Cities,0,,0.0
user_1759,Budget Parents,Tier-3 Cities,1,2023-03-06 10:47:40,5516.36
user_1760,Gen-Z Trend Seekers,Tier-1 Cities,0,,0.0
user_1761,Budget Parents,Tier-3 Cities,0,,0.0
user_1762,Premium Fitness Users,International,0,,0.0
user_1763,Gen-Z Trend Seekers,International,0,,0.0
user_1764,Budget Parents,Tier-1 Cities,0,,0.0
user_1765,Budget Parents,Tier-2 Cities,0,,0.0
user_1766,Gen-Z Trend Seekers,International,0,,0.0
user_1767,Gen-Z Trend Seekers,Tier-3 Cities,0,,0.0
user_1768,Impulse Buyers,International,0,,0.0
user_1769,Gen-Z Trend Seekers,Tier-2 Cities,0,,0.0
user_1770,Premium Fitness Users,Tier-2 Cities,0,,0.0
user_1771,Unknown,International,0,,0.0
user_1772,Premium Fitness Users,Tier-1 Cities,0,,0.0
user_1773,Impulse Buyers,Tier-3 Cities,0,,0.0
user_1774,Gen-Z Trend Seekers,International,0,,0.0
user_1775,Unknown,Tier-2 Cities,0,,0.0
user_1776,Unknown,Tier-1 Cities,0,,0.0
user_1777,Premium Fitness Users,Tier-3 Cities,0,,0.0
user_1778,Premium Fitness Users,International,1,2023-03-15 23:44:13,8181.2
user_1779,Budget Parents,Tier-3 Cities,0,,0.0
user_1780,Gen-Z Trend Seekers,Tier-3 Cities,0,,0.0
user_1781,Premium Fitness Users,International,0,,0.0
user_1782,Gen-Z Trend Seekers,Tier-3 Cities,1,2023-11-26 11:08:08,3664.2
user_1783,Gen-Z Trend Seekers,Tier-2 Cities,1,2023-03-13 13:52:00,5808.83
user_1784,Budget Parents,International,0,,0.0
user_1785,Premium Fitness Users,Tier-3 Cities,1,2023-08-09 22:41:20,10446.48
user_1786,Unknown,International,0,,0.0
user_1787,Gen-Z Trend Seekers,Tier-1 Cities,0,,0.0
user_1788,Gen-Z Trend Seekers,Tier-2 Cities,0,,0.0
user_1789,Premium Fitness Users,Tier-3 Cities,1,2023-11-10 15:15:46,9285.22
user_1790,Unknown,Tier-2 Cities,0,,0.0
user_1791,Gen-Z Trend Seekers,Tier-2 Cities,0,,0.0
user_1792,Gen-Z Trend Seekers,International,0,,0.0
user_1793,Impulse Buyers,International,0,,0.0
user_1794,Budget Parents,Tier-2 Cities,0,,0.0
user_1795,Gen-Z Trend Seekers,Tier-3 Cities,0,,0.0
user_1796,Unknown,Tier-1 Cities,0,,0.0
user_1797,Premium Fitness Users,Tier-3 Cities,0,,0.0
user_1798,Gen-Z Trend Seekers,International,0,,0.0
user_1799,Impulse Buyers,Tier-1 Cities,0,,0.0
user_1800,Impulse Buyers,Tier-2 Cities,0,,0.0
user_1801,Unknown,Tier-3 Cities,0,,0.0
user_1802,Budget Parents,International,0,,0.0
user_1803,Gen-Z Trend Seekers,Tier-1 Cities,1,2023-10-06 11:26:50,5417.18
user_1804,Premium Fitness Users,Tier-2 Cities,0,,0.0
user_1805,Gen-Z Trend Seekers,International,1,2023-03-07 23:49:39,3437.73
user_1806,Premium Fitness Users,Tier-2 Cities,0,,0.0
user_1807,Budget Parents,Tier-1 Cities,0,,0.0
user_1808,Gen-Z Trend Seekers,International,0,,0.0
user_1809,Budget Parents,International,0,,0.0
user_1810,Budget Parents,Tier-1 Cities,0,,0.0
user_1811,Gen-Z Trend Seekers,Tier-2 Cities,0,,0.0
user_1812,Premium Fitness Users,Tier-1 Cities,0,,0.0
user_1813,Gen-Z Trend Seekers,Tier-3 Cities,0,,0.0
user_1814,Budget Parents,Tier-3 Cities,0,,0.0
user_1815,Gen-Z Trend Seekers,Tier-2 Cities,0,,0.0
user_1816,Gen-Z Trend Seekers,Tier-2 Cities,1,2023-01-14 11:24:51,1770.39
user_1817,Gen-Z Trend Seekers,Tier-2 Cities,0,,0.0
user_1818,Budget Parents,Tier-2 Cities,0,,0.0
user_1819,Gen-Z Trend Seekers,Tier-2 Cities,1,2023-07-13 16:14:47,5329.3
user_1820,Budget Parents,Tier-3 Cities,0,,0.0
user_1821,Gen-Z Trend Seekers,International,0,,0.0
user_1822,Gen-Z Trend Seekers,Tier-2 Cities,0,,0.0
user_1823,Budget Parents,Tier-2 Cities,0,,0.0
user_1824,Unknown,International,0,,0.0
user_1825,Gen-Z Trend Seekers,Tier-3 Cities,0,,0.0
user_1826,Budget Parents,Tier-1 Cities,0,,0.0
user_1827,Unknown,Tier-2 Cities,0,,0.0
user_1828,Budget Parents,Tier-2 Cities,0,,0.0
user_1829,Gen-Z Trend Seekers,Tier-3 Cities,0,,0.0
user_1830,Premium Fitness Users,International,0,,0.0
user_1831,Impulse Buyers,Tier-2 Cities,1,2023-01-27 10:34:52,3902.32
user_1832,Unknown,International,0,,0.0
user_1833,Impulse Buyers,Tier-2 Cities,0,,0.0
user_1834,Budget Parents,Tier-1 Cities,0,,0.0
user_1835,Gen-Z Trend Seekers,Tier-2 Cities,0,,0.0
user_1836,Impulse Buyers,International,1,2023-05-05 17:29:04,3831.43
user_1837,Impulse Buyers,International,0,,0.0
user_1838,Impulse Buyers,Tier-3 Cities,0,,0.0
user_1839,Impulse Buyers,Tier-2 Cities,0,,0.0
user_1840,Budget Parents,Tier-2 Cities,0,,0.0
user_1841,Impulse Buyers,International,0,,0.0
user_1842,Premium Fitness Users,Tier-1 Cities,0,,0.0
user_1843,Budget Parents,International,0,,0.0
user_1844,Premium Fitness Users,International,0,,0.0
user_1845,Gen-Z Trend Seekers,Tier-2 Cities,0,,0.0
user_1846,Budget Parents,Tier-3 Cities,0,,0.0
user_1847,Gen-Z Trend Seekers,Tier-1 Cities,0,,0.0
user_1848,Budget Parents,International,0,,0.0
user_1849,Impulse Buyers,Tier-3 Cities,0,,0.0
user_1850,Gen-Z Trend Seekers,Tier-2 Cities,0,,0.0
user_1851,Impulse Buyers,International,0,,0.0
user_1852,Budget Parents,Tier-2 Cities,1,2023-10-17 18:39:18,5198.32
user_1853,Premium Fitness Users,International,0,,0.0
user_1854,Impulse Buyers,Tier-3 Cities,1,2023-08-04 08:59:26,2058.18
user_1855,Premium Fitness Users,Tier-1 Cities,1,2023-04-22 05:31:09,5409.78
user_1856,Premium Fitness Users,Tier-3 Cities,0,,0.0
user_1857,Impulse Buyers,Tier-3 Cities,0,,0.0
user_1858,Unknown,Tier-3 Cities,0,,0.0
user_1859,Gen-Z Trend Seekers,International,0,,0.0
user_1860,Premium Fitness Users,Tier-2 Cities,1,2023-09-02 04:53:21,12050.98
user_1861,Premium Fitness Users,International,0,,0.0
user_1862,Unknown,International,0,,0.0
user_1863,Gen-Z Trend Seekers,Tier-2 Cities,0,,0.0
user_1864,Impulse Buyers,Tier-2 Cities,1,2023-02-09 10:50:51,1077.69
user_1865,Premium Fitness Users,Tier-3 Cities,0,,0.0
user_1866,Budget Parents,International,0,,0.0
user_1867,Impulse Buyers,Tier-1 Cities,0,,0.0
user_1868,Premium Fitness Users,International,0,,0.0
user_1869,Unknown,Tier-3 Cities,0,,0.0
user_1870,Impulse Buyers,International,0,,0.0
user_1871,Gen-Z Trend Seekers,Tier-3 Cities,0,,0.0
user_1872,Impulse Buyers,Tier-2 Cities,1,2023-09-16 07:25:19,3092.45
user_1873,Impulse Buyers,Tier-2 Cities,0,,0.0
user_1874,Unknown,Tier-3 Cities,0,,0.0
user_1875,Budget Parents,Tier-2 Cities,0,,0.0
user_1876,Unknown,Tier-2 Cities,0,,0.0
user_1877,Impulse Buyers,Tier-2 Cities,0,,0.0
user_1878,Budget Parents,Tier-2 Cities,0,,0.0
user_1879,Budget Parents,Tier-2 Cities,0,,0.0
user_1880,Unknown,International,0,,0.0
user_1881,Budget Parents,International,0,,0.0
user_1882,Gen-Z Trend Seekers,Tier-1 Cities,1,2023-02-27 00:51:09,5243.38
user_1883,Impulse Buyers,International,1,2023-10-11 21:37:30,2757.97
user_1884,Impulse Buyers,Tier-1 Cities,0,,0.0
user_1885,Gen-Z Trend Seekers,Tier-1 Cities,0,,0.0
user_1886,Unknown,Tier-1 Cities,0,,0.0
user_1887,Budget Parents,Tier-2 Cities,0,,0.0
user_1888,Impulse Buyers,International,0,,0.0
user_1889,Unknown,Tier-2 Cities,0,,0.0
user_1890,Impulse Buyers,Tier-2 Cities,0,,0.0
user_1891,Unknown,Tier-2 Cities,0,,0.0
user_1892,Premium Fitness Users,Tier-3 Cities,0,,0.0
user_1893,Budget Parents,International,0,,0.0
user_1894,Unknown,Tier-2 Cities,0,,0.0
user_1895,Gen-Z Trend Seekers,Tier-2 Cities,0,,0.0
user_1896,Impulse Buyers,Tier-2 Cities,0,,0.0
user_1897,Gen-Z Trend Seekers,Tier-2 Cities,0,,0.0
user_1898,Premium Fitness Users,Tier-1 Cities,0,,0.0
user_1899,Unknown,Tier-2 Cities,0,,0.0
user_1900,Impulse Buyers,Tier-2 Cities,0,,0.0
user_1901,Impulse Buyers,International,0,,0.0
user_1902,Unknown,International,0,,0.0
user_1903,Gen-Z Trend Seekers,International,1,2023-03-16 09:30:36,1637.01
user_1904,Gen-Z Trend Seekers,Tier-3 Cities,0,,0.0
user_1905,Gen-Z Trend Seekers,Tier-3 Cities,0,,0.0
user_1906,Budget Parents,Tier-1 Cities,0,,0.0
user_1907,Gen-Z Trend Seekers,Tier-3 Cities,0,,0.0
user_1908,Gen-Z Trend Seekers,International,0,,0.0
user_1909,Gen-Z Trend Seekers,Tier-3 Cities,0,,0.0
user_1910,Premium Fitness Users,Tier-3 Cities,0,,0.0
user_1911,Unknown,International,0,,0.0
user_1912,Gen-Z Trend Seekers,Tier-3 Cities,1,2023-07-17 15:58:09,5639.8
user_1913,Budget Parents,Tier-2 Cities,0,,0.0
user_1914,Premium Fitness Users,Tier-1 Cities,0,,0.0
user_1915,Budget Parents,Tier-3 Cities,0,,0.0
user_1916,Gen-Z Trend Seekers,International,0,,0.0
user_1917,Impulse Buyers,Tier-1 Cities,1,2023-08-24 11:15:14,3831.06
user_1918,Premium Fitness Users,Tier-3 Cities,0,,0.0
user_1919,Premium Fitness Users,International,0,,0.0
user_1920,Premium Fitness Users,International,0,,0.0
user_1921,Impulse Buyers,Tier-1 Cities,0,,0.0
user_1922,Impulse Buyers,Tier-3 Cities,0,,0.0
user_1923,Premium Fitness Users,Tier-3 Cities,0,,0.0
user_1924,Unknown,Tier-2 Cities,0,,0.0
user_1925,Premium Fitness Users,Tier-1 Cities,0,,0.0
user_1926,Impulse Buyers,Tier-2 Cities,0,,0.0
user_1927,Premium Fitness Users,Tier-3 Cities,0,,0.0
user_1928,Gen-Z Trend Seekers,International,0,,0.0
user_1929,Gen-Z Trend Seekers,Tier-3 Cities,0,,0.0
user_1930,Gen-Z Trend Seekers,Tier-3 Cities,0,,0.0
user_1931,Impulse Buyers,Tier-1 Cities,0,,0.0
user_1932,Premium Fitness Users,Tier-2 Cities,0,,0.0
user_1933,Impulse Buyers,International,0,,0.0
user_1934,Impulse Buyers,Tier-1 Cities,0,,0.0
user_1935,Premium Fitness Users,Tier-1 Cities,0,,0.0
user_1936,Premium Fitness Users,International,0,,0.0
user_1937,Gen-Z Trend Seekers,Tier-3 Cities,1,2023-02-05 05:39:04,1557.03
user_1938,Impulse Buyers,Tier-1 Cities,0,,0.0
user_1939,Impulse Buyers,Tier-2 Cities,0,,0.0
user_1940,Unknown,Tier-1 Cities,0,,0.0
user_1941,Budget Parents,Tier-1 Cities,0,,0.0
user_1942,Premium Fitness Users,International,0,,0.0
user_1943,Gen-Z Trend Seekers,Tier-3 Cities,0,,0.0
user_1944,Budget Parents,International,0,,0.0
user_1945,Impulse Buyers,Tier-3 Cities,0,,0.0
user_1946,Gen-Z Trend Seekers,Tier-3 Cities,0,,0.0
user_1947,Impulse Buyers,Tier-2 Cities,0,,0.0
user_1948,Budget Parents,Tier-1 Cities,0,,0.0
user_1949,Budget Parents,Tier-3 Cities,0,,0.0
user_1950,Budget Parents,Tier-3 Cities,0,,0.0
user_1951,Budget Parents,Tier-3 Cities,0,,0.0
user_1952,Premium Fitness Users,Tier-2 Cities,0,,0.0
user_1953,Impulse Buyers,Tier-3 Cities,0,,0.0
user_1954,Budget Parents,Tier-3 Cities,0,,0.0
user_1955,Budget Parents,International,0,,0.0
user_1956,Impulse Buyers,Tier-1 Cities,0,,0.0
user_1957,Budget Parents,Tier-2 Cities,0,,0.0
user_1958,Unknown,Tier-1 Cities,0,,0.0
user_1959,Impulse Buyers,International,0,,0.0
user_1960,Premium Fitness Users,International,0,,0.0
user_1961,Budget Parents,Tier-3 Cities,0,,0.0
user_1962,Budget Parents,Tier-3 Cities,0,,0.0
user_1963,Budget Parents,Tier-1 Cities,1,2023-03-02 16:44:53,6541.3
user_1964,Unknown,International,0,,0.0
user_1965,Impulse Buyers,International,0,,0.0
user_1966,Gen-Z Trend Seekers,Tier-2 Cities,0,,0.0
user_1967,Gen-Z Trend Seekers,Tier-3 Cities,0,,0.0
user_1968,Impulse Buyers,Tier-1 Cities,0,,0.0
user_1969,Premium Fitness Users,Tier-2 Cities,0,,0.0
user_1970,Budget Parents,Tier-1 Cities,0,,0.0
user_1971,Impulse Buyers,International,0,,0.0
user_1972,Gen-Z Trend Seekers,Tier-3 Cities,0,,0.0
user_1973,Impulse Buyers,Tier-3 Cities,0,,0.0
user_1974,Budget Parents,International,0,,0.0
user_1975,Budget Parents,Tier-1 Cities,0,,0.0
user_1976,Unknown,Tier-1 Cities,0,,0.0
user_1977,Budget Parents,International,0,,0.0
user_1978,Budget Parents,International,0,,0.0
user_1979,Budget Parents,International,0,,0.0
user_1980,Gen-Z Trend Seekers,Tier-2 Cities,0,,0.0
user_1981,Impulse Buyers,Tier-2 Cities,0,,0.0
user_1982,Unknown,International,0,,0.0
user_1983,Unknown,International,0,,0.0
user_1984,Gen-Z Trend Seekers,Tier-3 Cities,0,,0.0
user_1985,Budget Parents,International,0,,0.0
user_1986,Gen-Z Trend Seekers,International,0,,0.0
user_1987,Impulse Buyers,Tier-3 Cities,0,,0.0
user_1988,Unknown,International,0,,0.0
user_1989,Unknown,Tier-1 Cities,0,,0.0
user_1990,Premium Fitness Users,Tier-3 Cities,0,,0.0
user_1991,Premium Fitness Users,Tier-1 Cities,0,,0.0
user_1992,Premium Fitness Users,Tier-2 Cities,0,,0.0
user_1993,Budget Parents,Tier-1 Cities,0,,0.0
user_1994,Gen-Z Trend Seekers,International,0,,0.0
user_1995,Premium Fitness Users,Tier-1 Cities,0,,0.0
user_1996,Gen-Z Trend Seekers,Tier-2 Cities,0,,0.0
user_1997,Impulse Buyers,International,1,2023-09-21 12:11:01,3120.13
user_1998,Budget Parents,International,0,,0.0
user_1999,Budget Parents,Tier-3 Cities,0,,0.0
user_2000,Budget Parents,Tier-3 Cities,0,,0.0
user_2001,Unknown,Tier-3 Cities,0,,0.0
user_2002,Impulse Buyers,Tier-3 Cities,0,,0.0
user_2003,Premium Fitness Users,Tier-2 Cities,0,,0.0
user_2004,Impulse Buyers,Tier-3 Cities,0,,0.0
user_2005,Premium Fitness Users,Tier-1 Cities,0,,0.0
user_2006,Premium Fitness Users,Tier-3 Cities,0,,0.0
user_2007,Budget Parents,Tier-3 Cities,0,,0.0
user_2008,Budget Parents,International,0,,0.0
user_2009,Gen-Z Trend Seekers,Tier-3 Cities,0,,0.0
user_2010,Premium Fitness Users,Tier-3 Cities,1,2023-07-26 19:48:33,6663.99
user_2011,Budget Parents,Tier-3 Cities,0,,0.0
user_2012,Gen-Z Trend Seekers,Tier-1 Cities,0,,0.0
user_2013,Impulse Buyers,Tier-3 Cities,1,2023-06-13 17:28:23,873.21
user_2014,Budget Parents,Tier-1 Cities,0,,0.0
user_2015,Budget Parents,Tier-3 Cities,0,,0.0
user_2016,Gen-Z Trend Seekers,International,0,,0.0
user_2017,Budget Parents,Tier-1 Cities,0,,0.0
user_2018,Impulse Buyers,Tier-1 Cities,0,,0.0
user_2019,Budget Parents,International,0,,0.0
user_2020,Budget Parents,Tier-1 Cities,0,,0.0
user_2021,Premium Fitness Users,Tier-3 Cities,0,,0.0
user_2022,Impulse Buyers,International,0,,0.0
user_2023,Gen-Z Trend Seekers,Tier-3 Cities,1,2023-08-07 21:18:32,4624.03
user_2024,Unknown,Tier-3 Cities,0,,0.0
user_2025,Impulse Buyers,International,0,,0.0
user_2026,Impulse Buyers,Tier-3 Cities,0,,0.0
user_2027,Budget Parents,Tier-1 Cities,0,,0.0
user_2028,Budget Parents,Tier-3 Cities,0,,0.0
user_2029,Impulse Buyers,International,0,,0.0
user_2030,Gen-Z Trend Seekers,Tier-1 Cities,1,2023-03-09 09:24:21,5820.19
user_2031,Premium Fitness Users,International,0,,0.0
user_2032,Impulse Buyers,Tier-1 Cities,0,,0.0
user_2033,Budget Parents,Tier-1 Cities,0,,0.0
user_2034,Budget Parents,Tier-3 Cities,0,,0.0
user_2035,Gen-Z Trend Seekers,Tier-2 Cities,0,,0.0
user_2036,Gen-Z Trend Seekers,Tier-2 Cities,0,,0.0
user_2037,Unknown,Tier-1 Cities,0,,0.0
user_2038,Impulse Buyers,Tier-1 Cities,0,,0.0
user_2039,Impulse Buyers,Tier-2 Cities,0,,0.0
user_2040,Gen-Z Trend Seekers,Tier-1 Cities,1,2023-05-11 09:26:12,3597.29
user_2041,Unknown,Tier-1 Cities,0,,0.0
user_2042,Gen-Z Trend Seekers,Tier-3 Cities,0,,0.0
user_2043,Budget Parents,Tier-2 Cities,0,,0.0
user_2044,Gen-Z Trend Seekers,Tier-1 Cities,0,,0.0
user_2045,Unknown,International,0,,0.0
user_2046,Gen-Z Trend Seekers,Tier-2 Cities,0,,0.0
user_2047,Budget Parents,Tier-3 Cities,0,,0.0
user_2048,Impulse Buyers,Tier-3 Cities,0,,0.0
user_2049,Budget Parents,Tier-1 Cities,0,,0.0
user_2050,Gen-Z Trend Seekers,Tier-2 Cities,0,,0.0
user_2051,Gen-Z Trend Seekers,Tier-2 Cities,0,,0.0
user_2052,Premium Fitness Users,Tier-3 Cities,1,2023-02-10 05:03:25,12405.31
user_2053,Impulse Buyers,International,0,,0.0
user_2054,Impulse Buyers,International,0,,0.0
user_2055,Premium Fitness Users,International,0,,0.0
user_2056,Impulse Buyers,Tier-3 Cities,0,,0.0
user_2057,Budget Parents,International,0,,0.0
user_2058,Gen-Z Trend Seekers,International,0,,0.0
user_2059,Impulse Buyers,International,0,,0.0
user_2060,Unknown,Tier-2 Cities,0,,0.0
user_2061,Gen-Z Trend Seekers,International,0,,0.0
user_2062,Premium Fitness Users,Tier-3 Cities,0,,0.0
user_2063,Unknown,Tier-2 Cities,0,,0.0
user_2064,Premium Fitness Users,Tier-2 Cities,0,,0.0
user_2065,Gen-Z Trend Seekers,Tier-1 Cities,0,,0.0
user_2066,Premium Fitness Users,Tier-3 Cities,0,,0.0
user_2067,Budget Parents,Tier-1 Cities,0,,0.0
user_2068,Unknown,Tier-3 Cities,0,,0.0
user_2069,Gen-Z Trend Seekers,Tier-3 Cities,0,,0.0
user_2070,Premium Fitness Users,International,0,,0.0
user_2071,Budget Parents,Tier-3 Cities,0,,0.0
user_2072,Budget Parents,International,0,,0.0
user_2073,Unknown,Tier-3 Cities,0,,0.0
user_2074,Impulse Buyers,Tier-2 Cities,0,,0.0
user_2075,Impulse Buyers,Tier-2 Cities,0,,0.0
user_2076,Unknown,Tier-3 Cities,0,,0.0
user_2077,Gen-Z Trend Seekers,International,0,,0.0
user_2078,Budget Parents,Tier-2 Cities,0,,0.0
user_2079,Impulse Buyers,International,0,,0.0
user_2080,Premium Fitness Users,Tier-2 Cities,0,,0.0
user_2081,Impulse Buyers,Tier-1 Cities,0,,0.0
user_2082,Impulse Buyers,International,0,,0.0
user_2083,Impulse Buyers,Tier-1 Cities,0,,0.0
user_2084,Impulse Buyers,Tier-1 Cities,0,,0.0
user_2085,Unknown,International,0,,0.0
user_2086,Gen-Z Trend Seekers,Tier-3 Cities,0,,0.0
user_2087,Budget Parents,Tier-3 Cities,0,,0.0
user_2088,Unknown,Tier-3 Cities,0,,0.0
user_2089,Premium Fitness Users,Tier-3 Cities,0,,0.0
user_2090,Premium Fitness Users,Tier-1 Cities,0,,0.0
user_2091,Unknown,Tier-1 Cities,0,,0.0
user_2092,Impulse Buyers,Tier-3 Cities,0,,0.0
user_2093,Impulse Buyers,Tier-2 Cities,1,2023-12-14 09:59:52,3148.76
user_2094,Impulse Buyers,International,0,,0.0
user_2095,Premium Fitness Users,Tier-1 Cities,0,,0.0
user_2096,Budget Parents,International,0,,0.0
user_2097,Impulse Buyers,Tier-3 Cities,0,,0.0
user_2098,Impulse Buyers,International,0,,0.0
user_2099,Budget Parents,Tier-3 Cities,0,,0.0
user_2100,Budget Parents,Tier-2 Cities,0,,0.0
user_2101,Gen-Z Trend Seekers,International,1,2023-02-28 11:15:25,4869.6
user_2102,Premium Fitness Users,Tier-3 Cities,0,,0.0
user_2103,Unknown,Tier-3 Cities,0,,0.0
user_2104,Impulse Buyers,International,0,,0.0
user_2105,Gen-Z Trend Seekers,Tier-3 Cities,1,2023-11-12 02:14:04,2231.02
user_2106,Gen-Z Trend Seekers,Tier-3 Cities,0,,0.0
user_2107,Premium Fitness Users,Tier-2 Cities,0,,0.0
user_2108,Premium Fitness Users,Tier-3 Cities,0,,0.0
user_2109,Impulse Buyers,International,0,,0.0
user_2110,Impulse Buyers,Tier-1 Cities,0,,0.0
user_2111,Budget Parents,Tier-2 Cities,0,,0.0
user_2112,Gen-Z Trend Seekers,Tier-2 Cities,0,,0.0
user_2113,Premium Fitness Users,Tier-3 Cities,0,,0.0
user_2114,Premium Fitness Users,Tier-2 Cities,0,,0.0
user_2115,Budget Parents,Tier-2 Cities,0,,0.0
user_2116,Impulse Buyers,Tier-2 Cities,0,,0.0
user_2117,Gen-Z Trend Seekers,Tier-3 Cities,0,,0.0
user_2118,Budget Parents,Tier-3 Cities,0,,0.0
user_2119,Impulse Buyers,International,0,,0.0
user_2120,Gen-Z Trend Seekers,International,0,,0.0
user_2121,Impulse Buyers,Tier-2 Cities,0,,0.0
user_2122,Budget Parents,Tier-2 Cities,0,,0.0
user_2123,Impulse Buyers,Tier-3 Cities,0,,0.0
user_2124,Premium Fitness Users,Tier-3 Cities,0,,0.0
user_2125,Impulse Buyers,International,0,,0.0
user_2126,Impulse Buyers,International,0,,0.0
user_2127,Budget Parents,Tier-2 Cities,0,,0.0
user_2128,Impulse Buyers,International,0,,0.0
user_2129,Unknown,Tier-1 Cities,0,,0.0
user_2130,Budget Parents,Tier-2 Cities,0,,0.0
user_2131,Impulse Buyers,Tier-1 Cities,0,,0.0
user_2132,Impulse Buyers,Tier-3 Cities,0,,0.0
user_2133,Premium Fitness Users,International,0,,0.0
user_2134,Budget Parents,Tier-2 Cities,0,,0.0
user_2135,Budget Parents,Tier-3 Cities,0,,0.0
user_2136,Gen-Z Trend Seekers,Tier-2 Cities,0,,0.0
user_2137,Premium Fitness Users,International,0,,0.0
user_2138,Premium Fitness Users,Tier-3 Cities,0,,0.0
user_2139,Impulse Buyers,International,0,,0.0
user_2140,Premium Fitness Users,Tier-1 Cities,0,,0.0
user_2141,Budget Parents,Tier-2 Cities,0,,0.0
user_2142,Gen-Z Trend Seekers,Tier-2 Cities,0,,0.0
user_2143,Unknown,International,0,,0.0
user_2144,Unknown,Tier-1 Cities,0,,0.0
user_2145,Budget Parents,Tier-1 Cities,0,,0.0
user_2146,Unknown,International,0,,0.0
user_2147,Premium Fitness Users,Tier-1 Cities,0,,0.0
user_2148,Budget Parents,Tier-2 Cities,0,,0.0
user_2149,Premium Fitness Users,International,0,,0.0
user_2150,Budget Parents,Tier-3 Cities,0,,0.0
user_2151,Gen-Z Trend Seekers,International,0,,0.0
user_2152,Budget Parents,Tier-2 Cities,0,,0.0
user_2153,Unknown,Tier-2 Cities,0,,0.0
user_2154,Premium Fitness Users,International,0,,0.0
user_2155,Gen-Z Trend Seekers,Tier-2 Cities,1,2023-09-19 00:00:34,5757.29
user_2156,Premium Fitness Users,Tier-1 Cities,0,,0.0
user_2157,Impulse Buyers,Tier-3 Cities,0,,0.0
user_2158,Gen-Z Trend Seekers,International,1,2023-10-25 19:04:59,5776.6
user_2159,Unknown,Tier-2 Cities,0,,0.0
user_2160,Budget Parents,International,0,,0.0
user_2161,Impulse Buyers,Tier-3 Cities,0,,0.0
user_2162,Budget Parents,Tier-3 Cities,0,,0.0
user_2163,Budget Parents,Tier-1 Cities,0,,0.0
user_2164,Budget Parents,Tier-1 Cities,0,,0.0
user_2165,Unknown,Tier-3 Cities,0,,0.0
user_2166,Premium Fitness Users,Tier-2 Cities,0,,0.0
user_2167,Unknown,Tier-2 Cities,0,,0.0
user_2168,Premium Fitness Users,Tier-3 Cities,0,,0.0
user_2169,Gen-Z Trend Seekers,Tier-1 Cities,1,2023-11-10 04:28:34,5418.97
user_2170,Unknown,Tier-3 Cities,0,,0.0
user_2171,Gen-Z Trend Seekers,Tier-1 Cities,0,,0.0
user_2172,Gen-Z Trend Seekers,Tier-1 Cities,0,,0.0
user_2173,Budget Parents,International,0,,0.0
user_2174,Budget Parents,Tier-3 Cities,0,,0.0
user_2175,Impulse Buyers,International,0,,0.0
user_2176,Gen-Z Trend Seekers,International,0,,0.0
user_2177,Gen-Z Trend Seekers,Tier-1 Cities,0,,0.0
user_2178,Gen-Z Trend Seekers,International,0,,0.0
user_2179,Budget Parents,Tier-1 Cities,0,,0.0
user_2180,Impulse Buyers,International,0,,0.0
user_2181,Premium Fitness Users,Tier-1 Cities,0,,0.0
user_2182,Budget Parents,Tier-3 Cities,0,,0.0
user_2183,Budget Parents,International,0,,0.0
user_2184,Unknown,Tier-3 Cities,0,,0.0
user_2185,Gen-Z Trend Seekers,International,0,,0.0
user_2186,Budget Parents,Tier-1 Cities,0,,0.0
user_2187,Impulse Buyers,Tier-1 Cities,0,,0.0
user_2188,Gen-Z Trend Seekers,Tier-3 Cities,0,,0.0
user_2189,Premium Fitness Users,International,0,,0.0
user_2190,Impulse Buyers,International,0,,0.0
user_2191,Impulse Buyers,Tier-1 Cities,0,,0.0
user_2192,Impulse Buyers,Tier-3 Cities,1,2023-04-03 18:13:22,2061.73
user_2193,Impulse Buyers,Tier-3 Cities,0,,0.0
user_2194,Gen-Z Trend Seekers,Tier-3 Cities,0,,0.0
user_2195,Gen-Z Trend Seekers,Tier-2 Cities,0,,0.0
user_2196,Impulse Buyers,Tier-1 Cities,0,,0.0
user_2197,Gen-Z Trend Seekers,International,0,,0.0
user_2198,Gen-Z Trend Seekers,International,1,2023-07-14 02:32:59,4536.86
user_2199,Budget Parents,International,0,,0.0
user_2200,Unknown,Tier-3 Cities,0,,0.0
user_2201,Impulse Buyers,Tier-3 Cities,0,,0.0
user_2202,Premium Fitness Users,Tier-2 Cities,0,,0.0
user_2203,Gen-Z Trend Seekers,International,0,,0.0
user_2204,Premium Fitness Users,Tier-1 Cities,1,2023-04-13 19:20:22,6885.13
user_2205,Budget Parents,International,0,,0.0
user_2206,Premium Fitness Users,Tier-3 Cities,0,,0.0
user_2207,Impulse Buyers,Tier-3 Cities,1,2023-02-10 12:54:26,922.43
user_2208,Gen-Z Trend Seekers,International,0,,0.0
user_2209,Premium Fitness Users,International,0,,0.0
user_2210,Impulse Buyers,International,0,,0.0
user_2211,Impulse Buyers,Tier-3 Cities,0,,0.0
user_2212,Impulse Buyers,International,0,,0.0
user_2213,Premium Fitness Users,Tier-1 Cities,0,,0.0
user_2214,Gen-Z Trend Seekers,International,0,,0.0
user_2215,Impulse Buyers,Tier-1 Cities,1,2023-04-22 12:47:57,3654.57
user_2216,Gen-Z Trend Seekers,International,0,,0.0
user_2217,Premium Fitness Users,Tier-1 Cities,0,,0.0
user_2218,Gen-Z Trend Seekers,Tier-2 Cities,1,2023-10-12 09:46:56,1265.64
user_2219,Premium Fitness Users,International,0,,0.0
user_2220,Budget Parents,Tier-2 Cities,0,,0.0
user_2221,Gen-Z Trend Seekers,Tier-3 Cities,0,,0.0
user_2222,Unknown,Tier-3 Cities,0,,0.0
user_2223,Unknown,Tier-1 Cities,0,,0.0
user_2224,Budget Parents,International,0,,0.0
user_2225,Budget Parents,Tier-1 Cities,0,,0.0
user_2226,Gen-Z Trend Seekers,Tier-2 Cities,0,,0.0
user_2227,Premium Fitness Users,Tier-2 Cities,0,,0.0
user_2228,Gen-Z Trend Seekers,Tier-2 Cities,0,,0.0
user_2229,Gen-Z Trend Seekers,Tier-3 Cities,0,,0.0
user_2230,Premium Fitness Users,International,0,,0.0
user_2231,Premium Fitness Users,Tier-3 Cities,0,,0.0
user_2232,Premium Fitness Users,Tier-3 Cities,0,,0.0
user_2233,Impulse Buyers,Tier-3 Cities,0,,0.0
user_2234,Gen-Z Trend Seekers,International,0,,0.0
user_2235,Budget Parents,Tier-3 Cities,0,,0.0
user_2236,Unknown,Tier-3 Cities,0,,0.0
user_2237,Budget Parents,Tier-2 Cities,0,,0.0
user_2238,Budget Parents,Tier-3 Cities,0,,0.0
user_2239,Gen-Z Trend Seekers,Tier-3 Cities,1,2023-11-18 17:19:08,3865.51
user_2240,Unknown,Tier-1 Cities,0,,0.0
user_2241,Gen-Z Trend Seekers,Tier-1 Cities,0,,0.0
user_2242,Impulse Buyers,Tier-3 Cities,0,,0.0
user_2243,Impulse Buyers,Tier-2 Cities,0,,0.0
user_2244,Budget Parents,International,0,,0.0
user_2245,Impulse Buyers,Tier-3 Cities,0,,0.0
user_2246,Budget Parents,Tier-2 Cities,0,,0.0
user_2247,Impulse Buyers,Tier-2 Cities,0,,0.0
user_2248,Impulse Buyers,Tier-3 Cities,1,2023-06-03 12:34:54,1486.7
user_2249,Gen-Z Trend Seekers,Tier-2 Cities,0,,0.0
user_2250,Gen-Z Trend Seekers,Tier-1 Cities,0,,0.0
user_2251,Gen-Z Trend Seekers,Tier-2 Cities,1,2023-05-27 18:51:32,3284.03
user_2252,Budget Parents,Tier-1 Cities,0,,0.0
user_2253,Budget Parents,Tier-3 Cities,0,,0.0
user_2254,Budget Parents,Tier-1 Cities,1,2023-11-04 13:12:20,5858.05
user_2255,Premium Fitness Users,Tier-1 Cities,0,,0.0
user_2256,Premium Fitness Users,Tier-3 Cities,0,,0.0
user_2257,Budget Parents,International,1,2023-08-13 01:12:27,4818.66
user_2258,Gen-Z Trend Seekers,Tier-1 Cities,0,,0.0
user_2259,Impulse Buyers,Tier-3 Cities,0,,0.0
user_2260,Impulse Buyers,Tier-3 Cities,0,,0.0
user_2261,Gen-Z Trend Seekers,Tier-2 Cities,1,2023-03-01 23:34:30,5027.24
user_2262,Budget Parents,Tier-1 Cities,0,,0.0
user_2263,Impulse Buyers,Tier-1 Cities,0,,0.0
user_2264,Gen-Z Trend Seekers,Tier-3 Cities,0,,0.0
user_2265,Budget Parents,Tier-1 Cities,0,,0.0
user_2266,Unknown,Tier-1 Cities,0,,0.0
user_2267,Unknown,International,0,,0.0
user_2268,Gen-Z Trend Seekers,International,0,,0.0
user_2269,Impulse Buyers,Tier-3 Cities,1,2023-07-18 11:15:26,3890.02
user_2270,Impulse Buyers,International,1,2023-03-08 22:09:31,1696.55
user_2271,Impulse Buyers,Tier-3 Cities,0,,0.0
user_2272,Budget Parents,Tier-1 Cities,0,,0.0
user_2273,Budget Parents,International,0,,0.0
user_2274,Gen-Z Trend Seekers,Tier-2 Cities,0,,0.0
user_2275,Budget Parents,Tier-2 Cities,0,,0.0
user_2276,Impulse Buyers,International,0,,0.0
user_2277,Premium Fitness Users,Tier-2 Cities,0,,0.0
user_2278,Impulse Buyers,Tier-2 Cities,0,,0.0
user_2279,Premium Fitness Users,Tier-3 Cities,0,,0.0
user_2280,Gen-Z Trend Seekers,Tier-1 Cities,0,,0.0
user_2281,Premium Fitness Users,Tier-2 Cities,0,,0.0
user_2282,Gen-Z Trend Seekers,Tier-3 Cities,0,,0.0
user_2283,Gen-Z Trend Seekers,Tier-1 Cities,0,,0.0
user_2284,Impulse Buyers,Tier-2 Cities,0,,0.0
user_2285,Gen-Z Trend Seekers,Tier-3 Cities,0,,0.0
user_2286,Unknown,Tier-1 Cities,0,,0.0
user_2287,Unknown,Tier-3 Cities,0,,0.0
user_2288,Gen-Z Trend Seekers,Tier-3 Cities,0,,0.0
user_2289,Impulse Buyers,Tier-2 Cities,0,,0.0
user_2290,Unknown,International,0,,0.0
user_2291,Gen-Z Trend Seekers,Tier-3 Cities,0,,0.0
user_2292,Gen-Z Trend Seekers,Tier-2 Cities,0,,0.0
user_2293,Budget Parents,International,0,,0.0
user_2294,Premium Fitness Users,International,0,,0.0
user_2295,Gen-Z Trend Seekers,Tier-1 Cities,0,,0.0
user_2296,Unknown,Tier-2 Cities,0,,0.0
user_2297,Gen-Z Trend Seekers,Tier-2 Cities,0,,0.0
user_2298,Premium Fitness Users,Tier-1 Cities,0,,0.0
user_2299,Impulse Buyers,International,0,,0.0
user_2300,Gen-Z Trend Seekers,Tier-3 Cities,1,2024-01-04 17:53:59,1756.17
user_2301,Gen-Z Trend Seekers,International,0,,0.0
user_2302,Impulse Buyers,International,0,,0.0
user_2303,Budget Parents,Tier-3 Cities,0,,0.0
user_2304,Gen-Z Trend Seekers,Tier-2 Cities,0,,0.0
user_2305,Impulse Buyers,Tier-3 Cities,0,,0.0
user_2306,Unknown,International,0,,0.0
user_2307,Budget Parents,Tier-2 Cities,0,,0.0
user_2308,Impulse Buyers,Tier-1 Cities,0,,0.0
user_2309,Premium Fitness Users,Tier-3 Cities,0,,0.0
user_2310,Gen-Z Trend Seekers,International,0,,0.0
user_2311,Budget Parents,Tier-3 Cities,0,,0.0
user_2312,Budget Parents,Tier-2 Cities,0,,0.0
user_2313,Gen-Z Trend Seekers,Tier-1 Cities,1,2023-08-31 01:09:18,3153.67
user_2314,Budget Parents,Tier-1 Cities,0,,0.0
user_2315,Budget Parents,International,1,2023-08-24 04:13:47,6943.37
user_2316,Impulse Buyers,Tier-3 Cities,0,,0.0
user_2317,Premium Fitness Users,Tier-2 Cities,0,,0.0
user_2318,Gen-Z Trend Seekers,Tier-1 Cities,0,,0.0
user_2319,Premium Fitness Users,Tier-2 Cities,0,,0.0
user_2320,Budget Parents,Tier-3 Cities,0,,0.0
user_2321,Impulse Buyers,Tier-3 Cities,0,,0.0
user_2322,Gen-Z Trend Seekers,Tier-3 Cities,0,,0.0
user_2323,Premium Fitness Users,Tier-2 Cities,0,,0.0
user_2324,Impulse Buyers,Tier-2 Cities,1,2024-01-05 02:05:36,1080.65
user_2325,Budget Parents,International,0,,0.0
user_2326,Gen-Z Trend Seekers,Tier-2 Cities,0,,0.0
user_2327,Budget Parents,Tier-1 Cities,0,,0.0
user_2328,Gen-Z Trend Seekers,International,0,,0.0
user_2329,Impulse Buyers,Tier-1 Cities,0,,0.0
user_2330,Unknown,International,0,,0.0
user_2331,Budget Parents,Tier-2 Cities,0,,0.0
user_2332,Gen-Z Trend Seekers,International,0,,0.0
user_2333,Gen-Z Trend Seekers,Tier-1 Cities,0,,0.0
user_2334,Budget Parents,Tier-1 Cities,0,,0.0
user_2335,Premium Fitness Users,Tier-2 Cities,0,,0.0
user_2336,Gen-Z Trend Seekers,Tier-1 Cities,1,2023-07-21 04:53:34,4078.63
user_2337,Gen-Z Trend Seekers,Tier-3 Cities,0,,0.0
user_2338,Impulse Buyers,Tier-1 Cities,0,,0.0
user_2339,Gen-Z Trend Seekers,Tier-2 Cities,0,,0.0
user_2340,Unknown,Tier-2 Cities,0,,0.0
user_2341,Gen-Z Trend Seekers,Tier-1 Cities,0,,0.0
user_2342,Premium Fitness Users,Tier-1 Cities,0,,0.0
user_2343,Budget Parents,Tier-1 Cities,0,,0.0
user_2344,Unknown,Tier-3 Cities,0,,0.0
user_2345,Gen-Z Trend Seekers,Tier-2 Cities,1,2023-09-02 19:10:59,5498.82
user_2346,Impulse Buyers,Tier-3 Cities,0,,0.0
user_2347,Premium Fitness Users,Tier-3 Cities,0,,0.0
user_2348,Budget Parents,International,0,,0.0
user_2349,Budget Parents,Tier-3 Cities,0,,0.0
user_2350,Premium Fitness Users,Tier-3 Cities,0,,0.0
user_2351,Gen-Z Trend Seekers,International,0,,0.0
user_2352,Impulse Buyers,International,1,2023-09-26 05:06:00,2112.33
user_2353,Impulse Buyers,Tier-3 Cities,0,,0.0
user_2354,Budget Parents,International,0,,0.0
user_2355,Impulse Buyers,Tier-3 Cities,0,,0.0
user_2356,Gen-Z Trend Seekers,Tier-2 Cities,0,,0.0
user_2357,Budget Parents,Tier-3 Cities,0,,0.0
user_2358,Budget Parents,Tier-3 Cities,0,,0.0
user_2359,Gen-Z Trend Seekers,Tier-1 Cities,0,,0.0
user_2360,Premium Fitness Users,International,0,,0.0
user_2361,Unknown,Tier-1 Cities,0,,0.0
user_2362,Gen-Z Trend Seekers,Tier-2 Cities,0,,0.0
user_2363,Impulse Buyers,Tier-2 Cities,0,,0.0
user_2364,Premium Fitness Users,Tier-1 Cities,0,,0.0
user_2365,Budget Parents,International,0,,0.0
user_2366,Gen-Z Trend Seekers,Tier-3 Cities,1,2023-08-18 14:06:45,4492.99
user_2367,Impulse Buyers,International,0,,0.0
user_2368,Impulse Buyers,International,0,,0.0
user_2369,Unknown,International,0,,0.0
user_2370,Unknown,Tier-3 Cities,0,,0.0
user_2371,Impulse Buyers,Tier-2 Cities,0,,0.0
user_2372,Gen-Z Trend Seekers,Tier-2 Cities,0,,0.0
user_2373,Premium Fitness Users,Tier-1 Cities,0,,0.0
user_2374,Premium Fitness Users,Tier-2 Cities,0,,0.0
user_2375,Impulse Buyers,International,0,,0.0
user_2376,Budget Parents,Tier-2 Cities,0,,0.0
user_2377,Premium Fitness Users,International,0,,0.0
user_2378,Budget Parents,Tier-1 Cities,0,,0.0
user_2379,Impulse Buyers,Tier-3 Cities,0,,0.0
user_2380,Budget Parents,Tier-3 Cities,0,,0.0
user_2381,Impulse Buyers,Tier-2 Cities,0,,0.0
user_2382,Budget Parents,International,0,,0.0
user_2383,Gen-Z Trend Seekers,Tier-1 Cities,0,,0.0
user_2384,Gen-Z Trend Seekers,Tier-3 Cities,0,,0.0
user_2385,Unknown,Tier-2 Cities,0,,0.0
user_2386,Premium Fitness Users,International,0,,0.0
user_2387,Gen-Z Trend Seekers,Tier-2 Cities,0,,0.0
user_2388,Budget Parents,Tier-1 Cities,1,2023-11-15 20:40:15,2094.35
user_2389,Impulse Buyers,Tier-1 Cities,0,,0.0
user_2390,Budget Parents,Tier-2 Cities,0,,0.0
user_2391,Impulse Buyers,Tier-3 Cities,1,2023-06-22 20:08:30,1381.03
user_2392,Premium Fitness Users,Tier-2 Cities,0,,0.0
user_2393,Gen-Z Trend Seekers,Tier-2 Cities,0,,0.0
user_2394,Gen-Z Trend Seekers,Tier-3 Cities,0,,0.0
user_2395,Impulse Buyers,Tier-2 Cities,0,,0.0
user_2396,Impulse Buyers,Tier-2 Cities,0,,0.0
user_2397,Gen-Z Trend Seekers,Tier-1 Cities,1,2023-02-16 04:27:12,2072.18
user_2398,Impulse Buyers,International,0,,0.0
user_2399,Gen-Z Trend Seekers,Tier-1 Cities,0,,0.0
user_2400,Impulse Buyers,Tier-3 Cities,0,,0.0
user_2401,Impulse Buyers,Tier-1 Cities,0,,0.0
user_2402,Impulse Buyers,Tier-3 Cities,1,2023-08-07 07:12:23,2047.81
user_2403,Gen-Z Trend Seekers,Tier-1 Cities,0,,0.0
user_2404,Premium Fitness Users,Tier-2 Cities,0,,0.0
user_2405,Impulse Buyers,Tier-2 Cities,0,,0.0
user_2406,Gen-Z Trend Seekers,Tier-2 Cities,1,2023-09-24 23:25:49,3463.42
user_2407,Premium Fitness Users,International,0,,0.0
user_2408,Impulse Buyers,Tier-1 Cities,0,,0.0
user_2409,Gen-Z Trend Seekers,Tier-3 Cities,0,,0.0
user_2410,Budget Parents,Tier-1 Cities,0,,0.0
user_2411,Premium Fitness Users,Tier-1 Cities,0,,0.0
user_2412,Premium Fitness Users,Tier-1 Cities,0,,0.0
user_2413,Gen-Z Trend Seekers,Tier-1 Cities,0,,0.0
user_2414,Unknown,Tier-3 Cities,0,,0.0
user_2415,Gen-Z Trend Seekers,Tier-2 Cities,0,,0.0
user_2416,Budget Parents,Tier-2 Cities,0,,0.0
user_2417,Unknown,Tier-3 Cities,0,,0.0
user_2418,Budget Parents,Tier-3 Cities,0,,0.0
user_2419,Impulse Buyers,Tier-1 Cities,0,,0.0
user_2420,Budget Parents,Tier-1 Cities,0,,0.0
user_2421,Budget Parents,Tier-3 Cities,0,,0.0
user_2422,Budget Parents,Tier-3 Cities,0,,0.0
user_2423,Budget Parents,Tier-3 Cities,0,,0.0
user_2424,Premium Fitness Users,Tier-1 Cities,0,,0.0
user_2425,Budget Parents,Tier-2 Cities,1,2023-03-02 13:02:07,3012.16
user_2426,Unknown,Tier-2 Cities,0,,0.0
user_2427,Impulse Buyers,International,0,,0.0
user_2428,Budget Parents,Tier-3 Cities,0,,0.0
user_2429,Gen-Z Trend Seekers,Tier-1 Cities,0,,0.0
user_2430,Impulse Buyers,Tier-2 Cities,0,,0.0
user_2431,Premium Fitness Users,Tier-2 Cities,0,,0.0
user_2432,Gen-Z Trend Seekers,Tier-2 Cities,0,,0.0
user_2433,Impulse Buyers,Tier-1 Cities,0,,0.0
user_2434,Unknown,International,0,,0.0
user_2435,Premium Fitness Users,Tier-2 Cities,0,,0.0
user_2436,Gen-Z Trend Seekers,International,0,,0.0
user_2437,Premium Fitness Users,Tier-2 Cities,0,,0.0
user_2438,Impulse Buyers,International,0,,0.0
user_2439,Impulse Buyers,International,0,,0.0
user_2440,Gen-Z Trend Seekers,Tier-3 Cities,0,,0.0
user_2441,Unknown,International,0,,0.0
user_2442,Unknown,Tier-3 Cities,0,,0.0
user_2443,Gen-Z Trend Seekers,Tier-3 Cities,0,,0.0
user_2444,Unknown,Tier-2 Cities,0,,0.0
user_2445,Gen-Z Trend Seekers,International,0,,0.0
user_2446,Premium Fitness Users,International,0,,0.0
user_2447,Gen-Z Trend Seekers,Tier-3 Cities,0,,0.0
user_2448,Impulse Buyers,Tier-3 Cities,0,,0.0
user_2449,Impulse Buyers,Tier-2 Cities,1,2023-11-26 13:30:11,3970.23
user_2450,Premium Fitness Users,Tier-3 Cities,0,,0.0
user_2451,Budget Parents,Tier-1 Cities,0,,0.0
user_2452,Gen-Z Trend Seekers,Tier-3 Cities,0,,0.0
user_2453,Premium Fitness Users,International,0,,0.0
user_2454,Gen-Z Trend Seekers,Tier-2 Cities,0,,0.0
user_2455,Premium Fitness Users,Tier-3 Cities,0,,0.0
user_2456,Gen-Z Trend Seekers,Tier-3 Cities,0,,0.0
user_2457,Premium Fitness Users,Tier-2 Cities,0,,0.0
user_2458,Premium Fitness Users,Tier-3 Cities,0,,0.0
user_2459,Budget Parents,Tier-1 Cities,0,,0.0
user_2460,Impulse Buyers,International,0,,0.0
user_2461,Premium Fitness Users,Tier-1 Cities,0,,0.0
user_2462,Impulse Buyers,Tier-2 Cities,0,,0.0
user_2463,Budget Parents,Tier-2 Cities,0,,0.0
user_2464,Gen-Z Trend Seekers,Tier-3 Cities,0,,0.0
user_2465,Budget Parents,International,0,,0.0
user_2466,Premium Fitness Users,Tier-1 Cities,0,,0.0
user_2467,Gen-Z Trend Seekers,Tier-3 Cities,0,,0.0
user_2468,Gen-Z Trend Seekers,Tier-1 Cities,0,,0.0
user_2469,Premium Fitness Users,Tier-3 Cities,1,2023-02-20 04:13:21,11371.09
user_2470,Gen-Z Trend Seekers,Tier-1 Cities,0,,0.0
user_2471,Unknown,Tier-2 Cities,0,,0.0
user_2472,Budget Parents,Tier-2 Cities,1,2023-04-05 20:55:19,7325.87
user_2473,Premium Fitness Users,International,0,,0.0
user_2474,Gen-Z Trend Seekers,Tier-1 Cities,0,,0.0
user_2475,Gen-Z Trend Seekers,Tier-3 Cities,0,,0.0
user_2476,Budget Parents,Tier-1 Cities,0,,0.0
user_2477,Premium Fitness Users,Tier-3 Cities,0,,0.0
user_2478,Impulse Buyers,Tier-1 Cities,0,,0.0
user_2479,Impulse Buyers,International,0,,0.0
user_2480,Budget Parents,International,0,,0.0
user_2481,Budget Parents,Tier-2 Cities,0,,0.0
user_2482,Impulse Buyers,Tier-2 Cities,0,,0.0
user_2483,Gen-Z Trend Seekers,Tier-3 Cities,0,,0.0
user_2484,Premium Fitness Users,Tier-1 Cities,0,,0.0
user_2485,Unknown,Tier-2 Cities,0,,0.0
user_2486,Gen-Z Trend Seekers,International,0,,0.0
user_2487,Gen-Z Trend Seekers,International,1,2023-12-11 01:25:46,4583.3
user_2488,Budget Parents,International,0,,0.0
user_2489,Impulse Buyers,International,0,,0.0
user_2490,Gen-Z Trend Seekers,Tier-1 Cities,1,2023-11-30 13:04:38,1361.91
user_2491,Impulse Buyers,International,0,,0.0
user_2492,Unknown,Tier-1 Cities,0,,0.0
user_2493,Premium Fitness Users,Tier-1 Cities,0,,0.0
user_2494,Premium Fitness Users,International,1,2023-05-09 11:33:44,5082.26
user_2495,Impulse Buyers,Tier-3 Cities,0,,0.0
user_2496,Unknown,Tier-1 Cities,0,,0.0
user_2497,Impulse Buyers,International,0,,0.0
user_2498,Budget Parents,Tier-2 Cities,0,,0.0
user_2499,Gen-Z Trend Seekers,International,1,2023-04-21 19:29:06,3488.85
user_2500,Gen-Z Trend Seekers,Tier-3 Cities,0,,0.0
user_2501,Premium Fitness Users,Tier-3 Cities,0,,0.0
user_2502,Impulse Buyers,Tier-1 Cities,0,,0.0
user_2503,Unknown,International,0,,0.0
user_2504,Unknown,Tier-2 Cities,0,,0.0
user_2505,Gen-Z Trend Seekers,Tier-1 Cities,0,,0.0
user_2506,Unknown,Tier-1 Cities,0,,0.0
user_2507,Impulse Buyers,International,0,,0.0
user_2508,Premium Fitness Users,International,0,,0.0
user_2509,Impulse Buyers,Tier-2 Cities,0,,0.0
user_2510,Budget Parents,International,0,,0.0
user_2511,Gen-Z Trend Seekers,Tier-3 Cities,0,,0.0
user_2512,Premium Fitness Users,Tier-2 Cities,1,2023-09-07 12:38:07,10091.53
user_2513,Gen-Z Trend Seekers,Tier-2 Cities,0,,0.0
user_2514,Gen-Z Trend Seekers,Tier-3 Cities,0,,0.0
user_2515,Premium Fitness Users,Tier-1 Cities,0,,0.0
user_2516,Budget Parents,Tier-3 Cities,0,,0.0
user_2517,Budget Parents,International,0,,0.0
user_2518,Gen-Z Trend Seekers,Tier-2 Cities,0,,0.0
user_2519,Gen-Z Trend Seekers,Tier-3 Cities,1,2023-06-05 04:39:18,5307.91
user_2520,Premium Fitness Users,Tier-2 Cities,0,,0.0
user_2521,Gen-Z Trend Seekers,International,0,,0.0
user_2522,Unknown,Tier-3 Cities,0,,0.0
user_2523,Impulse Buyers,Tier-3 Cities,0,,0.0
user_2524,Premium Fitness Users,Tier-1 Cities,1,2023-12-01 09:00:51,7727.82
user_2525,Budget Parents,Tier-1 Cities,0,,0.0
user_2526,Budget Parents,Tier-1 Cities,0,,0.0
user_2527,Impulse Buyers,International,0,,0.0
user_2528,Gen-Z Trend Seekers,Tier-2 Cities,0,,0.0
user_2529,Unknown,Tier-2 Cities,0,,0.0
user_2530,Impulse Buyers,Tier-2 Cities,0,,0.0
user_2531,Unknown,Tier-2 Cities,0,,0.0
user_2532,Unknown,Tier-2 Cities,0,,0.0
user_2533,Gen-Z Trend Seekers,Tier-1 Cities,0,,0.0
user_2534,Premium Fitness Users,Tier-1 Cities,0,,0.0
user_2535,Impulse Buyers,Tier-1 Cities,0,,0.0
user_2536,Unknown,Tier-1 Cities,0,,0.0
user_2537,Gen-Z Trend Seekers,Tier-1 Cities,0,,0.0
user_2538,Budget Parents,Tier-1 Cities,0,,0.0
user_2539,Budget Parents,Tier-3 Cities,1,2023-06-11 23:43:00,7176.11
user_2540,Gen-Z Trend Seekers,Tier-1 Cities,0,,0.0
user_2541,Gen-Z Trend Seekers,Tier-2 Cities,0,,0.0
user_2542,Budget Parents,International,0,,0.0
user_2543,Gen-Z Trend Seekers,Tier-1 Cities,0,,0.0
user_2544,Budget Parents,International,0,,0.0
user_2545,Gen-Z Trend Seekers,Tier-3 Cities,0,,0.0
user_2546,Unknown,Tier-1 Cities,0,,0.0
user_2547,Unknown,Tier-3 Cities,0,,0.0
user_2548,Premium Fitness Users,Tier-2 Cities,1,2023-09-25 00:30:45,6818.21
user_2549,Budget Parents,Tier-3 Cities,1,2023-08-08 08:26:32,2085.03
user_2550,Budget Parents,Tier-3 Cities,0,,0.0
user_2551,Gen-Z Trend Seekers,Tier-3 Cities,0,,0.0
user_2552,Impulse Buyers,Tier-3 Cities,0,,0.0
user_2553,Gen-Z Trend Seekers,Tier-1 Cities,0,,0.0
user_2554,Budget Parents,Tier-2 Cities,0,,0.0
user_2555,Premium Fitness Users,International,0,,0.0
user_2556,Gen-Z Trend Seekers,International,0,,0.0
user_2557,Budget Parents,International,0,,0.0
user_2558,Premium Fitness Users,Tier-2 Cities,0,,0.0
user_2559,Budget Parents,International,0,,0.0
user_2560,Budget Parents,Tier-1 Cities,0,,0.0
user_2561,Gen-Z Trend Seekers,Tier-1 Cities,0,,0.0
user_2562,Premium Fitness Users,International,0,,0.0
user_2563,Gen-Z Trend Seekers,International,0,,0.0
user_2564,Unknown,Tier-1 Cities,0,,0.0
user_2565,Impulse Buyers,Tier-1 Cities,0,,0.0
user_2566,Impulse Buyers,Tier-2 Cities,0,,0.0
user_2567,Impulse Buyers,Tier-1 Cities,1,2023-08-22 15:00:51,2085.4
user_2568,Budget Parents,Tier-1 Cities,0,,0.0
user_2569,Premium Fitness Users,International,0,,0.0
user_2570,Budget Parents,Tier-2 Cities,1,2023-10-19 14:47:07,3696.96
user_2571,Impulse Buyers,Tier-1 Cities,0,,0.0
user_2572,Premium Fitness Users,Tier-1 Cities,0,,0.0
user_2573,Unknown,Tier-1 Cities,0,,0.0
user_2574,Premium Fitness Users,Tier-2 Cities,0,,0.0
user_2575,Gen-Z Trend Seekers,Tier-1 Cities,1,2023-10-03 21:18:22,4469.82
user_2576,Gen-Z Trend Seekers,International,0,,0.0
user_2577,Impulse Buyers,Tier-2 Cities,0,,0.0
user_2578,Budget Parents,Tier-1 Cities,0,,0.0
user_2579,Unknown,Tier-1 Cities,0,,0.0
user_2580,Gen-Z Trend Seekers,Tier-3 Cities,0,,0.0
user_2581,Premium Fitness Users,Tier-3 Cities,1,2023-11-21 23:11:21,9685.26
user_2582,Gen-Z Trend Seekers,Tier-3 Cities,0,,0.0
user_2583,Premium Fitness Users,Tier-1 Cities,0,,0.0
user_2584,Unknown,International,0,,0.0
user_2585,Impulse Buyers,Tier-2 Cities,0,,0.0
user_2586,Budget Parents,Tier-3 Cities,0,,0.0
user_2587,Premium Fitness Users,Tier-1 Cities,1,2023-12-24 17:54:59,12458.25
user_2588,Unknown,Tier-1 Cities,0,,0.0
user_2589,Budget Parents,Tier-3 Cities,0,,0.0
user_2590,Budget Parents,International,0,,0.0
user_2591,Unknown,Tier-1 Cities,0,,0.0
user_2592,Premium Fitness Users,International,0,,0.0
user_2593,Impulse Buyers,International,0,,0.0
user_2594,Unknown,Tier-2 Cities,0,,0.0
user_2595,Gen-Z Trend Seekers,Tier-2 Cities,0,,0.0
user_2596,Gen-Z Trend Seekers,Tier-3 Cities,0,,0.0
user_2597,Gen-Z Trend Seekers,Tier-1 Cities,0,,0.0
user_2598,Premium Fitness Users,International,0,,0.0
user_2599,Impulse Buyers,Tier-3 Cities,0,,0.0
user_2600,Budget Parents,Tier-2 Cities,0,,0.0
user_2601,Gen-Z Trend Seekers,Tier-1 Cities,0,,0.0
user_2602,Gen-Z Trend Seekers,Tier-2 Cities,1,2023-08-09 22:23:02,3699.51
user_2603,Budget Parents,International,0,,0.0
user_2604,Impulse Buyers,Tier-3 Cities,0,,0.0
user_2605,Budget Parents,Tier-1 Cities,0,,0.0
user_2606,Budget Parents,International,0,,0.0
user_2607,Unknown,International,0,,0.0
user_2608,Unknown,Tier-1 Cities,0,,0.0
user_2609,Gen-Z Trend Seekers,Tier-1 Cities,0,,0.0
user_2610,Impulse Buyers,Tier-2 Cities,0,,0.0
user_2611,Gen-Z Trend Seekers,Tier-1 Cities,0,,0.0
user_2612,Budget Parents,International,0,,0.0
user_2613,Premium Fitness Users,Tier-3 Cities,1,2023-09-06 23:48:17,2806.98
user_2614,Impulse Buyers,International,0,,0.0
user_2615,Unknown,International,0,,0.0
user_2616,Budget Parents,Tier-1 Cities,0,,0.0
user_2617,Premium Fitness Users,Tier-2 Cities,0,,0.0
user_2618,Impulse Buyers,Tier-2 Cities,0,,0.0
user_2619,Gen-Z Trend Seekers,International,0,,0.0
user_2620,Budget Parents,Tier-1 Cities,0,,0.0
user_2621,Unknown,Tier-2 Cities,0,,0.0
user_2622,Impulse Buyers,Tier-1 Cities,0,,0.0
user_2623,Gen-Z Trend Seekers,Tier-3 Cities,0,,0.0
user_2624,Impulse Buyers,Tier-1 Cities,0,,0.0
user_2625,Impulse Buyers,Tier-3 Cities,1,2023-10-05 13:07:54,2084.66
user_2626,Impulse Buyers,Tier-2 Cities,0,,0.0
user_2627,Budget Parents,International,0,,0.0
user_2628,Premium Fitness Users,Tier-1 Cities,0,,0.0
user_2629,Budget Parents,International,0,,0.0
user_2630,Gen-Z Trend Seekers,Tier-2 Cities,0,,0.0
user_2631,Budget Parents,International,0,,0.0
user_2632,Gen-Z Trend Seekers,Tier-1 Cities,0,,0.0
user_2633,Gen-Z Trend Seekers,Tier-3 Cities,0,,0.0
user_2634,Unknown,International,0,,0.0
user_2635,Gen-Z Trend Seekers,Tier-3 Cities,1,2023-09-28 01:20:07,4213.56
user_2636,Premium Fitness Users,Tier-2 Cities,0,,0.0
user_2637,Budget Parents,Tier-3 Cities,0,,0.0
user_2638,Gen-Z Trend Seekers,Tier-1 Cities,0,,0.0
user_2639,Budget Parents,Tier-3 Cities,0,,0.0
user_2640,Impulse Buyers,Tier-3 Cities,0,,0.0
user_2641,Budget Parents,International,0,,0.0
user_2642,Gen-Z Trend Seekers,International,0,,0.0
user_2643,Budget Parents,Tier-1 Cities,0,,0.0
user_2644,Premium Fitness Users,Tier-2 Cities,0,,0.0
user_2645,Impulse Buyers,Tier-3 Cities,0,,0.0
user_2646,Unknown,Tier-1 Cities,0,,0.0
user_2647,Unknown,Tier-1 Cities,0,,0.0
user_2648,Impulse Buyers,Tier-2 Cities,1,2024-01-13 20:57:17,1144.42
user_2649,Impulse Buyers,Tier-3 Cities,1,2023-01-25 15:25:14,970.7
user_2650,Gen-Z Trend Seekers,Tier-1 Cities,0,,0.0
user_2651,Impulse Buyers,Tier-2 Cities,0,,0.0
user_2652,Premium Fitness Users,International,0,,0.0
user_2653,Budget Parents,International,0,,0.0
user_2654,Premium Fitness Users,Tier-1 Cities,0,,0.0
user_2655,Premium Fitness Users,Tier-3 Cities,0,,0.0
user_2656,Premium Fitness Users,Tier-2 Cities,0,,0.0
user_2657,Impulse Buyers,Tier-2 Cities,0,,0.0
user_2658,Premium Fitness Users,Tier-3 Cities,0,,0.0
user_2659,Gen-Z Trend Seekers,Tier-2 Cities,0,,0.0
user_2660,Gen-Z Trend Seekers,Tier-2 Cities,0,,0.0
user_2661,Gen-Z Trend Seekers,Tier-1 Cities,0,,0.0
user_2662,Unknown,Tier-3 Cities,0,,0.0
user_2663,Gen-Z Trend Seekers,Tier-3 Cities,0,,0.0
user_2664,Unknown,Tier-3 Cities,0,,0.0
user_2665,Impulse Buyers,Tier-2 Cities,0,,0.0
user_2666,Budget Parents,Tier-2 Cities,0,,0.0
user_2667,Budget Parents,Tier-3 Cities,0,,0.0
user_2668,Gen-Z Trend Seekers,Tier-3 Cities,1,2023-10-27 08:06:50,4141.8
user_2669,Gen-Z Trend Seekers,Tier-1 Cities,0,,0.0
user_2670,Budget Parents,International,0,,0.0
user_2671,Premium Fitness Users,Tier-3 Cities,0,,0.0
user_2672,Gen-Z Trend Seekers,Tier-3 Cities,0,,0.0
user_2673,Gen-Z Trend Seekers,Tier-3 Cities,0,,0.0
user_2674,Impulse Buyers,Tier-2 Cities,0,,0.0
user_2675,Premium Fitness Users,Tier-2 Cities,0,,0.0
user_2676,Budget Parents,International,0,,0.0
user_2677,Unknown,Tier-2 Cities,0,,0.0
user_2678,Budget Parents,Tier-3 Cities,0,,0.0
user_2679,Premium Fitness Users,Tier-1 Cities,0,,0.0
user_2680,Gen-Z Trend Seekers,International,0,,0.0
user_2681,Budget Parents,Tier-2 Cities,1,2023-03-18 14:15:31,6871.1
user_2682,Gen-Z Trend Seekers,International,0,,0.0
user_2683,Unknown,Tier-1 Cities,0,,0.0
user_2684,Budget Parents,Tier-2 Cities,0,,0.0
user_2685,Gen-Z Trend Seekers,Tier-3 Cities,0,,0.0
user_2686,Impulse Buyers,Tier-3 Cities,0,,0.0
user_2687,Impulse Buyers,Tier-3 Cities,0,,0.0
user_2688,Budget Parents,Tier-1 Cities,0,,0.0
user_2689,Gen-Z Trend Seekers,Tier-2 Cities,0,,0.0
user_2690,Gen-Z Trend Seekers,International,0,,0.0
user_2691,Gen-Z Trend Seekers,Tier-1 Cities,0,,0.0
user_2692,Budget Parents,Tier-1 Cities,0,,0.0
user_2693,Impulse Buyers,Tier-1 Cities,0,,0.0
user_2694,Premium Fitness Users,Tier-1 Cities,0,,0.0
user_2695,Unknown,Tier-2 Cities,0,,0.0
user_2696,Gen-Z Trend Seekers,Tier-2 Cities,1,2023-09-17 09:22:24,4122.25
user_2697,Unknown,Tier-2 Cities,0,,0.0
user_2698,Premium Fitness Users,International,0,,0.0
user_2699,Budget Parents,Tier-1 Cities,0,,0.0
user_2700,Gen-Z Trend Seekers,Tier-1 Cities,0,,0.0
user_2701,Budget Parents,Tier-2 Cities,0,,0.0
user_2702,Premium Fitness Users,Tier-1 Cities,1,2023-09-20 01:11:30,5523.27
user_2703,Gen-Z Trend Seekers,Tier-1 Cities,0,,0.0
user_2704,Unknown,Tier-2 Cities,0,,0.0
user_2705,Unknown,International,0,,0.0
user_2706,Impulse Buyers,Tier-1 Cities,0,,0.0
user_2707,Gen-Z Trend Seekers,Tier-1 Cities,0,,0.0
user_2708,Budget Parents,Tier-1 Cities,1,2023-11-24 13:19:05,1560.89
user_2709,Impulse Buyers,Tier-1 Cities,0,,0.0
user_2710,Impulse Buyers,International,0,,0.0
user_2711,Budget Parents,Tier-1 Cities,1,2023-08-07 17:35:32,6349.21
user_2712,Gen-Z Trend Seekers,Tier-2 Cities,0,,0.0
user_2713,Gen-Z Trend Seekers,Tier-2 Cities,0,,0.0
user_2714,Gen-Z Trend Seekers,Tier-1 Cities,0,,0.0
user_2715,Impulse Buyers,Tier-3 Cities,0,,0.0
user_2716,Premium Fitness Users,Tier-1 Cities,0,,0.0
user_2717,Impulse Buyers,Tier-2 Cities,0,,0.0
user_2718,Unknown,Tier-3 Cities,0,,0.0
user_2719,Premium Fitness Users,International,0,,0.0
user_2720,Gen-Z Trend Seekers,Tier-3 Cities,0,,0.0
user_2721,Gen-Z Trend Seekers,Tier-1 Cities,0,,0.0
user_2722,Gen-Z Trend Seekers,International,0,,0.0
user_2723,Budget Parents,Tier-2 Cities,0,,0.0
user_2724,Unknown,Tier-2 Cities,0,,0.0
user_2725,Unknown,Tier-2 Cities,0,,0.0
user_2726,Budget Parents,International,0,,0.0
user_2727,Impulse Buyers,International,0,,0.0
user_2728,Premium Fitness Users,Tier-2 Cities,0,,0.0
user_2729,Budget Parents,Tier-1 Cities,0,,0.0
user_2730,Budget Parents,Tier-3 Cities,1,2023-12-07 12:43:47,4067.3
user_2731,Premium Fitness Users,Tier-3 Cities,0,,0.0
user_2732,Impulse Buyers,Tier-2 Cities,0,,0.0
user_2733,Premium Fitness Users,Tier-3 Cities,1,2023-09-11 16:04:50,7217.89
user_2734,Impulse Buyers,Tier-2 Cities,0,,0.0
user_2735,Impulse Buyers,International,0,,0.0
user_2736,Premium Fitness Users,International,0,,0.0
user_2737,Gen-Z Trend Seekers,Tier-3 Cities,0,,0.0
user_2738,Gen-Z Trend Seekers,International,0,,0.0
user_2739,Gen-Z Trend Seekers,International,0,,0.0
user_2740,Gen-Z Trend Seekers,Tier-3 Cities,0,,0.0
user_2741,Gen-Z Trend Seekers,Tier-3 Cities,0,,0.0
user_2742,Budget Parents,International,0,,0.0
user_2743,Impulse Buyers,Tier-2 Cities,0,,0.0
user_2744,Gen-Z Trend Seekers,International,0,,0.0
user_2745,Budget Parents,International,0,,0.0
user_2746,Impulse Buyers,Tier-3 Cities,0,,0.0
user_2747,Gen-Z Trend Seekers,Tier-3 Cities,0,,0.0
user_2748,Premium Fitness Users,International,0,,0.0
user_2749,Unknown,International,0,,0.0
user_2750,Impulse Buyers,Tier-2 Cities,0,,0.0
user_2751,Gen-Z Trend Seekers,International,0,,0.0
user_2752,Impulse Buyers,Tier-1 Cities,0,,0.0
user_2753,Gen-Z Trend Seekers,Tier-3 Cities,0,,0.0
user_2754,Gen-Z Trend Seekers,Tier-3 Cities,0,,0.0
user_2755,Premium Fitness Users,Tier-1 Cities,0,,0.0
user_2756,Budget Parents,International,0,,0.0
user_2757,Premium Fitness Users,International,0,,0.0
user_2758,Budget Parents,Tier-1 Cities,0,,0.0
user_2759,Gen-Z Trend Seekers,International,0,,0.0
user_2760,Impulse Buyers,Tier-1 Cities,0,,0.0
user_2761,Budget Parents,Tier-2 Cities,0,,0.0
user_2762,Gen-Z Trend Seekers,Tier-2 Cities,0,,0.0
user_2763,Budget Parents,Tier-3 Cities,0,,0.0
user_2764,Gen-Z Trend Seekers,International,0,,0.0
user_2765,Gen-Z Trend Seekers,Tier-3 Cities,0,,0.0
user_2766,Gen-Z Trend Seekers,Tier-2 Cities,0,,0.0
user_2767,Impulse Buyers,Tier-3 Cities,0,,0.0
user_2768,Impulse Buyers,Tier-2 Cities,0,,0.0
user_2769,Gen-Z Trend Seekers,International,0,,0.0
user_2770,Gen-Z Trend Seekers,Tier-3 Cities,0,,0.0
user_2771,Budget Parents,Tier-2 Cities,1,2024-01-12 10:46:09,6105.81
user_2772,Budget Parents,International,0,,0.0
user_2773,Gen-Z Trend Seekers,Tier-3 Cities,0,,0.0
user_2774,Gen-Z Trend Seekers,International,0,,0.0
user_2775,Impulse Buyers,International,0,,0.0
user_2776,Gen-Z Trend Seekers,Tier-1 Cities,0,,0.0
user_2777,Budget Parents,Tier-2 Cities,0,,0.0
user_2778,Gen-Z Trend Seekers,Tier-2 Cities,0,,0.0
user_2779,Premium Fitness Users,International,0,,0.0
user_2780,Unknown,Tier-2 Cities,0,,0.0
user_2781,Impulse Buyers,International,0,,0.0
user_2782,Budget Parents,Tier-1 Cities,0,,0.0
user_2783,Impulse Buyers,International,0,,0.0
user_2784,Gen-Z Trend Seekers,Tier-2 Cities,0,,0.0
user_2785,Unknown,International,0,,0.0
user_2786,Premium Fitness Users,Tier-2 Cities,0,,0.0
user_2787,Gen-Z Trend Seekers,International,0,,0.0
user_2788,Premium Fitness Users,Tier-3 Cities,0,,0.0
user_2789,Gen-Z Trend Seekers,International,0,,0.0
user_2790,Gen-Z Trend Seekers,International,0,,0.0
user_2791,Budget Parents,Tier-2 Cities,1,2023-09-01 05:25:56,7371.11
user_2792,Impulse Buyers,Tier-3 Cities,0,,0.0
user_2793,Premium Fitness Users,Tier-2 Cities,0,,0.0
user_2794,Impulse Buyers,International,0,,0.0
user_2795,Budget Parents,Tier-2 Cities,0,,0.0
user_2796,Premium Fitness Users,Tier-3 Cities,0,,0.0
user_2797,Gen-Z Trend Seekers,Tier-2 Cities,0,,0.0
user_2798,Budget Parents,Tier-3 Cities,0,,0.0
user_2799,Gen-Z Trend Seekers,Tier-3 Cities,1,2023-11-16 17:30:21,5190.02
user_2800,Gen-Z Trend Seekers,Tier-3 Cities,0,,0.0
user_2801,Budget Parents,Tier-2 Cities,1,2023-06-25 04:32:55,2566.57
user_2802,Gen-Z Trend Seekers,International,0,,0.0
user_2803,Unknown,Tier-2 Cities,0,,0.0
user_2804,Budget Parents,Tier-2 Cities,0,,0.0
user_2805,Premium Fitness Users,International,0,,0.0
user_2806,Impulse Buyers,International,0,,0.0
user_2807,Gen-Z Trend Seekers,Tier-3 Cities,0,,0.0
user_2808,Budget Parents,Tier-3 Cities,0,,0.0
user_2809,Gen-Z Trend Seekers,Tier-1 Cities,0,,0.0
user_2810,Impulse Buyers,Tier-2 Cities,0,,0.0
user_2811,Budget Parents,International,0,,0.0
user_2812,Impulse Buyers,Tier-2 Cities,0,,0.0
user_2813,Gen-Z Trend Seekers,Tier-3 Cities,0,,0.0
user_2814,Budget Parents,Tier-1 Cities,0,,0.0
user_2815,Gen-Z Trend Seekers,Tier-1 Cities,0,,0.0
user_2816,Premium Fitness Users,Tier-2 Cities,1,2023-11-05 01:06:20,3782.41
user_2817,Budget Parents,Tier-3 Cities,0,,0.0
user_2818,Impulse Buyers,International,1,2023-10-14 16:35:21,2590.58
user_2819,Premium Fitness Users,Tier-2 Cities,0,,0.0
user_2820,Gen-Z Trend Seekers,Tier-3 Cities,0,,0.0
user_2821,Gen-Z Trend Seekers,Tier-3 Cities,0,,0.0
user_2822,Budget Parents,Tier-1 Cities,0,,0.0
user_2823,Premium Fitness Users,Tier-2 Cities,0,,0.0
user_2824,Impulse Buyers,Tier-1 Cities,0,,0.0
user_2825,Budget Parents,Tier-1 Cities,0,,0.0
user_2826,Gen-Z Trend Seekers,Tier-1 Cities,0,,0.0
user_2827,Budget Parents,International,0,,0.0
user_2828,Impulse Buyers,Tier-1 Cities,0,,0.0
user_2829,Gen-Z Trend Seekers,International,0,,0.0
user_2830,Gen-Z Trend Seekers,International,0,,0.0
user_2831,Gen-Z Trend Seekers,Tier-3 Cities,0,,0.0
user_2832,Gen-Z Trend Seekers,Tier-3 Cities,0,,0.0
user_2833,Budget Parents,Tier-2 Cities,0,,0.0
user_2834,Premium Fitness Users,Tier-3 Cities,0,,0.0
user_2835,Impulse Buyers,International,0,,0.0
user_2836,Budget Parents,Tier-1 Cities,0,,0.0
user_2837,Impulse Buyers,Tier-1 Cities,0,,0.0
user_2838,Gen-Z Trend Seekers,Tier-1 Cities,0,,0.0
user_2839,Premium Fitness Users,International,0,,0.0
user_2840,Premium Fitness Users,Tier-2 Cities,0,,0.0
user_2841,Budget Parents,Tier-2 Cities,1,2023-10-27 04:08:06,3113.11
user_2842,Gen-Z Trend Seekers,Tier-2 Cities,0,,0.0
user_2843,Premium Fitness Users,International,0,,0.0
user_2844,Impulse Buyers,Tier-3 Cities,0,,0.0
user_2845,Budget Parents,Tier-3 Cities,0,,0.0
user_2846,Impulse Buyers,Tier-1 Cities,0,,0.0
user_2847,Unknown,Tier-2 Cities,0,,0.0
user_2848,Gen-Z Trend Seekers,Tier-2 Cities,0,,0.0
user_2849,Budget Parents,Tier-1 Cities,0,,0.0
user_2850,Budget Parents,Tier-2 Cities,0,,0.0
user_2851,Unknown,Tier-3 Cities,0,,0.0
user_2852,Budget Parents,Tier-1 Cities,0,,0.0
user_2853,Impulse Buyers,Tier-3 Cities,0,,0.0
user_2854,Unknown,Tier-1 Cities,0,,0.0
user_2855,Premium Fitness Users,Tier-2 Cities,0,,0.0
user_2856,Premium Fitness Users,Tier-1 Cities,0,,0.0
user_2857,Gen-Z Trend Seekers,International,0,,0.0
user_2858,Unknown,Tier-1 Cities,0,,0.0
user_2859,Budget Parents,Tier-1 Cities,0,,0.0
user_2860,Impulse Buyers,Tier-3 Cities,1,2023-04-29 22:57:35,3148.1
user_2861,Gen-Z Trend Seekers,Tier-2 Cities,0,,0.0
user_2862,Budget Parents,Tier-1 Cities,0,,0.0
user_2863,Impulse Buyers,International,0,,0.0
user_2864,Budget Parents,Tier-2 Cities,1,2023-04-17 19:00:15,1832.43
user_2865,Budget Parents,Tier-1 Cities,0,,0.0
user_2866,Impulse Buyers,Tier-3 Cities,0,,0.0
user_2867,Premium Fitness Users,Tier-3 Cities,0,,0.0
user_2868,Unknown,Tier-3 Cities,0,,0.0
user_2869,Budget Parents,International,0,,0.0
user_2870,Unknown,Tier-3 Cities,0,,0.0
user_2871,Premium Fitness Users,International,0,,0.0
user_2872,Gen-Z Trend Seekers,Tier-1 Cities,0,,0.0
user_2873,Gen-Z Trend Seekers,Tier-3 Cities,0,,0.0
user_2874,Budget Parents,Tier-1 Cities,0,,0.0
user_2875,Impulse Buyers,Tier-1 Cities,0,,0.0
user_2876,Impulse Buyers,Tier-2 Cities,1,2023-07-08 02:48:21,3642.26
user_2877,Unknown,International,0,,0.0
user_2878,Gen-Z Trend Seekers,Tier-2 Cities,0,,0.0
user_2879,Impulse Buyers,International,1,2023-04-10 00:25:33,1829.29
user_2880,Gen-Z Trend Seekers,Tier-1 Cities,0,,0.0
user_2881,Unknown,Tier-2 Cities,0,,0.0
user_2882,Budget Parents,International,0,,0.0
user_2883,Premium Fitness Users,Tier-3 Cities,0,,0.0
user_2884,Budget Parents,Tier-2 Cities,0,,0.0
user_2885,Unknown,Tier-1 Cities,0,,0.0
user_2886,Impulse Buyers,Tier-3 Cities,0,,0.0
user_2887,Gen-Z Trend Seekers,Tier-2 Cities,0,,0.0
user_2888,Gen-Z Trend Seekers,Tier-1 Cities,0,,0.0
user_2889,Budget Parents,Tier-3 Cities,0,,0.0
user_2890,Gen-Z Trend Seekers,Tier-1 Cities,0,,0.0
user_2891,Budget Parents,Tier-2 Cities,0,,0.0
user_2892,Premium Fitness Users,Tier-1 Cities,0,,0.0
user_2893,Gen-Z Trend Seekers,Tier-3 Cities,0,,0.0
user_2894,Gen-Z Trend Seekers,Tier-2 Cities,0,,0.0
user_2895,Budget Parents,Tier-3 Cities,0,,0.0
user_2896,Impulse Buyers,Tier-2 Cities,1,2023-09-11 22:41:04,3348.93
user_2897,Gen-Z Trend Seekers,Tier-2 Cities,0,,0.0
user_2898,Impulse Buyers,Tier-1 Cities,0,,0.0
user_2899,Impulse Buyers,Tier-1 Cities,0,,0.0
user_2900,Unknown,Tier-1 Cities,0,,0.0
user_2901,Budget Parents,Tier-2 Cities,0,,0.0
user_2902,Budget Parents,Tier-1 Cities,1,2024-01-07 22:12:22,2332.94
user_2903,Premium Fitness Users,International,0,,0.0
user_2904,Gen-Z Trend Seekers,Tier-1 Cities,0,,0.0
user_2905,Budget Parents,Tier-1 Cities,0,,0.0
user_2906,Budget Parents,Tier-1 Cities,0,,0.0
user_2907,Gen-Z Trend Seekers,Tier-3 Cities,0,,0.0
user_2908,Gen-Z Trend Seekers,International,0,,0.0
user_2909,Gen-Z Trend Seekers,Tier-2 Cities,0,,0.0
user_2910,Impulse Buyers,International,0,,0.0
user_2911,Gen-Z Trend Seekers,Tier-2 Cities,0,,0.0
user_2912,Gen-Z Trend Seekers,Tier-2 Cities,0,,0.0
user_2913,Gen-Z Trend Seekers,Tier-3 Cities,0,,0.0
user_2914,Budget Parents,Tier-2 Cities,0,,0.0
user_2915,Gen-Z Trend Seekers,International,0,,0.0
user_2916,Budget Parents,Tier-3 Cities,0,,0.0
user_2917,Gen-Z Trend Seekers,International,1,2023-05-16 16:53:10,2263.48
user_2918,Impulse Buyers,Tier-1 Cities,1,2023-05-16 14:40:14,1903.67
user_2919,Gen-Z Trend Seekers,Tier-3 Cities,0,,0.0
user_2920,Impulse Buyers,International,0,,0.0
user_2921,Premium Fitness Users,International,0,,0.0
user_2922,Impulse Buyers,Tier-3 Cities,0,,0.0
user_2923,Gen-Z Trend Seekers,Tier-3 Cities,0,,0.0
user_2924,Gen-Z Trend Seekers,International,0,,0.0
user_2925,Unknown,International,0,,0.0
user_2926,Impulse Buyers,Tier-2 Cities,0,,0.0
user_2927,Unknown,Tier-2 Cities,0,,0.0
user_2928,Impulse Buyers,Tier-3 Cities,0,,0.0
user_2929,Budget Parents,Tier-2 Cities,0,,0.0
user_2930,Budget Parents,Tier-2 Cities,0,,0.0
user_2931,Gen-Z Trend Seekers,Tier-2 Cities,1,2023-05-26 01:00:44,3621.35
user_2932,Impulse Buyers,International,0,,0.0
user_2933,Premium Fitness Users,Tier-2 Cities,1,2023-08-29 00:59:53,3074.16
user_2934,Impulse Buyers,Tier-2 Cities,0,,0.0
user_2935,Budget Parents,Tier-1 Cities,0,,0.0
user_2936,Budget Parents,Tier-3 Cities,0,,0.0
user_2937,Budget Parents,Tier-2 Cities,0,,0.0
user_2938,Unknown,International,0,,0.0
user_2939,Unknown,Tier-2 Cities,0,,0.0
user_2940,Gen-Z Trend Seekers,Tier-2 Cities,0,,0.0
user_2941,Gen-Z Trend Seekers,Tier-1 Cities,0,,0.0
user_2942,Budget Parents,Tier-3 Cities,0,,0.0
user_2943,Gen-Z Trend Seekers,Tier-2 Cities,1,2023-01-15 08:17:32,4008.08
user_2944,Premium Fitness Users,Tier-3 Cities,0,,0.0
user_2945,Budget Parents,Tier-2 Cities,0,,0.0
user_2946,Budget Parents,Tier-1 Cities,0,,0.0
user_2947,Impulse Buyers,Tier-1 Cities,0,,0.0
user_2948,Budget Parents,Tier-2 Cities,0,,0.0
user_2949,Impulse Buyers,Tier-3 Cities,0,,0.0
user_2950,Unknown,Tier-3 Cities,0,,0.0
user_2951,Impulse Buyers,Tier-1 Cities,0,,0.0
user_2952,Premium Fitness Users,Tier-3 Cities,0,,0.0
user_2953,Budget Parents,International,0,,0.0
user_2954,Gen-Z Trend Seekers,Tier-3 Cities,0,,0.0
user_2955,Premium Fitness Users,Tier-2 Cities,0,,0.0
user_2956,Premium Fitness Users,Tier-3 Cities,0,,0.0
user_2957,Premium Fitness Users,Tier-2 Cities,0,,0.0
user_2958,Impulse Buyers,Tier-3 Cities,0,,0.0
user_2959,Gen-Z Trend Seekers,Tier-1 Cities,0,,0.0
user_2960,Gen-Z Trend Seekers,International,0,,0.0
user_2961,Gen-Z Trend Seekers,Tier-3 Cities,1,2023-10-17 20:57:57,5048.39
user_2962,Gen-Z Trend Seekers,Tier-3 Cities,0,,0.0
user_2963,Impulse Buyers,International,0,,0.0
user_2964,Budget Parents,Tier-3 Cities,0,,0.0
user_2965,Impulse Buyers,International,0,,0.0
user_2966,Impulse Buyers,Tier-3 Cities,0,,0.0
user_2967,Premium Fitness Users,Tier-3 Cities,0,,0.0
user_2968,Gen-Z Trend Seekers,Tier-3 Cities,0,,0.0
user_2969,Gen-Z Trend Seekers,Tier-2 Cities,0,,0.0
user_2970,Impulse Buyers,Tier-2 Cities,0,,0.0
user_2971,Premium Fitness Users,Tier-3 Cities,1,2023-09-19 07:45:45,8418.62
user_2972,Budget Parents,Tier-1 Cities,0,,0.0
user_2973,Unknown,Tier-3 Cities,0,,0.0
user_2974,Budget Parents,Tier-1 Cities,0,,0.0
user_2975,Gen-Z Trend Seekers,Tier-1 Cities,0,,0.0
user_2976,Premium Fitness Users,International,0,,0.0
user_2977,Unknown,Tier-1 Cities,0,,0.0
user_2978,Premium Fitness Users,Tier-3 Cities,0,,0.0
user_2979,Unknown,Tier-2 Cities,0,,0.0
user_2980,Gen-Z Trend Seekers,International,0,,0.0
user_2981,Gen-Z Trend Seekers,Tier-3 Cities,0,,0.0
user_2982,Gen-Z Trend Seekers,Tier-1 Cities,0,,0.0
user_2983,Premium Fitness Users,Tier-3 Cities,1,2023-03-30 12:43:13,11379.8
user_2984,Budget Parents,Tier-2 Cities,0,,0.0
user_2985,Gen-Z Trend Seekers,Tier-1 Cities,1,2023-03-14 19:51:24,4595.25
user_2986,Impulse Buyers,International,0,,0.0
user_2987,Budget Parents,Tier-1 Cities,0,,0.0
user_2988,Budget Parents,Tier-1 Cities,0,,0.0
user_2989,Budget Parents,Tier-1 Cities,0,,0.0
user_2990,Premium Fitness Users,Tier-1 Cities,0,,0.0
user_2991,Gen-Z Trend Seekers,Tier-2 Cities,0,,0.0
user_2992,Budget Parents,Tier-2 Cities,0,,0.0
user_2993,Gen-Z Trend Seekers,Tier-2 Cities,0,,0.0
user_2994,Premium Fitness Users,Tier-3 Cities,0,,0.0
user_2995,Budget Parents,International,0,,0.0
user_2996,Premium Fitness Users,Tier-2 Cities,0,,0.0
user_2997,Impulse Buyers,Tier-2 Cities,0,,0.0
user_2998,Budget Parents,Tier-2 Cities,0,,0.0
user_2999,Budget Parents,Tier-2 Cities,0,,0.0
user_3000,Budget Parents,International,0,,0.0
user_3001,Gen-Z Trend Seekers,Tier-3 Cities,0,,0.0
user_3002,Gen-Z Trend Seekers,Tier-3 Cities,0,,0.0
user_3003,Premium Fitness Users,International,0,,0.0
user_3004,Premium Fitness Users,Tier-3 Cities,0,,0.0
user_3005,Budget Parents,Tier-3 Cities,0,,0.0
user_3006,Unknown,Tier-2 Cities,0,,0.0
user_3007,Budget Parents,Tier-3 Cities,0,,0.0
user_3008,Gen-Z Trend Seekers,International,0,,0.0
user_3009,Budget Parents,Tier-1 Cities,0,,0.0
user_3010,Gen-Z Trend Seekers,Tier-3 Cities,0,,0.0
user_3011,Budget Parents,Tier-1 Cities,0,,0.0
user_3012,Budget Parents,Tier-3 Cities,0,,0.0
user_3013,Gen-Z Trend Seekers,Tier-1 Cities,0,,0.0
user_3014,Budget Parents,International,0,,0.0
user_3015,Gen-Z Trend Seekers,International,0,,0.0
user_3016,Budget Parents,Tier-2 Cities,0,,0.0
user_3017,Impulse Buyers,Tier-3 Cities,0,,0.0
user_3018,Impulse Buyers,Tier-1 Cities,1,2023-03-15 11:49:42,3789.24
user_3019,Impulse Buyers,International,0,,0.0
user_3020,Unknown,International,0,,0.0
user_3021,Premium Fitness Users,Tier-1 Cities,1,2023-07-01 14:25:07,4734.57
user_3022,Budget Parents,Tier-3 Cities,0,,0.0
user_3023,Gen-Z Trend Seekers,Tier-2 Cities,0,,0.0
user_3024,Impulse Buyers,Tier-3 Cities,0,,0.0
user_3025,Premium Fitness Users,Tier-2 Cities,0,,0.0
user_3026,Gen-Z Trend Seekers,Tier-1 Cities,0,,0.0
user_3027,Budget Parents,International,0,,0.0
user_3028,Impulse Buyers,Tier-1 Cities,1,2023-02-23 23:05:32,1986.33
user_3029,Premium Fitness Users,Tier-2 Cities,0,,0.0
user_3030,Gen-Z Trend Seekers,Tier-2 Cities,0,,0.0
user_3031,Gen-Z Trend Seekers,Tier-3 Cities,0,,0.0
user_3032,Premium Fitness Users,International,0,,0.0
user_3033,Unknown,Tier-2 Cities,0,,0.0
user_3034,Budget Parents,Tier-3 Cities,1,2023-09-04 03:08:52,2207.71
user_3035,Gen-Z Trend Seekers,Tier-1 Cities,0,,0.0
user_3036,Impulse Buyers,Tier-1 Cities,0,,0.0
user_3037,Impulse Buyers,Tier-2 Cities,1,2023-10-06 20:34:47,3607.96
user_3038,Gen-Z Trend Seekers,International,0,,0.0
user_3039,Budget Parents,International,0,,0.0
user_3040,Gen-Z Trend Seekers,Tier-2 Cities,0,,0.0
user_3041,Impulse Buyers,International,0,,0.0
user_3042,Gen-Z Trend Seekers,International,0,,0.0
user_3043,Premium Fitness Users,Tier-2 Cities,0,,0.0
user_3044,Unknown,Tier-1 Cities,0,,0.0
user_3045,Impulse Buyers,Tier-1 Cities,0,,0.0
user_3046,Impulse Buyers,Tier-1 Cities,0,,0.0
user_3047,Budget Parents,Tier-2 Cities,0,,0.0
user_3048,Impulse Buyers,Tier-2 Cities,0,,0.0
user_3049,Budget Parents,Tier-1 Cities,0,,0.0
user_3050,Impulse Buyers,International,0,,0.0
user_3051,Budget Parents,Tier-3 Cities,0,,0.0
user_3052,Premium Fitness Users,International,0,,0.0
user_3053,Budget Parents,Tier-1 Cities,1,2024-01-13 18:50:09,2773.59
user_3054,Gen-Z Trend Seekers,Tier-3 Cities,0,,0.0
user_3055,Gen-Z Trend Seekers,Tier-2 Cities,0,,0.0
user_3056,Gen-Z Trend Seekers,International,0,,0.0
user_3057,Premium Fitness Users,Tier-3 Cities,0,,0.0
user_3058,Gen-Z Trend Seekers,Tier-1 Cities,0,,0.0
user_3059,Premium Fitness Users,Tier-1 Cities,0,,0.0
user_3060,Impulse Buyers,Tier-2 Cities,0,,0.0
user_3061,Premium Fitness Users,Tier-1 Cities,1,2023-08-27 12:39:14,6627.39
user_3062,Gen-Z Trend Seekers,Tier-2 Cities,0,,0.0
user_3063,Premium Fitness Users,Tier-1 Cities,0,,0.0
user_3064,Premium Fitness Users,Tier-3 Cities,0,,0.0
user_3065,Gen-Z Trend Seekers,Tier-1 Cities,0,,0.0
user_3066,Impulse Buyers,Tier-1 Cities,0,,0.0
user_3067,Premium Fitness Users,International,0,,0.0
user_3068,Gen-Z Trend Seekers,International,1,2023-04-11 15:50:17,2123.58
user_3069,Gen-Z Trend Seekers,International,0,,0.0
user_3070,Budget Parents,Tier-2 Cities,0,,0.0
user_3071,Gen-Z Trend Seekers,International,0,,0.0
user_3072,Gen-Z Trend Seekers,Tier-2 Cities,0,,0.0
user_3073,Unknown,Tier-2 Cities,0,,0.0
user_3074,Gen-Z Trend Seekers,Tier-3 Cities,0,,0.0
user_3075,Premium Fitness Users,Tier-3 Cities,0,,0.0
user_3076,Impulse Buyers,Tier-1 Cities,0,,0.0
user_3077,Budget Parents,Tier-2 Cities,1,2023-02-14 22:17:56,3816.26
user_3078,Impulse Buyers,Tier-3 Cities,0,,0.0
user_3079,Impulse Buyers,Tier-1 Cities,0,,0.0
user_3080,Gen-Z Trend Seekers,Tier-2 Cities,0,,0.0
user_3081,Impulse Buyers,Tier-3 Cities,0,,0.0
user_3082,Premium Fitness Users,Tier-2 Cities,0,,0.0
user_3083,Premium Fitness Users,Tier-1 Cities,0,,0.0
user_3084,Premium Fitness Users,Tier-2 Cities,0,,0.0
user_3085,Gen-Z Trend Seekers,Tier-2 Cities,0,,0.0
user_3086,Gen-Z Trend Seekers,Tier-1 Cities,0,,0.0
user_3087,Budget Parents,International,0,,0.0
user_3088,Impulse Buyers,International,0,,0.0
user_3089,Budget Parents,Tier-1 Cities,0,,0.0
user_3090,Unknown,Tier-3 Cities,0,,0.0
user_3091,Gen-Z Trend Seekers,Tier-2 Cities,0,,0.0
user_3092,Premium Fitness Users,International,1,2023-02-18 03:45:36,6833.32
user_3093,Premium Fitness Users,Tier-1 Cities,0,,0.0
user_3094,Impulse Buyers,International,0,,0.0
user_3095,Budget Parents,Tier-2 Cities,0,,0.0
user_3096,Impulse Buyers,Tier-1 Cities,0,,0.0
user_3097,Gen-Z Trend Seekers,Tier-2 Cities,0,,0.0
user_3098,Premium Fitness Users,Tier-1 Cities,0,,0.0
user_3099,Premium Fitness Users,Tier-1 Cities,0,,0.0
user_3100,Premium Fitness Users,International,0,,0.0
user_3101,Gen-Z Trend Seekers,International,0,,0.0
user_3102,Budget Parents,International,0,,0.0
user_3103,Impulse Buyers,International,0,,0.0
user_3104,Gen-Z Trend Seekers,Tier-1 Cities,0,,0.0
user_3105,Budget Parents,Tier-2 Cities,0,,0.0
user_3106,Budget Parents,International,0,,0.0
user_3107,Gen-Z Trend Seekers,Tier-1 Cities,1,2023-10-20 15:02:58,3453.53
user_3108,Impulse Buyers,Tier-1 Cities,0,,0.0
user_3109,Unknown,Tier-3 Cities,0,,0.0
user_3110,Premium Fitness Users,International,0,,0.0
user_3111,Unknown,International,0,,0.0
user_3112,Premium Fitness Users,Tier-1 Cities,0,,0.0
user_3113,Premium Fitness Users,Tier-2 Cities,1,2023-08-15 19:00:21,3337.48
user_3114,Unknown,Tier-2 Cities,0,,0.0
user_3115,Unknown,Tier-1 Cities,0,,0.0
user_3116,Unknown,Tier-3 Cities,0,,0.0
user_3117,Premium Fitness Users,Tier-3 Cities,0,,0.0
user_3118,Gen-Z Trend Seekers,Tier-3 Cities,0,,0.0
user_3119,Unknown,International,0,,0.0
user_3120,Gen-Z Trend Seekers,Tier-3 Cities,0,,0.0
user_3121,Impulse Buyers,Tier-2 Cities,0,,0.0
user_3122,Unknown,Tier-2 Cities,0,,0.0
user_3123,Premium Fitness Users,Tier-3 Cities,0,,0.0
user_3124,Gen-Z Trend Seekers,International,0,,0.0
user_3125,Premium Fitness Users,International,0,,0.0
user_3126,Budget Parents,Tier-1 Cities,0,,0.0
user_3127,Premium Fitness Users,Tier-2 Cities,0,,0.0
user_3128,Premium Fitness Users,Tier-1 Cities,0,,0.0
user_3129,Budget Parents,International,0,,0.0
user_3130,Unknown,Tier-2 Cities,0,,0.0
user_3131,Gen-Z Trend Seekers,Tier-2 Cities,0,,0.0
user_3132,Impulse Buyers,Tier-2 Cities,0,,0.0
user_3133,Budget Parents,International,1,2023-01-30 14:58:26,1692.04
user_3134,Gen-Z Trend Seekers,International,0,,0.0
user_3135,Gen-Z Trend Seekers,Tier-3 Cities,0,,0.0
user_3136,Impulse Buyers,Tier-3 Cities,0,,0.0
user_3137,Gen-Z Trend Seekers,International,0,,0.0
user_3138,Unknown,Tier-2 Cities,0,,0.0
user_3139,Unknown,Tier-1 Cities,0,,0.0
user_3140,Gen-Z Trend Seekers,Tier-3 Cities,0,,0.0
user_3141,Gen-Z Trend Seekers,Tier-3 Cities,0,,0.0
user_3142,Premium Fitness Users,Tier-2 Cities,0,,0.0
user_3143,Unknown,International,0,,0.0
user_3144,Gen-Z Trend Seekers,Tier-1 Cities,0,,0.0
user_3145,Impulse Buyers,Tier-3 Cities,0,,0.0
user_3146,Gen-Z Trend Seekers,Tier-2 Cities,0,,0.0
user_3147,Gen-Z Trend Seekers,Tier-1 Cities,0,,0.0
user_3148,Premium Fitness Users,Tier-3 Cities,0,,0.0
user_3149,Gen-Z Trend Seekers,Tier-2 Cities,0,,0.0
user_3150,Unknown,Tier-1 Cities,0,,0.0
user_3151,Gen-Z Trend Seekers,Tier-2 Cities,1,2023-04-13 07:50:41,3360.81
user_3152,Gen-Z Trend Seekers,International,0,,0.0
user_3153,Gen-Z Trend Seekers,International,0,,0.0
user_3154,Budget Parents,International,0,,0.0
user_3155,Unknown,Tier-2 Cities,0,,0.0
user_3156,Gen-Z Trend Seekers,Tier-1 Cities,0,,0.0
user_3157,Impulse Buyers,Tier-1 Cities,0,,0.0
user_3158,Gen-Z Trend Seekers,Tier-3 Cities,0,,0.0
user_3159,Impulse Buyers,Tier-2 Cities,0,,0.0
user_3160,Premium Fitness Users,International,0,,0.0
user_3161,Gen-Z Trend Seekers,Tier-2 Cities,0,,0.0
user_3162,Impulse Buyers,Tier-1 Cities,1,2023-11-03 21:41:58,2710.61
user_3163,Budget Parents,International,0,,0.0
user_3164,Unknown,International,0,,0.0
user_3165,Gen-Z Trend Seekers,Tier-1 Cities,0,,0.0
user_3166,Budget Parents,Tier-3 Cities,0,,0.0
user_3167,Impulse Buyers,Tier-3 Cities,0,,0.0
user_3168,Impulse Buyers,International,0,,0.0
user_3169,Budget Parents,Tier-3 Cities,1,2023-10-11 20:48:02,5870.24
user_3170,Impulse Buyers,Tier-1 Cities,0,,0.0
user_3171,Gen-Z Trend Seekers,Tier-1 Cities,1,2023-02-05 06:35:28,1504.27
user_3172,Impulse Buyers,Tier-1 Cities,0,,0.0
user_3173,Impulse Buyers,Tier-2 Cities,0,,0.0
user_3174,Budget Parents,International,0,,0.0
user_3175,Impulse Buyers,Tier-2 Cities,0,,0.0
user_3176,Gen-Z Trend Seekers,Tier-1 Cities,0,,0.0
user_3177,Budget Parents,Tier-1 Cities,0,,0.0
user_3178,Impulse Buyers,Tier-2 Cities,1,2023-04-19 10:48:20,1608.58
user_3179,Impulse Buyers,International,0,,0.0
user_3180,Unknown,International,0,,0.0
user_3181,Gen-Z Trend Seekers,Tier-1 Cities,0,,0.0
user_3182,Impulse Buyers,Tier-3 Cities,0,,0.0
user_3183,Gen-Z Trend Seekers,Tier-1 Cities,0,,0.0
user_3184,Premium Fitness Users,Tier-2 Cities,0,,0.0
user_3185,Unknown,Tier-2 Cities,0,,0.0
user_3186,Budget Parents,Tier-2 Cities,0,,0.0
user_3187,Impulse Buyers,Tier-1 Cities,0,,0.0
user_3188,Impulse Buyers,Tier-2 Cities,0,,0.0
user_3189,Impulse Buyers,Tier-1 Cities,0,,0.0
user_3190,Gen-Z Trend Seekers,Tier-1 Cities,0,,0.0
user_3191,Premium Fitness Users,Tier-2 Cities,0,,0.0
user_3192,Gen-Z Trend Seekers,Tier-3 Cities,0,,0.0
user_3193,Budget Parents,Tier-1 Cities,0,,0.0
user_3194,Impulse Buyers,Tier-1 Cities,0,,0.0
user_3195,Premium Fitness Users,International,0,,0.0
user_3196,Budget Parents,Tier-1 Cities,0,,0.0
user_3197,Budget Parents,Tier-2 Cities,0,,0.0
user_3198,Gen-Z Trend Seekers,International,0,,0.0
user_3199,Gen-Z Trend Seekers,Tier-3 Cities,0,,0.0
user_3200,Gen-Z Trend Seekers,Tier-3 Cities,0,,0.0
user_3201,Gen-Z Trend Seekers,International,0,,0.0
user_3202,Impulse Buyers,Tier-3 Cities,0,,0.0
user_3203,Budget Parents,Tier-2 Cities,0,,0.0
user_3204,Gen-Z Trend Seekers,Tier-2 Cities,0,,0.0
user_3205,Gen-Z Trend Seekers,Tier-2 Cities,0,,0.0
user_3206,Premium Fitness Users,Tier-1 Cities,0,,0.0
user_3207,Premium Fitness Users,Tier-3 Cities,0,,0.0
user_3208,Impulse Buyers,International,0,,0.0
user_3209,Gen-Z Trend Seekers,International,1,2023-04-07 23:55:41,2515.83
user_3210,Gen-Z Trend Seekers,International,0,,0.0
user_3211,Premium Fitness Users,International,0,,0.0
user_3212,Impulse Buyers,International,1,2023-03-26 13:15:25,3645.88
user_3213,Impulse Buyers,Tier-3 Cities,0,,0.0
user_3214,Gen-Z Trend Seekers,Tier-2 Cities,0,,0.0
user_3215,Gen-Z Trend Seekers,Tier-3 Cities,0,,0.0
user_3216,Premium Fitness Users,Tier-2 Cities,0,,0.0
user_3217,Impulse Buyers,Tier-1 Cities,1,2023-05-14 15:49:59,2146.7
user_3218,Gen-Z Trend Seekers,Tier-3 Cities,0,,0.0
user_3219,Budget Parents,Tier-1 Cities,0,,0.0
user_3220,Budget Parents,International,0,,0.0
user_3221,Impulse Buyers,Tier-1 Cities,0,,0.0
user_3222,Impulse Buyers,International,0,,0.0
user_3223,Impulse Buyers,Tier-2 Cities,0,,0.0
user_3224,Impulse Buyers,Tier-3 Cities,0,,0.0
user_3225,Impulse Buyers,Tier-2 Cities,1,2023-10-17 00:52:44,2116.96
user_3226,Impulse Buyers,Tier-1 Cities,0,,0.0
user_3227,Premium Fitness Users,Tier-3 Cities,0,,0.0
user_3228,Unknown,Tier-2 Cities,0,,0.0
user_3229,Gen-Z Trend Seekers,Tier-3 Cities,0,,0.0
user_3230,Impulse Buyers,Tier-2 Cities,0,,0.0
user_3231,Budget Parents,Tier-1 Cities,0,,0.0
user_3232,Impulse Buyers,International,0,,0.0
user_3233,Gen-Z Trend Seekers,Tier-3 Cities,0,,0.0
user_3234,Gen-Z Trend Seekers,Tier-3 Cities,0,,0.0
user_3235,Impulse Buyers,International,0,,0.0
user_3236,Gen-Z Trend Seekers,Tier-3 Cities,0,,0.0
user_3237,Premium Fitness Users,International,0,,0.0
user_3238,Impulse Buyers,Tier-1 Cities,1,2023-05-14 01:58:12,1705.8
user_3239,Impulse Buyers,Tier-3 Cities,0,,0.0
user_3240,Budget Parents,Tier-2 Cities,0,,0.0
user_3241,Unknown,Tier-1 Cities,0,,0.0
user_3242,Impulse Buyers,Tier-3 Cities,0,,0.0
user_3243,Impulse Buyers,Tier-2 Cities,0,,0.0
user_3244,Impulse Buyers,Tier-2 Cities,0,,0.0
user_3245,Budget Parents,Tier-1 Cities,0,,0.0
user_3246,Gen-Z Trend Seekers,International,0,,0.0
user_3247,Gen-Z Trend Seekers,Tier-1 Cities,0,,0.0
user_3248,Impulse Buyers,Tier-2 Cities,0,,0.0
user_3249,Unknown,Tier-2 Cities,0,,0.0
user_3250,Premium Fitness Users,Tier-1 Cities,0,,0.0
user_3251,Impulse Buyers,Tier-2 Cities,0,,0.0
user_3252,Impulse Buyers,International,0,,0.0
user_3253,Budget Parents,Tier-1 Cities,0,,0.0
user_3254,Budget Parents,Tier-1 Cities,1,2023-03-12 09:45:01,7341.65
user_3255,Premium Fitness Users,Tier-2 Cities,0,,0.0
user_3256,Impulse Buyers,Tier-1 Cities,0,,0.0
user_3257,Unknown,International,0,,0.0
user_3258,Unknown,Tier-2 Cities,0,,0.0
user_3259,Premium Fitness Users,International,1,2023-05-23 14:17:06,7171.17
user_3260,Gen-Z Trend Seekers,Tier-1 Cities,0,,0.0
user_3261,Impulse Buyers,Tier-2 Cities,1,2023-05-16 20:09:03,3927.51
user_3262,Unknown,International,0,,0.0
user_3263,Unknown,Tier-2 Cities,0,,0.0
user_3264,Budget Parents,International,0,,0.0
user_3265,Gen-Z Trend Seekers,Tier-1 Cities,0,,0.0
user_3266,Unknown,Tier-1 Cities,0,,0.0
user_3267,Impulse Buyers,International,1,2023-10-10 07:00:09,823.49
user_3268,Budget Parents,Tier-2 Cities,0,,0.0
user_3269,Unknown,Tier-3 Cities,0,,0.0
user_3270,Budget Parents,International,0,,0.0
user_3271,Budget Parents,Tier-3 Cities,0,,0.0
user_3272,Budget Parents,Tier-1 Cities,0,,0.0
user_3273,Premium Fitness Users,Tier-1 Cities,0,,0.0
user_3274,Premium Fitness Users,Tier-3 Cities,0,,0.0
user_3275,Impulse Buyers,Tier-1 Cities,0,,0.0
user_3276,Gen-Z Trend Seekers,Tier-3 Cities,0,,0.0
user_3277,Gen-Z Trend Seekers,Tier-2 Cities,0,,0.0
user_3278,Gen-Z Trend Seekers,International,0,,0.0
user_3279,Impulse Buyers,Tier-3 Cities,0,,0.0
user_3280,Gen-Z Trend Seekers,Tier-3 Cities,0,,0.0
user_3281,Budget Parents,Tier-1 Cities,1,2023-02-06 13:03:46,2997.47
user_3282,Impulse Buyers,International,0,,0.0
user_3283,Impulse Buyers,International,0,,0.0
user_3284,Budget Parents,International,0,,0.0
user_3285,Gen-Z Trend Seekers,Tier-3 Cities,0,,0.0
user_3286,Impulse Buyers,Tier-3 Cities,0,,0.0
user_3287,Budget Parents,Tier-3 Cities,1,2023-06-08 06:58:57,3642.49
user_3288,Budget Parents,Tier-3 Cities,1,2023-01-22 06:18:33,3871.87
user_3289,Unknown,Tier-3 Cities,0,,0.0
user_3290,Premium Fitness Users,Tier-2 Cities,0,,0.0
user_3291,Gen-Z Trend Seekers,Tier-3 Cities,0,,0.0
user_3292,Budget Parents,Tier-3 Cities,0,,0.0
user_3293,Budget Parents,Tier-3 Cities,0,,0.0
user_3294,Gen-Z Trend Seekers,Tier-2 Cities,0,,0.0
user_3295,Unknown,Tier-1 Cities,0,,0.0
user_3296,Gen-Z Trend Seekers,Tier-1 Cities,0,,0.0
user_3297,Impulse Buyers,International,0,,0.0
user_3298,Impulse Buyers,Tier-2 Cities,0,,0.0
user_3299,Premium Fitness Users,Tier-2 Cities,0,,0.0
user_3300,Premium Fitness Users,Tier-3 Cities,0,,0.0
user_3301,Impulse Buyers,Tier-1 Cities,0,,0.0
user_3302,Impulse Buyers,International,0,,0.0
user_3303,Gen-Z Trend Seekers,Tier-1 Cities,0,,0.0
user_3304,Gen-Z Trend Seekers,Tier-2 Cities,0,,0.0
user_3305,Impulse Buyers,Tier-1 Cities,0,,0.0
user_3306,Gen-Z Trend Seekers,Tier-2 Cities,0,,0.0
user_3307,Impulse Buyers,International,0,,0.0
user_3308,Gen-Z Trend Seekers,Tier-3 Cities,0,,0.0
user_3309,Premium Fitness Users,Tier-3 Cities,0,,0.0
user_3310,Gen-Z Trend Seekers,Tier-3 Cities,0,,0.0
user_3311,Gen-Z Trend Seekers,Tier-1 Cities,0,,0.0
user_3312,Budget Parents,International,0,,0.0
user_3313,Impulse Buyers,Tier-1 Cities,0,,0.0
user_3314,Gen-Z Trend Seekers,International,0,,0.0
user_3315,Gen-Z Trend Seekers,Tier-1 Cities,0,,0.0
user_3316,Gen-Z Trend Seekers,Tier-2 Cities,0,,0.0
user_3317,Gen-Z Trend Seekers,International,0,,0.0
user_3318,Gen-Z Trend Seekers,Tier-3 Cities,0,,0.0
user_3319,Impulse Buyers,Tier-2 Cities,0,,0.0
user_3320,Impulse Buyers,International,0,,0.0
user_3321,Gen-Z Trend Seekers,Tier-2 Cities,0,,0.0
user_3322,Impulse Buyers,Tier-1 Cities,0,,0.0
user_3323,Premium Fitness Users,Tier-1 Cities,1,2023-07-03 09:49:14,10352.04
user_3324,Premium Fitness Users,Tier-2 Cities,1,2023-06-04 06:57:14,11551.69
user_3325,Impulse Buyers,Tier-2 Cities,0,,0.0
user_3326,Budget Parents,Tier-2 Cities,1,2023-06-21 02:53:14,4563.23
user_3327,Gen-Z Trend Seekers,Tier-3 Cities,0,,0.0
user_3328,Budget Parents,International,0,,0.0
user_3329,Impulse Buyers,International,0,,0.0
user_3330,Gen-Z Trend Seekers,Tier-1 Cities,0,,0.0
user_3331,Impulse Buyers,International,0,,0.0
user_3332,Premium Fitness Users,International,0,,0.0
user_3333,Budget Parents,Tier-1 Cities,0,,0.0
user_3334,Budget Parents,Tier-2 Cities,0,,0.0
user_3335,Unknown,Tier-3 Cities,0,,0.0
user_3336,Budget Parents,Tier-3 Cities,0,,0.0
user_3337,Premium Fitness Users,Tier-3 Cities,0,,0.0
user_3338,Budget Parents,Tier-3 Cities,0,,0.0
user_3339,Impulse Buyers,Tier-1 Cities,0,,0.0
user_3340,Budget Parents,Tier-1 Cities,0,,0.0
user_3341,Budget Parents,Tier-2 Cities,0,,0.0
user_3342,Gen-Z Trend Seekers,International,0,,0.0
user_3343,Premium Fitness Users,International,1,2023-01-26 06:27:00,10157.91
user_3344,Premium Fitness Users,Tier-1 Cities,0,,0.0
user_3345,Premium Fitness Users,Tier-3 Cities,0,,0.0
user_3346,Unknown,Tier-1 Cities,0,,0.0
user_3347,Premium Fitness Users,Tier-2 Cities,0,,0.0
user_3348,Impulse Buyers,International,0,,0.0
user_3349,Budget Parents,International,0,,0.0
user_3350,Gen-Z Trend Seekers,Tier-2 Cities,0,,0.0
user_3351,Gen-Z Trend Seekers,International,0,,0.0
user_3352,Premium Fitness Users,Tier-1 Cities,0,,0.0
user_3353,Impulse Buyers,Tier-2 Cities,1,2023-11-07 00:39:28,3602.49
user_3354,Impulse Buyers,Tier-1 Cities,0,,0.0
user_3355,Premium Fitness Users,Tier-1 Cities,0,,0.0
user_3356,Impulse Buyers,Tier-3 Cities,1,2023-03-23 13:00:46,2710.79
user_3357,Premium Fitness Users,Tier-2 Cities,0,,0.0
user_3358,Impulse Buyers,Tier-2 Cities,0,,0.0
user_3359,Impulse Buyers,Tier-3 Cities,0,,0.0
user_3360,Budget Parents,Tier-2 Cities,0,,0.0
user_3361,Impulse Buyers,Tier-2 Cities,0,,0.0
user_3362,Unknown,Tier-3 Cities,0,,0.0
user_3363,Gen-Z Trend Seekers,Tier-3 Cities,0,,0.0
user_3364,Gen-Z Trend Seekers,International,0,,0.0
user_3365,Gen-Z Trend Seekers,International,0,,0.0
user_3366,Budget Parents,Tier-2 Cities,0,,0.0
user_3367,Premium Fitness Users,Tier-1 Cities,0,,0.0
user_3368,Impulse Buyers,Tier-3 Cities,0,,0.0
user_3369,Premium Fitness Users,International,0,,0.0
user_3370,Premium Fitness Users,International,0,,0.0
user_3371,Premium Fitness Users,Tier-2 Cities,1,2023-09-12 02:45:23,11597.28
user_3372,Premium Fitness Users,Tier-3 Cities,0,,0.0
user_3373,Impulse Buyers,Tier-2 Cities,0,,0.0
user_3374,Budget Parents,International,0,,0.0
user_3375,Budget Parents,Tier-3 Cities,0,,0.0
user_3376,Gen-Z Trend Seekers,International,0,,0.0
user_3377,Impulse Buyers,Tier-3 Cities,0,,0.0
user_3378,Gen-Z Trend Seekers,Tier-1 Cities,0,,0.0
user_3379,Premium Fitness Users,Tier-2 Cities,0,,0.0
user_3380,Premium Fitness Users,International,0,,0.0
user_3381,Gen-Z Trend Seekers,Tier-2 Cities,0,,0.0
user_3382,Budget Parents,Tier-1 Cities,1,2023-07-20 11:08:53,2697.06
user_3383,Budget Parents,International,0,,0.0
user_3384,Budget Parents,Tier-3 Cities,0,,0.0
user_3385,Budget Parents,Tier-3 Cities,0,,0.0
user_3386,Gen-Z Trend Seekers,Tier-1 Cities,0,,0.0
user_3387,Budget Parents,Tier-3 Cities,0,,0.0
user_3388,Unknown,International,0,,0.0
user_3389,Impulse Buyers,Tier-2 Cities,0,,0.0
user_3390,Impulse Buyers,International,0,,0.0
user_3391,Gen-Z Trend Seekers,International,0,,0.0
user_3392,Impulse Buyers,Tier-2 Cities,0,,0.0
user_3393,Gen-Z Trend Seekers,Tier-2 Cities,0,,0.0
user_3394,Unknown,Tier-3 Cities,0,,0.0
user_3395,Gen-Z Trend Seekers,Tier-1 Cities,1,2023-08-05 07:35:16,5371.17
user_3396,Impulse Buyers,Tier-3 Cities,0,,0.0
user_3397,Gen-Z Trend Seekers,Tier-1 Cities,1,2023-01-22 12:42:06,4648.51
user_3398,Budget Parents,International,0,,0.0
user_3399,Budget Parents,International,0,,0.0
user_3400,Gen-Z Trend Seekers,International,0,,0.0
user_3401,Impulse Buyers,Tier-3 Cities,0,,0.0
user_3402,Impulse Buyers,Tier-1 Cities,0,,0.0
user_3403,Impulse Buyers,International,0,,0.0
user_3404,Unknown,Tier-2 Cities,0,,0.0
user_3405,Premium Fitness Users,Tier-2 Cities,0,,0.0
user_3406,Premium Fitness Users,Tier-3 Cities,0,,0.0
user_3407,Gen-Z Trend Seekers,Tier-2 Cities,0,,0.0
user_3408,Budget Parents,Tier-2 Cities,0,,0.0
user_3409,Budget Parents,Tier-3 Cities,0,,0.0
user_3410,Gen-Z Trend Seekers,Tier-2 Cities,0,,0.0
user_3411,Gen-Z Trend Seekers,Tier-1 Cities,0,,0.0
user_3412,Gen-Z Trend Seekers,Tier-2 Cities,0,,0.0
user_3413,Gen-Z Trend Seekers,Tier-2 Cities,0,,0.0
user_3414,Budget Parents,International,0,,0.0
user_3415,Budget Parents,International,1,2023-11-12 03:34:13,2538.9
user_3416,Premium Fitness Users,International,0,,0.0
user_3417,Gen-Z Trend Seekers,Tier-1 Cities,0,,0.0
user_3418,Impulse Buyers,Tier-1 Cities,1,2023-03-14 20:18:54,2955.38
user_3419,Impulse Buyers,Tier-2 Cities,0,,0.0
user_3420,Impulse Buyers,Tier-1 Cities,0,,0.0
user_3421,Impulse Buyers,Tier-3 Cities,1,2023-08-10 04:07:30,2288.0
user_3422,Impulse Buyers,Tier-2 Cities,0,,0.0
user_3423,Premium Fitness Users,Tier-1 Cities,0,,0.0
user_3424,Budget Parents,Tier-1 Cities,0,,0.0
user_3425,Budget Parents,Tier-2 Cities,0,,0.0
user_3426,Impulse Buyers,Tier-2 Cities,0,,0.0
user_3427,Gen-Z Trend Seekers,Tier-3 Cities,1,2023-09-03 21:36:09,2141.19
user_3428,Budget Parents,International,0,,0.0
user_3429,Budget Parents,Tier-1 Cities,1,2023-12-03 15:04:37,5594.82
user_3430,Budget Parents,Tier-3 Cities,0,,0.0
user_3431,Premium Fitness Users,Tier-1 Cities,0,,0.0
user_3432,Unknown,Tier-2 Cities,0,,0.0
user_3433,Impulse Buyers,Tier-3 Cities,1,2023-05-16 16:22:06,2480.06
user_3434,Budget Parents,Tier-1 Cities,1,2023-10-25 05:20:05,7203.35
user_3435,Impulse Buyers,Tier-1 Cities,0,,0.0
user_3436,Budget Parents,Tier-1 Cities,0,,0.0
user_3437,Impulse Buyers,Tier-1 Cities,0,,0.0
user_3438,Premium Fitness Users,International,0,,0.0
user_3439,Premium Fitness Users,Tier-2 Cities,0,,0.0
user_3440,Budget Parents,Tier-1 Cities,0,,0.0
user_3441,Unknown,International,0,,0.0
user_3442,Budget Parents,Tier-2 Cities,0,,0.0
user_3443,Unknown,Tier-2 Cities,0,,0.0
user_3444,Budget Parents,Tier-2 Cities,0,,0.0
user_3445,Impulse Buyers,Tier-2 Cities,0,,0.0
user_3446,Gen-Z Trend Seekers,Tier-1 Cities,1,2023-01-22 04:17:06,1260.77
user_3447,Impulse Buyers,Tier-2 Cities,0,,0.0
user_3448,Premium Fitness Users,Tier-3 Cities,0,,0.0
user_3449,Impulse Buyers,International,0,,0.0
user_3450,Unknown,International,0,,0.0
user_3451,Premium Fitness Users,Tier-1 Cities,0,,0.0
user_3452,Budget Parents,Tier-3 Cities,0,,0.0
user_3453,Gen-Z Trend Seekers,International,0,,0.0
user_3454,Budget Parents,Tier-3 Cities,0,,0.0
user_3455,Impulse Buyers,International,0,,0.0
user_3456,Unknown,Tier-3 Cities,0,,0.0
user_3457,Unknown,Tier-1 Cities,0,,0.0
user_3458,Premium Fitness Users,Tier-1 Cities,0,,0.0
user_3459,Impulse Buyers,Tier-1 Cities,0,,0.0
user_3460,Gen-Z Trend Seekers,Tier-3 Cities,1,2023-08-25 00:13:00,3048.2
user_3461,Impulse Buyers,Tier-1 Cities,0,,0.0
user_3462,Premium Fitness Users,Tier-2 Cities,0,,0.0
user_3463,Premium Fitness Users,Tier-1 Cities,0,,0.0
user_3464,Premium Fitness Users,Tier-2 Cities,0,,0.0
user_3465,Gen-Z Trend Seekers,Tier-2 Cities,0,,0.0
user_3466,Impulse Buyers,Tier-3 Cities,0,,0.0
user_3467,Unknown,International,0,,0.0
user_3468,Impulse Buyers,International,0,,0.0
user_3469,Impulse Buyers,Tier-2 Cities,0,,0.0
user_3470,Unknown,Tier-3 Cities,0,,0.0
user_3471,Impulse Buyers,Tier-3 Cities,0,,0.0
user_3472,Budget Parents,International,0,,0.0
user_3473,Impulse Buyers,Tier-3 Cities,0,,0.0
user_3474,Gen-Z Trend Seekers,Tier-2 Cities,0,,0.0
user_3475,Unknown,Tier-1 Cities,0,,0.0
user_3476,Gen-Z Trend Seekers,International,0,,0.0
user_3477,Gen-Z Trend Seekers,Tier-3 Cities,0,,0.0
user_3478,Budget Parents,International,0,,0.0
user_3479,Impulse Buyers,Tier-2 Cities,0,,0.0
user_3480,Budget Parents,Tier-2 Cities,0,,0.0
user_3481,Impulse Buyers,International,0,,0.0
user_3482,Gen-Z Trend Seekers,International,0,,0.0
user_3483,Unknown,Tier-2 Cities,0,,0.0
user_3484,Gen-Z Trend Seekers,International,0,,0.0
user_3485,Budget Parents,International,0,,0.0
user_3486,Premium Fitness Users,Tier-1 Cities,0,,0.0
user_3487,Gen-Z Trend Seekers,Tier-2 Cities,1,2023-08-13 21:45:35,5274.61
user_3488,Impulse Buyers,Tier-2 Cities,0,,0.0
user_3489,Gen-Z Trend Seekers,Tier-2 Cities,0,,0.0
user_3490,Impulse Buyers,Tier-2 Cities,0,,0.0
user_3491,Budget Parents,Tier-3 Cities,0,,0.0
user_3492,Unknown,Tier-3 Cities,0,,0.0
user_3493,Impulse Buyers,Tier-1 Cities,0,,0.0
user_3494,Budget Parents,Tier-3 Cities,0,,0.0
user_3495,Budget Parents,Tier-2 Cities,0,,0.0
user_3496,Budget Parents,Tier-2 Cities,0,,0.0
user_3497,Gen-Z Trend Seekers,Tier-3 Cities,0,,0.0
user_3498,Gen-Z Trend Seekers,Tier-3 Cities,1,2023-03-22 08:03:56,1521.85
user_3499,Impulse Buyers,Tier-1 Cities,0,,0.0
user_3500,Gen-Z Trend Seekers,International,0,,0.0
user_3501,Unknown,Tier-1 Cities,0,,0.0
user_3502,Unknown,International,0,,0.0
user_3503,Gen-Z Trend Seekers,Tier-2 Cities,0,,0.0
user_3504,Gen-Z Trend Seekers,Tier-1 Cities,0,,0.0
user_3505,Unknown,International,0,,0.0
user_3506,Impulse Buyers,International,0,,0.0
user_3507,Impulse Buyers,Tier-3 Cities,0,,0.0
user_3508,Impulse Buyers,International,0,,0.0
user_3509,Premium Fitness Users,International,0,,0.0
user_3510,Unknown,Tier-1 Cities,0,,0.0
user_3511,Impulse Buyers,International,0,,0.0
user_3512,Budget Parents,International,0,,0.0
user_3513,Gen-Z Trend Seekers,Tier-2 Cities,0,,0.0
user_3514,Impulse Buyers,Tier-3 Cities,0,,0.0
user_3515,Budget Parents,Tier-2 Cities,0,,0.0
user_3516,Gen-Z Trend Seekers,International,0,,0.0
user_3517,Budget Parents,Tier-1 Cities,0,,0.0
user_3518,Budget Parents,Tier-2 Cities,1,2023-07-10 17:39:04,5399.38
user_3519,Impulse Buyers,Tier-1 Cities,1,2023-05-05 00:30:27,1288.91
user_3520,Premium Fitness Users,Tier-3 Cities,0,,0.0
user_3521,Impulse Buyers,Tier-1 Cities,0,,0.0
user_3522,Gen-Z Trend Seekers,International,0,,0.0
user_3523,Premium Fitness Users,International,0,,0.0
user_3524,Premium Fitness Users,Tier-3 Cities,0,,0.0
user_3525,Premium Fitness Users,Tier-1 Cities,0,,0.0
user_3526,Gen-Z Trend Seekers,Tier-3 Cities,0,,0.0
user_3527,Unknown,Tier-2 Cities,0,,0.0
user_3528,Impulse Buyers,Tier-2 Cities,0,,0.0
user_3529,Impulse Buyers,Tier-3 Cities,0,,0.0
user_3530,Budget Parents,International,0,,0.0
user_3531,Gen-Z Trend Seekers,Tier-2 Cities,0,,0.0
user_3532,Premium Fitness Users,Tier-2 Cities,0,,0.0
user_3533,Gen-Z Trend Seekers,International,0,,0.0
user_3534,Budget Parents,Tier-3 Cities,0,,0.0
user_3535,Premium Fitness Users,Tier-1 Cities,0,,0.0
user_3536,Gen-Z Trend Seekers,Tier-1 Cities,0,,0.0
user_3537,Impulse Buyers,Tier-3 Cities,1,2023-12-25 20:39:28,3467.39
user_3538,Unknown,Tier-2 Cities,0,,0.0
user_3539,Gen-Z Trend Seekers,Tier-3 Cities,0,,0.0
user_3540,Gen-Z Trend Seekers,Tier-1 Cities,0,,0.0
user_3541,Budget Parents,Tier-1 Cities,0,,0.0
user_3542,Gen-Z Trend Seekers,Tier-2 Cities,0,,0.0
user_3543,Budget Parents,Tier-3 Cities,0,,0.0
user_3544,Gen-Z Trend Seekers,Tier-2 Cities,0,,0.0
user_3545,Unknown,Tier-1 Cities,0,,0.0
user_3546,Impulse Buyers,Tier-1 Cities,1,2023-01-30 22:28:15,2310.7
user_3547,Gen-Z Trend Seekers,Tier-1 Cities,0,,0.0
user_3548,Gen-Z Trend Seekers,International,0,,0.0
user_3549,Impulse Buyers,Tier-1 Cities,0,,0.0
user_3550,Premium Fitness Users,Tier-2 Cities,1,2023-03-04 18:23:27,7859.53
user_3551,Impulse Buyers,Tier-2 Cities,0,,0.0
user_3552,Budget Parents,Tier-2 Cities,0,,0.0
user_3553,Premium Fitness Users,International,1,2023-02-24 05:25:20,6082.67
user_3554,Gen-Z Trend Seekers,International,0,,0.0
user_3555,Premium Fitness Users,International,1,2023-06-16 23:59:31,4223.64
user_3556,Premium Fitness Users,Tier-2 Cities,0,,0.0
user_3557,Impulse Buyers,Tier-2 Cities,0,,0.0
user_3558,Budget Parents,Tier-2 Cities,0,,0.0
user_3559,Unknown,Tier-3 Cities,0,,0.0
user_3560,Gen-Z Trend Seekers,Tier-3 Cities,1,2023-12-20 15:53:02,4951.84
user_3561,Impulse Buyers,Tier-3 Cities,0,,0.0
user_3562,Budget Parents,Tier-1 Cities,0,,0.0
user_3563,Budget Parents,International,0,,0.0
user_3564,Premium Fitness Users,Tier-2 Cities,0,,0.0
user_3565,Gen-Z Trend Seekers,Tier-1 Cities,0,,0.0
user_3566,Unknown,Tier-2 Cities,0,,0.0
user_3567,Premium Fitness Users,Tier-2 Cities,0,,0.0
user_3568,Budget Parents,Tier-3 Cities,0,,0.0
user_3569,Gen-Z Trend Seekers,International,0,,0.0
user_3570,Budget Parents,International,0,,0.0
user_3571,Unknown,Tier-1 Cities,0,,0.0
user_3572,Gen-Z Trend Seekers,Tier-1 Cities,0,,0.0
user_3573,Budget Parents,Tier-1 Cities,0,,0.0
user_3574,Gen-Z Trend Seekers,Tier-1 Cities,0,,0.0
user_3575,Premium Fitness Users,International,0,,0.0
user_3576,Impulse Buyers,Tier-3 Cities,1,2023-05-26 18:16:41,1624.89
user_3577,Budget Parents,Tier-2 Cities,0,,0.0
user_3578,Gen-Z Trend Seekers,Tier-1 Cities,0,,0.0
user_3579,Gen-Z Trend Seekers,Tier-2 Cities,0,,0.0
user_3580,Gen-Z Trend Seekers,Tier-3 Cities,0,,0.0
user_3581,Gen-Z Trend Seekers,Tier-1 Cities,0,,0.0
user_3582,Unknown,International,0,,0.0
user_3583,Budget Parents,International,0,,0.0
user_3584,Gen-Z Trend Seekers,International,0,,0.0
user_3585,Unknown,Tier-2 Cities,0,,0.0
user_3586,Impulse Buyers,Tier-2 Cities,0,,0.0
user_3587,Impulse Buyers,Tier-3 Cities,0,,0.0
user_3588,Unknown,Tier-2 Cities,0,,0.0
user_3589,Gen-Z Trend Seekers,Tier-2 Cities,0,,0.0
user_3590,Gen-Z Trend Seekers,International,1,2023-04-11 06:52:35,3085.82
user_3591,Budget Parents,International,0,,0.0
user_3592,Impulse Buyers,Tier-2 Cities,0,,0.0
user_3593,Unknown,International,0,,0.0
user_3594,Budget Parents,Tier-1 Cities,0,,0.0
user_3595,Unknown,Tier-2 Cities,0,,0.0
user_3596,Gen-Z Trend Seekers,Tier-3 Cities,0,,0.0
user_3597,Impulse Buyers,Tier-3 Cities,0,,0.0
user_3598,Unknown,Tier-3 Cities,0,,0.0
user_3599,Premium Fitness Users,Tier-3 Cities,0,,0.0
user_3600,Budget Parents,Tier-3 Cities,0,,0.0
user_3601,Premium Fitness Users,International,0,,0.0
user_3602,Impulse Buyers,Tier-1 Cities,1,2023-02-10 06:43:08,3209.55
user_3603,Budget Parents,Tier-1 Cities,0,,0.0
user_3604,Premium Fitness Users,Tier-1 Cities,1,2023-04-17 14:20:07,3487.83
user_3605,Impulse Buyers,Tier-2 Cities,0,,0.0
user_3606,Gen-Z Trend Seekers,Tier-1 Cities,0,,0.0
user_3607,Impulse Buyers,Tier-2 Cities,0,,0.0
user_3608,Unknown,Tier-2 Cities,0,,0.0
user_3609,Premium Fitness Users,International,0,,0.0
user_3610,Impulse Buyers,Tier-3 Cities,0,,0.0
user_3611,Unknown,Tier-1 Cities,0,,0.0
user_3612,Budget Parents,Tier-1 Cities,0,,0.0
user_3613,Unknown,Tier-2 Cities,0,,0.0
user_3614,Gen-Z Trend Seekers,Tier-1 Cities,1,2023-10-01 02:46:34,4098.04
user_3615,Gen-Z Trend Seekers,Tier-1 Cities,0,,0.0
user_3616,Budget Parents,International,0,,0.0
user_3617,Gen-Z Trend Seekers,Tier-2 Cities,0,,0.0
user_3618,Impulse Buyers,Tier-3 Cities,1,2023-02-19 00:32:47,2280.35
user_3619,Budget Parents,Tier-2 Cities,0,,0.0
user_3620,Premium Fitness Users,Tier-1 Cities,0,,0.0
user_3621,Budget Parents,Tier-2 Cities,0,,0.0
user_3622,Impulse Buyers,International,0,,0.0
user_3623,Gen-Z Trend Seekers,Tier-3 Cities,0,,0.0
user_3624,Gen-Z Trend Seekers,International,0,,0.0
user_3625,Budget Parents,Tier-1 Cities,1,2023-01-30 18:37:05,4787.3
user_3626,Unknown,Tier-1 Cities,0,,0.0
user_3627,Budget Parents,Tier-3 Cities,1,2023-04-30 23:08:55,4368.7
user_3628,Impulse Buyers,Tier-2 Cities,0,,0.0
user_3629,Unknown,Tier-1 Cities,0,,0.0
user_3630,Unknown,International,0,,0.0
user_3631,Budget Parents,Tier-2 Cities,0,,0.0
user_3632,Gen-Z Trend Seekers,Tier-3 Cities,0,,0.0
user_3633,Premium Fitness Users,Tier-3 Cities,0,,0.0
user_3634,Impulse Buyers,Tier-2 Cities,0,,0.0
user_3635,Budget Parents,Tier-3 Cities,0,,0.0
user_3636,Impulse Buyers,Tier-3 Cities,0,,0.0
user_3637,Premium Fitness Users,International,0,,0.0
user_3638,Gen-Z Trend Seekers,Tier-3 Cities,0,,0.0
user_3639,Budget Parents,Tier-3 Cities,0,,0.0
user_3640,Premium Fitness Users,Tier-2 Cities,0,,0.0
user_3641,Gen-Z Trend Seekers,Tier-3 Cities,0,,0.0
user_3642,Impulse Buyers,International,0,,0.0
user_3643,Gen-Z Trend Seekers,Tier-3 Cities,1,2023-01-13 11:09:47,3688.97
user_3644,Unknown,Tier-3 Cities,0,,0.0
user_3645,Gen-Z Trend Seekers,Tier-2 Cities,0,,0.0
user_3646,Gen-Z Trend Seekers,International,0,,0.0
user_3647,Budget Parents,International,0,,0.0
user_3648,Premium Fitness Users,Tier-3 Cities,0,,0.0
user_3649,Premium Fitness Users,International,0,,0.0
user_3650,Impulse Buyers,International,0,,0.0
user_3651,Impulse Buyers,Tier-2 Cities,0,,0.0
user_3652,Unknown,Tier-3 Cities,0,,0.0
user_3653,Gen-Z Trend Seekers,International,0,,0.0
user_3654,Premium Fitness Users,International,0,,0.0
user_3655,Premium Fitness Users,Tier-1 Cities,0,,0.0
user_3656,Budget Parents,Tier-3 Cities,0,,0.0
user_3657,Unknown,Tier-3 Cities,0,,0.0
user_3658,Premium Fitness Users,International,0,,0.0
user_3659,Premium Fitness Users,International,1,2023-03-12 01:24:10,8984.79
user_3660,Impulse Buyers,Tier-2 Cities,0,,0.0
user_3661,Budget Parents,Tier-3 Cities,0,,0.0
user_3662,Budget Parents,Tier-1 Cities,1,2023-11-19 17:22:33,3528.75
user_3663,Gen-Z Trend Seekers,International,0,,0.0
user_3664,Gen-Z Trend Seekers,Tier-2 Cities,1,2023-08-11 04:22:00,4807.82
user_3665,Gen-Z Trend Seekers,International,0,,0.0
user_3666,Premium Fitness Users,Tier-1 Cities,0,,0.0
user_3667,Budget Parents,Tier-2 Cities,0,,0.0
user_3668,Budget Parents,Tier-1 Cities,0,,0.0
user_3669,Gen-Z Trend Seekers,International,0,,0.0
user_3670,Gen-Z Trend Seekers,International,0,,0.0
user_3671,Premium Fitness Users,Tier-1 Cities,0,,0.0
user_3672,Premium Fitness Users,Tier-1 Cities,0,,0.0
user_3673,Unknown,Tier-2 Cities,0,,0.0
user_3674,Budget Parents,Tier-2 Cities,0,,0.0
user_3675,Impulse Buyers,Tier-1 Cities,1,2023-05-01 00:36:32,2329.75
user_3676,Budget Parents,Tier-2 Cities,0,,0.0
user_3677,Premium Fitness Users,Tier-3 Cities,0,,0.0
user_3678,Gen-Z Trend Seekers,Tier-2 Cities,0,,0.0
user_3679,Premium Fitness Users,International,0,,0.0
user_3680,Unknown,International,0,,0.0
user_3681,Unknown,Tier-3 Cities,0,,0.0
user_3682,Impulse Buyers,International,0,,0.0
user_3683,Unknown,Tier-1 Cities,0,,0.0
user_3684,Gen-Z Trend Seekers,Tier-3 Cities,0,,0.0
user_3685,Budget Parents,Tier-3 Cities,0,,0.0
user_3686,Impulse Buyers,International,0,,0.0
user_3687,Gen-Z Trend Seekers,Tier-1 Cities,0,,0.0
user_3688,Impulse Buyers,Tier-3 Cities,0,,0.0
user_3689,Gen-Z Trend Seekers,Tier-1 Cities,0,,0.0
user_3690,Budget Parents,Tier-3 Cities,0,,0.0
user_3691,Impulse Buyers,Tier-1 Cities,0,,0.0
user_3692,Premium Fitness Users,Tier-3 Cities,1,2023-05-30 16:56:37,6906.99
user_3693,Budget Parents,Tier-2 Cities,0,,0.0
user_3694,Premium Fitness Users,Tier-2 Cities,0,,0.0
user_3695,Budget Parents,Tier-3 Cities,1,2023-08-19 17:03:36,6891.21
user_3696,Unknown,International,0,,0.0
user_3697,Unknown,Tier-3 Cities,0,,0.0
user_3698,Premium Fitness Users,Tier-3 Cities,0,,0.0
user_3699,Premium Fitness Users,International,0,,0.0
user_3700,Gen-Z Trend Seekers,Tier-2 Cities,0,,0.0
user_3701,Impulse Buyers,Tier-2 Cities,0,,0.0
user_3702,Impulse Buyers,Tier-3 Cities,0,,0.0
user_3703,Impulse Buyers,International,0,,0.0
user_3704,Gen-Z Trend Seekers,International,1,2023-01-27 22:06:14,1446.56
user_3705,Impulse Buyers,Tier-1 Cities,0,,0.0
user_3706,Premium Fitness Users,Tier-2 Cities,0,,0.0
user_3707,Gen-Z Trend Seekers,Tier-2 Cities,0,,0.0
user_3708,Budget Parents,Tier-1 Cities,0,,0.0
user_3709,Premium Fitness Users,Tier-3 Cities,0,,0.0
user_3710,Budget Parents,International,0,,0.0
user_3711,Gen-Z Trend Seekers,Tier-1 Cities,0,,0.0
user_3712,Premium Fitness Users,Tier-2 Cities,0,,0.0
user_3713,Gen-Z Trend Seekers,International,0,,0.0
user_3714,Impulse Buyers,Tier-3 Cities,0,,0.0
user_3715,Impulse Buyers,Tier-1 Cities,0,,0.0
user_3716,Premium Fitness Users,Tier-1 Cities,0,,0.0
user_3717,Premium Fitness Users,Tier-3 Cities,0,,0.0
user_3718,Gen-Z Trend Seekers,Tier-1 Cities,0,,0.0
user_3719,Budget Parents,Tier-1 Cities,0,,0.0
user_3720,Premium Fitness Users,Tier-2 Cities,0,,0.0
user_3721,Premium Fitness Users,Tier-2 Cities,0,,0.0
user_3722,Gen-Z Trend Seekers,Tier-1 Cities,0,,0.0
user_3723,Budget Parents,Tier-1 Cities,0,,0.0
user_3724,Gen-Z Trend Seekers,International,1,2023-08-19 11:05:09,4329.21
user_3725,Impulse Buyers,Tier-3 Cities,0,,0.0
user_3726,Impulse Buyers,International,0,,0.0
user_3727,Unknown,Tier-1 Cities,0,,0.0
user_3728,Unknown,International,0,,0.0
user_3729,Impulse Buyers,Tier-1 Cities,0,,0.0
user_3730,Gen-Z Trend Seekers,International,0,,0.0
user_3731,Premium Fitness Users,Tier-1 Cities,0,,0.0
user_3732,Premium Fitness Users,Tier-2 Cities,0,,0.0
user_3733,Unknown,Tier-1 Cities,0,,0.0
user_3734,Budget Parents,Tier-1 Cities,0,,0.0
user_3735,Gen-Z Trend Seekers,Tier-2 Cities,0,,0.0
user_3736,Premium Fitness Users,Tier-3 Cities,0,,0.0
user_3737,Budget Parents,Tier-3 Cities,0,,0.0
user_3738,Gen-Z Trend Seekers,Tier-1 Cities,0,,0.0
user_3739,Impulse Buyers,Tier-3 Cities,0,,0.0
user_3740,Impulse Buyers,International,0,,0.0
user_3741,Premium Fitness Users,Tier-1 Cities,0,,0.0
user_3742,Budget Parents,International,0,,0.0
user_3743,Budget Parents,Tier-2 Cities,0,,0.0
user_3744,Impulse Buyers,Tier-1 Cities,1,2024-01-11 20:58:11,1924.56
user_3745,Premium Fitness Users,International,0,,0.0
user_3746,Impulse Buyers,Tier-3 Cities,0,,0.0
user_3747,Impulse Buyers,Tier-1 Cities,0,,0.0
user_3748,Gen-Z Trend Seekers,Tier-2 Cities,0,,0.0
user_3749,Premium Fitness Users,Tier-1 Cities,0,,0.0
user_3750,Unknown,Tier-2 Cities,0,,0.0
user_3751,Premium Fitness Users,Tier-3 Cities,1,2023-10-31 20:42:57,8818.25
user_3752,Unknown,Tier-2 Cities,0,,0.0
user_3753,Gen-Z Trend Seekers,Tier-3 Cities,0,,0.0
user_3754,Gen-Z Trend Seekers,Tier-2 Cities,0,,0.0
user_3755,Premium Fitness Users,International,0,,0.0
user_3756,Gen-Z Trend Seekers,Tier-2 Cities,0,,0.0
user_3757,Premium Fitness Users,International,0,,0.0
user_3758,Impulse Buyers,Tier-3 Cities,0,,0.0
user_3759,Impulse Buyers,Tier-3 Cities,0,,0.0
user_3760,Budget Parents,International,0,,0.0
user_3761,Gen-Z Trend Seekers,Tier-1 Cities,0,,0.0
user_3762,Premium Fitness Users,Tier-1 Cities,0,,0.0
user_3763,Gen-Z Trend Seekers,Tier-1 Cities,0,,0.0
user_3764,Gen-Z Trend Seekers,Tier-2 Cities,0,,0.0
user_3765,Gen-Z Trend Seekers,International,0,,0.0
user_3766,Premium Fitness Users,Tier-1 Cities,0,,0.0
user_3767,Gen-Z Trend Seekers,Tier-3 Cities,0,,0.0
user_3768,Gen-Z Trend Seekers,Tier-1 Cities,1,2023-08-08 17:53:24,5862.75
user_3769,Premium Fitness Users,Tier-2 Cities,0,,0.0
user_3770,Unknown,Tier-2 Cities,0,,0.0
user_3771,Premium Fitness Users,International,0,,0.0
user_3772,Gen-Z Trend Seekers,Tier-2 Cities,0,,0.0
user_3773,Gen-Z Trend Seekers,Tier-3 Cities,0,,0.0
user_3774,Budget Parents,Tier-1 Cities,0,,0.0
user_3775,Budget Parents,Tier-1 Cities,0,,0.0
user_3776,Gen-Z Trend Seekers,Tier-1 Cities,0,,0.0
user_3777,Unknown,Tier-1 Cities,0,,0.0
user_3778,Gen-Z Trend Seekers,Tier-2 Cities,0,,0.0
user_3779,Budget Parents,International,0,,0.0
user_3780,Impulse Buyers,International,0,,0.0
user_3781,Gen-Z Trend Seekers,International,1,2023-10-18 06:05:32,3142.55
user_3782,Budget Parents,Tier-1 Cities,0,,0.0
user_3783,Impulse Buyers,Tier-3 Cities,0,,0.0
user_3784,Impulse Buyers,International,0,,0.0
user_3785,Impulse Buyers,Tier-3 Cities,0,,0.0
user_3786,Budget Parents,Tier-2 Cities,0,,0.0
user_3787,Gen-Z Trend Seekers,Tier-3 Cities,0,,0.0
user_3788,Unknown,International,0,,0.0
user_3789,Premium Fitness Users,Tier-1 Cities,0,,0.0
user_3790,Gen-Z Trend Seekers,Tier-3 Cities,0,,0.0
user_3791,Premium Fitness Users,Tier-3 Cities,0,,0.0
user_3792,Unknown,Tier-1 Cities,0,,0.0
user_3793,Budget Parents,Tier-1 Cities,0,,0.0
user_3794,Gen-Z Trend Seekers,Tier-2 Cities,0,,0.0
user_3795,Budget Parents,Tier-2 Cities,0,,0.0
user_3796,Budget Parents,Tier-2 Cities,0,,0.0
user_3797,Impulse Buyers,Tier-3 Cities,0,,0.0
user_3798,Impulse Buyers,International,0,,0.0
user_3799,Gen-Z Trend Seekers,International,0,,0.0
user_3800,Premium Fitness Users,Tier-3 Cities,0,,0.0
user_3801,Premium Fitness Users,International,0,,0.0
user_3802,Budget Parents,Tier-2 Cities,0,,0.0
user_3803,Premium Fitness Users,Tier-2 Cities,1,2023-12-13 09:05:02,9787.42
user_3804,Unknown,Tier-2 Cities,0,,0.0
user_3805,Gen-Z Trend Seekers,Tier-1 Cities,1,2023-05-17 08:30:18,4168.84
user_3806,Premium Fitness Users,International,0,,0.0
user_3807,Premium Fitness Users,Tier-3 Cities,0,,0.0
user_3808,Impulse Buyers,Tier-1 Cities,0,,0.0
user_3809,Gen-Z Trend Seekers,Tier-1 Cities,0,,0.0
user_3810,Premium Fitness Users,Tier-2 Cities,0,,0.0
user_3811,Unknown,Tier-3 Cities,0,,0.0
user_3812,Impulse Buyers,Tier-2 Cities,0,,0.0
user_3813,Premium Fitness Users,Tier-2 Cities,0,,0.0
user_3814,Unknown,International,0,,0.0
user_3815,Impulse Buyers,Tier-2 Cities,0,,0.0
user_3816,Premium Fitness Users,Tier-1 Cities,0,,0.0
user_3817,Unknown,International,0,,0.0
user_3818,Gen-Z Trend Seekers,Tier-2 Cities,0,,0.0
user_3819,Budget Parents,Tier-2 Cities,0,,0.0
user_3820,Impulse Buyers,Tier-1 Cities,0,,0.0
user_3821,Gen-Z Trend Seekers,Tier-2 Cities,0,,0.0
user_3822,Premium Fitness Users,Tier-1 Cities,0,,0.0
user_3823,Gen-Z Trend Seekers,Tier-1 Cities,0,,0.0
user_3824,Unknown,Tier-2 Cities,0,,0.0
user_3825,Gen-Z Trend Seekers,Tier-2 Cities,0,,0.0
user_3826,Unknown,International,0,,0.0
user_3827,Impulse Buyers,Tier-3 Cities,0,,0.0
user_3828,Gen-Z Trend Seekers,Tier-3 Cities,1,2023-03-08 14:32:53,4508.05
user_3829,Budget Parents,Tier-3 Cities,0,,0.0
user_3830,Unknown,Tier-2 Cities,0,,0.0
user_3831,Budget Parents,International,0,,0.0
user_3832,Budget Parents,International,0,,0.0
user_3833,Gen-Z Trend Seekers,Tier-3 Cities,0,,0.0
user_3834,Gen-Z Trend Seekers,Tier-1 Cities,1,2023-08-01 00:22:35,2676.62
user_3835,Budget Parents,Tier-2 Cities,0,,0.0
user_3836,Budget Parents,Tier-3 Cities,0,,0.0
user_3837,Gen-Z Trend Seekers,International,0,,0.0
user_3838,Gen-Z Trend Seekers,Tier-2 Cities,0,,0.0
user_3839,Premium Fitness Users,Tier-3 Cities,0,,0.0
user_3840,Budget Parents,Tier-1 Cities,0,,0.0
user_3841,Unknown,Tier-1 Cities,0,,0.0
user_3842,Impulse Buyers,Tier-2 Cities,0,,0.0
user_3843,Budget Parents,Tier-3 Cities,0,,0.0
user_3844,Budget Parents,Tier-1 Cities,0,,0.0
user_3845,Premium Fitness Users,Tier-1 Cities,1,2023-08-16 08:43:49,6067.3
user_3846,Unknown,Tier-3 Cities,0,,0.0
user_3847,Impulse Buyers,Tier-2 Cities,0,,0.0
user_3848,Unknown,International,0,,0.0
user_3849,Premium Fitness Users,Tier-3 Cities,0,,0.0
user_3850,Budget Parents,Tier-3 Cities,0,,0.0
user_3851,Budget Parents,Tier-3 Cities,0,,0.0
user_3852,Gen-Z Trend Seekers,Tier-1 Cities,0,,0.0
user_3853,Unknown,Tier-2 Cities,0,,0.0
user_3854,Gen-Z Trend Seekers,International,0,,0.0
user_3855,Budget Parents,Tier-3 Cities,0,,0.0
user_3856,Gen-Z Trend Seekers,Tier-1 Cities,0,,0.0
user_3857,Gen-Z Trend Seekers,Tier-3 Cities,1,2023-02-02 16:55:15,2562.06
user_3858,Premium Fitness Users,Tier-2 Cities,0,,0.0
user_3859,Impulse Buyers,Tier-2 Cities,0,,0.0
user_3860,Budget Parents,Tier-3 Cities,0,,0.0
user_3861,Impulse Buyers,Tier-3 Cities,0,,0.0
user_3862,Impulse Buyers,Tier-2 Cities,0,,0.0
user_3863,Premium Fitness Users,Tier-2 Cities,0,,0.0
user_3864,Premium Fitness Users,Tier-2 Cities,0,,0.0
user_3865,Gen-Z Trend Seekers,Tier-2 Cities,0,,0.0
user_3866,Budget Parents,Tier-1 Cities,0,,0.0
user_3867,Premium Fitness Users,Tier-2 Cities,0,,0.0
user_3868,Unknown,Tier-1 Cities,0,,0.0
user_3869,Gen-Z Trend Seekers,Tier-3 Cities,0,,0.0
user_3870,Gen-Z Trend Seekers,Tier-3 Cities,1,2023-06-10 02:58:56,4200.64
user_3871,Budget Parents,International,0,,0.0
user_3872,Unknown,Tier-3 Cities,0,,0.0
user_3873,Impulse Buyers,Tier-1 Cities,0,,0.0
user_3874,Budget Parents,Tier-2 Cities,0,,0.0
user_3875,Impulse Buyers,Tier-1 Cities,1,2023-05-31 19:05:02,2792.15
user_3876,Impulse Buyers,Tier-1 Cities,0,,0.0
user_3877,Premium Fitness Users,Tier-3 Cities,0,,0.0
user_3878,Unknown,Tier-2 Cities,0,,0.0
user_3879,Budget Parents,Tier-1 Cities,0,,0.0
user_3880,Gen-Z Trend Seekers,Tier-3 Cities,0,,0.0
user_3881,Gen-Z Trend Seekers,Tier-1 Cities,0,,0.0
user_3882,Gen-Z Trend Seekers,International,0,,0.0
user_3883,Gen-Z Trend Seekers,Tier-3 Cities,0,,0.0
user_3884,Premium Fitness Users,International,0,,0.0
user_3885,Impulse Buyers,Tier-2 Cities,0,,0.0
user_3886,Unknown,International,0,,0.0
user_3887,Impulse Buyers,Tier-2 Cities,0,,0.0
user_3888,Premium Fitness Users,Tier-3 Cities,0,,0.0
user_3889,Gen-Z Trend Seekers,Tier-1 Cities,1,2023-01-28 07:48:52,3599.28
user_3890,Gen-Z Trend Seekers,International,0,,0.0
user_3891,Gen-Z Trend Seekers,Tier-1 Cities,0,,0.0
user_3892,Budget Parents,Tier-1 Cities,0,,0.0
user_3893,Impulse Buyers,International,0,,0.0
user_3894,Budget Parents,International,0,,0.0
user_3895,Gen-Z Trend Seekers,Tier-2 Cities,0,,0.0
user_3896,Impulse Buyers,Tier-1 Cities,0,,0.0
user_3897,Gen-Z Trend Seekers,International,0,,0.0
user_3898,Unknown,Tier-3 Cities,0,,0.0
user_3899,Unknown,Tier-2 Cities,0,,0.0
user_3900,Impulse Buyers,Tier-2 Cities,0,,0.0
user_3901,Premium Fitness Users,Tier-2 Cities,1,2023-02-09 03:31:02,3384.09
user_3902,Budget Parents,Tier-3 Cities,0,,0.0
user_3903,Impulse Buyers,Tier-2 Cities,0,,0.0
user_3904,Budget Parents,Tier-1 Cities,0,,0.0
user_3905,Gen-Z Trend Seekers,Tier-2 Cities,0,,0.0
user_3906,Premium Fitness Users,Tier-3 Cities,0,,0.0
user_3907,Gen-Z Trend Seekers,Tier-2 Cities,0,,0.0
user_3908,Unknown,Tier-3 Cities,0,,0.0
user_3909,Budget Parents,Tier-1 Cities,0,,0.0
user_3910,Unknown,Tier-3 Cities,0,,0.0
user_3911,Gen-Z Trend Seekers,Tier-2 Cities,0,,0.0
user_3912,Unknown,Tier-1 Cities,0,,0.0
user_3913,Gen-Z Trend Seekers,Tier-3 Cities,1,2023-10-26 19:34:02,5401.92
user_3914,Budget Parents,Tier-3 Cities,0,,0.0
user_3915,Impulse Buyers,Tier-3 Cities,0,,0.0
user_3916,Budget Parents,Tier-2 Cities,0,,0.0
user_3917,Impulse Buyers,International,0,,0.0
user_3918,Premium Fitness Users,Tier-1 Cities,0,,0.0
user_3919,Unknown,International,0,,0.0
user_3920,Unknown,Tier-1 Cities,0,,0.0
user_3921,Gen-Z Trend Seekers,Tier-1 Cities,0,,0.0
user_3922,Impulse Buyers,Tier-2 Cities,0,,0.0
user_3923,Unknown,Tier-3 Cities,0,,0.0
user_3924,Budget Parents,International,0,,0.0
user_3925,Impulse Buyers,International,0,,0.0
user_3926,Budget Parents,Tier-3 Cities,0,,0.0
user_3927,Budget Parents,Tier-1 Cities,0,,0.0
user_3928,Budget Parents,International,0,,0.0
user_3929,Unknown,Tier-2 Cities,0,,0.0
user_3930,Impulse Buyers,Tier-1 Cities,0,,0.0
user_3931,Gen-Z Trend Seekers,Tier-1 Cities,1,2023-12-09 13:41:33,1794.62
user_3932,Gen-Z Trend Seekers,Tier-2 Cities,0,,0.0
user_3933,Premium Fitness Users,International,0,,0.0
user_3934,Budget Parents,Tier-3 Cities,0,,0.0
user_3935,Gen-Z Trend Seekers,Tier-2 Cities,0,,0.0
user_3936,Gen-Z Trend Seekers,Tier-2 Cities,0,,0.0
user_3937,Unknown,Tier-3 Cities,0,,0.0
user_3938,Premium Fitness Users,Tier-2 Cities,0,,0.0
user_3939,Gen-Z Trend Seekers,International,0,,0.0
user_3940,Gen-Z Trend Seekers,Tier-3 Cities,0,,0.0
user_3941,Gen-Z Trend Seekers,Tier-3 Cities,0,,0.0
user_3942,Impulse Buyers,Tier-3 Cities,0,,0.0
user_3943,Impulse Buyers,Tier-3 Cities,0,,0.0
user_3944,Premium Fitness Users,Tier-1 Cities,1,2023-03-26 00:13:05,11535.84
user_3945,Unknown,Tier-1 Cities,0,,0.0
user_3946,Unknown,Tier-2 Cities,0,,0.0
user_3947,Gen-Z Trend Seekers,International,0,,0.0
user_3948,Gen-Z Trend Seekers,Tier-2 Cities,0,,0.0
user_3949,Impulse Buyers,Tier-3 Cities,0,,0.0
user_3950,Gen-Z Trend Seekers,Tier-2 Cities,0,,0.0
user_3951,Gen-Z Trend Seekers,Tier-1 Cities,0,,0.0
user_3952,Premium Fitness Users,Tier-3 Cities,1,2023-06-25 15:29:33,12225.32
user_3953,Impulse Buyers,International,0,,0.0
user_3954,Unknown,Tier-1 Cities,0,,0.0
user_3955,Budget Parents,International,0,,0.0
user_3956,Gen-Z Trend Seekers,Tier-2 Cities,0,,0.0
user_3957,Impulse Buyers,Tier-3 Cities,0,,0.0
user_3958,Gen-Z Trend Seekers,International,0,,0.0
user_3959,Budget Parents,Tier-3 Cities,0,,0.0
user_3960,Premium Fitness Users,Tier-2 Cities,0,,0.0
user_3961,Budget Parents,Tier-2 Cities,0,,0.0
user_3962,Impulse Buyers,Tier-3 Cities,1,2023-12-16 20:25:20,817.81
user_3963,Gen-Z Trend Seekers,Tier-3 Cities,0,,0.0
user_3964,Impulse Buyers,Tier-3 Cities,0,,0.0
user_3965,Impulse Buyers,Tier-2 Cities,0,,0.0
user_3966,Premium Fitness Users,Tier-1 Cities,0,,0.0
user_3967,Gen-Z Trend Seekers,Tier-2 Cities,0,,0.0
user_3968,Premium Fitness Users,International,0,,0.0
user_3969,Impulse Buyers,Tier-2 Cities,0,,0.0
user_3970,Premium Fitness Users,International,1,2023-04-08 17:15:08,11531.81
user_3971,Gen-Z Trend Seekers,Tier-2 Cities,0,,0.0
user_3972,Budget Parents,Tier-3 Cities,0,,0.0
user_3973,Premium Fitness Users,International,0,,0.0
user_3974,Gen-Z Trend Seekers,Tier-3 Cities,0,,0.0
user_3975,Impulse Buyers,Tier-1 Cities,0,,0.0
user_3976,Budget Parents,Tier-1 Cities,0,,0.0
user_3977,Budget Parents,Tier-3 Cities,0,,0.0
user_3978,Unknown,Tier-1 Cities,0,,0.0
user_3979,Impulse Buyers,Tier-3 Cities,0,,0.0
user_3980,Impulse Buyers,Tier-1 Cities,1,2023-03-25 00:17:11,2427.65
user_3981,Unknown,Tier-1 Cities,0,,0.0
user_3982,Impulse Buyers,Tier-2 Cities,0,,0.0
user_3983,Gen-Z Trend Seekers,Tier-2 Cities,0,,0.0
user_3984,Gen-Z Trend Seekers,International,0,,0.0
user_3985,Premium Fitness Users,Tier-1 Cities,0,,0.0
user_3986,Unknown,International,0,,0.0
user_3987,Impulse Buyers,Tier-2 Cities,0,,0.0
user_3988,Impulse Buyers,Tier-3 Cities,1,2023-03-01 17:21:33,3773.45
user_3989,Impulse Buyers,Tier-1 Cities,0,,0.0
user_3990,Unknown,Tier-3 Cities,0,,0.0
user_3991,Impulse Buyers,Tier-1 Cities,0,,0.0
user_3992,Impulse Buyers,International,0,,0.0
user_3993,Unknown,Tier-2 Cities,0,,0.0
user_3994,Premium Fitness Users,International,0,,0.0
user_3995,Unknown,Tier-2 Cities,0,,0.0
user_3996,Premium Fitness Users,International,1,2023-06-10 04:33:21,7910.51
user_3997,Unknown,Tier-2 Cities,0,,0.0
user_3998,Gen-Z Trend Seekers,Tier-3 Cities,1,2023-11-14 06:32:20,4835.91
user_3999,Gen-Z Trend Seekers,Tier-2 Cities,0,,0.0
user_4000,Unknown,Tier-1 Cities,0,,0.0
user_4001,Impulse Buyers,International,0,,0.0
user_4002,Unknown,Tier-2 Cities,0,,0.0
user_4003,Premium Fitness Users,International,0,,0.0
user_4004,Impulse Buyers,Tier-1 Cities,0,,0.0
user_4005,Premium Fitness Users,Tier-2 Cities,0,,0.0
user_4006,Gen-Z Trend Seekers,International,0,,0.0
user_4007,Premium Fitness Users,Tier-1 Cities,0,,0.0
user_4008,Impulse Buyers,International,0,,0.0
user_4009,Impulse Buyers,Tier-2 Cities,0,,0.0
user_4010,Unknown,Tier-2 Cities,0,,0.0
user_4011,Unknown,Tier-1 Cities,0,,0.0
user_4012,Unknown,Tier-1 Cities,0,,0.0
user_4013,Gen-Z Trend Seekers,Tier-3 Cities,0,,0.0
user_4014,Impulse Buyers,Tier-1 Cities,0,,0.0
user_4015,Premium Fitness Users,Tier-1 Cities,0,,0.0
user_4016,Gen-Z Trend Seekers,Tier-3 Cities,0,,0.0
user_4017,Budget Parents,Tier-3 Cities,0,,0.0
user_4018,Budget Parents,Tier-2 Cities,0,,0.0
user_4019,Budget Parents,International,0,,0.0
user_4020,Gen-Z Trend Seekers,International,0,,0.0
user_4021,Budget Parents,Tier-1 Cities,0,,0.0
user_4022,Unknown,Tier-2 Cities,0,,0.0
user_4023,Budget Parents,International,0,,0.0
user_4024,Impulse Buyers,Tier-2 Cities,0,,0.0
user_4025,Impulse Buyers,International,0,,0.0
user_4026,Gen-Z Trend Seekers,International,0,,0.0
user_4027,Gen-Z Trend Seekers,Tier-2 Cities,0,,0.0
user_4028,Impulse Buyers,Tier-1 Cities,0,,0.0
user_4029,Premium Fitness Users,Tier-2 Cities,0,,0.0
user_4030,Gen-Z Trend Seekers,Tier-3 Cities,1,2023-12-25 08:07:26,4948.3
user_4031,Premium Fitness Users,International,0,,0.0
user_4032,Gen-Z Trend Seekers,Tier-1 Cities,0,,0.0
user_4033,Unknown,Tier-2 Cities,0,,0.0
user_4034,Impulse Buyers,Tier-1 Cities,0,,0.0
user_4035,Gen-Z Trend Seekers,Tier-2 Cities,0,,0.0
user_4036,Impulse Buyers,International,0,,0.0
user_4037,Premium Fitness Users,International,0,,0.0
user_4038,Budget Parents,Tier-2 Cities,0,,0.0
user_4039,Impulse Buyers,Tier-3 Cities,0,,0.0
user_4040,Unknown,Tier-3 Cities,0,,0.0
user_4041,Budget Parents,International,0,,0.0
user_4042,Impulse Buyers,Tier-3 Cities,0,,0.0
user_4043,Gen-Z Trend Seekers,Tier-2 Cities,0,,0.0
user_4044,Gen-Z Trend Seekers,Tier-2 Cities,0,,0.0
user_4045,Budget Parents,International,0,,0.0
user_4046,Gen-Z Trend Seekers,Tier-2 Cities,0,,0.0
user_4047,Gen-Z Trend Seekers,Tier-2 Cities,0,,0.0
user_4048,Impulse Buyers,Tier-3 Cities,1,2023-04-19 15:15:10,1011.15
user_4049,Gen-Z Trend Seekers,Tier-3 Cities,0,,0.0
user_4050,Unknown,International,0,,0.0
user_4051,Unknown,International,0,,0.0
user_4052,Impulse Buyers,Tier-2 Cities,0,,0.0
user_4053,Budget Parents,International,0,,0.0
user_4054,Premium Fitness Users,Tier-3 Cities,0,,0.0
user_4055,Premium Fitness Users,Tier-2 Cities,0,,0.0
user_4056,Budget Parents,Tier-3 Cities,0,,0.0
user_4057,Gen-Z Trend Seekers,Tier-3 Cities,0,,0.0
user_4058,Impulse Buyers,International,0,,0.0
user_4059,Premium Fitness Users,Tier-3 Cities,0,,0.0
user_4060,Gen-Z Trend Seekers,International,1,2023-08-20 23:18:32,1572.93
user_4061,Unknown,Tier-2 Cities,0,,0.0
user_4062,Impulse Buyers,International,0,,0.0
user_4063,Budget Parents,Tier-1 Cities,1,2023-09-11 16:08:23,3604.36
user_4064,Gen-Z Trend Seekers,Tier-2 Cities,1,2023-07-13 16:53:56,3124.7
user_4065,Unknown,Tier-1 Cities,0,,0.0
user_4066,Unknown,Tier-3 Cities,0,,0.0
user_4067,Gen-Z Trend Seekers,Tier-3 Cities,0,,0.0
user_4068,Gen-Z Trend Seekers,Tier-3 Cities,0,,0.0
user_4069,Budget Parents,Tier-1 Cities,0,,0.0
user_4070,Budget Parents,Tier-2 Cities,0,,0.0
user_4071,Gen-Z Trend Seekers,International,0,,0.0
user_4072,Budget Parents,Tier-3 Cities,0,,0.0
user_4073,Unknown,Tier-2 Cities,0,,0.0
user_4074,Gen-Z Trend Seekers,Tier-3 Cities,0,,0.0
user_4075,Impulse Buyers,International,0,,0.0
user_4076,Premium Fitness Users,Tier-1 Cities,0,,0.0
user_4077,Budget Parents,Tier-2 Cities,0,,0.0
user_4078,Impulse Buyers,Tier-2 Cities,0,,0.0
user_4079,Gen-Z Trend Seekers,Tier-2 Cities,1,2024-01-02 12:26:39,1451.1
user_4080,Budget Parents,Tier-2 Cities,0,,0.0
user_4081,Premium Fitness Users,Tier-3 Cities,0,,0.0
user_4082,Unknown,International,0,,0.0
user_4083,Budget Parents,International,0,,0.0
user_4084,Gen-Z Trend Seekers,Tier-3 Cities,0,,0.0
user_4085,Premium Fitness Users,Tier-3 Cities,1,2023-12-09 19:56:15,9361.14
user_4086,Impulse Buyers,International,0,,0.0
user_4087,Premium Fitness Users,Tier-2 Cities,0,,0.0
user_4088,Unknown,Tier-2 Cities,0,,0.0
user_4089,Gen-Z Trend Seekers,Tier-1 Cities,0,,0.0
user_4090,Premium Fitness Users,Tier-1 Cities,0,,0.0
user_4091,Gen-Z Trend Seekers,Tier-1 Cities,0,,0.0
user_4092,Unknown,Tier-2 Cities,0,,0.0
user_4093,Budget Parents,Tier-2 Cities,1,2023-05-03 20:53:15,1818.47
user_4094,Gen-Z Trend Seekers,Tier-3 Cities,0,,0.0
user_4095,Gen-Z Trend Seekers,Tier-3 Cities,0,,0.0
user_4096,Gen-Z Trend Seekers,Tier-2 Cities,0,,0.0
user_4097,Unknown,International,0,,0.0
user_4098,Impulse Buyers,Tier-1 Cities,1,2023-12-17 09:12:16,802.15
user_4099,Budget Parents,Tier-3 Cities,0,,0.0
user_4100,Budget Parents,Tier-1 Cities,0,,0.0
user_4101,Gen-Z Trend Seekers,International,0,,0.0
user_4102,Unknown,Tier-1 Cities,0,,0.0
user_4103,Impulse Buyers,International,0,,0.0
user_4104,Gen-Z Trend Seekers,Tier-3 Cities,0,,0.0
user_4105,Gen-Z Trend Seekers,Tier-3 Cities,0,,0.0
user_4106,Unknown,Tier-2 Cities,0,,0.0
user_4107,Gen-Z Trend Seekers,Tier-3 Cities,0,,0.0
user_4108,Gen-Z Trend Seekers,Tier-1 Cities,0,,0.0
user_4109,Budget Parents,Tier-1 Cities,0,,0.0
user_4110,Gen-Z Trend Seekers,Tier-3 Cities,0,,0.0
user_4111,Impulse Buyers,Tier-2 Cities,0,,0.0
user_4112,Impulse Buyers,International,0,,0.0
user_4113,Gen-Z Trend Seekers,International,0,,0.0
user_4114,Unknown,International,0,,0.0
user_4115,Gen-Z Trend Seekers,Tier-3 Cities,0,,0.0
user_4116,Budget Parents,Tier-2 Cities,0,,0.0
user_4117,Gen-Z Trend Seekers,Tier-1 Cities,1,2023-09-14 13:01:49,5932.57
user_4118,Unknown,Tier-1 Cities,0,,0.0
user_4119,Unknown,Tier-2 Cities,0,,0.0
user_4120,Impulse Buyers,International,0,,0.0
user_4121,Gen-Z Trend Seekers,Tier-3 Cities,0,,0.0
user_4122,Gen-Z Trend Seekers,Tier-2 Cities,0,,0.0
user_4123,Premium Fitness Users,Tier-1 Cities,1,2023-02-19 22:14:48,5308.2
user_4124,Budget Parents,Tier-3 Cities,0,,0.0
user_4125,Budget Parents,Tier-3 Cities,0,,0.0
user_4126,Gen-Z Trend Seekers,Tier-1 Cities,1,2023-01-25 23:08:05,2130.36
user_4127,Gen-Z Trend Seekers,Tier-2 Cities,0,,0.0
user_4128,Budget Parents,Tier-1 Cities,0,,0.0
user_4129,Budget Parents,Tier-2 Cities,0,,0.0
user_4130,Gen-Z Trend Seekers,Tier-2 Cities,0,,0.0
user_4131,Impulse Buyers,International,0,,0.0
user_4132,Impulse Buyers,International,0,,0.0
user_4133,Unknown,Tier-2 Cities,0,,0.0
user_4134,Impulse Buyers,Tier-2 Cities,1,2023-12-20 06:25:17,1975.0
user_4135,Unknown,Tier-1 Cities,0,,0.0
user_4136,Unknown,Tier-1 Cities,0,,0.0
user_4137,Budget Parents,International,0,,0.0
user_4138,Gen-Z Trend Seekers,International,0,,0.0
user_4139,Impulse Buyers,Tier-1 Cities,0,,0.0
user_4140,Budget Parents,International,0,,0.0
user_4141,Gen-Z Trend Seekers,Tier-2 Cities,1,2023-03-17 18:34:49,2346.74
user_4142,Gen-Z Trend Seekers,Tier-2 Cities,0,,0.0
user_4143,Gen-Z Trend Seekers,Tier-2 Cities,0,,0.0
user_4144,Gen-Z Trend Seekers,Tier-1 Cities,0,,0.0
user_4145,Impulse Buyers,Tier-2 Cities,0,,0.0
user_4146,Budget Parents,International,0,,0.0
user_4147,Budget Parents,Tier-1 Cities,1,2023-07-21 16:34:32,6193.0
user_4148,Impulse Buyers,Tier-2 Cities,0,,0.0
user_4149,Budget Parents,Tier-2 Cities,0,,0.0
user_4150,Premium Fitness Users,Tier-2 Cities,0,,0.0
user_4151,Gen-Z Trend Seekers,Tier-1 Cities,0,,0.0
user_4152,Gen-Z Trend Seekers,International,1,2023-04-20 06:41:19,2648.85
user_4153,Premium Fitness Users,International,0,,0.0
user_4154,Gen-Z Trend Seekers,Tier-3 Cities,0,,0.0
user_4155,Impulse Buyers,Tier-2 Cities,0,,0.0
user_4156,Budget Parents,Tier-1 Cities,0,,0.0
user_4157,Gen-Z Trend Seekers,International,0,,0.0
user_4158,Budget Parents,Tier-2 Cities,0,,0.0
user_4159,Impulse Buyers,Tier-2 Cities,1,2023-07-25 04:45:05,1970.78
user_4160,Budget Parents,Tier-3 Cities,0,,0.0
user_4161,Unknown,Tier-2 Cities,0,,0.0
user_4162,Premium Fitness Users,Tier-3 Cities,0,,0.0
user_4163,Gen-Z Trend Seekers,Tier-1 Cities,0,,0.0
user_4164,Budget Parents,International,0,,0.0
user_4165,Premium Fitness Users,International,0,,0.0
user_4166,Gen-Z Trend Seekers,Tier-3 Cities,0,,0.0
user_4167,Gen-Z Trend Seekers,International,0,,0.0
user_4168,Premium Fitness Users,Tier-3 Cities,1,2023-07-03 22:05:55,6211.92
user_4169,Gen-Z Trend Seekers,Tier-1 Cities,0,,0.0
user_4170,Gen-Z Trend Seekers,International,0,,0.0
user_4171,Premium Fitness Users,Tier-1 Cities,0,,0.0
user_4172,Premium Fitness Users,Tier-2 Cities,0,,0.0
user_4173,Unknown,Tier-3 Cities,0,,0.0
user_4174,Premium Fitness Users,International,0,,0.0
user_4175,Gen-Z Trend Seekers,Tier-3 Cities,0,,0.0
user_4176,Impulse Buyers,Tier-3 Cities,0,,0.0
user_4177,Gen-Z Trend Seekers,Tier-1 Cities,0,,0.0
user_4178,Gen-Z Trend Seekers,Tier-3 Cities,0,,0.0
user_4179,Impulse Buyers,Tier-1 Cities,1,2024-01-07 13:54:16,2952.57
user_4180,Budget Parents,Tier-3 Cities,0,,0.0
user_4181,Premium Fitness Users,Tier-2 Cities,0,,0.0
user_4182,Budget Parents,Tier-2 Cities,0,,0.0
user_4183,Unknown,Tier-2 Cities,0,,0.0
user_4184,Gen-Z Trend Seekers,Tier-2 Cities,0,,0.0
user_4185,Budget Parents,International,0,,0.0
user_4186,Budget Parents,Tier-1 Cities,0,,0.0
user_4187,Gen-Z Trend Seekers,International,1,2023-05-20 22:19:07,2453.88
user_4188,Gen-Z Trend Seekers,Tier-2 Cities,1,2023-08-08 17:10:18,4380.1
user_4189,Gen-Z Trend Seekers,Tier-3 Cities,0,,0.0
user_4190,Impulse Buyers,Tier-2 Cities,0,,0.0
user_4191,Budget Parents,Tier-3 Cities,0,,0.0
user_4192,Gen-Z Trend Seekers,Tier-2 Cities,0,,0.0
user_4193,Budget Parents,International,0,,0.0
user_4194,Impulse Buyers,International,0,,0.0
user_4195,Premium Fitness Users,Tier-3 Cities,0,,0.0
user_4196,Impulse Buyers,Tier-2 Cities,0,,0.0
user_4197,Premium Fitness Users,International,0,,0.0
user_4198,Unknown,International,0,,0.0
user_4199,Gen-Z Trend Seekers,Tier-2 Cities,0,,0.0
user_4200,Gen-Z Trend Seekers,Tier-3 Cities,0,,0.0
user_4201,Budget Parents,Tier-3 Cities,0,,0.0
user_4202,Budget Parents,International,0,,0.0
user_4203,Gen-Z Trend Seekers,Tier-2 Cities,0,,0.0
user_4204,Premium Fitness Users,International,0,,0.0
user_4205,Budget Parents,Tier-1 Cities,0,,0.0
user_4206,Budget Parents,Tier-3 Cities,0,,0.0
user_4207,Gen-Z Trend Seekers,Tier-2 Cities,1,2023-08-06 15:55:39,5444.19
user_4208,Impulse Buyers,Tier-3 Cities,0,,0.0
user_4209,Impulse Buyers,Tier-3 Cities,0,,0.0
user_4210,Unknown,Tier-3 Cities,0,,0.0
user_4211,Premium Fitness Users,Tier-2 Cities,0,,0.0
user_4212,Impulse Buyers,International,0,,0.0
user_4213,Impulse Buyers,Tier-3 Cities,0,,0.0
user_4214,Impulse Buyers,Tier-2 Cities,0,,0.0
user_4215,Premium Fitness Users,Tier-3 Cities,0,,0.0
user_4216,Premium Fitness Users,Tier-2 Cities,0,,0.0
user_4217,Premium Fitness Users,International,0,,0.0
user_4218,Premium Fitness Users,Tier-2 Cities,0,,0.0
user_4219,Premium Fitness Users,Tier-2 Cities,0,,0.0
user_4220,Budget Parents,Tier-3 Cities,0,,0.0
user_4221,Gen-Z Trend Seekers,International,0,,0.0
user_4222,Gen-Z Trend Seekers,Tier-1 Cities,0,,0.0
user_4223,Budget Parents,Tier-2 Cities,0,,0.0
user_4224,Gen-Z Trend Seekers,International,0,,0.0
user_4225,Premium Fitness Users,Tier-1 Cities,0,,0.0
user_4226,Impulse Buyers,Tier-3 Cities,0,,0.0
user_4227,Impulse Buyers,International,0,,0.0
user_4228,Impulse Buyers,Tier-1 Cities,0,,0.0
user_4229,Budget Parents,Tier-3 Cities,0,,0.0
user_4230,Premium Fitness Users,Tier-3 Cities,0,,0.0
user_4231,Budget Parents,International,0,,0.0
user_4232,Unknown,Tier-2 Cities,0,,0.0
user_4233,Impulse Buyers,Tier-2 Cities,0,,0.0
user_4234,Gen-Z Trend Seekers,Tier-2 Cities,0,,0.0
user_4235,Gen-Z Trend Seekers,Tier-1 Cities,0,,0.0
user_4236,Premium Fitness Users,Tier-1 Cities,0,,0.0
user_4237,Premium Fitness Users,Tier-3 Cities,0,,0.0
user_4238,Impulse Buyers,International,0,,0.0
user_4239,Budget Parents,Tier-3 Cities,1,2023-07-08 12:10:19,5069.85
user_4240,Gen-Z Trend Seekers,Tier-1 Cities,1,2023-07-09 16:56:11,3675.82
user_4241,Gen-Z Trend Seekers,Tier-1 Cities,0,,0.0
user_4242,Gen-Z Trend Seekers,Tier-3 Cities,0,,0.0
user_4243,Gen-Z Trend Seekers,International,0,,0.0
user_4244,Gen-Z Trend Seekers,Tier-1 Cities,0,,0.0
user_4245,Premium Fitness Users,Tier-3 Cities,0,,0.0
user_4246,Unknown,Tier-2 Cities,0,,0.0
user_4247,Budget Parents,Tier-3 Cities,0,,0.0
user_4248,Gen-Z Trend Seekers,Tier-1 Cities,0,,0.0
user_4249,Impulse Buyers,Tier-1 Cities,0,,0.0
user_4250,Budget Parents,Tier-3 Cities,0,,0.0
user_4251,Gen-Z Trend Seekers,International,0,,0.0
user_4252,Gen-Z Trend Seekers,International,0,,0.0
user_4253,Gen-Z Trend Seekers,Tier-3 Cities,0,,0.0
user_4254,Gen-Z Trend Seekers,Tier-1 Cities,0,,0.0
user_4255,Impulse Buyers,International,0,,0.0
user_4256,Premium Fitness Users,Tier-3 Cities,0,,0.0
user_4257,Gen-Z Trend Seekers,Tier-2 Cities,0,,0.0
user_4258,Budget Parents,International,0,,0.0
user_4259,Impulse Buyers,Tier-1 Cities,0,,0.0
user_4260,Gen-Z Trend Seekers,Tier-1 Cities,0,,0.0
user_4261,Budget Parents,Tier-2 Cities,0,,0.0
user_4262,Unknown,Tier-1 Cities,0,,0.0
user_4263,Budget Parents,Tier-3 Cities,0,,0.0
user_4264,Budget Parents,International,0,,0.0
user_4265,Impulse Buyers,Tier-3 Cities,0,,0.0
user_4266,Gen-Z Trend Seekers,Tier-1 Cities,0,,0.0
user_4267,Budget Parents,Tier-2 Cities,0,,0.0
user_4268,Gen-Z Trend Seekers,Tier-1 Cities,0,,0.0
user_4269,Impulse Buyers,Tier-3 Cities,0,,0.0
user_4270,Gen-Z Trend Seekers,International,0,,0.0
user_4271,Budget Parents,International,0,,0.0
user_4272,Unknown,International,0,,0.0
user_4273,Gen-Z Trend Seekers,Tier-1 Cities,0,,0.0
user_4274,Gen-Z Trend Seekers,Tier-1 Cities,0,,0.0
user_4275,Impulse Buyers,International,0,,0.0
user_4276,Premium Fitness Users,Tier-2 Cities,0,,0.0
user_4277,Premium Fitness Users,International,0,,0.0
user_4278,Gen-Z Trend Seekers,Tier-3 Cities,0,,0.0
user_4279,Unknown,International,0,,0.0
user_4280,Impulse Buyers,International,0,,0.0
user_4281,Impulse Buyers,Tier-2 Cities,0,,0.0
user_4282,Gen-Z Trend Seekers,International,0,,0.0
user_4283,Impulse Buyers,Tier-2 Cities,0,,0.0
user_4284,Impulse Buyers,Tier-1 Cities,0,,0.0
user_4285,Budget Parents,International,0,,0.0
user_4286,Budget Parents,Tier-3 Cities,0,,0.0
user_4287,Gen-Z Trend Seekers,International,0,,0.0
user_4288,Premium Fitness Users,Tier-1 Cities,0,,0.0
user_4289,Impulse Buyers,International,1,2023-11-04 16:33:14,1460.04
user_4290,Premium Fitness Users,Tier-1 Cities,0,,0.0
user_4291,Unknown,International,0,,0.0
user_4292,Premium Fitness Users,Tier-2 Cities,0,,0.0
user_4293,Impulse Buyers,International,0,,0.0
user_4294,Impulse Buyers,Tier-2 Cities,0,,0.0
user_4295,Unknown,Tier-3 Cities,0,,0.0
user_4296,Budget Parents,Tier-3 Cities,0,,0.0
user_4297,Budget Parents,Tier-1 Cities,0,,0.0
user_4298,Budget Parents,Tier-1 Cities,0,,0.0
user_4299,Budget Parents,Tier-2 Cities,1,2023-01-26 14:00:35,7026.93
user_4300,Budget Parents,Tier-3 Cities,0,,0.0
user_4301,Budget Parents,Tier-2 Cities,0,,0.0
user_4302,Budget Parents,International,0,,0.0
user_4303,Gen-Z Trend Seekers,Tier-1 Cities,0,,0.0
user_4304,Unknown,International,0,,0.0
user_4305,Budget Parents,Tier-2 Cities,0,,0.0
user_4306,Budget Parents,Tier-2 Cities,0,,0.0
user_4307,Premium Fitness Users,International,0,,0.0
user_4308,Gen-Z Trend Seekers,Tier-3 Cities,0,,0.0
user_4309,Impulse Buyers,Tier-1 Cities,0,,0.0
user_4310,Premium Fitness Users,Tier-1 Cities,0,,0.0
user_4311,Gen-Z Trend Seekers,International,0,,0.0
user_4312,Premium Fitness Users,Tier-1 Cities,0,,0.0
user_4313,Premium Fitness Users,International,0,,0.0
user_4314,Gen-Z Trend Seekers,Tier-1 Cities,1,2023-02-14 20:44:08,5160.05
user_4315,Unknown,Tier-2 Cities,0,,0.0
user_4316,Impulse Buyers,International,0,,0.0
user_4317,Budget Parents,International,0,,0.0
user_4318,Impulse Buyers,Tier-2 Cities,0,,0.0
user_4319,Gen-Z Trend Seekers,International,0,,0.0
user_4320,Impulse Buyers,International,0,,0.0
user_4321,Budget Parents,International,0,,0.0
user_4322,Impulse Buyers,Tier-3 Cities,0,,0.0
user_4323,Gen-Z Trend Seekers,Tier-3 Cities,0,,0.0
user_4324,Budget Parents,International,0,,0.0
user_4325,Unknown,Tier-3 Cities,0,,0.0
user_4326,Budget Parents,Tier-2 Cities,0,,0.0
user_4327,Budget Parents,Tier-2 Cities,0,,0.0
user_4328,Budget Parents,Tier-3 Cities,0,,0.0
user_4329,Gen-Z Trend Seekers,Tier-2 Cities,0,,0.0
user_4330,Impulse Buyers,International,1,2023-09-24 15:15:22,1208.11
user_4331,Impulse Buyers,Tier-3 Cities,0,,0.0
user_4332,Unknown,International,0,,0.0
user_4333,Unknown,International,0,,0.0
user_4334,Unknown,Tier-3 Cities,0,,0.0
user_4335,Unknown,Tier-3 Cities,0,,0.0
user_4336,Impulse Buyers,Tier-1 Cities,0,,0.0
user_4337,Budget Parents,Tier-3 Cities,0,,0.0
user_4338,Budget Parents,Tier-3 Cities,0,,0.0
user_4339,Unknown,International,0,,0.0
user_4340,Premium Fitness Users,Tier-2 Cities,0,,0.0
user_4341,Gen-Z Trend Seekers,Tier-2 Cities,0,,0.0
user_4342,Unknown,Tier-3 Cities,0,,0.0
user_4343,Impulse Buyers,Tier-3 Cities,0,,0.0
user_4344,Gen-Z Trend Seekers,Tier-2 Cities,0,,0.0
user_4345,Unknown,Tier-2 Cities,0,,0.0
user_4346,Impulse Buyers,Tier-3 Cities,0,,0.0
user_4347,Unknown,International,0,,0.0
user_4348,Impulse Buyers,International,0,,0.0
user_4349,Unknown,Tier-3 Cities,0,,0.0
user_4350,Budget Parents,Tier-1 Cities,0,,0.0
user_4351,Unknown,International,0,,0.0
user_4352,Unknown,Tier-2 Cities,0,,0.0
user_4353,Premium Fitness Users,Tier-3 Cities,0,,0.0
user_4354,Budget Parents,Tier-3 Cities,0,,0.0
user_4355,Premium Fitness Users,Tier-3 Cities,0,,0.0
user_4356,Budget Parents,Tier-1 Cities,0,,0.0
user_4357,Premium Fitness Users,Tier-1 Cities,0,,0.0
user_4358,Budget Parents,Tier-2 Cities,0,,0.0
user_4359,Gen-Z Trend Seekers,Tier-1 Cities,0,,0.0
user_4360,Premium Fitness Users,International,1,2023-07-14 01:40:42,4455.98
user_4361,Impulse Buyers,International,1,2023-11-04 12:50:12,3380.82
user_4362,Premium Fitness Users,Tier-3 Cities,0,,0.0
user_4363,Impulse Buyers,Tier-2 Cities,0,,0.0
user_4364,Impulse Buyers,Tier-2 Cities,0,,0.0
user_4365,Budget Parents,Tier-2 Cities,0,,0.0
user_4366,Impulse Buyers,Tier-1 Cities,0,,0.0
user_4367,Impulse Buyers,Tier-1 Cities,0,,0.0
user_4368,Premium Fitness Users,Tier-3 Cities,0,,0.0
user_4369,Impulse Buyers,Tier-3 Cities,0,,0.0
user_4370,Gen-Z Trend Seekers,Tier-3 Cities,0,,0.0
user_4371,Unknown,Tier-2 Cities,0,,0.0
user_4372,Impulse Buyers,Tier-3 Cities,0,,0.0
user_4373,Impulse Buyers,Tier-3 Cities,0,,0.0
user_4374,Unknown,Tier-2 Cities,0,,0.0
user_4375,Unknown,Tier-2 Cities,0,,0.0
user_4376,Impulse Buyers,International,0,,0.0
user_4377,Unknown,Tier-3 Cities,0,,0.0
user_4378,Premium Fitness Users,Tier-1 Cities,0,,0.0
user_4379,Impulse Buyers,Tier-3 Cities,0,,0.0
user_4380,Budget Parents,Tier-3 Cities,0,,0.0
user_4381,Impulse Buyers,Tier-1 Cities,0,,0.0
user_4382,Gen-Z Trend Seekers,Tier-2 Cities,0,,0.0
user_4383,Impulse Buyers,International,0,,0.0
user_4384,Budget Parents,Tier-2 Cities,0,,0.0
user_4385,Impulse Buyers,International,0,,0.0
user_4386,Unknown,Tier-2 Cities,0,,0.0
user_4387,Gen-Z Trend Seekers,International,1,2023-12-14 02:04:58,4599.67
user_4388,Impulse Buyers,Tier-3 Cities,0,,0.0
user_4389,Gen-Z Trend Seekers,Tier-3 Cities,0,,0.0
user_4390,Premium Fitness Users,Tier-1 Cities,0,,0.0
user_4391,Gen-Z Trend Seekers,Tier-1 Cities,1,2023-09-12 12:20:06,3940.06
user_4392,Gen-Z Trend Seekers,Tier-2 Cities,0,,0.0
user_4393,Gen-Z Trend Seekers,Tier-3 Cities,0,,0.0
user_4394,Gen-Z Trend Seekers,International,1,2023-10-21 01:06:59,2885.7
user_4395,Budget Parents,Tier-1 Cities,0,,0.0
user_4396,Gen-Z Trend Seekers,International,0,,0.0
user_4397,Unknown,Tier-2 Cities,0,,0.0
user_4398,Gen-Z Trend Seekers,Tier-3 Cities,0,,0.0
user_4399,Impulse Buyers,Tier-2 Cities,0,,0.0
user_4400,Premium Fitness Users,Tier-2 Cities,0,,0.0
user_4401,Premium Fitness Users,Tier-2 Cities,0,,0.0
user_4402,Gen-Z Trend Seekers,Tier-2 Cities,0,,0.0
user_4403,Budget Parents,Tier-3 Cities,0,,0.0
user_4404,Impulse Buyers,Tier-1 Cities,0,,0.0
user_4405,Gen-Z Trend Seekers,Tier-1 Cities,0,,0.0
user_4406,Gen-Z Trend Seekers,Tier-3 Cities,0,,0.0
user_4407,Gen-Z Trend Seekers,Tier-1 Cities,0,,0.0
user_4408,Gen-Z Trend Seekers,Tier-1 Cities,0,,0.0
user_4409,Budget Parents,International,0,,0.0
user_4410,Premium Fitness Users,Tier-3 Cities,0,,0.0
user_4411,Gen-Z Trend Seekers,Tier-2 Cities,0,,0.0
user_4412,Gen-Z Trend Seekers,Tier-3 Cities,0,,0.0
user_4413,Budget Parents,International,1,2023-06-21 10:48:58,6407.76
user_4414,Budget Parents,Tier-3 Cities,0,,0.0
user_4415,Unknown,Tier-1 Cities,0,,0.0
user_4416,Budget Parents,Tier-3 Cities,0,,0.0
user_4417,Impulse Buyers,Tier-2 Cities,0,,0.0
user_4418,Impulse Buyers,Tier-1 Cities,0,,0.0
user_4419,Budget Parents,Tier-3 Cities,0,,0.0
user_4420,Impulse Buyers,International,0,,0.0
user_4421,Premium Fitness Users,International,1,2023-10-02 18:48:52,4015.44
user_4422,Unknown,International,0,,0.0
user_4423,Premium Fitness Users,International,0,,0.0
user_4424,Impulse Buyers,Tier-2 Cities,1,2023-10-17 08:46:26,1533.28
user_4425,Unknown,Tier-3 Cities,0,,0.0
user_4426,Premium Fitness Users,International,1,2023-11-16 04:41:55,4329.19
user_4427,Gen-Z Trend Seekers,Tier-2 Cities,0,,0.0
user_4428,Budget Parents,Tier-2 Cities,0,,0.0
user_4429,Impulse Buyers,Tier-3 Cities,1,2024-01-06 11:29:10,2709.02
user_4430,Impulse Buyers,Tier-2 Cities,0,,0.0
user_4431,Impulse Buyers,International,0,,0.0
user_4432,Budget Parents,Tier-3 Cities,0,,0.0
user_4433,Impulse Buyers,Tier-2 Cities,0,,0.0
user_4434,Budget Parents,International,0,,0.0
user_4435,Gen-Z Trend Seekers,Tier-2 Cities,0,,0.0
user_4436,Premium Fitness Users,Tier-2 Cities,0,,0.0
user_4437,Impulse Buyers,Tier-3 Cities,0,,0.0
user_4438,Unknown,International,0,,0.0
user_4439,Budget Parents,Tier-2 Cities,0,,0.0
user_4440,Impulse Buyers,Tier-1 Cities,0,,0.0
user_4441,Gen-Z Trend Seekers,Tier-2 Cities,0,,0.0
user_4442,Premium Fitness Users,International,0,,0.0
user_4443,Premium Fitness Users,Tier-3 Cities,1,2023-06-04 17:31:28,10059.57
user_4444,Impulse Buyers,Tier-3 Cities,0,,0.0
user_4445,Impulse Buyers,International,0,,0.0
user_4446,Premium Fitness Users,Tier-2 Cities,0,,0.0
user_4447,Gen-Z Trend Seekers,Tier-2 Cities,0,,0.0
user_4448,Premium Fitness Users,Tier-3 Cities,0,,0.0
user_4449,Gen-Z Trend Seekers,Tier-1 Cities,0,,0.0
user_4450,Gen-Z Trend Seekers,Tier-2 Cities,0,,0.0
user_4451,Unknown,International,0,,0.0
user_4452,Impulse Buyers,Tier-1 Cities,1,2023-12-14 04:33:02,1031.35
user_4453,Gen-Z Trend Seekers,Tier-3 Cities,0,,0.0
user_4454,Premium Fitness Users,International,0,,0.0
user_4455,Impulse Buyers,Tier-1 Cities,0,,0.0
user_4456,Impulse Buyers,Tier-3 Cities,0,,0.0
user_4457,Gen-Z Trend Seekers,International,0,,0.0
user_4458,Gen-Z Trend Seekers,Tier-1 Cities,0,,0.0
user_4459,Gen-Z Trend Seekers,Tier-1 Cities,0,,0.0
user_4460,Unknown,Tier-1 Cities,0,,0.0
user_4461,Impulse Buyers,International,0,,0.0
user_4462,Unknown,Tier-3 Cities,0,,0.0
user_4463,Impulse Buyers,Tier-2 Cities,0,,0.0
user_4464,Budget Parents,Tier-2 Cities,0,,0.0
user_4465,Unknown,Tier-2 Cities,0,,0.0
user_4466,Budget Parents,Tier-3 Cities,0,,0.0
user_4467,Premium Fitness Users,International,0,,0.0
user_4468,Gen-Z Trend Seekers,Tier-1 Cities,0,,0.0
user_4469,Premium Fitness Users,International,0,,0.0
user_4470,Gen-Z Trend Seekers,International,0,,0.0
user_4471,Unknown,Tier-3 Cities,0,,0.0
user_4472,Gen-Z Trend Seekers,Tier-2 Cities,0,,0.0
user_4473,Gen-Z Trend Seekers,International,0,,0.0
user_4474,Impulse Buyers,Tier-1 Cities,0,,0.0
user_4475,Impulse Buyers,International,0,,0.0
user_4476,Gen-Z Trend Seekers,Tier-1 Cities,0,,0.0
user_4477,Budget Parents,Tier-2 Cities,0,,0.0
user_4478,Impulse Buyers,Tier-1 Cities,0,,0.0
user_4479,Unknown,International,0,,0.0
user_4480,Gen-Z Trend Seekers,Tier-1 Cities,0,,0.0
user_4481,Impulse Buyers,International,0,,0.0
user_4482,Gen-Z Trend Seekers,Tier-1 Cities,0,,0.0
user_4483,Budget Parents,Tier-2 Cities,0,,0.0
user_4484,Premium Fitness Users,Tier-2 Cities,0,,0.0
user_4485,Budget Parents,Tier-3 Cities,0,,0.0
user_4486,Premium Fitness Users,International,0,,0.0
user_4487,Impulse Buyers,International,0,,0.0
user_4488,Premium Fitness Users,Tier-2 Cities,0,,0.0
user_4489,Gen-Z Trend Seekers,Tier-2 Cities,0,,0.0
user_4490,Budget Parents,International,0,,0.0
user_4491,Impulse Buyers,Tier-3 Cities,0,,0.0
user_4492,Gen-Z Trend Seekers,Tier-1 Cities,0,,0.0
user_4493,Impulse Buyers,International,0,,0.0
user_4494,Unknown,Tier-2 Cities,0,,0.0
user_4495,Impulse Buyers,Tier-1 Cities,0,,0.0
user_4496,Gen-Z Trend Seekers,Tier-3 Cities,0,,0.0
user_4497,Unknown,Tier-1 Cities,0,,0.0
user_4498,Impulse Buyers,Tier-1 Cities,1,2023-06-29 13:02:57,928.68
user_4499,Unknown,Tier-1 Cities,0,,0.0
user_4500,Premium Fitness Users,International,0,,0.0
user_4501,Gen-Z Trend Seekers,Tier-3 Cities,0,,0.0
user_4502,Budget Parents,Tier-2 Cities,0,,0.0
user_4503,Gen-Z Trend Seekers,Tier-1 Cities,0,,0.0
user_4504,Gen-Z Trend Seekers,Tier-2 Cities,0,,0.0
user_4505,Budget Parents,Tier-3 Cities,1,2023-09-01 16:31:21,5111.16
user_4506,Unknown,Tier-2 Cities,0,,0.0
user_4507,Premium Fitness Users,Tier-3 Cities,0,,0.0
user_4508,Premium Fitness Users,International,0,,0.0
user_4509,Impulse Buyers,Tier-1 Cities,0,,0.0
user_4510,Impulse Buyers,Tier-1 Cities,0,,0.0
user_4511,Gen-Z Trend Seekers,International,0,,0.0
user_4512,Gen-Z Trend Seekers,Tier-3 Cities,0,,0.0
user_4513,Budget Parents,Tier-1 Cities,0,,0.0
user_4514,Gen-Z Trend Seekers,Tier-1 Cities,0,,0.0
user_4515,Gen-Z Trend Seekers,Tier-2 Cities,0,,0.0
user_4516,Premium Fitness Users,Tier-1 Cities,0,,0.0
user_4517,Premium Fitness Users,Tier-3 Cities,0,,0.0
user_4518,Premium Fitness Users,Tier-2 Cities,0,,0.0
user_4519,Gen-Z Trend Seekers,Tier-2 Cities,0,,0.0
user_4520,Unknown,Tier-1 Cities,0,,0.0
user_4521,Gen-Z Trend Seekers,International,0,,0.0
user_4522,Budget Parents,International,0,,0.0
user_4523,Budget Parents,Tier-3 Cities,0,,0.0
user_4524,Gen-Z Trend Seekers,Tier-3 Cities,0,,0.0
user_4525,Gen-Z Trend Seekers,Tier-1 Cities,0,,0.0
user_4526,Unknown,International,0,,0.0
user_4527,Gen-Z Trend Seekers,International,0,,0.0
user_4528,Budget Parents,Tier-1 Cities,0,,0.0
user_4529,Budget Parents,Tier-2 Cities,0,,0.0
user_4530,Unknown,Tier-1 Cities,0,,0.0
user_4531,Gen-Z Trend Seekers,Tier-2 Cities,1,2023-08-06 05:57:05,5562.03
user_4532,Budget Parents,Tier-3 Cities,0,,0.0
user_4533,Unknown,Tier-1 Cities,0,,0.0
user_4534,Gen-Z Trend Seekers,Tier-2 Cities,0,,0.0
user_4535,Premium Fitness Users,Tier-3 Cities,0,,0.0
user_4536,Budget Parents,Tier-3 Cities,0,,0.0
user_4537,Impulse Buyers,Tier-3 Cities,0,,0.0
user_4538,Budget Parents,International,0,,0.0
user_4539,Gen-Z Trend Seekers,Tier-3 Cities,1,2024-01-13 07:11:18,2576.17
user_4540,Impulse Buyers,International,0,,0.0
user_4541,Premium Fitness Users,Tier-3 Cities,0,,0.0
user_4542,Unknown,Tier-2 Cities,0,,0.0
user_4543,Unknown,Tier-2 Cities,0,,0.0
user_4544,Budget Parents,Tier-3 Cities,0,,0.0
user_4545,Impulse Buyers,International,0,,0.0
user_4546,Gen-Z Trend Seekers,Tier-1 Cities,0,,0.0
user_4547,Gen-Z Trend Seekers,Tier-1 Cities,1,2023-08-30 01:10:54,1457.27
user_4548,Premium Fitness Users,Tier-1 Cities,1,2023-06-19 07:42:01,7197.15
user_4549,Gen-Z Trend Seekers,Tier-1 Cities,0,,0.0
user_4550,Budget Parents,International,0,,0.0
user_4551,Gen-Z Trend Seekers,International,0,,0.0
user_4552,Unknown,Tier-2 Cities,0,,0.0
user_4553,Impulse Buyers,Tier-3 Cities,0,,0.0
user_4554,Unknown,Tier-2 Cities,0,,0.0
user_4555,Premium Fitness Users,International,0,,0.0
user_4556,Budget Parents,Tier-3 Cities,0,,0.0
user_4557,Unknown,Tier-1 Cities,0,,0.0
user_4558,Unknown,Tier-1 Cities,0,,0.0
user_4559,Gen-Z Trend Seekers,International,0,,0.0
user_4560,Gen-Z Trend Seekers,Tier-3 Cities,0,,0.0
user_4561,Gen-Z Trend Seekers,International,0,,0.0
user_4562,Unknown,International,0,,0.0
user_4563,Unknown,Tier-2 Cities,0,,0.0
user_4564,Unknown,Tier-1 Cities,0,,0.0
user_4565,Premium Fitness Users,International,0,,0.0
user_4566,Premium Fitness Users,International,0,,0.0
user_4567,Budget Parents,Tier-2 Cities,0,,0.0
user_4568,Budget Parents,International,0,,0.0
user_4569,Unknown,Tier-2 Cities,0,,0.0
user_4570,Impulse Buyers,International,1,2024-01-01 00:00:44,960.57
user_4571,Budget Parents,Tier-1 Cities,0,,0.0
user_4572,Premium Fitness Users,International,0,,0.0
user_4573,Unknown,Tier-3 Cities,0,,0.0
user_4574,Premium Fitness Users,International,0,,0.0
user_4575,Gen-Z Trend Seekers,International,0,,0.0
user_4576,Gen-Z Trend Seekers,Tier-2 Cities,0,,0.0
user_4577,Budget Parents,Tier-1 Cities,0,,0.0
user_4578,Budget Parents,Tier-2 Cities,0,,0.0
user_4579,Gen-Z Trend Seekers,Tier-1 Cities,0,,0.0
user_4580,Budget Parents,Tier-3 Cities,0,,0.0
user_4581,Unknown,International,0,,0.0
user_4582,Impulse Buyers,Tier-1 Cities,0,,0.0
user_4583,Unknown,Tier-1 Cities,0,,0.0
user_4584,Budget Parents,Tier-3 Cities,0,,0.0
user_4585,Gen-Z Trend Seekers,Tier-2 Cities,0,,0.0
user_4586,Gen-Z Trend Seekers,Tier-1 Cities,0,,0.0
user_4587,Gen-Z Trend Seekers,International,0,,0.0
user_4588,Budget Parents,Tier-3 Cities,0,,0.0
user_4589,Impulse Buyers,Tier-3 Cities,0,,0.0
user_4590,Premium Fitness Users,Tier-2 Cities,0,,0.0
user_4591,Premium Fitness Users,Tier-2 Cities,0,,0.0
user_4592,Budget Parents,Tier-3 Cities,0,,0.0
user_4593,Budget Parents,Tier-1 Cities,0,,0.0
user_4594,Gen-Z Trend Seekers,International,0,,0.0
user_4595,Budget Parents,Tier-1 Cities,0,,0.0
user_4596,Impulse Buyers,Tier-1 Cities,0,,0.0
user_4597,Impulse Buyers,Tier-3 Cities,0,,0.0
user_4598,Gen-Z Trend Seekers,Tier-3 Cities,0,,0.0
user_4599,Premium Fitness Users,International,0,,0.0
user_4600,Impulse Buyers,Tier-1 Cities,0,,0.0
user_4601,Impulse Buyers,Tier-1 Cities,0,,0.0
user_4602,Impulse Buyers,Tier-1 Cities,0,,0.0
user_4603,Premium Fitness Users,Tier-2 Cities,0,,0.0
user_4604,Budget Parents,Tier-3 Cities,0,,0.0
user_4605,Premium Fitness Users,International,0,,0.0
user_4606,Impulse Buyers,International,0,,0.0
user_4607,Gen-Z Trend Seekers,International,0,,0.0
user_4608,Impulse Buyers,Tier-1 Cities,0,,0.0
user_4609,Premium Fitness Users,Tier-1 Cities,0,,0.0
user_4610,Gen-Z Trend Seekers,Tier-3 Cities,0,,0.0
user_4611,Budget Parents,Tier-3 Cities,0,,0.0
user_4612,Budget Parents,Tier-3 Cities,1,2023-11-09 16:33:06,3263.81
user_4613,Budget Parents,Tier-3 Cities,0,,0.0
user_4614,Premium Fitness Users,International,0,,0.0
user_4615,Budget Parents,Tier-3 Cities,0,,0.0
user_4616,Unknown,International,0,,0.0
user_4617,Budget Parents,Tier-1 Cities,0,,0.0
user_4618,Gen-Z Trend Seekers,Tier-2 Cities,0,,0.0
user_4619,Gen-Z Trend Seekers,Tier-2 Cities,0,,0.0
user_4620,Gen-Z Trend Seekers,Tier-2 Cities,0,,0.0
user_4621,Gen-Z Trend Seekers,Tier-3 Cities,0,,0.0
user_4622,Budget Parents,Tier-3 Cities,0,,0.0
user_4623,Premium Fitness Users,Tier-3 Cities,0,,0.0
user_4624,Impulse Buyers,Tier-3 Cities,0,,0.0
user_4625,Gen-Z Trend Seekers,Tier-1 Cities,0,,0.0
user_4626,Budget Parents,Tier-3 Cities,0,,0.0
user_4627,Premium Fitness Users,Tier-1 Cities,0,,0.0
user_4628,Gen-Z Trend Seekers,Tier-3 Cities,0,,0.0
user_4629,Impulse Buyers,International,1,2023-09-24 09:56:55,3424.24
user_4630,Premium Fitness Users,Tier-1 Cities,0,,0.0
user_4631,Budget Parents,International,0,,0.0
user_4632,Unknown,Tier-3 Cities,0,,0.0
user_4633,Budget Parents,International,0,,0.0
user_4634,Unknown,Tier-2 Cities,0,,0.0
user_4635,Premium Fitness Users,Tier-1 Cities,1,2023-10-01 18:55:20,11777.11
user_4636,Unknown,International,0,,0.0
user_4637,Gen-Z Trend Seekers,Tier-2 Cities,0,,0.0
user_4638,Impulse Buyers,Tier-2 Cities,0,,0.0
user_4639,Impulse Buyers,Tier-3 Cities,0,,0.0
user_4640,Budget Parents,Tier-3 Cities,0,,0.0
user_4641,Premium Fitness Users,International,0,,0.0
user_4642,Budget Parents,Tier-3 Cities,0,,0.0
user_4643,Premium Fitness Users,International,0,,0.0
user_4644,Budget Parents,International,0,,0.0
user_4645,Budget Parents,Tier-2 Cities,0,,0.0
user_4646,Budget Parents,Tier-2 Cities,0,,0.0
user_4647,Gen-Z Trend Seekers,Tier-2 Cities,0,,0.0
user_4648,Gen-Z Trend Seekers,Tier-1 Cities,0,,0.0
user_4649,Unknown,Tier-1 Cities,0,,0.0
user_4650,Gen-Z Trend Seekers,International,0,,0.0
user_4651,Impulse Buyers,Tier-3 Cities,1,2023-05-03 04:32:20,1512.11
user_4652,Budget Parents,Tier-3 Cities,0,,0.0
user_4653,Impulse Buyers,Tier-2 Cities,1,2023-11-03 22:11:12,1251.85
user_4654,Premium Fitness Users,Tier-2 Cities,0,,0.0
user_4655,Impulse Buyers,Tier-2 Cities,0,,0.0
user_4656,Budget Parents,Tier-1 Cities,0,,0.0
user_4657,Premium Fitness Users,International,1,2023-04-20 03:50:01,11822.58
user_4658,Unknown,International,0,,0.0
user_4659,Gen-Z Trend Seekers,Tier-1 Cities,0,,0.0
user_4660,Premium Fitness Users,Tier-3 Cities,0,,0.0
user_4661,Premium Fitness Users,Tier-2 Cities,0,,0.0
user_4662,Premium Fitness Users,Tier-2 Cities,0,,0.0
user_4663,Premium Fitness Users,Tier-2 Cities,0,,0.0
user_4664,Budget Parents,Tier-3 Cities,0,,0.0
user_4665,Premium Fitness Users,International,0,,0.0
user_4666,Budget Parents,International,0,,0.0
user_4667,Impulse Buyers,International,0,,0.0
user_4668,Premium Fitness Users,Tier-1 Cities,0,,0.0
user_4669,Unknown,Tier-2 Cities,0,,0.0
user_4670,Impulse Buyers,International,0,,0.0
user_4671,Premium Fitness Users,International,0,,0.0
user_4672,Gen-Z Trend Seekers,Tier-2 Cities,0,,0.0
user_4673,Unknown,International,0,,0.0
user_4674,Impulse Buyers,International,1,2024-01-04 07:30:00,2865.5
user_4675,Impulse Buyers,Tier-2 Cities,0,,0.0
user_4676,Budget Parents,Tier-2 Cities,0,,0.0
user_4677,Premium Fitness Users,Tier-2 Cities,1,2023-06-18 15:49:59,8300.58
user_4678,Gen-Z Trend Seekers,Tier-3 Cities,0,,0.0
user_4679,Premium Fitness Users,Tier-2 Cities,0,,0.0
user_4680,Gen-Z Trend Seekers,Tier-1 Cities,0,,0.0
user_4681,Unknown,Tier-2 Cities,0,,0.0
user_4682,Budget Parents,Tier-3 Cities,0,,0.0
user_4683,Gen-Z Trend Seekers,International,1,2023-04-03 06:22:15,4594.44
user_4684,Gen-Z Trend Seekers,International,0,,0.0
user_4685,Impulse Buyers,International,0,,0.0
user_4686,Gen-Z Trend Seekers,Tier-2 Cities,0,,0.0
user_4687,Gen-Z Trend Seekers,International,0,,0.0
user_4688,Gen-Z Trend Seekers,Tier-1 Cities,1,2023-03-15 12:48:10,2375.21
user_4689,Unknown,International,0,,0.0
user_4690,Budget Parents,Tier-2 Cities,0,,0.0
user_4691,Premium Fitness Users,Tier-3 Cities,0,,0.0
user_4692,Budget Parents,Tier-3 Cities,0,,0.0
user_4693,Impulse Buyers,Tier-1 Cities,0,,0.0
user_4694,Premium Fitness Users,Tier-2 Cities,0,,0.0
user_4695,Premium Fitness Users,Tier-1 Cities,0,,0.0
user_4696,Gen-Z Trend Seekers,Tier-3 Cities,0,,0.0
user_4697,Gen-Z Trend Seekers,Tier-1 Cities,0,,0.0
user_4698,Gen-Z Trend Seekers,Tier-1 Cities,0,,0.0
user_4699,Premium Fitness Users,Tier-1 Cities,0,,0.0
user_4700,Unknown,International,0,,0.0
user_4701,Gen-Z Trend Seekers,Tier-1 Cities,0,,0.0
user_4702,Gen-Z Trend Seekers,International,0,,0.0
user_4703,Premium Fitness Users,Tier-3 Cities,0,,0.0
user_4704,Premium Fitness Users,International,0,,0.0
user_4705,Premium Fitness Users,Tier-1 Cities,0,,0.0
user_4706,Premium Fitness Users,Tier-1 Cities,0,,0.0
user_4707,Premium Fitness Users,Tier-2 Cities,0,,0.0
user_4708,Unknown,Tier-1 Cities,0,,0.0
user_4709,Impulse Buyers,Tier-3 Cities,0,,0.0
user_4710,Impulse Buyers,Tier-2 Cities,1,2023-04-17 22:40:46,2332.24
user_4711,Gen-Z Trend Seekers,Tier-1 Cities,0,,0.0
user_4712,Unknown,Tier-2 Cities,0,,0.0
user_4713,Impulse Buyers,Tier-2 Cities,0,,0.0
user_4714,Gen-Z Trend Seekers,Tier-3 Cities,0,,0.0
user_4715,Premium Fitness Users,Tier-2 Cities,1,2023-04-24 21:17:40,7407.53
user_4716,Budget Parents,Tier-3 Cities,0,,0.0
user_4717,Impulse Buyers,Tier-2 Cities,0,,0.0
user_4718,Budget Parents,International,0,,0.0
user_4719,Unknown,Tier-2 Cities,0,,0.0
user_4720,Unknown,International,0,,0.0
user_4721,Impulse Buyers,Tier-1 Cities,0,,0.0
user_4722,Unknown,Tier-3 Cities,0,,0.0
user_4723,Impulse Buyers,Tier-1 Cities,0,,0.0
user_4724,Gen-Z Trend Seekers,Tier-3 Cities,1,2023-10-02 05:16:03,1823.82
user_4725,Gen-Z Trend Seekers,International,1,2023-09-07 00:00:06,2534.21
user_4726,Budget Parents,Tier-2 Cities,0,,0.0
user_4727,Premium Fitness Users,Tier-2 Cities,0,,0.0
user_4728,Unknown,Tier-1 Cities,0,,0.0
user_4729,Gen-Z Trend Seekers,International,0,,0.0
user_4730,Budget Parents,Tier-3 Cities,0,,0.0
user_4731,Budget Parents,International,0,,0.0
user_4732,Impulse Buyers,International,0,,0.0
user_4733,Budget Parents,Tier-3 Cities,0,,0.0
user_4734,Gen-Z Trend Seekers,International,0,,0.0
user_4735,Gen-Z Trend Seekers,Tier-1 Cities,0,,0.0
user_4736,Gen-Z Trend Seekers,Tier-3 Cities,0,,0.0
user_4737,Budget Parents,Tier-2 Cities,0,,0.0
user_4738,Budget Parents,Tier-2 Cities,0,,0.0
user_4739,Gen-Z Trend Seekers,Tier-3 Cities,0,,0.0
user_4740,Gen-Z Trend Seekers,Tier-3 Cities,0,,0.0
user_4741,Unknown,Tier-2 Cities,0,,0.0
user_4742,Budget Parents,Tier-2 Cities,0,,0.0
user_4743,Budget Parents,Tier-3 Cities,1,2023-04-30 14:38:03,6745.99
user_4744,Premium Fitness Users,Tier-2 Cities,0,,0.0
user_4745,Budget Parents,International,0,,0.0
user_4746,Budget Parents,Tier-3 Cities,0,,0.0
user_4747,Impulse Buyers,Tier-1 Cities,0,,0.0
user_4748,Impulse Buyers,Tier-2 Cities,1,2023-06-23 08:49:07,2040.13
user_4749,Gen-Z Trend Seekers,Tier-2 Cities,0,,0.0
user_4750,Impulse Buyers,International,0,,0.0
user_4751,Impulse Buyers,Tier-3 Cities,0,,0.0
user_4752,Budget Parents,Tier-3 Cities,0,,0.0
user_4753,Impulse Buyers,Tier-3 Cities,0,,0.0
user_4754,Impulse Buyers,Tier-1 Cities,0,,0.0
user_4755,Impulse Buyers,Tier-3 Cities,0,,0.0
user_4756,Premium Fitness Users,Tier-2 Cities,0,,0.0
user_4757,Budget Parents,Tier-1 Cities,0,,0.0
user_4758,Budget Parents,Tier-1 Cities,0,,0.0
user_4759,Gen-Z Trend Seekers,International,0,,0.0
user_4760,Premium Fitness Users,Tier-1 Cities,0,,0.0
user_4761,Budget Parents,Tier-2 Cities,0,,0.0
user_4762,Budget Parents,Tier-2 Cities,0,,0.0
user_4763,Gen-Z Trend Seekers,Tier-3 Cities,0,,0.0
user_4764,Premium Fitness Users,Tier-2 Cities,1,2023-07-05 10:20:04,4355.35
user_4765,Gen-Z Trend Seekers,Tier-1 Cities,0,,0.0
user_4766,Budget Parents,Tier-1 Cities,0,,0.0
user_4767,Budget Parents,Tier-3 Cities,0,,0.0
user_4768,Premium Fitness Users,International,0,,0.0
user_4769,Gen-Z Trend Seekers,International,0,,0.0
user_4770,Budget Parents,Tier-1 Cities,0,,0.0
user_4771,Unknown,International,0,,0.0
user_4772,Impulse Buyers,Tier-1 Cities,0,,0.0
user_4773,Impulse Buyers,Tier-1 Cities,0,,0.0
user_4774,Budget Parents,Tier-1 Cities,0,,0.0
user_4775,Premium Fitness Users,Tier-2 Cities,0,,0.0
user_4776,Gen-Z Trend Seekers,Tier-2 Cities,0,,0.0
user_4777,Premium Fitness Users,Tier-3 Cities,0,,0.0
user_4778,Gen-Z Trend Seekers,Tier-3 Cities,0,,0.0
user_4779,Impulse Buyers,Tier-3 Cities,0,,0.0
user_4780,Budget Parents,International,0,,0.0
user_4781,Unknown,Tier-2 Cities,0,,0.0
user_4782,Gen-Z Trend Seekers,Tier-1 Cities,0,,0.0
user_4783,Impulse Buyers,Tier-1 Cities,0,,0.0
user_4784,Gen-Z Trend Seekers,International,1,2023-11-30 12:40:12,2196.13
user_4785,Impulse Buyers,Tier-1 Cities,0,,0.0
user_4786,Unknown,Tier-2 Cities,0,,0.0
user_4787,Premium Fitness Users,Tier-2 Cities,0,,0.0
user_4788,Gen-Z Trend Seekers,Tier-3 Cities,0,,0.0
user_4789,Premium Fitness Users,Tier-1 Cities,0,,0.0
user_4790,Budget Parents,Tier-2 Cities,0,,0.0
user_4791,Premium Fitness Users,International,0,,0.0
user_4792,Budget Parents,Tier-3 Cities,1,2023-05-20 17:04:49,5657.08
user_4793,Gen-Z Trend Seekers,Tier-1 Cities,0,,0.0
user_4794,Budget Parents,International,1,2023-07-19 16:18:09,7309.85
user_4795,Premium Fitness Users,International,0,,0.0
user_4796,Gen-Z Trend Seekers,International,1,2023-02-12 19:26:37,2414.14
user_4797,Impulse Buyers,Tier-1 Cities,0,,0.0
user_4798,Impulse Buyers,Tier-3 Cities,0,,0.0
user_4799,Premium Fitness Users,Tier-3 Cities,0,,0.0
user_4800,Gen-Z Trend Seekers,Tier-1 Cities,0,,0.0
user_4801,Impulse Buyers,Tier-1 Cities,0,,0.0
user_4802,Gen-Z Trend Seekers,International,0,,0.0
user_4803,Unknown,Tier-2 Cities,0,,0.0
user_4804,Gen-Z Trend Seekers,Tier-2 Cities,0,,0.0
user_4805,Premium Fitness Users,Tier-3 Cities,1,2023-12-24 20:27:41,4155.79
user_4806,Unknown,Tier-1 Cities,0,,0.0
user_4807,Premium Fitness Users,Tier-2 Cities,0,,0.0
user_4808,Unknown,International,0,,0.0
user_4809,Gen-Z Trend Seekers,Tier-3 Cities,0,,0.0
user_4810,Gen-Z Trend Seekers,Tier-3 Cities,0,,0.0
user_4811,Impulse Buyers,Tier-2 Cities,0,,0.0
user_4812,Impulse Buyers,Tier-3 Cities,1,2023-11-23 20:15:59,3202.59
user_4813,Gen-Z Trend Seekers,Tier-2 Cities,0,,0.0
user_4814,Premium Fitness Users,Tier-3 Cities,1,2023-08-31 19:32:12,3624.89
user_4815,Gen-Z Trend Seekers,International,0,,0.0
user_4816,Gen-Z Trend Seekers,International,0,,0.0
user_4817,Gen-Z Trend Seekers,Tier-2 Cities,0,,0.0
user_4818,Budget Parents,Tier-2 Cities,0,,0.0
user_4819,Impulse Buyers,Tier-1 Cities,0,,0.0
user_4820,Unknown,International,0,,0.0
user_4821,Premium Fitness Users,Tier-2 Cities,0,,0.0
user_4822,Impulse Buyers,Tier-3 Cities,0,,0.0
user_4823,Budget Parents,Tier-3 Cities,0,,0.0
user_4824,Impulse Buyers,Tier-1 Cities,1,2023-07-13 21:32:45,2126.75
user_4825,Impulse Buyers,International,0,,0.0
user_4826,Budget Parents,Tier-1 Cities,0,,0.0
user_4827,Budget Parents,Tier-2 Cities,0,,0.0
user_4828,Premium Fitness Users,Tier-2 Cities,0,,0.0
user_4829,Budget Parents,International,0,,0.0
user_4830,Gen-Z Trend Seekers,Tier-3 Cities,1,2023-05-03 16:51:17,4827.65
user_4831,Budget Parents,Tier-2 Cities,0,,0.0
user_4832,Gen-Z Trend Seekers,Tier-3 Cities,0,,0.0
user_4833,Premium Fitness Users,International,0,,0.0
user_4834,Gen-Z Trend Seekers,Tier-3 Cities,0,,0.0
user_4835,Unknown,International,0,,0.0
user_4836,Impulse Buyers,International,0,,0.0
user_4837,Unknown,Tier-1 Cities,0,,0.0
user_4838,Budget Parents,Tier-3 Cities,0,,0.0
user_4839,Budget Parents,Tier-1 Cities,0,,0.0
user_4840,Gen-Z Trend Seekers,Tier-3 Cities,0,,0.0
user_4841,Budget Parents,Tier-1 Cities,0,,0.0
user_4842,Impulse Buyers,Tier-2 Cities,0,,0.0
user_4843,Impulse Buyers,International,0,,0.0
user_4844,Unknown,Tier-2 Cities,0,,0.0
user_4845,Budget Parents,Tier-3 Cities,0,,0.0
user_4846,Premium Fitness Users,Tier-2 Cities,0,,0.0
user_4847,Unknown,International,0,,0.0
user_4848,Budget Parents,Tier-1 Cities,0,,0.0
user_4849,Gen-Z Trend Seekers,Tier-3 Cities,1,2023-03-18 20:22:59,5753.3
user_4850,Budget Parents,Tier-1 Cities,0,,0.0
user_4851,Impulse Buyers,Tier-1 Cities,0,,0.0
user_4852,Gen-Z Trend Seekers,International,0,,0.0
user_4853,Unknown,Tier-3 Cities,0,,0.0
user_4854,Budget Parents,Tier-2 Cities,1,2023-02-13 23:26:12,5415.89
user_4855,Gen-Z Trend Seekers,Tier-2 Cities,0,,0.0
user_4856,Impulse Buyers,International,0,,0.0
user_4857,Gen-Z Trend Seekers,Tier-1 Cities,0,,0.0
user_4858,Gen-Z Trend Seekers,Tier-2 Cities,0,,0.0
user_4859,Gen-Z Trend Seekers,Tier-3 Cities,0,,0.0
user_4860,Gen-Z Trend Seekers,International,1,2023-08-21 02:51:00,2232.03
user_4861,Unknown,Tier-1 Cities,0,,0.0
user_4862,Budget Parents,Tier-3 Cities,0,,0.0
user_4863,Impulse Buyers,International,0,,0.0
user_4864,Gen-Z Trend Seekers,Tier-1 Cities,0,,0.0
user_4865,Impulse Buyers,Tier-3 Cities,0,,0.0
user_4866,Impulse Buyers,Tier-2 Cities,0,,0.0
user_4867,Impulse Buyers,International,0,,0.0
user_4868,Premium Fitness Users,Tier-2 Cities,1,2023-12-03 05:34:58,11819.89
user_4869,Gen-Z Trend Seekers,International,0,,0.0
user_4870,Premium Fitness Users,Tier-3 Cities,1,2023-05-12 01:17:08,10515.83
user_4871,Unknown,Tier-3 Cities,0,,0.0
user_4872,Gen-Z Trend Seekers,Tier-1 Cities,0,,0.0
user_4873,Gen-Z Trend Seekers,Tier-3 Cities,0,,0.0
user_4874,Gen-Z Trend Seekers,International,0,,0.0
user_4875,Premium Fitness Users,Tier-2 Cities,0,,0.0
user_4876,Budget Parents,Tier-2 Cities,0,,0.0
user_4877,Premium Fitness Users,Tier-3 Cities,0,,0.0
user_4878,Impulse Buyers,Tier-1 Cities,0,,0.0
user_4879,Budget Parents,Tier-3 Cities,0,,0.0
user_4880,Gen-Z Trend Seekers,International,1,2023-08-04 05:25:43,5456.06
user_4881,Premium Fitness Users,Tier-2 Cities,0,,0.0
user_4882,Premium Fitness Users,Tier-2 Cities,0,,0.0
user_4883,Premium Fitness Users,Tier-2 Cities,0,,0.0
user_4884,Gen-Z Trend Seekers,Tier-1 Cities,0,,0.0
user_4885,Gen-Z Trend Seekers,Tier-1 Cities,0,,0.0
user_4886,Premium Fitness Users,Tier-3 Cities,1,2023-08-21 14:29:14,8371.8
user_4887,Impulse Buyers,Tier-3 Cities,0,,0.0
user_4888,Premium Fitness Users,Tier-2 Cities,0,,0.0
user_4889,Unknown,Tier-3 Cities,0,,0.0
user_4890,Premium Fitness Users,Tier-3 Cities,0,,0.0
user_4891,Unknown,Tier-2 Cities,0,,0.0
user_4892,Unknown,Tier-2 Cities,0,,0.0
user_4893,Impulse Buyers,International,0,,0.0
user_4894,Gen-Z Trend Seekers,Tier-1 Cities,0,,0.0
user_4895,Impulse Buyers,Tier-1 Cities,0,,0.0
user_4896,Premium Fitness Users,Tier-2 Cities,0,,0.0
user_4897,Premium Fitness Users,Tier-1 Cities,0,,0.0
user_4898,Gen-Z Trend Seekers,Tier-1 Cities,0,,0.0
user_4899,Premium Fitness Users,Tier-1 Cities,0,,0.0
user_4900,Impulse Buyers,International,0,,0.0
user_4901,Unknown,Tier-1 Cities,0,,0.0
user_4902,Budget Parents,Tier-1 Cities,0,,0.0
user_4903,Gen-Z Trend Seekers,Tier-2 Cities,0,,0.0
user_4904,Premium Fitness Users,Tier-3 Cities,0,,0.0
user_4905,Unknown,Tier-1 Cities,0,,0.0
user_4906,Unknown,International,0,,0.0
user_4907,Premium Fitness Users,Tier-1 Cities,0,,0.0
user_4908,Gen-Z Trend Seekers,Tier-1 Cities,0,,0.0
user_4909,Impulse Buyers,Tier-2 Cities,0,,0.0
user_4910,Gen-Z Trend Seekers,Tier-2 Cities,0,,0.0
user_4911,Budget Parents,Tier-1 Cities,0,,0.0
user_4912,Impulse Buyers,International,0,,0.0
user_4913,Impulse Buyers,International,0,,0.0
user_4914,Gen-Z Trend Seekers,International,0,,0.0
user_4915,Unknown,Tier-2 Cities,0,,0.0
user_4916,Gen-Z Trend Seekers,International,0,,0.0
user_4917,Impulse Buyers,Tier-2 Cities,0,,0.0
user_4918,Impulse Buyers,Tier-2 Cities,0,,0.0
user_4919,Impulse Buyers,Tier-3 Cities,0,,0.0
user_4920,Unknown,Tier-1 Cities,0,,0.0
user_4921,Budget Parents,Tier-2 Cities,0,,0.0
user_4922,Gen-Z Trend Seekers,Tier-3 Cities,0,,0.0
user_4923,Impulse Buyers,Tier-2 Cities,0,,0.0
user_4924,Premium Fitness Users,Tier-3 Cities,0,,0.0
user_4925,Budget Parents,Tier-2 Cities,0,,0.0
user_4926,Impulse Buyers,Tier-2 Cities,0,,0.0
user_4927,Budget Parents,Tier-1 Cities,0,,0.0
user_4928,Impulse Buyers,Tier-1 Cities,0,,0.0
user_4929,Impulse Buyers,Tier-2 Cities,0,,0.0
user_4930,Unknown,Tier-1 Cities,0,,0.0
user_4931,Premium Fitness Users,Tier-1 Cities,0,,0.0
user_4932,Budget Parents,Tier-1 Cities,0,,0.0
user_4933,Premium Fitness Users,International,0,,0.0
user_4934,Premium Fitness Users,International,0,,0.0
user_4935,Gen-Z Trend Seekers,Tier-1 Cities,0,,0.0
user_4936,Gen-Z Trend Seekers,Tier-2 Cities,0,,0.0
user_4937,Premium Fitness Users,Tier-2 Cities,1,2023-10-17 11:52:25,9496.58
user_4938,Gen-Z Trend Seekers,Tier-1 Cities,0,,0.0
user_4939,Impulse Buyers,Tier-3 Cities,1,2023-11-21 14:37:52,2459.81
user_4940,Budget Parents,Tier-3 Cities,0,,0.0
user_4941,Unknown,Tier-1 Cities,0,,0.0
user_4942,Impulse Buyers,Tier-1 Cities,0,,0.0
user_4943,Impulse Buyers,International,0,,0.0
user_4944,Gen-Z Trend Seekers,International,0,,0.0
user_4945,Impulse Buyers,Tier-3 Cities,0,,0.0
user_4946,Budget Parents,Tier-1 Cities,0,,0.0
user_4947,Impulse Buyers,Tier-2 Cities,0,,0.0
user_4948,Budget Parents,Tier-2 Cities,0,,0.0
user_4949,Unknown,Tier-3 Cities,0,,0.0
user_4950,Impulse Buyers,Tier-2 Cities,0,,0.0
user_4951,Unknown,Tier-3 Cities,0,,0.0
user_4952,Unknown,Tier-1 Cities,0,,0.0
user_4953,Premium Fitness Users,Tier-3 Cities,0,,0.0
user_4954,Gen-Z Trend Seekers,International,0,,0.0
user_4955,Budget Parents,International,0,,0.0
user_4956,Unknown,Tier-2 Cities,0,,0.0
user_4957,Gen-Z Trend Seekers,Tier-3 Cities,0,,0.0
user_4958,Premium Fitness Users,Tier-2 Cities,0,,0.0
user_4959,Gen-Z Trend Seekers,International,0,,0.0
user_4960,Gen-Z Trend Seekers,Tier-1 Cities,0,,0.0
user_4961,Budget Parents,Tier-3 Cities,0,,0.0
user_4962,Gen-Z Trend Seekers,Tier-3 Cities,0,,0.0
user_4963,Budget Parents,Tier-3 Cities,0,,0.0
user_4964,Budget Parents,Tier-3 Cities,0,,0.0
user_4965,Gen-Z Trend Seekers,Tier-2 Cities,0,,0.0
user_4966,Premium Fitness Users,International,0,,0.0
user_4967,Premium Fitness Users,Tier-2 Cities,0,,0.0
user_4968,Budget Parents,Tier-2 Cities,1,2023-09-06 03:15:46,6539.91
user_4969,Impulse Buyers,Tier-3 Cities,0,,0.0
user_4970,Budget Parents,Tier-2 Cities,0,,0.0
user_4971,Gen-Z Trend Seekers,Tier-2 Cities,1,2024-01-02 13:41:32,4697.63
user_4972,Gen-Z Trend Seekers,Tier-1 Cities,0,,0.0
user_4973,Gen-Z Trend Seekers,Tier-3 Cities,0,,0.0
user_4974,Gen-Z Trend Seekers,Tier-3 Cities,1,2023-10-03 22:28:00,4020.38
user_4975,Gen-Z Trend Seekers,International,0,,0.0
user_4976,Impulse Buyers,Tier-1 Cities,1,2023-04-12 07:32:58,3740.61
user_4977,Impulse Buyers,International,0,,0.0
user_4978,Unknown,Tier-1 Cities,0,,0.0
user_4979,Impulse Buyers,Tier-3 Cities,0,,0.0
user_4980,Budget Parents,Tier-1 Cities,0,,0.0
user_4981,Gen-Z Trend Seekers,Tier-1 Cities,0,,0.0
user_4982,Unknown,Tier-2 Cities,0,,0.0
user_4983,Gen-Z Trend Seekers,Tier-3 Cities,0,,0.0
user_4984,Impulse Buyers,Tier-2 Cities,0,,0.0
user_4985,Impulse Buyers,Tier-2 Cities,0,,0.0
user_4986,Unknown,International,0,,0.0
user_4987,Gen-Z Trend Seekers,International,0,,0.0
user_4988,Premium Fitness Users,Tier-1 Cities,0,,0.0
user_4989,Premium Fitness Users,Tier-3 Cities,1,2024-01-15 04:51:36,9570.71
user_4990,Impulse Buyers,Tier-2 Cities,0,,0.0
user_4991,Premium Fitness Users,Tier-3 Cities,0,,0.0
user_4992,Budget Parents,Tier-2 Cities,0,,0.0
user_4993,Budget Parents,Tier-1 Cities,0,,0.0
user_4994,Gen-Z Trend Seekers,Tier-2 Cities,0,,0.0
user_4995,Impulse Buyers,International,0,,0.0
user_4996,Premium Fitness Users,Tier-2 Cities,0,,0.0
user_4997,Gen-Z Trend Seekers,Tier-3 Cities,0,,0.0
user_4998,Impulse Buyers,Tier-1 Cities,0,,0.0
user_4999,Budget Parents,Tier-2 Cities,0,,0.0
user_5000,Unknown,Tier-2 Cities,0,,0.0
user_5001,Premium Fitness Users,Tier-2 Cities,0,,0.0
user_5002,Premium Fitness Users,Tier-1 Cities,0,,0.0
user_5003,Unknown,Tier-2 Cities,0,,0.0
user_5004,Budget Parents,Tier-1 Cities,0,,0.0
user_5005,Premium Fitness Users,Tier-3 Cities,0,,0.0
user_5006,Budget Parents,Tier-2 Cities,0,,0.0
user_5007,Impulse Buyers,Tier-1 Cities,0,,0.0
user_5008,Gen-Z Trend Seekers,Tier-1 Cities,0,,0.0
user_5009,Gen-Z Trend Seekers,Tier-1 Cities,0,,0.0
user_5010,Premium Fitness Users,Tier-2 Cities,0,,0.0
user_5011,Gen-Z Trend Seekers,International,0,,0.0
user_5012,Gen-Z Trend Seekers,Tier-2 Cities,0,,0.0
user_5013,Premium Fitness Users,Tier-2 Cities,0,,0.0
user_5014,Impulse Buyers,Tier-1 Cities,0,,0.0
user_5015,Budget Parents,Tier-1 Cities,0,,0.0
user_5016,Unknown,Tier-2 Cities,0,,0.0
user_5017,Budget Parents,International,0,,0.0
user_5018,Budget Parents,Tier-2 Cities,0,,0.0
user_5019,Premium Fitness Users,Tier-2 Cities,0,,0.0
user_5020,Budget Parents,Tier-2 Cities,0,,0.0
user_5021,Impulse Buyers,Tier-1 Cities,1,2023-05-13 15:40:55,1334.15
user_5022,Premium Fitness Users,Tier-2 Cities,0,,0.0
user_5023,Unknown,Tier-3 Cities,0,,0.0
user_5024,Gen-Z Trend Seekers,Tier-2 Cities,0,,0.0
user_5025,Gen-Z Trend Seekers,International,0,,0.0
user_5026,Gen-Z Trend Seekers,Tier-1 Cities,0,,0.0
user_5027,Gen-Z Trend Seekers,Tier-2 Cities,0,,0.0
user_5028,Gen-Z Trend Seekers,International,0,,0.0
user_5029,Budget Parents,International,0,,0.0
user_5030,Gen-Z Trend Seekers,Tier-2 Cities,0,,0.0
user_5031,Premium Fitness Users,Tier-1 Cities,0,,0.0
user_5032,Premium Fitness Users,Tier-2 Cities,0,,0.0
user_5033,Gen-Z Trend Seekers,Tier-2 Cities,0,,0.0
user_5034,Impulse Buyers,Tier-3 Cities,0,,0.0
user_5035,Budget Parents,Tier-3 Cities,0,,0.0
user_5036,Gen-Z Trend Seekers,International,0,,0.0
user_5037,Budget Parents,Tier-2 Cities,0,,0.0
user_5038,Unknown,Tier-2 Cities,0,,0.0
user_5039,Unknown,International,0,,0.0
user_5040,Budget Parents,Tier-3 Cities,0,,0.0
user_5041,Impulse Buyers,International,0,,0.0
user_5042,Premium Fitness Users,Tier-2 Cities,0,,0.0
user_5043,Premium Fitness Users,Tier-3 Cities,1,2024-01-10 09:07:41,7278.11
user_5044,Gen-Z Trend Seekers,International,0,,0.0
user_5045,Impulse Buyers,Tier-2 Cities,0,,0.0
user_5046,Budget Parents,Tier-1 Cities,1,2023-05-25 09:37:17,2020.65
user_5047,Budget Parents,Tier-2 Cities,0,,0.0
user_5048,Gen-Z Trend Seekers,International,0,,0.0
user_5049,Budget Parents,Tier-3 Cities,0,,0.0
user_5050,Unknown,International,0,,0.0
user_5051,Gen-Z Trend Seekers,Tier-3 Cities,0,,0.0
user_5052,Premium Fitness Users,Tier-3 Cities,0,,0.0
user_5053,Budget Parents,International,0,,0.0
user_5054,Gen-Z Trend Seekers,Tier-2 Cities,0,,0.0
user_5055,Gen-Z Trend Seekers,International,0,,0.0
user_5056,Budget Parents,International,0,,0.0
user_5057,Gen-Z Trend Seekers,Tier-2 Cities,0,,0.0
user_5058,Gen-Z Trend Seekers,Tier-2 Cities,0,,0.0
user_5059,Impulse Buyers,Tier-3 Cities,0,,0.0
user_5060,Budget Parents,International,0,,0.0
user_5061,Unknown,Tier-3 Cities,0,,0.0
user_5062,Gen-Z Trend Seekers,Tier-2 Cities,1,2023-05-20 03:05:51,3002.14
user_5063,Impulse Buyers,Tier-1 Cities,0,,0.0
user_5064,Budget Parents,Tier-2 Cities,0,,0.0
user_5065,Gen-Z Trend Seekers,Tier-3 Cities,0,,0.0
user_5066,Gen-Z Trend Seekers,Tier-2 Cities,0,,0.0
user_5067,Unknown,Tier-3 Cities,0,,0.0
user_5068,Gen-Z Trend Seekers,Tier-2 Cities,0,,0.0
user_5069,Budget Parents,Tier-1 Cities,0,,0.0
user_5070,Budget Parents,Tier-2 Cities,0,,0.0
user_5071,Budget Parents,International,0,,0.0
user_5072,Impulse Buyers,International,0,,0.0
user_5073,Premium Fitness Users,Tier-3 Cities,0,,0.0
user_5074,Impulse Buyers,Tier-3 Cities,0,,0.0
user_5075,Impulse Buyers,Tier-1 Cities,0,,0.0
user_5076,Impulse Buyers,Tier-2 Cities,0,,0.0
user_5077,Gen-Z Trend Seekers,Tier-1 Cities,0,,0.0
user_5078,Premium Fitness Users,Tier-1 Cities,0,,0.0
user_5079,Gen-Z Trend Seekers,International,0,,0.0
user_5080,Budget Parents,International,0,,0.0
user_5081,Gen-Z Trend Seekers,Tier-2 Cities,0,,0.0
user_5082,Gen-Z Trend Seekers,International,0,,0.0
user_5083,Premium Fitness Users,International,0,,0.0
user_5084,Impulse Buyers,Tier-3 Cities,0,,0.0
user_5085,Unknown,Tier-2 Cities,0,,0.0
user_5086,Impulse Buyers,International,0,,0.0
user_5087,Gen-Z Trend Seekers,International,0,,0.0
user_5088,Premium Fitness Users,Tier-3 Cities,0,,0.0
user_5089,Gen-Z Trend Seekers,International,0,,0.0
user_5090,Impulse Buyers,Tier-1 Cities,0,,0.0
user_5091,Unknown,Tier-1 Cities,0,,0.0
user_5092,Impulse Buyers,Tier-2 Cities,0,,0.0
user_5093,Impulse Buyers,Tier-1 Cities,0,,0.0
user_5094,Budget Parents,Tier-3 Cities,0,,0.0
user_5095,Gen-Z Trend Seekers,International,1,2023-11-09 18:50:35,3606.75
user_5096,Unknown,Tier-1 Cities,0,,0.0
user_5097,Budget Parents,Tier-3 Cities,0,,0.0
user_5098,Budget Parents,Tier-3 Cities,0,,0.0
user_5099,Premium Fitness Users,International,0,,0.0
user_5100,Budget Parents,International,0,,0.0
user_5101,Gen-Z Trend Seekers,Tier-2 Cities,1,2023-10-21 23:55:33,1902.22
user_5102,Budget Parents,International,0,,0.0
user_5103,Impulse Buyers,Tier-2 Cities,1,2023-03-22 07:49:09,1027.49
user_5104,Gen-Z Trend Seekers,Tier-3 Cities,0,,0.0
user_5105,Impulse Buyers,Tier-2 Cities,1,2023-02-13 02:08:10,808.44
user_5106,Gen-Z Trend Seekers,International,0,,0.0
user_5107,Unknown,Tier-2 Cities,0,,0.0
user_5108,Budget Parents,Tier-1 Cities,0,,0.0
user_5109,Premium Fitness Users,Tier-3 Cities,0,,0.0
user_5110,Budget Parents,Tier-1 Cities,0,,0.0
user_5111,Unknown,Tier-1 Cities,0,,0.0
user_5112,Premium Fitness Users,Tier-1 Cities,0,,0.0
user_5113,Budget Parents,Tier-3 Cities,1,2023-04-15 14:57:38,2836.74
user_5114,Impulse Buyers,International,1,2023-10-20 23:46:50,1059.47
user_5115,Budget Parents,Tier-3 Cities,0,,0.0
user_5116,Gen-Z Trend Seekers,Tier-2 Cities,0,,0.0
user_5117,Impulse Buyers,Tier-2 Cities,0,,0.0
user_5118,Gen-Z Trend Seekers,Tier-2 Cities,0,,0.0
user_5119,Budget Parents,Tier-1 Cities,0,,0.0
user_5120,Gen-Z Trend Seekers,Tier-3 Cities,0,,0.0
user_5121,Premium Fitness Users,Tier-1 Cities,1,2023-10-15 16:32:49,5194.33
user_5122,Impulse Buyers,International,0,,0.0
user_5123,Budget Parents,Tier-3 Cities,1,2023-06-22 02:46:26,4262.52
user_5124,Budget Parents,International,1,2023-12-01 00:14:23,6026.55
user_5125,Premium Fitness Users,International,0,,0.0
user_5126,Gen-Z Trend Seekers,Tier-2 Cities,0,,0.0
user_5127,Gen-Z Trend Seekers,Tier-1 Cities,1,2023-06-19 19:06:59,1759.71
user_5128,Gen-Z Trend Seekers,Tier-3 Cities,1,2023-03-29 13:47:24,3133.35
user_5129,Premium Fitness Users,International,0,,0.0
user_5130,Budget Parents,International,0,,0.0
user_5131,Premium Fitness Users,International,0,,0.0
user_5132,Gen-Z Trend Seekers,Tier-3 Cities,0,,0.0
user_5133,Gen-Z Trend Seekers,Tier-2 Cities,0,,0.0
user_5134,Impulse Buyers,Tier-3 Cities,0,,0.0
user_5135,Gen-Z Trend Seekers,Tier-2 Cities,0,,0.0
user_5136,Impulse Buyers,Tier-2 Cities,1,2023-08-17 18:30:32,2908.41
user_5137,Gen-Z Trend Seekers,Tier-2 Cities,0,,0.0
user_5138,Unknown,Tier-1 Cities,0,,0.0
user_5139,Unknown,Tier-2 Cities,0,,0.0
user_5140,Gen-Z Trend Seekers,International,0,,0.0
user_5141,Budget Parents,International,0,,0.0
user_5142,Gen-Z Trend Seekers,Tier-1 Cities,1,2023-12-07 03:00:26,3232.84
user_5143,Unknown,Tier-2 Cities,0,,0.0
user_5144,Premium Fitness Users,Tier-3 Cities,0,,0.0
user_5145,Gen-Z Trend Seekers,Tier-2 Cities,0,,0.0
user_5146,Gen-Z Trend Seekers,Tier-3 Cities,0,,0.0
user_5147,Unknown,Tier-3 Cities,0,,0.0
user_5148,Gen-Z Trend Seekers,International,0,,0.0
user_5149,Gen-Z Trend Seekers,Tier-3 Cities,0,,0.0
user_5150,Gen-Z Trend Seekers,International,0,,0.0
user_5151,Gen-Z Trend Seekers,International,0,,0.0
user_5152,Gen-Z Trend Seekers,International,0,,0.0
user_5153,Unknown,Tier-2 Cities,0,,0.0
user_5154,Gen-Z Trend Seekers,Tier-1 Cities,0,,0.0
user_5155,Unknown,Tier-2 Cities,0,,0.0
user_5156,Premium Fitness Users,Tier-1 Cities,0,,0.0
user_5157,Premium Fitness Users,International,0,,0.0
user_5158,Budget Parents,International,0,,0.0
user_5159,Impulse Buyers,Tier-2 Cities,0,,0.0
user_5160,Impulse Buyers,International,0,,0.0
user_5161,Gen-Z Trend Seekers,Tier-1 Cities,0,,0.0
user_5162,Impulse Buyers,Tier-3 Cities,0,,0.0
user_5163,Premium Fitness Users,Tier-2 Cities,0,,0.0
user_5164,Impulse Buyers,Tier-2 Cities,0,,0.0
user_5165,Premium Fitness Users,Tier-1 Cities,0,,0.0
user_5166,Gen-Z Trend Seekers,Tier-2 Cities,0,,0.0
user_5167,Budget Parents,Tier-1 Cities,0,,0.0
user_5168,Unknown,Tier-2 Cities,0,,0.0
user_5169,Unknown,Tier-1 Cities,0,,0.0
user_5170,Impulse Buyers,Tier-2 Cities,0,,0.0
user_5171,Gen-Z Trend Seekers,International,0,,0.0
user_5172,Budget Parents,Tier-3 Cities,0,,0.0
user_5173,Budget Parents,Tier-2 Cities,0,,0.0
user_5174,Gen-Z Trend Seekers,Tier-3 Cities,1,2023-09-29 22:52:18,1209.85
user_5175,Gen-Z Trend Seekers,Tier-3 Cities,0,,0.0
user_5176,Budget Parents,International,0,,0.0
user_5177,Premium Fitness Users,Tier-3 Cities,0,,0.0
user_5178,Impulse Buyers,International,0,,0.0
user_5179,Impulse Buyers,Tier-3 Cities,0,,0.0
user_5180,Unknown,Tier-3 Cities,0,,0.0
user_5181,Gen-Z Trend Seekers,Tier-2 Cities,0,,0.0
user_5182,Gen-Z Trend Seekers,Tier-2 Cities,0,,0.0
user_5183,Unknown,International,0,,0.0
user_5184,Gen-Z Trend Seekers,Tier-2 Cities,1,2023-09-26 11:57:13,2342.91
user_5185,Budget Parents,Tier-3 Cities,0,,0.0
user_5186,Budget Parents,International,0,,0.0
user_5187,Impulse Buyers,Tier-3 Cities,0,,0.0
user_5188,Unknown,Tier-1 Cities,0,,0.0
user_5189,Gen-Z Trend Seekers,Tier-2 Cities,0,,0.0
user_5190,Budget Parents,Tier-3 Cities,0,,0.0
user_5191,Gen-Z Trend Seekers,Tier-2 Cities,0,,0.0
user_5192,Premium Fitness Users,Tier-2 Cities,0,,0.0
user_5193,Gen-Z Trend Seekers,Tier-1 Cities,0,,0.0
user_5194,Gen-Z Trend Seekers,Tier-2 Cities,0,,0.0
user_5195,Impulse Buyers,Tier-3 Cities,0,,0.0
user_5196,Premium Fitness Users,International,0,,0.0
user_5197,Gen-Z Trend Seekers,Tier-2 Cities,0,,0.0
user_5198,Unknown,Tier-1 Cities,0,,0.0
user_5199,Impulse Buyers,International,0,,0.0
user_5200,Gen-Z Trend Seekers,Tier-1 Cities,0,,0.0
user_5201,Budget Parents,Tier-1 Cities,0,,0.0
user_5202,Premium Fitness Users,Tier-1 Cities,0,,0.0
user_5203,Gen-Z Trend Seekers,Tier-1 Cities,0,,0.0
user_5204,Premium Fitness Users,Tier-2 Cities,0,,0.0
user_5205,Budget Parents,Tier-1 Cities,0,,0.0
user_5206,Budget Parents,International,0,,0.0
user_5207,Gen-Z Trend Seekers,Tier-1 Cities,0,,0.0
user_5208,Impulse Buyers,Tier-1 Cities,0,,0.0
user_5209,Gen-Z Trend Seekers,International,0,,0.0
user_5210,Premium Fitness Users,Tier-1 Cities,0,,0.0
user_5211,Budget Parents,Tier-2 Cities,0,,0.0
user_5212,Gen-Z Trend Seekers,Tier-1 Cities,0,,0.0
user_5213,Unknown,International,0,,0.0
user_5214,Gen-Z Trend Seekers,Tier-2 Cities,1,2023-10-26 00:20:24,2023.63
user_5215,Impulse Buyers,Tier-1 Cities,0,,0.0
user_5216,Budget Parents,Tier-3 Cities,0,,0.0
user_5217,Premium Fitness Users,Tier-3 Cities,0,,0.0
user_5218,Budget Parents,International,0,,0.0
user_5219,Premium Fitness Users,International,0,,0.0
user_5220,Impulse Buyers,Tier-2 Cities,0,,0.0
user_5221,Gen-Z Trend Seekers,Tier-3 Cities,0,,0.0
user_5222,Gen-Z Trend Seekers,Tier-2 Cities,0,,0.0
user_5223,Budget Parents,Tier-3 Cities,0,,0.0
user_5224,Budget Parents,Tier-2 Cities,0,,0.0
user_5225,Budget Parents,Tier-2 Cities,0,,0.0
user_5226,Budget Parents,Tier-1 Cities,0,,0.0
user_5227,Gen-Z Trend Seekers,International,0,,0.0
user_5228,Budget Parents,International,0,,0.0
user_5229,Premium Fitness Users,International,0,,0.0
user_5230,Gen-Z Trend Seekers,Tier-2 Cities,0,,0.0
user_5231,Gen-Z Trend Seekers,Tier-3 Cities,0,,0.0
user_5232,Gen-Z Trend Seekers,Tier-3 Cities,0,,0.0
user_5233,Budget Parents,Tier-3 Cities,0,,0.0
user_5234,Premium Fitness Users,Tier-1 Cities,1,2024-01-07 10:44:44,5584.8
user_5235,Budget Parents,Tier-2 Cities,0,,0.0
user_5236,Impulse Buyers,Tier-3 Cities,1,2023-04-02 17:56:43,1748.42
user_5237,Impulse Buyers,Tier-2 Cities,0,,0.0
user_5238,Unknown,Tier-3 Cities,0,,0.0
user_5239,Premium Fitness Users,International,1,2023-06-11 17:37:18,4966.32
user_5240,Impulse Buyers,Tier-1 Cities,0,,0.0
user_5241,Impulse Buyers,International,0,,0.0
user_5242,Premium Fitness Users,International,0,,0.0
user_5243,Budget Parents,Tier-3 Cities,0,,0.0
user_5244,Gen-Z Trend Seekers,International,0,,0.0
user_5245,Budget Parents,International,1,2024-01-01 14:50:26,7184.73
user_5246,Impulse Buyers,International,0,,0.0
user_5247,Gen-Z Trend Seekers,Tier-1 Cities,0,,0.0
user_5248,Gen-Z Trend Seekers,Tier-1 Cities,0,,0.0
user_5249,Premium Fitness Users,Tier-3 Cities,0,,0.0
user_5250,Budget Parents,International,0,,0.0
user_5251,Impulse Buyers,Tier-2 Cities,1,2024-01-10 04:56:20,1916.56
user_5252,Impulse Buyers,Tier-3 Cities,1,2023-04-27 23:45:26,1799.56
user_5253,Impulse Buyers,International,0,,0.0
user_5254,Impulse Buyers,Tier-1 Cities,0,,0.0
user_5255,Budget Parents,Tier-1 Cities,0,,0.0
user_5256,Gen-Z Trend Seekers,Tier-1 Cities,0,,0.0
user_5257,Impulse Buyers,International,0,,0.0
user_5258,Premium Fitness Users,Tier-2 Cities,0,,0.0
user_5259,Premium Fitness Users,Tier-3 Cities,0,,0.0
user_5260,Unknown,Tier-1 Cities,0,,0.0
user_5261,Gen-Z Trend Seekers,Tier-3 Cities,0,,0.0
user_5262,Gen-Z Trend Seekers,Tier-2 Cities,0,,0.0
user_5263,Gen-Z Trend Seekers,Tier-3 Cities,0,,0.0
user_5264,Budget Parents,International,0,,0.0
user_5265,Gen-Z Trend Seekers,International,0,,0.0
user_5266,Premium Fitness Users,Tier-1 Cities,1,2023-11-09 05:02:25,9705.86
user_5267,Budget Parents,Tier-3 Cities,0,,0.0
user_5268,Budget Parents,Tier-2 Cities,0,,0.0
user_5269,Premium Fitness Users,Tier-3 Cities,0,,0.0
user_5270,Budget Parents,Tier-1 Cities,0,,0.0
user_5271,Premium Fitness Users,Tier-3 Cities,0,,0.0
user_5272,Unknown,International,0,,0.0
user_5273,Gen-Z Trend Seekers,Tier-1 Cities,0,,0.0
user_5274,Budget Parents,Tier-1 Cities,0,,0.0
user_5275,Budget Parents,Tier-1 Cities,0,,0.0
user_5276,Budget Parents,Tier-2 Cities,0,,0.0
user_5277,Budget Parents,International,0,,0.0
user_5278,Impulse Buyers,International,0,,0.0
user_5279,Unknown,Tier-2 Cities,0,,0.0
user_5280,Unknown,Tier-3 Cities,0,,0.0
user_5281,Premium Fitness Users,International,0,,0.0
user_5282,Gen-Z Trend Seekers,Tier-2 Cities,0,,0.0
user_5283,Premium Fitness Users,International,0,,0.0
user_5284,Impulse Buyers,Tier-3 Cities,0,,0.0
user_5285,Impulse Buyers,Tier-1 Cities,0,,0.0
user_5286,Premium Fitness Users,Tier-1 Cities,0,,0.0
user_5287,Premium Fitness Users,Tier-2 Cities,0,,0.0
user_5288,Impulse Buyers,International,0,,0.0
user_5289,Impulse Buyers,Tier-3 Cities,0,,0.0
user_5290,Impulse Buyers,International,0,,0.0
user_5291,Budget Parents,Tier-3 Cities,0,,0.0
user_5292,Premium Fitness Users,Tier-3 Cities,0,,0.0
user_5293,Impulse Buyers,International,0,,0.0
user_5294,Premium Fitness Users,Tier-2 Cities,0,,0.0
user_5295,Budget Parents,International,0,,0.0
user_5296,Unknown,Tier-1 Cities,0,,0.0
user_5297,Impulse Buyers,Tier-3 Cities,0,,0.0
user_5298,Premium Fitness Users,Tier-2 Cities,0,,0.0
user_5299,Premium Fitness Users,International,1,2023-06-11 11:46:52,3473.28
user_5300,Gen-Z Trend Seekers,Tier-2 Cities,1,2023-04-28 15:11:24,5073.67
user_5301,Impulse Buyers,Tier-1 Cities,0,,0.0
user_5302,Premium Fitness Users,International,0,,0.0
user_5303,Premium Fitness Users,Tier-1 Cities,1,2023-12-08 18:14:50,4686.7
user_5304,Unknown,Tier-2 Cities,0,,0.0
user_5305,Impulse Buyers,Tier-2 Cities,0,,0.0
user_5306,Premium Fitness Users,Tier-2 Cities,0,,0.0
user_5307,Gen-Z Trend Seekers,International,0,,0.0
user_5308,Gen-Z Trend Seekers,Tier-3 Cities,1,2023-01-17 07:08:15,4651.17
user_5309,Impulse Buyers,International,1,2023-05-26 12:56:03,3679.32
user_5310,Unknown,Tier-3 Cities,0,,0.0
user_5311,Budget Parents,International,0,,0.0
user_5312,Gen-Z Trend Seekers,Tier-3 Cities,0,,0.0
user_5313,Unknown,Tier-1 Cities,0,,0.0
user_5314,Unknown,Tier-1 Cities,0,,0.0
user_5315,Impulse Buyers,International,0,,0.0
user_5316,Premium Fitness Users,Tier-3 Cities,0,,0.0
user_5317,Budget Parents,International,0,,0.0
user_5318,Premium Fitness Users,Tier-3 Cities,0,,0.0
user_5319,Impulse Buyers,Tier-1 Cities,0,,0.0
user_5320,Impulse Buyers,Tier-2 Cities,1,2023-03-15 19:54:20,3464.19
user_5321,Gen-Z Trend Seekers,International,0,,0.0
user_5322,Premium Fitness Users,International,0,,0.0
user_5323,Impulse Buyers,International,0,,0.0
user_5324,Budget Parents,International,0,,0.0
user_5325,Unknown,Tier-2 Cities,0,,0.0
user_5326,Premium Fitness Users,Tier-1 Cities,0,,0.0
user_5327,Gen-Z Trend Seekers,Tier-1 Cities,0,,0.0
user_5328,Gen-Z Trend Seekers,Tier-2 Cities,0,,0.0
user_5329,Impulse Buyers,International,0,,0.0
user_5330,Gen-Z Trend Seekers,Tier-2 Cities,1,2023-04-24 06:28:12,4980.54
user_5331,Gen-Z Trend Seekers,International,0,,0.0
user_5332,Budget Parents,Tier-1 Cities,0,,0.0
user_5333,Gen-Z Trend Seekers,Tier-3 Cities,0,,0.0
user_5334,Gen-Z Trend Seekers,Tier-2 Cities,0,,0.0
user_5335,Budget Parents,Tier-1 Cities,0,,0.0
user_5336,Budget Parents,Tier-3 Cities,0,,0.0
user_5337,Impulse Buyers,Tier-3 Cities,0,,0.0
user_5338,Premium Fitness Users,International,0,,0.0
user_5339,Gen-Z Trend Seekers,Tier-3 Cities,0,,0.0
user_5340,Premium Fitness Users,Tier-3 Cities,0,,0.0
user_5341,Impulse Buyers,Tier-2 Cities,1,2023-12-12 15:29:43,3325.89
user_5342,Premium Fitness Users,Tier-1 Cities,0,,0.0
user_5343,Gen-Z Trend Seekers,International,0,,0.0
user_5344,Unknown,Tier-2 Cities,0,,0.0
user_5345,Gen-Z Trend Seekers,Tier-1 Cities,0,,0.0
user_5346,Gen-Z Trend Seekers,Tier-3 Cities,0,,0.0
user_5347,Budget Parents,International,1,2023-03-12 18:42:49,2927.32
user_5348,Budget Parents,Tier-2 Cities,0,,0.0
user_5349,Premium Fitness Users,Tier-3 Cities,0,,0.0
user_5350,Budget Parents,International,0,,0.0
user_5351,Budget Parents,Tier-2 Cities,0,,0.0
user_5352,Unknown,International,0,,0.0
user_5353,Gen-Z Trend Seekers,Tier-3 Cities,0,,0.0
user_5354,Impulse Buyers,Tier-1 Cities,0,,0.0
user_5355,Unknown,Tier-3 Cities,0,,0.0
user_5356,Gen-Z Trend Seekers,International,0,,0.0
user_5357,Budget Parents,International,0,,0.0
user_5358,Impulse Buyers,Tier-1 Cities,0,,0.0
user_5359,Impulse Buyers,Tier-2 Cities,0,,0.0
user_5360,Impulse Buyers,Tier-2 Cities,0,,0.0
user_5361,Impulse Buyers,Tier-2 Cities,0,,0.0
user_5362,Impulse Buyers,Tier-3 Cities,0,,0.0
user_5363,Unknown,Tier-3 Cities,0,,0.0
user_5364,Gen-Z Trend Seekers,Tier-2 Cities,0,,0.0
user_5365,Impulse Buyers,International,0,,0.0
user_5366,Premium Fitness Users,Tier-1 Cities,0,,0.0
user_5367,Gen-Z Trend Seekers,Tier-3 Cities,0,,0.0
user_5368,Premium Fitness Users,International,0,,0.0
user_5369,Gen-Z Trend Seekers,Tier-3 Cities,0,,0.0
user_5370,Impulse Buyers,International,0,,0.0
user_5371,Impulse Buyers,International,0,,0.0
user_5372,Gen-Z Trend Seekers,International,0,,0.0
user_5373,Gen-Z Trend Seekers,Tier-3 Cities,0,,0.0
user_5374,Unknown,Tier-3 Cities,0,,0.0
user_5375,Gen-Z Trend Seekers,Tier-2 Cities,0,,0.0
user_5376,Impulse Buyers,International,0,,0.0
user_5377,Premium Fitness Users,Tier-2 Cities,0,,0.0
user_5378,Unknown,Tier-3 Cities,0,,0.0
user_5379,Budget Parents,International,0,,0.0
user_5380,Gen-Z Trend Seekers,Tier-3 Cities,0,,0.0
user_5381,Budget Parents,Tier-2 Cities,1,2023-05-20 13:12:24,3896.38
user_5382,Impulse Buyers,Tier-3 Cities,0,,0.0
user_5383,Unknown,International,0,,0.0
user_5384,Premium Fitness Users,Tier-3 Cities,0,,0.0
user_5385,Impulse Buyers,International,0,,0.0
user_5386,Budget Parents,International,0,,0.0
user_5387,Budget Parents,Tier-3 Cities,0,,0.0
user_5388,Impulse Buyers,Tier-3 Cities,0,,0.0
user_5389,Premium Fitness Users,Tier-1 Cities,0,,0.0
user_5390,Impulse Buyers,Tier-1 Cities,0,,0.0
user_5391,Gen-Z Trend Seekers,Tier-3 Cities,1,2023-10-29 05:16:59,5701.23
user_5392,Impulse Buyers,Tier-2 Cities,0,,0.0
user_5393,Impulse Buyers,Tier-3 Cities,1,2023-01-17 06:01:37,2357.25
user_5394,Impulse Buyers,Tier-2 Cities,0,,0.0
user_5395,Gen-Z Trend Seekers,Tier-2 Cities,0,,0.0
user_5396,Impulse Buyers,International,0,,0.0
user_5397,Premium Fitness Users,Tier-1 Cities,1,2024-01-13 04:36:05,12169.19
user_5398,Premium Fitness Users,International,0,,0.0
user_5399,Budget Parents,International,0,,0.0
user_5400,Gen-Z Trend Seekers,Tier-1 Cities,0,,0.0
user_5401,Gen-Z Trend Seekers,Tier-3 Cities,0,,0.0
user_5402,Gen-Z Trend Seekers,Tier-1 Cities,1,2023-12-25 06:12:24,3311.45
user_5403,Unknown,Tier-1 Cities,0,,0.0
user_5404,Gen-Z Trend Seekers,International,0,,0.0
user_5405,Impulse Buyers,Tier-2 Cities,0,,0.0
user_5406,Premium Fitness Users,Tier-1 Cities,0,,0.0
user_5407,Budget Parents,Tier-1 Cities,0,,0.0
user_5408,Premium Fitness Users,International,1,2023-05-23 10:10:21,5363.36
user_5409,Unknown,Tier-3 Cities,0,,0.0
user_5410,Gen-Z Trend Seekers,Tier-1 Cities,0,,0.0
user_5411,Gen-Z Trend Seekers,Tier-3 Cities,0,,0.0
user_5412,Budget Parents,Tier-2 Cities,0,,0.0
user_5413,Unknown,Tier-3 Cities,0,,0.0
user_5414,Budget Parents,Tier-2 Cities,0,,0.0
user_5415,Budget Parents,Tier-2 Cities,0,,0.0
user_5416,Impulse Buyers,International,0,,0.0
user_5417,Impulse Buyers,Tier-1 Cities,0,,0.0
user_5418,Impulse Buyers,Tier-2 Cities,0,,0.0
user_5419,Unknown,Tier-1 Cities,0,,0.0
user_5420,Impulse Buyers,Tier-2 Cities,0,,0.0
user_5421,Unknown,Tier-2 Cities,0,,0.0
user_5422,Premium Fitness Users,Tier-2 Cities,0,,0.0
user_5423,Budget Parents,Tier-1 Cities,0,,0.0
user_5424,Budget Parents,Tier-2 Cities,0,,0.0
user_5425,Unknown,Tier-1 Cities,0,,0.0
user_5426,Budget Parents,Tier-2 Cities,0,,0.0
user_5427,Premium Fitness Users,Tier-2 Cities,1,2023-04-27 06:25:25,2954.46
user_5428,Gen-Z Trend Seekers,Tier-1 Cities,0,,0.0
user_5429,Gen-Z Trend Seekers,Tier-2 Cities,0,,0.0
user_5430,Budget Parents,International,0,,0.0
user_5431,Budget Parents,Tier-3 Cities,0,,0.0
user_5432,Budget Parents,Tier-1 Cities,0,,0.0
user_5433,Impulse Buyers,Tier-3 Cities,0,,0.0
user_5434,Gen-Z Trend Seekers,Tier-1 Cities,0,,0.0
user_5435,Impulse Buyers,Tier-1 Cities,0,,0.0
user_5436,Budget Parents,International,0,,0.0
user_5437,Impulse Buyers,Tier-3 Cities,0,,0.0
user_5438,Budget Parents,Tier-3 Cities,0,,0.0
user_5439,Unknown,Tier-2 Cities,0,,0.0
user_5440,Impulse Buyers,Tier-1 Cities,0,,0.0
user_5441,Gen-Z Trend Seekers,Tier-2 Cities,0,,0.0
user_5442,Unknown,Tier-1 Cities,0,,0.0
user_5443,Budget Parents,Tier-2 Cities,0,,0.0
user_5444,Budget Parents,Tier-2 Cities,1,2023-04-08 15:01:16,2074.58
user_5445,Impulse Buyers,Tier-2 Cities,0,,0.0
user_5446,Unknown,Tier-1 Cities,0,,0.0
user_5447,Gen-Z Trend Seekers,Tier-2 Cities,0,,0.0
user_5448,Budget Parents,International,0,,0.0
user_5449,Gen-Z Trend Seekers,Tier-1 Cities,0,,0.0
user_5450,Gen-Z Trend Seekers,International,0,,0.0
user_5451,Premium Fitness Users,Tier-2 Cities,1,2024-01-13 03:14:33,4704.5
user_5452,Premium Fitness Users,Tier-2 Cities,0,,0.0
user_5453,Gen-Z Trend Seekers,Tier-3 Cities,1,2023-06-03 04:09:56,3008.86
user_5454,Impulse Buyers,International,0,,0.0
user_5455,Budget Parents,International,0,,0.0
user_5456,Impulse Buyers,Tier-2 Cities,0,,0.0
user_5457,Gen-Z Trend Seekers,Tier-1 Cities,0,,0.0
user_5458,Gen-Z Trend Seekers,International,1,2023-12-23 11:25:50,3897.29
user_5459,Budget Parents,Tier-1 Cities,0,,0.0
user_5460,Unknown,Tier-3 Cities,0,,0.0
user_5461,Gen-Z Trend Seekers,Tier-1 Cities,0,,0.0
user_5462,Gen-Z Trend Seekers,Tier-2 Cities,0,,0.0
user_5463,Gen-Z Trend Seekers,Tier-3 Cities,0,,0.0
user_5464,Unknown,Tier-3 Cities,0,,0.0
user_5465,Premium Fitness Users,Tier-2 Cities,0,,0.0
user_5466,Premium Fitness Users,Tier-3 Cities,0,,0.0
user_5467,Premium Fitness Users,International,0,,0.0
user_5468,Gen-Z Trend Seekers,Tier-3 Cities,0,,0.0
user_5469,Premium Fitness Users,Tier-1 Cities,0,,0.0
user_5470,Budget Parents,Tier-1 Cities,0,,0.0
user_5471,Premium Fitness Users,Tier-2 Cities,0,,0.0
user_5472,Gen-Z Trend Seekers,International,0,,0.0
user_5473,Gen-Z Trend Seekers,Tier-1 Cities,0,,0.0
user_5474,Gen-Z Trend Seekers,Tier-3 Cities,1,2023-08-25 22:19:57,3967.23
user_5475,Gen-Z Trend Seekers,Tier-1 Cities,0,,0.0
user_5476,Budget Parents,Tier-2 Cities,0,,0.0
user_5477,Gen-Z Trend Seekers,Tier-1 Cities,0,,0.0
user_5478,Impulse Buyers,Tier-3 Cities,1,2023-05-05 17:27:52,1698.45
user_5479,Gen-Z Trend Seekers,International,0,,0.0
user_5480,Gen-Z Trend Seekers,Tier-3 Cities,0,,0.0
user_5481,Impulse Buyers,International,0,,0.0
user_5482,Impulse Buyers,Tier-1 Cities,0,,0.0
user_5483,Budget Parents,Tier-3 Cities,1,2023-08-09 21:03:52,4149.81
user_5484,Gen-Z Trend Seekers,Tier-1 Cities,0,,0.0
user_5485,Gen-Z Trend Seekers,Tier-1 Cities,0,,0.0
user_5486,Gen-Z Trend Seekers,Tier-3 Cities,0,,0.0
user_5487,Gen-Z Trend Seekers,Tier-3 Cities,0,,0.0
user_5488,Impulse Buyers,Tier-3 Cities,0,,0.0
user_5489,Budget Parents,International,0,,0.0
user_5490,Premium Fitness Users,Tier-1 Cities,0,,0.0
user_5491,Unknown,Tier-1 Cities,0,,0.0
user_5492,Gen-Z Trend Seekers,Tier-3 Cities,0,,0.0
user_5493,Premium Fitness Users,Tier-1 Cities,0,,0.0
user_5494,Impulse Buyers,Tier-2 Cities,0,,0.0
user_5495,Premium Fitness Users,Tier-2 Cities,0,,0.0
user_5496,Budget Parents,Tier-3 Cities,0,,0.0
user_5497,Gen-Z Trend Seekers,International,0,,0.0
user_5498,Premium Fitness Users,Tier-3 Cities,0,,0.0
user_5499,Gen-Z Trend Seekers,International,0,,0.0
user_5500,Gen-Z Trend Seekers,Tier-3 Cities,0,,0.0
user_5501,Premium Fitness Users,International,0,,0.0
user_5502,Unknown,Tier-2 Cities,0,,0.0
user_5503,Gen-Z Trend Seekers,Tier-1 Cities,0,,0.0
user_5504,Gen-Z Trend Seekers,International,0,,0.0
user_5505,Gen-Z Trend Seekers,Tier-1 Cities,0,,0.0
user_5506,Budget Parents,Tier-3 Cities,0,,0.0
user_5507,Unknown,Tier-2 Cities,0,,0.0
user_5508,Gen-Z Trend Seekers,Tier-2 Cities,0,,0.0
user_5509,Budget Parents,Tier-2 Cities,0,,0.0
user_5510,Gen-Z Trend Seekers,Tier-1 Cities,0,,0.0
user_5511,Unknown,Tier-2 Cities,0,,0.0
user_5512,Premium Fitness Users,Tier-1 Cities,0,,0.0
user_5513,Premium Fitness Users,International,0,,0.0
user_5514,Unknown,Tier-3 Cities,0,,0.0
user_5515,Impulse Buyers,International,0,,0.0
user_5516,Gen-Z Trend Seekers,Tier-2 Cities,0,,0.0
user_5517,Budget Parents,Tier-2 Cities,0,,0.0
user_5518,Impulse Buyers,Tier-1 Cities,0,,0.0
user_5519,Gen-Z Trend Seekers,Tier-2 Cities,0,,0.0
user_5520,Impulse Buyers,Tier-2 Cities,1,2023-06-19 07:29:54,3383.82
user_5521,Impulse Buyers,International,0,,0.0
user_5522,Gen-Z Trend Seekers,International,0,,0.0
user_5523,Premium Fitness Users,Tier-1 Cities,1,2023-03-27 23:53:27,5577.6
user_5524,Gen-Z Trend Seekers,Tier-2 Cities,0,,0.0
user_5525,Premium Fitness Users,International,0,,0.0
user_5526,Gen-Z Trend Seekers,Tier-3 Cities,0,,0.0
user_5527,Impulse Buyers,Tier-2 Cities,0,,0.0
user_5528,Gen-Z Trend Seekers,Tier-2 Cities,0,,0.0
user_5529,Unknown,Tier-3 Cities,0,,0.0
user_5530,Premium Fitness Users,Tier-3 Cities,1,2023-02-28 22:06:19,3717.11
user_5531,Gen-Z Trend Seekers,International,0,,0.0
user_5532,Gen-Z Trend Seekers,Tier-1 Cities,0,,0.0
user_5533,Impulse Buyers,Tier-2 Cities,0,,0.0
user_5534,Impulse Buyers,Tier-2 Cities,0,,0.0
user_5535,Impulse Buyers,Tier-3 Cities,0,,0.0
user_5536,Impulse Buyers,Tier-1 Cities,0,,0.0
user_5537,Gen-Z Trend Seekers,Tier-1 Cities,0,,0.0
user_5538,Premium Fitness Users,Tier-3 Cities,1,2023-05-18 19:52:25,11802.46
user_5539,Unknown,Tier-3 Cities,0,,0.0
user_5540,Premium Fitness Users,International,0,,0.0
user_5541,Gen-Z Trend Seekers,Tier-3 Cities,0,,0.0
user_5542,Impulse Buyers,Tier-2 Cities,1,2023-07-10 07:54:59,3957.94
user_5543,Budget Parents,International,0,,0.0
user_5544,Budget Parents,Tier-1 Cities,0,,0.0
user_5545,Premium Fitness Users,Tier-1 Cities,0,,0.0
user_5546,Unknown,Tier-1 Cities,0,,0.0
user_5547,Gen-Z Trend Seekers,Tier-3 Cities,0,,0.0
user_5548,Premium Fitness Users,Tier-3 Cities,0,,0.0
user_5549,Unknown,Tier-1 Cities,0,,0.0
user_5550,Gen-Z Trend Seekers,Tier-2 Cities,0,,0.0
user_5551,Budget Parents,Tier-2 Cities,0,,0.0
user_5552,Gen-Z Trend Seekers,Tier-2 Cities,0,,0.0
user_5553,Budget Parents,Tier-1 Cities,0,,0.0
user_5554,Budget Parents,Tier-2 Cities,0,,0.0
user_5555,Gen-Z Trend Seekers,Tier-1 Cities,0,,0.0
user_5556,Impulse Buyers,Tier-2 Cities,0,,0.0
user_5557,Premium Fitness Users,International,1,2023-10-02 14:40:30,12300.46
user_5558,Premium Fitness Users,International,0,,0.0
user_5559,Unknown,Tier-3 Cities,0,,0.0
user_5560,Impulse Buyers,Tier-2 Cities,0,,0.0
user_5561,Impulse Buyers,Tier-1 Cities,0,,0.0
user_5562,Impulse Buyers,Tier-1 Cities,0,,0.0
user_5563,Premium Fitness Users,Tier-3 Cities,1,2023-02-09 07:09:52,7357.03
user_5564,Gen-Z Trend Seekers,International,0,,0.0
user_5565,Gen-Z Trend Seekers,Tier-3 Cities,0,,0.0
user_5566,Budget Parents,Tier-1 Cities,0,,0.0
user_5567,Budget Parents,Tier-2 Cities,0,,0.0
user_5568,Unknown,Tier-1 Cities,0,,0.0
user_5569,Budget Parents,Tier-1 Cities,0,,0.0
user_5570,Budget Parents,Tier-1 Cities,0,,0.0
user_5571,Budget Parents,Tier-2 Cities,0,,0.0
user_5572,Impulse Buyers,Tier-1 Cities,0,,0.0
user_5573,Unknown,Tier-1 Cities,0,,0.0
user_5574,Unknown,Tier-2 Cities,0,,0.0
user_5575,Budget Parents,Tier-1 Cities,0,,0.0
user_5576,Unknown,Tier-1 Cities,0,,0.0
user_5577,Premium Fitness Users,Tier-3 Cities,0,,0.0
user_5578,Gen-Z Trend Seekers,Tier-2 Cities,0,,0.0
user_5579,Premium Fitness Users,International,0,,0.0
user_5580,Budget Parents,International,0,,0.0
user_5581,Premium Fitness Users,Tier-2 Cities,0,,0.0
user_5582,Unknown,Tier-1 Cities,0,,0.0
user_5583,Budget Parents,Tier-3 Cities,0,,0.0
user_5584,Premium Fitness Users,Tier-1 Cities,0,,0.0
user_5585,Premium Fitness Users,International,0,,0.0
user_5586,Gen-Z Trend Seekers,International,0,,0.0
user_5587,Impulse Buyers,International,0,,0.0
user_5588,Impulse Buyers,Tier-3 Cities,0,,0.0
user_5589,Budget Parents,Tier-3 Cities,1,2023-04-07 03:58:01,5431.02
user_5590,Unknown,International,0,,0.0
user_5591,Impulse Buyers,Tier-1 Cities,0,,0.0
user_5592,Impulse Buyers,International,0,,0.0
user_5593,Budget Parents,Tier-2 Cities,0,,0.0
user_5594,Premium Fitness Users,Tier-3 Cities,0,,0.0
user_5595,Gen-Z Trend Seekers,Tier-1 Cities,0,,0.0
user_5596,Budget Parents,Tier-1 Cities,1,2023-05-23 02:55:56,1967.91
user_5597,Premium Fitness Users,Tier-1 Cities,0,,0.0
user_5598,Gen-Z Trend Seekers,Tier-1 Cities,1,2023-12-16 02:05:18,4158.72
user_5599,Gen-Z Trend Seekers,Tier-2 Cities,0,,0.0
user_5600,Budget Parents,Tier-2 Cities,0,,0.0
user_5601,Premium Fitness Users,Tier-1 Cities,0,,0.0
user_5602,Impulse Buyers,Tier-2 Cities,0,,0.0
user_5603,Impulse Buyers,International,1,2023-03-11 15:47:10,3347.72
user_5604,Impulse Buyers,Tier-3 Cities,0,,0.0
user_5605,Impulse Buyers,Tier-1 Cities,1,2023-09-20 01:32:22,2189.39
user_5606,Gen-Z Trend Seekers,International,0,,0.0
user_5607,Impulse Buyers,Tier-1 Cities,0,,0.0
user_5608,Gen-Z Trend Seekers,Tier-1 Cities,0,,0.0
user_5609,Impulse Buyers,Tier-3 Cities,0,,0.0
user_5610,Premium Fitness Users,Tier-1 Cities,0,,0.0
user_5611,Impulse Buyers,Tier-1 Cities,0,,0.0
user_5612,Budget Parents,International,0,,0.0
user_5613,Budget Parents,Tier-2 Cities,0,,0.0
user_5614,Gen-Z Trend Seekers,Tier-2 Cities,0,,0.0
user_5615,Budget Parents,Tier-2 Cities,0,,0.0
user_5616,Budget Parents,International,0,,0.0
user_5617,Unknown,Tier-1 Cities,0,,0.0
user_5618,Impulse Buyers,Tier-3 Cities,0,,0.0
user_5619,Impulse Buyers,Tier-3 Cities,0,,0.0
user_5620,Gen-Z Trend Seekers,Tier-1 Cities,0,,0.0
user_5621,Budget Parents,Tier-3 Cities,0,,0.0
user_5622,Gen-Z Trend Seekers,Tier-3 Cities,0,,0.0
user_5623,Premium Fitness Users,International,0,,0.0
user_5624,Gen-Z Trend Seekers,Tier-2 Cities,0,,0.0
user_5625,Budget Parents,Tier-1 Cities,0,,0.0
user_5626,Gen-Z Trend Seekers,Tier-3 Cities,0,,0.0
user_5627,Gen-Z Trend Seekers,Tier-2 Cities,0,,0.0
user_5628,Impulse Buyers,Tier-3 Cities,0,,0.0
user_5629,Impulse Buyers,International,0,,0.0
user_5630,Premium Fitness Users,Tier-2 Cities,0,,0.0
user_5631,Budget Parents,International,0,,0.0
user_5632,Unknown,Tier-3 Cities,0,,0.0
user_5633,Premium Fitness Users,Tier-1 Cities,0,,0.0
user_5634,Premium Fitness Users,Tier-3 Cities,0,,0.0
user_5635,Unknown,Tier-3 Cities,0,,0.0
user_5636,Gen-Z Trend Seekers,Tier-2 Cities,0,,0.0
user_5637,Premium Fitness Users,Tier-1 Cities,0,,0.0
user_5638,Budget Parents,Tier-2 Cities,0,,0.0
user_5639,Premium Fitness Users,Tier-2 Cities,0,,0.0
user_5640,Budget Parents,Tier-1 Cities,0,,0.0
user_5641,Budget Parents,International,0,,0.0
user_5642,Impulse Buyers,Tier-1 Cities,0,,0.0
user_5643,Gen-Z Trend Seekers,Tier-2 Cities,0,,0.0
user_5644,Premium Fitness Users,Tier-2 Cities,1,2023-04-19 00:38:31,4605.96
user_5645,Premium Fitness Users,Tier-2 Cities,0,,0.0
user_5646,Gen-Z Trend Seekers,Tier-3 Cities,0,,0.0
user_5647,Budget Parents,Tier-1 Cities,0,,0.0
user_5648,Gen-Z Trend Seekers,Tier-2 Cities,0,,0.0
user_5649,Gen-Z Trend Seekers,International,0,,0.0
user_5650,Budget Parents,Tier-1 Cities,1,2023-07-25 11:11:17,3695.31
user_5651,Gen-Z Trend Seekers,Tier-3 Cities,0,,0.0
user_5652,Budget Parents,Tier-3 Cities,0,,0.0
user_5653,Premium Fitness Users,Tier-3 Cities,0,,0.0
user_5654,Unknown,Tier-3 Cities,0,,0.0
user_5655,Impulse Buyers,Tier-3 Cities,0,,0.0
user_5656,Gen-Z Trend Seekers,Tier-2 Cities,1,2023-06-17 20:03:27,4033.7
user_5657,Premium Fitness Users,Tier-2 Cities,0,,0.0
user_5658,Budget Parents,Tier-1 Cities,0,,0.0
user_5659,Gen-Z Trend Seekers,Tier-1 Cities,1,2023-11-18 06:20:42,3425.2
user_5660,Impulse Buyers,Tier-3 Cities,0,,0.0
user_5661,Unknown,International,0,,0.0
user_5662,Impulse Buyers,Tier-2 Cities,0,,0.0
user_5663,Unknown,Tier-2 Cities,0,,0.0
user_5664,Impulse Buyers,International,1,2023-07-22 03:10:45,2236.12
user_5665,Budget Parents,International,0,,0.0
user_5666,Premium Fitness Users,Tier-3 Cities,0,,0.0
user_5667,Premium Fitness Users,Tier-2 Cities,0,,0.0
user_5668,Premium Fitness Users,Tier-3 Cities,0,,0.0
user_5669,Impulse Buyers,Tier-3 Cities,0,,0.0
user_5670,Budget Parents,Tier-3 Cities,0,,0.0
user_5671,Budget Parents,International,0,,0.0
user_5672,Gen-Z Trend Seekers,International,0,,0.0
user_5673,Impulse Buyers,Tier-1 Cities,0,,0.0
user_5674,Impulse Buyers,International,0,,0.0
user_5675,Premium Fitness Users,Tier-2 Cities,0,,0.0
user_5676,Impulse Buyers,Tier-2 Cities,0,,0.0
user_5677,Gen-Z Trend Seekers,Tier-1 Cities,0,,0.0
user_5678,Impulse Buyers,Tier-2 Cities,0,,0.0
user_5679,Impulse Buyers,International,0,,0.0
user_5680,Budget Parents,Tier-3 Cities,0,,0.0
user_5681,Impulse Buyers,Tier-3 Cities,0,,0.0
user_5682,Budget Parents,International,0,,0.0
user_5683,Premium Fitness Users,Tier-1 Cities,0,,0.0
user_5684,Impulse Buyers,Tier-3 Cities,0,,0.0
user_5685,Impulse Buyers,International,0,,0.0
user_5686,Budget Parents,Tier-2 Cities,0,,0.0
user_5687,Premium Fitness Users,Tier-3 Cities,0,,0.0
user_5688,Unknown,Tier-3 Cities,0,,0.0
user_5689,Premium Fitness Users,International,1,2023-04-07 03:32:14,6651.94
user_5690,Impulse Buyers,Tier-2 Cities,1,2023-08-19 07:34:45,1280.59
user_5691,Premium Fitness Users,International,0,,0.0
user_5692,Budget Parents,International,0,,0.0
user_5693,Impulse Buyers,Tier-1 Cities,0,,0.0
user_5694,Budget Parents,International,0,,0.0
user_5695,Budget Parents,Tier-3 Cities,0,,0.0
user_5696,Premium Fitness Users,Tier-3 Cities,0,,0.0
user_5697,Impulse Buyers,Tier-1 Cities,0,,0.0
user_5698,Gen-Z Trend Seekers,Tier-3 Cities,1,2023-12-23 13:35:36,5820.72
user_5699,Gen-Z Trend Seekers,Tier-1 Cities,0,,0.0
user_5700,Unknown,Tier-1 Cities,0,,0.0
user_5701,Gen-Z Trend Seekers,Tier-3 Cities,0,,0.0
user_5702,Budget Parents,International,0,,0.0
user_5703,Impulse Buyers,Tier-3 Cities,0,,0.0
user_5704,Gen-Z Trend Seekers,International,0,,0.0
user_5705,Gen-Z Trend Seekers,Tier-2 Cities,0,,0.0
user_5706,Premium Fitness Users,International,0,,0.0
user_5707,Budget Parents,Tier-2 Cities,0,,0.0
user_5708,Gen-Z Trend Seekers,Tier-1 Cities,0,,0.0
user_5709,Gen-Z Trend Seekers,International,1,2023-05-11 16:19:41,1528.76
user_5710,Budget Parents,Tier-3 Cities,0,,0.0
user_5711,Premium Fitness Users,Tier-1 Cities,0,,0.0
user_5712,Gen-Z Trend Seekers,Tier-1 Cities,0,,0.0
user_5713,Gen-Z Trend Seekers,Tier-2 Cities,1,2023-10-02 10:02:16,3801.95
user_5714,Gen-Z Trend Seekers,Tier-3 Cities,0,,0.0
user_5715,Gen-Z Trend Seekers,Tier-2 Cities,0,,0.0
user_5716,Gen-Z Trend Seekers,Tier-1 Cities,0,,0.0
user_5717,Budget Parents,Tier-1 Cities,0,,0.0
user_5718,Unknown,Tier-2 Cities,0,,0.0
user_5719,Budget Parents,International,0,,0.0
user_5720,Gen-Z Trend Seekers,International,0,,0.0
user_5721,Budget Parents,Tier-1 Cities,0,,0.0
user_5722,Budget Parents,Tier-2 Cities,0,,0.0
user_5723,Gen-Z Trend Seekers,Tier-2 Cities,0,,0.0
user_5724,Impulse Buyers,Tier-1 Cities,0,,0.0
user_5725,Impulse Buyers,International,0,,0.0
user_5726,Premium Fitness Users,Tier-3 Cities,0,,0.0
user_5727,Impulse Buyers,Tier-3 Cities,1,2023-09-26 16:48:18,1521.31
user_5728,Unknown,Tier-1 Cities,0,,0.0
user_5729,Budget Parents,Tier-2 Cities,0,,0.0
user_5730,Impulse Buyers,Tier-1 Cities,0,,0.0
user_5731,Impulse Buyers,International,0,,0.0
user_5732,Gen-Z Trend Seekers,Tier-1 Cities,0,,0.0
user_5733,Unknown,Tier-2 Cities,0,,0.0
user_5734,Budget Parents,Tier-1 Cities,0,,0.0
user_5735,Gen-Z Trend Seekers,Tier-2 Cities,1,2023-10-14 02:32:16,3607.68
user_5736,Gen-Z Trend Seekers,Tier-3 Cities,0,,0.0
user_5737,Impulse Buyers,Tier-1 Cities,1,2023-07-26 13:16:44,3080.81
user_5738,Impulse Buyers,Tier-3 Cities,0,,0.0
user_5739,Budget Parents,Tier-2 Cities,0,,0.0
user_5740,Premium Fitness Users,Tier-2 Cities,0,,0.0
user_5741,Premium Fitness Users,Tier-1 Cities,0,,0.0
user_5742,Premium Fitness Users,International,0,,0.0
user_5743,Gen-Z Trend Seekers,Tier-2 Cities,0,,0.0
user_5744,Budget Parents,Tier-1 Cities,0,,0.0
user_5745,Premium Fitness Users,Tier-3 Cities,1,2023-10-28 15:19:02,8454.34
user_5746,Budget Parents,Tier-1 Cities,0,,0.0
user_5747,Gen-Z Trend Seekers,Tier-2 Cities,0,,0.0
user_5748,Impulse Buyers,Tier-3 Cities,1,2023-06-30 12:29:53,1433.86
user_5749,Premium Fitness Users,Tier-1 Cities,0,,0.0
user_5750,Premium Fitness Users,Tier-2 Cities,0,,0.0
user_5751,Gen-Z Trend Seekers,Tier-2 Cities,0,,0.0
user_5752,Premium Fitness Users,Tier-1 Cities,0,,0.0
user_5753,Unknown,Tier-2 Cities,0,,0.0
user_5754,Gen-Z Trend Seekers,International,0,,0.0
user_5755,Budget Parents,Tier-2 Cities,0,,0.0
user_5756,Impulse Buyers,Tier-3 Cities,0,,0.0
user_5757,Gen-Z Trend Seekers,Tier-2 Cities,0,,0.0
user_5758,Gen-Z Trend Seekers,Tier-1 Cities,0,,0.0
user_5759,Budget Parents,Tier-3 Cities,0,,0.0
user_5760,Impulse Buyers,Tier-1 Cities,0,,0.0
user_5761,Budget Parents,International,0,,0.0
user_5762,Gen-Z Trend Seekers,International,0,,0.0
user_5763,Unknown,Tier-1 Cities,0,,0.0
user_5764,Unknown,Tier-3 Cities,0,,0.0
user_5765,Impulse Buyers,International,0,,0.0
user_5766,Impulse Buyers,Tier-3 Cities,0,,0.0
user_5767,Impulse Buyers,International,0,,0.0
user_5768,Premium Fitness Users,International,0,,0.0
user_5769,Impulse Buyers,Tier-2 Cities,0,,0.0
user_5770,Gen-Z Trend Seekers,Tier-1 Cities,0,,0.0
user_5771,Budget Parents,International,0,,0.0
user_5772,Unknown,Tier-2 Cities,0,,0.0
user_5773,Impulse Buyers,Tier-3 Cities,0,,0.0
user_5774,Premium Fitness Users,Tier-1 Cities,0,,0.0
user_5775,Gen-Z Trend Seekers,Tier-3 Cities,0,,0.0
user_5776,Gen-Z Trend Seekers,Tier-3 Cities,0,,0.0
user_5777,Impulse Buyers,Tier-1 Cities,0,,0.0
user_5778,Gen-Z Trend Seekers,Tier-1 Cities,0,,0.0
user_5779,Premium Fitness Users,Tier-3 Cities,0,,0.0
user_5780,Budget Parents,Tier-2 Cities,0,,0.0
user_5781,Gen-Z Trend Seekers,Tier-3 Cities,0,,0.0
user_5782,Budget Parents,International,0,,0.0
user_5783,Impulse Buyers,Tier-2 Cities,1,2023-12-13 03:36:42,1854.52
user_5784,Gen-Z Trend Seekers,Tier-3 Cities,0,,0.0
user_5785,Impulse Buyers,International,0,,0.0
user_5786,Impulse Buyers,Tier-1 Cities,1,2023-05-16 20:31:12,2923.08
user_5787,Gen-Z Trend Seekers,Tier-1 Cities,0,,0.0
user_5788,Gen-Z Trend Seekers,Tier-1 Cities,1,2023-03-07 14:54:02,3658.79
user_5789,Gen-Z Trend Seekers,International,1,2023-05-13 15:03:34,5512.88
user_5790,Impulse Buyers,Tier-2 Cities,0,,0.0
user_5791,Impulse Buyers,Tier-3 Cities,1,2023-11-27 03:15:41,1126.94
user_5792,Budget Parents,International,0,,0.0
user_5793,Impulse Buyers,Tier-2 Cities,1,2023-09-03 19:09:23,3537.61
user_5794,Unknown,Tier-3 Cities,0,,0.0
user_5795,Gen-Z Trend Seekers,Tier-1 Cities,0,,0.0
user_5796,Premium Fitness Users,Tier-3 Cities,0,,0.0
user_5797,Impulse Buyers,Tier-2 Cities,0,,0.0
user_5798,Gen-Z Trend Seekers,Tier-2 Cities,0,,0.0
user_5799,Impulse Buyers,Tier-3 Cities,0,,0.0
user_5800,Gen-Z Trend Seekers,Tier-2 Cities,0,,0.0
user_5801,Budget Parents,Tier-3 Cities,1,2023-04-06 13:59:55,7318.25
user_5802,Gen-Z Trend Seekers,International,0,,0.0
user_5803,Premium Fitness Users,International,0,,0.0
user_5804,Unknown,Tier-1 Cities,0,,0.0
user_5805,Budget Parents,Tier-3 Cities,0,,0.0
user_5806,Budget Parents,Tier-3 Cities,0,,0.0
user_5807,Premium Fitness Users,Tier-3 Cities,0,,0.0
user_5808,Premium Fitness Users,International,0,,0.0
user_5809,Gen-Z Trend Seekers,International,0,,0.0
user_5810,Premium Fitness Users,International,0,,0.0
user_5811,Gen-Z Trend Seekers,Tier-3 Cities,0,,0.0
user_5812,Impulse Buyers,Tier-2 Cities,0,,0.0
user_5813,Unknown,Tier-1 Cities,0,,0.0
user_5814,Budget Parents,Tier-3 Cities,0,,0.0
user_5815,Gen-Z Trend Seekers,Tier-2 Cities,0,,0.0
user_5816,Impulse Buyers,International,0,,0.0
user_5817,Premium Fitness Users,Tier-1 Cities,0,,0.0
user_5818,Gen-Z Trend Seekers,Tier-2 Cities,0,,0.0
user_5819,Gen-Z Trend Seekers,Tier-1 Cities,0,,0.0
user_5820,Unknown,Tier-1 Cities,0,,0.0
user_5821,Budget Parents,International,0,,0.0
user_5822,Impulse Buyers,Tier-3 Cities,0,,0.0
user_5823,Premium Fitness Users,Tier-2 Cities,0,,0.0
user_5824,Gen-Z Trend Seekers,Tier-3 Cities,0,,0.0
user_5825,Impulse Buyers,Tier-2 Cities,1,2023-06-28 18:02:22,2995.97
user_5826,Budget Parents,Tier-1 Cities,0,,0.0
user_5827,Gen-Z Trend Seekers,Tier-2 Cities,0,,0.0
user_5828,Gen-Z Trend Seekers,Tier-2 Cities,0,,0.0
user_5829,Impulse Buyers,International,0,,0.0
user_5830,Premium Fitness Users,Tier-2 Cities,0,,0.0
user_5831,Impulse Buyers,International,0,,0.0
user_5832,Budget Parents,Tier-1 Cities,0,,0.0
user_5833,Premium Fitness Users,Tier-3 Cities,0,,0.0
user_5834,Budget Parents,Tier-3 Cities,0,,0.0
user_5835,Gen-Z Trend Seekers,Tier-1 Cities,0,,0.0
user_5836,Premium Fitness Users,Tier-3 Cities,0,,0.0
user_5837,Budget Parents,Tier-1 Cities,0,,0.0
user_5838,Gen-Z Trend Seekers,International,0,,0.0
user_5839,Impulse Buyers,Tier-2 Cities,0,,0.0
user_5840,Gen-Z Trend Seekers,International,0,,0.0
user_5841,Gen-Z Trend Seekers,International,0,,0.0
user_5842,Premium Fitness Users,Tier-1 Cities,0,,0.0
user_5843,Impulse Buyers,Tier-2 Cities,0,,0.0
user_5844,Impulse Buyers,International,0,,0.0
user_5845,Premium Fitness Users,Tier-1 Cities,0,,0.0
user_5846,Gen-Z Trend Seekers,International,1,2023-11-12 09:18:31,1688.52
user_5847,Budget Parents,Tier-3 Cities,0,,0.0
user_5848,Budget Parents,International,0,,0.0
user_5849,Impulse Buyers,Tier-2 Cities,0,,0.0
user_5850,Gen-Z Trend Seekers,Tier-3 Cities,1,2023-04-09 05:26:55,4297.15
user_5851,Gen-Z Trend Seekers,Tier-1 Cities,0,,0.0
user_5852,Budget Parents,International,0,,0.0
user_5853,Impulse Buyers,Tier-1 Cities,0,,0.0
user_5854,Premium Fitness Users,International,1,2023-02-21 21:07:26,7655.54
user_5855,Gen-Z Trend Seekers,Tier-1 Cities,0,,0.0
user_5856,Gen-Z Trend Seekers,International,0,,0.0
user_5857,Premium Fitness Users,Tier-2 Cities,0,,0.0
user_5858,Premium Fitness Users,Tier-1 Cities,0,,0.0
user_5859,Budget Parents,Tier-1 Cities,0,,0.0
user_5860,Budget Parents,International,0,,0.0
user_5861,Impulse Buyers,Tier-1 Cities,0,,0.0
user_5862,Unknown,Tier-3 Cities,0,,0.0
user_5863,Gen-Z Trend Seekers,Tier-3 Cities,0,,0.0
user_5864,Premium Fitness Users,International,0,,0.0
user_5865,Gen-Z Trend Seekers,Tier-2 Cities,0,,0.0
user_5866,Gen-Z Trend Seekers,Tier-1 Cities,0,,0.0
user_5867,Impulse Buyers,Tier-3 Cities,0,,0.0
user_5868,Gen-Z Trend Seekers,Tier-3 Cities,0,,0.0
user_5869,Unknown,Tier-1 Cities,0,,0.0
user_5870,Gen-Z Trend Seekers,International,0,,0.0
user_5871,Premium Fitness Users,Tier-1 Cities,0,,0.0
user_5872,Budget Parents,Tier-3 Cities,0,,0.0
user_5873,Unknown,Tier-3 Cities,0,,0.0
user_5874,Budget Parents,Tier-1 Cities,1,2023-05-16 15:58:51,2190.34
user_5875,Budget Parents,Tier-3 Cities,0,,0.0
user_5876,Unknown,Tier-1 Cities,0,,0.0
user_5877,Impulse Buyers,Tier-3 Cities,1,2023-10-23 09:53:25,930.4
user_5878,Impulse Buyers,Tier-2 Cities,0,,0.0
user_5879,Impulse Buyers,Tier-3 Cities,0,,0.0
user_5880,Impulse Buyers,Tier-2 Cities,0,,0.0
user_5881,Unknown,Tier-2 Cities,0,,0.0
user_5882,Premium Fitness Users,Tier-2 Cities,0,,0.0
user_5883,Gen-Z Trend Seekers,Tier-2 Cities,0,,0.0
user_5884,Gen-Z Trend Seekers,Tier-1 Cities,0,,0.0
user_5885,Budget Parents,International,0,,0.0
user_5886,Budget Parents,Tier-1 Cities,0,,0.0
user_5887,Gen-Z Trend Seekers,Tier-2 Cities,0,,0.0
user_5888,Budget Parents,Tier-1 Cities,0,,0.0
user_5889,Gen-Z Trend Seekers,International,1,2023-05-05 11:23:26,3670.03
user_5890,Budget Parents,Tier-1 Cities,0,,0.0
user_5891,Budget Parents,Tier-1 Cities,0,,0.0
user_5892,Gen-Z Trend Seekers,Tier-3 Cities,0,,0.0
user_5893,Budget Parents,International,1,2023-08-11 08:42:14,6455.59
user_5894,Impulse Buyers,Tier-2 Cities,0,,0.0
user_5895,Premium Fitness Users,Tier-1 Cities,0,,0.0
user_5896,Premium Fitness Users,International,0,,0.0
user_5897,Premium Fitness Users,Tier-3 Cities,0,,0.0
user_5898,Premium Fitness Users,International,0,,0.0
user_5899,Budget Parents,International,0,,0.0
user_5900,Gen-Z Trend Seekers,Tier-1 Cities,0,,0.0
user_5901,Premium Fitness Users,Tier-2 Cities,0,,0.0
user_5902,Impulse Buyers,International,0,,0.0
user_5903,Budget Parents,Tier-3 Cities,0,,0.0
user_5904,Impulse Buyers,Tier-3 Cities,0,,0.0
user_5905,Gen-Z Trend Seekers,Tier-1 Cities,0,,0.0
user_5906,Gen-Z Trend Seekers,Tier-1 Cities,0,,0.0
user_5907,Impulse Buyers,Tier-1 Cities,1,2023-06-21 04:46:30,1859.03
user_5908,Gen-Z Trend Seekers,Tier-2 Cities,0,,0.0
user_5909,Impulse Buyers,Tier-3 Cities,1,2023-12-15 04:29:46,3637.5
user_5910,Impulse Buyers,Tier-1 Cities,0,,0.0
user_5911,Budget Parents,Tier-1 Cities,0,,0.0
user_5912,Unknown,Tier-3 Cities,0,,0.0
user_5913,Budget Parents,Tier-3 Cities,0,,0.0
user_5914,Impulse Buyers,Tier-1 Cities,0,,0.0
user_5915,Budget Parents,Tier-2 Cities,0,,0.0
user_5916,Impulse Buyers,International,0,,0.0
user_5917,Gen-Z Trend Seekers,International,0,,0.0
user_5918,Gen-Z Trend Seekers,Tier-3 Cities,0,,0.0
user_5919,Budget Parents,Tier-1 Cities,0,,0.0
user_5920,Impulse Buyers,Tier-2 Cities,1,2023-08-20 10:04:26,2523.51
user_5921,Budget Parents,International,0,,0.0
user_5922,Budget Parents,Tier-3 Cities,0,,0.0
user_5923,Budget Parents,International,1,2023-06-11 10:41:44,1911.09
user_5924,Gen-Z Trend Seekers,Tier-1 Cities,1,2023-09-15 01:45:25,5657.38
user_5925,Unknown,Tier-2 Cities,0,,0.0
user_5926,Impulse Buyers,International,0,,0.0
user_5927,Unknown,International,0,,0.0
user_5928,Premium Fitness Users,International,0,,0.0
user_5929,Premium Fitness Users,Tier-1 Cities,0,,0.0
user_5930,Unknown,Tier-2 Cities,0,,0.0
user_5931,Unknown,International,0,,0.0
user_5932,Budget Parents,International,0,,0.0
user_5933,Gen-Z Trend Seekers,Tier-1 Cities,0,,0.0
user_5934,Unknown,Tier-3 Cities,0,,0.0
user_5935,Impulse Buyers,Tier-1 Cities,0,,0.0
user_5936,Impulse Buyers,Tier-1 Cities,0,,0.0
user_5937,Budget Parents,Tier-1 Cities,0,,0.0
user_5938,Impulse Buyers,Tier-1 Cities,0,,0.0
user_5939,Budget Parents,Tier-2 Cities,0,,0.0
user_5940,Gen-Z Trend Seekers,International,0,,0.0
user_5941,Premium Fitness Users,Tier-1 Cities,0,,0.0
user_5942,Unknown,International,0,,0.0
user_5943,Budget Parents,Tier-3 Cities,0,,0.0
user_5944,Budget Parents,Tier-3 Cities,0,,0.0
user_5945,Gen-Z Trend Seekers,Tier-3 Cities,0,,0.0
user_5946,Gen-Z Trend Seekers,Tier-3 Cities,0,,0.0
user_5947,Unknown,Tier-1 Cities,0,,0.0
user_5948,Impulse Buyers,Tier-1 Cities,0,,0.0
user_5949,Impulse Buyers,Tier-2 Cities,0,,0.0
user_5950,Gen-Z Trend Seekers,Tier-1 Cities,0,,0.0
user_5951,Budget Parents,Tier-1 Cities,0,,0.0
user_5952,Budget Parents,Tier-3 Cities,0,,0.0
user_5953,Budget Parents,Tier-3 Cities,0,,0.0
user_5954,Budget Parents,Tier-1 Cities,0,,0.0
user_5955,Budget Parents,Tier-3 Cities,0,,0.0
user_5956,Budget Parents,Tier-2 Cities,0,,0.0
user_5957,Impulse Buyers,Tier-3 Cities,1,2023-07-15 06:31:42,2107.63
user_5958,Premium Fitness Users,International,0,,0.0
user_5959,Gen-Z Trend Seekers,Tier-2 Cities,0,,0.0
user_5960,Gen-Z Trend Seekers,Tier-2 Cities,0,,0.0
user_5961,Impulse Buyers,Tier-1 Cities,0,,0.0
user_5962,Impulse Buyers,Tier-3 Cities,0,,0.0
user_5963,Budget Parents,Tier-1 Cities,1,2023-07-13 18:58:08,2649.09
user_5964,Gen-Z Trend Seekers,Tier-3 Cities,0,,0.0
user_5965,Gen-Z Trend Seekers,Tier-3 Cities,0,,0.0
user_5966,Gen-Z Trend Seekers,International,0,,0.0
user_5967,Unknown,Tier-3 Cities,0,,0.0
user_5968,Premium Fitness Users,Tier-2 Cities,0,,0.0
user_5969,Budget Parents,International,0,,0.0
user_5970,Premium Fitness Users,International,0,,0.0
user_5971,Impulse Buyers,International,0,,0.0
user_5972,Gen-Z Trend Seekers,International,0,,0.0
user_5973,Budget Parents,Tier-3 Cities,0,,0.0
user_5974,Unknown,Tier-2 Cities,0,,0.0
user_5975,Gen-Z Trend Seekers,Tier-2 Cities,0,,0.0
user_5976,Budget Parents,Tier-2 Cities,0,,0.0
user_5977,Unknown,Tier-1 Cities,0,,0.0
user_5978,Impulse Buyers,Tier-1 Cities,0,,0.0
user_5979,Impulse Buyers,Tier-1 Cities,0,,0.0
user_5980,Gen-Z Trend Seekers,International,0,,0.0
user_5981,Premium Fitness Users,Tier-1 Cities,0,,0.0
user_5982,Impulse Buyers,Tier-1 Cities,0,,0.0
user_5983,Premium Fitness Users,Tier-2 Cities,1,2023-10-05 07:06:12,3668.63
user_5984,Impulse Buyers,Tier-3 Cities,0,,0.0
user_5985,Gen-Z Trend Seekers,International,0,,0.0
user_5986,Gen-Z Trend Seekers,Tier-1 Cities,0,,0.0
user_5987,Impulse Buyers,Tier-3 Cities,0,,0.0
user_5988,Premium Fitness Users,Tier-1 Cities,0,,0.0
user_5989,Budget Parents,Tier-2 Cities,0,,0.0
user_5990,Gen-Z Trend Seekers,International,0,,0.0
user_5991,Budget Parents,Tier-3 Cities,0,,0.0
user_5992,Unknown,International,0,,0.0
user_5993,Gen-Z Trend Seekers,Tier-2 Cities,0,,0.0
user_5994,Unknown,International,0,,0.0
user_5995,Budget Parents,Tier-1 Cities,0,,0.0
user_5996,Impulse Buyers,Tier-1 Cities,0,,0.0
user_5997,Budget Parents,Tier-1 Cities,0,,0.0
user_5998,Impulse Buyers,Tier-3 Cities,0,,0.0
user_5999,Impulse Buyers,Tier-1 Cities,0,,0.0
user_6000,Premium Fitness Users,International,0,,0.0
user_6001,Impulse Buyers,Tier-3 Cities,0,,0.0
user_6002,Premium Fitness Users,International,1,2023-05-27 08:03:29,6237.23
user_6003,Impulse Buyers,Tier-2 Cities,0,,0.0
user_6004,Gen-Z Trend Seekers,Tier-3 Cities,0,,0.0
user_6005,Budget Parents,International,1,2023-02-27 16:08:39,6594.21
user_6006,Gen-Z Trend Seekers,International,0,,0.0
user_6007,Impulse Buyers,International,1,2023-01-17 15:45:41,2174.68
user_6008,Impulse Buyers,Tier-2 Cities,0,,0.0
user_6009,Budget Parents,Tier-1 Cities,0,,0.0
user_6010,Budget Parents,Tier-1 Cities,0,,0.0
user_6011,Premium Fitness Users,Tier-2 Cities,0,,0.0
user_6012,Gen-Z Trend Seekers,Tier-3 Cities,0,,0.0
user_6013,Budget Parents,Tier-3 Cities,0,,0.0
user_6014,Impulse Buyers,International,0,,0.0
user_6015,Gen-Z Trend Seekers,International,0,,0.0
user_6016,Gen-Z Trend Seekers,Tier-2 Cities,0,,0.0
user_6017,Gen-Z Trend Seekers,International,0,,0.0
user_6018,Unknown,Tier-3 Cities,0,,0.0
user_6019,Gen-Z Trend Seekers,Tier-1 Cities,0,,0.0
user_6020,Impulse Buyers,International,0,,0.0
user_6021,Gen-Z Trend Seekers,International,0,,0.0
user_6022,Budget Parents,Tier-1 Cities,0,,0.0
user_6023,Gen-Z Trend Seekers,Tier-3 Cities,0,,0.0
user_6024,Premium Fitness Users,Tier-3 Cities,0,,0.0
user_6025,Impulse Buyers,Tier-1 Cities,1,2023-02-21 17:13:00,2638.66
user_6026,Gen-Z Trend Seekers,Tier-2 Cities,0,,0.0
user_6027,Impulse Buyers,Tier-3 Cities,0,,0.0
user_6028,Premium Fitness Users,Tier-2 Cities,0,,0.0
user_6029,Gen-Z Trend Seekers,Tier-1 Cities,1,2023-10-14 00:19:43,3898.11
user_6030,Premium Fitness Users,International,0,,0.0
user_6031,Premium Fitness Users,Tier-1 Cities,0,,0.0
user_6032,Budget Parents,Tier-2 Cities,0,,0.0
user_6033,Impulse Buyers,Tier-1 Cities,0,,0.0
user_6034,Premium Fitness Users,Tier-1 Cities,1,2023-03-20 16:36:57,3411.65
user_6035,Premium Fitness Users,International,0,,0.0
user_6036,Impulse Buyers,Tier-1 Cities,0,,0.0
user_6037,Premium Fitness Users,Tier-3 Cities,0,,0.0
user_6038,Unknown,Tier-2 Cities,0,,0.0
user_6039,Budget Parents,Tier-2 Cities,1,2023-06-22 20:25:12,2915.0
user_6040,Gen-Z Trend Seekers,Tier-3 Cities,0,,0.0
user_6041,Budget Parents,Tier-3 Cities,0,,0.0
user_6042,Impulse Buyers,Tier-2 Cities,0,,0.0
user_6043,Unknown,International,0,,0.0
user_6044,Budget Parents,International,0,,0.0
user_6045,Gen-Z Trend Seekers,Tier-2 Cities,0,,0.0
user_6046,Unknown,Tier-3 Cities,0,,0.0
user_6047,Gen-Z Trend Seekers,International,0,,0.0
user_6048,Premium Fitness Users,Tier-3 Cities,0,,0.0
user_6049,Unknown,Tier-1 Cities,0,,0.0
user_6050,Budget Parents,Tier-1 Cities,0,,0.0
user_6051,Gen-Z Trend Seekers,Tier-3 Cities,0,,0.0
user_6052,Impulse Buyers,Tier-2 Cities,0,,0.0
user_6053,Budget Parents,Tier-2 Cities,0,,0.0
user_6054,Unknown,Tier-3 Cities,0,,0.0
user_6055,Impulse Buyers,Tier-2 Cities,0,,0.0
user_6056,Gen-Z Trend Seekers,Tier-3 Cities,0,,0.0
user_6057,Impulse Buyers,Tier-2 Cities,0,,0.0
user_6058,Budget Parents,International,0,,0.0
user_6059,Gen-Z Trend Seekers,Tier-3 Cities,1,2023-01-17 20:57:37,5868.01
user_6060,Budget Parents,Tier-2 Cities,0,,0.0
user_6061,Premium Fitness Users,Tier-3 Cities,0,,0.0
user_6062,Impulse Buyers,Tier-3 Cities,1,2023-03-12 19:43:45,2370.72
user_6063,Premium Fitness Users,Tier-3 Cities,0,,0.0
user_6064,Impulse Buyers,Tier-1 Cities,0,,0.0
user_6065,Unknown,Tier-2 Cities,0,,0.0
user_6066,Gen-Z Trend Seekers,Tier-1 Cities,0,,0.0
user_6067,Gen-Z Trend Seekers,International,0,,0.0
user_6068,Gen-Z Trend Seekers,International,0,,0.0
user_6069,Gen-Z Trend Seekers,Tier-1 Cities,0,,0.0
user_6070,Unknown,Tier-1 Cities,0,,0.0
user_6071,Unknown,Tier-1 Cities,0,,0.0
user_6072,Impulse Buyers,Tier-2 Cities,0,,0.0
user_6073,Premium Fitness Users,Tier-1 Cities,0,,0.0
user_6074,Impulse Buyers,Tier-2 Cities,0,,0.0
user_6075,Impulse Buyers,Tier-3 Cities,0,,0.0
user_6076,Gen-Z Trend Seekers,Tier-3 Cities,0,,0.0
user_6077,Gen-Z Trend Seekers,Tier-2 Cities,0,,0.0
user_6078,Unknown,Tier-2 Cities,0,,0.0
user_6079,Premium Fitness Users,International,0,,0.0
user_6080,Budget Parents,Tier-2 Cities,0,,0.0
user_6081,Budget Parents,Tier-2 Cities,0,,0.0
user_6082,Impulse Buyers,International,0,,0.0
user_6083,Impulse Buyers,Tier-1 Cities,0,,0.0
user_6084,Impulse Buyers,Tier-2 Cities,0,,0.0
user_6085,Budget Parents,Tier-1 Cities,1,2023-11-13 03:19:48,5625.48
user_6086,Unknown,International,0,,0.0
user_6087,Budget Parents,Tier-2 Cities,0,,0.0
user_6088,Budget Parents,Tier-1 Cities,0,,0.0
user_6089,Impulse Buyers,International,1,2023-02-10 07:22:30,2715.53
user_6090,Premium Fitness Users,International,1,2023-05-01 18:06:54,4634.35
user_6091,Gen-Z Trend Seekers,Tier-3 Cities,1,2023-04-16 16:45:57,2560.59
user_6092,Budget Parents,Tier-2 Cities,0,,0.0
user_6093,Gen-Z Trend Seekers,Tier-3 Cities,0,,0.0
user_6094,Impulse Buyers,Tier-1 Cities,0,,0.0
user_6095,Gen-Z Trend Seekers,International,0,,0.0
user_6096,Budget Parents,Tier-2 Cities,0,,0.0
user_6097,Impulse Buyers,Tier-1 Cities,0,,0.0
user_6098,Impulse Buyers,Tier-2 Cities,0,,0.0
user_6099,Budget Parents,Tier-3 Cities,0,,0.0
user_6100,Impulse Buyers,Tier-1 Cities,0,,0.0
user_6101,Gen-Z Trend Seekers,International,0,,0.0
user_6102,Premium Fitness Users,Tier-3 Cities,0,,0.0
user_6103,Impulse Buyers,International,0,,0.0
user_6104,Budget Parents,International,0,,0.0
user_6105,Gen-Z Trend Seekers,Tier-2 Cities,0,,0.0
user_6106,Budget Parents,Tier-2 Cities,0,,0.0
user_6107,Gen-Z Trend Seekers,Tier-2 Cities,0,,0.0
user_6108,Gen-Z Trend Seekers,Tier-2 Cities,0,,0.0
user_6109,Impulse Buyers,Tier-3 Cities,0,,0.0
user_6110,Impulse Buyers,Tier-1 Cities,0,,0.0
user_6111,Premium Fitness Users,Tier-2 Cities,0,,0.0
user_6112,Budget Parents,International,0,,0.0
user_6113,Impulse Buyers,Tier-3 Cities,0,,0.0
user_6114,Impulse Buyers,Tier-1 Cities,0,,0.0
user_6115,Gen-Z Trend Seekers,Tier-3 Cities,0,,0.0
user_6116,Impulse Buyers,International,0,,0.0
user_6117,Premium Fitness Users,Tier-3 Cities,0,,0.0
user_6118,Unknown,International,0,,0.0
user_6119,Gen-Z Trend Seekers,International,0,,0.0
user_6120,Budget Parents,International,0,,0.0
user_6121,Budget Parents,International,0,,0.0
user_6122,Budget Parents,Tier-2 Cities,0,,0.0
user_6123,Gen-Z Trend Seekers,International,0,,0.0
user_6124,Premium Fitness Users,Tier-1 Cities,0,,0.0
user_6125,Budget Parents,Tier-3 Cities,0,,0.0
user_6126,Unknown,Tier-2 Cities,0,,0.0
user_6127,Impulse Buyers,Tier-3 Cities,0,,0.0
user_6128,Impulse Buyers,Tier-1 Cities,0,,0.0
user_6129,Premium Fitness Users,Tier-2 Cities,0,,0.0
user_6130,Gen-Z Trend Seekers,International,0,,0.0
user_6131,Gen-Z Trend Seekers,Tier-1 Cities,0,,0.0
user_6132,Gen-Z Trend Seekers,Tier-1 Cities,1,2023-03-14 19:36:38,3278.14
user_6133,Gen-Z Trend Seekers,Tier-3 Cities,0,,0.0
user_6134,Gen-Z Trend Seekers,Tier-1 Cities,0,,0.0
user_6135,Impulse Buyers,International,0,,0.0
user_6136,Impulse Buyers,Tier-2 Cities,0,,0.0
user_6137,Premium Fitness Users,Tier-3 Cities,0,,0.0
user_6138,Budget Parents,International,0,,0.0
user_6139,Impulse Buyers,International,1,2023-11-18 16:31:14,1620.98
user_6140,Budget Parents,Tier-2 Cities,0,,0.0
user_6141,Unknown,Tier-2 Cities,0,,0.0
user_6142,Budget Parents,Tier-3 Cities,1,2023-04-22 14:09:07,7383.87
user_6143,Impulse Buyers,Tier-2 Cities,0,,0.0
user_6144,Gen-Z Trend Seekers,Tier-2 Cities,0,,0.0
user_6145,Budget Parents,Tier-1 Cities,0,,0.0
user_6146,Premium Fitness Users,Tier-1 Cities,0,,0.0
user_6147,Gen-Z Trend Seekers,Tier-1 Cities,0,,0.0
user_6148,Premium Fitness Users,Tier-2 Cities,0,,0.0
user_6149,Unknown,Tier-1 Cities,0,,0.0
user_6150,Impulse Buyers,Tier-3 Cities,0,,0.0
user_6151,Gen-Z Trend Seekers,Tier-3 Cities,0,,0.0
user_6152,Premium Fitness Users,Tier-3 Cities,0,,0.0
user_6153,Premium Fitness Users,Tier-3 Cities,0,,0.0
user_6154,Gen-Z Trend Seekers,Tier-1 Cities,1,2023-11-08 09:31:05,5614.65
user_6155,Gen-Z Trend Seekers,Tier-3 Cities,0,,0.0
user_6156,Impulse Buyers,Tier-1 Cities,0,,0.0
user_6157,Premium Fitness Users,Tier-2 Cities,0,,0.0
user_6158,Impulse Buyers,International,0,,0.0
user_6159,Gen-Z Trend Seekers,Tier-2 Cities,0,,0.0
user_6160,Premium Fitness Users,Tier-2 Cities,0,,0.0
user_6161,Premium Fitness Users,Tier-3 Cities,0,,0.0
user_6162,Gen-Z Trend Seekers,Tier-3 Cities,1,2024-01-01 12:49:31,4561.78
user_6163,Premium Fitness Users,Tier-2 Cities,0,,0.0
user_6164,Budget Parents,Tier-3 Cities,1,2023-01-18 18:58:14,4138.87
user_6165,Impulse Buyers,Tier-1 Cities,0,,0.0
user_6166,Budget Parents,Tier-3 Cities,1,2023-08-23 08:40:56,4145.4
user_6167,Budget Parents,Tier-1 Cities,0,,0.0
user_6168,Gen-Z Trend Seekers,Tier-1 Cities,0,,0.0
user_6169,Gen-Z Trend Seekers,International,0,,0.0
user_6170,Gen-Z Trend Seekers,Tier-3 Cities,1,2023-04-01 09:45:26,2582.09
user_6171,Gen-Z Trend Seekers,International,0,,0.0
user_6172,Premium Fitness Users,International,0,,0.0
user_6173,Premium Fitness Users,Tier-3 Cities,0,,0.0
user_6174,Budget Parents,Tier-3 Cities,0,,0.0
user_6175,Impulse Buyers,Tier-1 Cities,0,,0.0
user_6176,Impulse Buyers,Tier-2 Cities,0,,0.0
user_6177,Gen-Z Trend Seekers,International,0,,0.0
user_6178,Impulse Buyers,International,0,,0.0
user_6179,Gen-Z Trend Seekers,Tier-3 Cities,0,,0.0
user_6180,Unknown,Tier-3 Cities,0,,0.0
user_6181,Impulse Buyers,Tier-3 Cities,0,,0.0
user_6182,Impulse Buyers,International,0,,0.0
user_6183,Premium Fitness Users,Tier-3 Cities,0,,0.0
user_6184,Gen-Z Trend Seekers,Tier-2 Cities,0,,0.0
user_6185,Impulse Buyers,Tier-2 Cities,0,,0.0
user_6186,Impulse Buyers,Tier-1 Cities,0,,0.0
user_6187,Gen-Z Trend Seekers,International,0,,0.0
user_6188,Impulse Buyers,Tier-1 Cities,0,,0.0
user_6189,Impulse Buyers,Tier-1 Cities,0,,0.0
user_6190,Impulse Buyers,Tier-2 Cities,0,,0.0
user_6191,Premium Fitness Users,Tier-2 Cities,0,,0.0
user_6192,Premium Fitness Users,Tier-1 Cities,0,,0.0
user_6193,Budget Parents,Tier-1 Cities,1,2023-12-18 01:05:30,2702.77
user_6194,Impulse Buyers,Tier-1 Cities,1,2023-06-05 12:16:57,1763.68
user_6195,Budget Parents,Tier-2 Cities,1,2023-07-19 00:09:27,2165.31
user_6196,Premium Fitness Users,Tier-2 Cities,0,,0.0
user_6197,Budget Parents,International,0,,0.0
user_6198,Premium Fitness Users,Tier-2 Cities,0,,0.0
user_6199,Premium Fitness Users,Tier-3 Cities,0,,0.0
user_6200,Premium Fitness Users,Tier-1 Cities,1,2023-09-07 01:40:13,11072.46
user_6201,Unknown,Tier-2 Cities,0,,0.0
user_6202,Impulse Buyers,Tier-2 Cities,0,,0.0
user_6203,Premium Fitness Users,Tier-3 Cities,0,,0.0
user_6204,Premium Fitness Users,Tier-3 Cities,0,,0.0
user_6205,Premium Fitness Users,Tier-1 Cities,0,,0.0
user_6206,Budget Parents,Tier-1 Cities,0,,0.0
user_6207,Budget Parents,Tier-3 Cities,0,,0.0
user_6208,Premium Fitness Users,Tier-1 Cities,0,,0.0
user_6209,Unknown,Tier-2 Cities,0,,0.0
user_6210,Impulse Buyers,Tier-1 Cities,0,,0.0
user_6211,Unknown,Tier-2 Cities,0,,0.0
user_6212,Premium Fitness Users,Tier-1 Cities,0,,0.0
user_6213,Impulse Buyers,Tier-2 Cities,0,,0.0
user_6214,Impulse Buyers,Tier-3 Cities,0,,0.0
user_6215,Budget Parents,Tier-1 Cities,0,,0.0
user_6216,Unknown,International,0,,0.0
user_6217,Impulse Buyers,Tier-2 Cities,0,,0.0
user_6218,Budget Parents,Tier-3 Cities,0,,0.0
user_6219,Gen-Z Trend Seekers,Tier-3 Cities,0,,0.0
user_6220,Impulse Buyers,Tier-1 Cities,1,2023-01-21 19:55:30,1300.49
user_6221,Premium Fitness Users,International,0,,0.0
user_6222,Gen-Z Trend Seekers,Tier-2 Cities,0,,0.0
user_6223,Impulse Buyers,Tier-2 Cities,0,,0.0
user_6224,Unknown,Tier-3 Cities,0,,0.0
user_6225,Premium Fitness Users,Tier-2 Cities,0,,0.0
user_6226,Unknown,Tier-2 Cities,0,,0.0
user_6227,Unknown,Tier-2 Cities,0,,0.0
user_6228,Impulse Buyers,Tier-1 Cities,0,,0.0
user_6229,Impulse Buyers,International,0,,0.0
user_6230,Impulse Buyers,Tier-3 Cities,0,,0.0
user_6231,Gen-Z Trend Seekers,International,0,,0.0
user_6232,Unknown,Tier-1 Cities,0,,0.0
user_6233,Gen-Z Trend Seekers,Tier-3 Cities,0,,0.0
user_6234,Premium Fitness Users,Tier-1 Cities,0,,0.0
user_6235,Impulse Buyers,Tier-2 Cities,1,2023-07-22 09:35:37,2317.66
user_6236,Gen-Z Trend Seekers,Tier-3 Cities,0,,0.0
user_6237,Gen-Z Trend Seekers,Tier-2 Cities,0,,0.0
user_6238,Gen-Z Trend Seekers,International,0,,0.0
user_6239,Budget Parents,Tier-3 Cities,0,,0.0
user_6240,Budget Parents,Tier-1 Cities,0,,0.0
user_6241,Impulse Buyers,Tier-2 Cities,0,,0.0
user_6242,Unknown,Tier-2 Cities,0,,0.0
user_6243,Gen-Z Trend Seekers,Tier-3 Cities,0,,0.0
user_6244,Premium Fitness Users,International,0,,0.0
user_6245,Premium Fitness Users,International,0,,0.0
user_6246,Unknown,Tier-3 Cities,0,,0.0
user_6247,Impulse Buyers,International,0,,0.0
user_6248,Unknown,Tier-1 Cities,0,,0.0
user_6249,Gen-Z Trend Seekers,Tier-1 Cities,0,,0.0
user_6250,Impulse Buyers,Tier-3 Cities,0,,0.0
user_6251,Budget Parents,Tier-3 Cities,0,,0.0
user_6252,Unknown,Tier-1 Cities,0,,0.0
user_6253,Impulse Buyers,Tier-1 Cities,0,,0.0
user_6254,Premium Fitness Users,Tier-3 Cities,0,,0.0
user_6255,Premium Fitness Users,Tier-3 Cities,0,,0.0
user_6256,Budget Parents,Tier-1 Cities,0,,0.0
user_6257,Budget Parents,International,0,,0.0
user_6258,Gen-Z Trend Seekers,Tier-1 Cities,0,,0.0
user_6259,Premium Fitness Users,Tier-3 Cities,0,,0.0
user_6260,Premium Fitness Users,International,0,,0.0
user_6261,Impulse Buyers,Tier-3 Cities,0,,0.0
user_6262,Impulse Buyers,Tier-3 Cities,0,,0.0
user_6263,Impulse Buyers,Tier-1 Cities,0,,0.0
user_6264,Budget Parents,Tier-1 Cities,0,,0.0
user_6265,Premium Fitness Users,Tier-2 Cities,0,,0.0
user_6266,Gen-Z Trend Seekers,Tier-2 Cities,0,,0.0
user_6267,Unknown,Tier-2 Cities,0,,0.0
user_6268,Premium Fitness Users,Tier-3 Cities,0,,0.0
user_6269,Impulse Buyers,Tier-2 Cities,0,,0.0
user_6270,Gen-Z Trend Seekers,International,0,,0.0
user_6271,Impulse Buyers,International,0,,0.0
user_6272,Gen-Z Trend Seekers,Tier-2 Cities,1,2023-10-24 13:44:09,4202.12
user_6273,Budget Parents,Tier-3 Cities,0,,0.0
user_6274,Unknown,Tier-1 Cities,0,,0.0
user_6275,Unknown,Tier-1 Cities,0,,0.0
user_6276,Gen-Z Trend Seekers,Tier-3 Cities,0,,0.0
user_6277,Gen-Z Trend Seekers,Tier-2 Cities,0,,0.0
user_6278,Gen-Z Trend Seekers,International,0,,0.0
user_6279,Gen-Z Trend Seekers,Tier-3 Cities,1,2023-06-29 14:27:44,2387.05
user_6280,Impulse Buyers,Tier-3 Cities,0,,0.0
user_6281,Budget Parents,Tier-2 Cities,0,,0.0
user_6282,Budget Parents,Tier-3 Cities,0,,0.0
user_6283,Gen-Z Trend Seekers,Tier-2 Cities,0,,0.0
user_6284,Unknown,Tier-1 Cities,0,,0.0
user_6285,Premium Fitness Users,Tier-1 Cities,1,2023-12-19 11:05:29,6678.4
user_6286,Budget Parents,Tier-3 Cities,0,,0.0
user_6287,Premium Fitness Users,Tier-3 Cities,1,2023-07-16 09:23:52,8658.1
user_6288,Impulse Buyers,Tier-1 Cities,0,,0.0
user_6289,Impulse Buyers,Tier-1 Cities,0,,0.0
user_6290,Budget Parents,Tier-2 Cities,0,,0.0
user_6291,Unknown,Tier-3 Cities,0,,0.0
user_6292,Gen-Z Trend Seekers,International,0,,0.0
user_6293,Budget Parents,Tier-1 Cities,0,,0.0
user_6294,Budget Parents,Tier-2 Cities,0,,0.0
user_6295,Premium Fitness Users,International,0,,0.0
user_6296,Budget Parents,Tier-3 Cities,0,,0.0
user_6297,Impulse Buyers,Tier-3 Cities,1,2023-01-21 18:07:33,2968.19
user_6298,Gen-Z Trend Seekers,Tier-1 Cities,0,,0.0
user_6299,Gen-Z Trend Seekers,Tier-2 Cities,0,,0.0
user_6300,Impulse Buyers,Tier-2 Cities,0,,0.0
user_6301,Budget Parents,Tier-1 Cities,0,,0.0
user_6302,Unknown,Tier-2 Cities,0,,0.0
user_6303,Premium Fitness Users,Tier-2 Cities,0,,0.0
user_6304,Unknown,Tier-1 Cities,0,,0.0
user_6305,Budget Parents,Tier-1 Cities,0,,0.0
user_6306,Gen-Z Trend Seekers,International,0,,0.0
user_6307,Gen-Z Trend Seekers,International,0,,0.0
user_6308,Gen-Z Trend Seekers,Tier-1 Cities,0,,0.0
user_6309,Budget Parents,Tier-3 Cities,0,,0.0
user_6310,Budget Parents,International,0,,0.0
user_6311,Unknown,Tier-3 Cities,0,,0.0
user_6312,Gen-Z Trend Seekers,Tier-1 Cities,0,,0.0
user_6313,Impulse Buyers,International,0,,0.0
user_6314,Gen-Z Trend Seekers,Tier-3 Cities,0,,0.0
user_6315,Gen-Z Trend Seekers,Tier-2 Cities,0,,0.0
user_6316,Budget Parents,International,0,,0.0
user_6317,Impulse Buyers,International,0,,0.0
user_6318,Budget Parents,Tier-2 Cities,1,2023-08-13 04:43:18,5289.52
user_6319,Premium Fitness Users,Tier-3 Cities,0,,0.0
user_6320,Impulse Buyers,Tier-2 Cities,0,,0.0
user_6321,Budget Parents,Tier-2 Cities,0,,0.0
user_6322,Premium Fitness Users,Tier-3 Cities,0,,0.0
user_6323,Premium Fitness Users,Tier-2 Cities,1,2023-01-18 23:52:52,6496.13
user_6324,Impulse Buyers,Tier-1 Cities,0,,0.0
user_6325,Unknown,International,0,,0.0
user_6326,Budget Parents,International,0,,0.0
user_6327,Gen-Z Trend Seekers,Tier-1 Cities,0,,0.0
user_6328,Premium Fitness Users,Tier-2 Cities,0,,0.0
user_6329,Impulse Buyers,International,1,2023-09-03 11:16:05,1794.93
user_6330,Budget Parents,International,0,,0.0
user_6331,Gen-Z Trend Seekers,Tier-3 Cities,0,,0.0
user_6332,Impulse Buyers,Tier-2 Cities,0,,0.0
user_6333,Budget Parents,Tier-1 Cities,0,,0.0
user_6334,Impulse Buyers,Tier-3 Cities,0,,0.0
user_6335,Impulse Buyers,Tier-2 Cities,0,,0.0
user_6336,Premium Fitness Users,Tier-3 Cities,0,,0.0
user_6337,Impulse Buyers,International,0,,0.0
user_6338,Budget Parents,Tier-1 Cities,0,,0.0
user_6339,Impulse Buyers,Tier-2 Cities,0,,0.0
user_6340,Gen-Z Trend Seekers,Tier-3 Cities,0,,0.0
user_6341,Gen-Z Trend Seekers,Tier-3 Cities,0,,0.0
user_6342,Impulse Buyers,Tier-1 Cities,0,,0.0
user_6343,Premium Fitness Users,Tier-1 Cities,0,,0.0
user_6344,Budget Parents,Tier-1 Cities,0,,0.0
user_6345,Impulse Buyers,Tier-1 Cities,0,,0.0
user_6346,Impulse Buyers,Tier-3 Cities,1,2023-09-22 12:31:42,3674.6
user_6347,Gen-Z Trend Seekers,International,0,,0.0
user_6348,Impulse Buyers,Tier-2 Cities,0,,0.0
user_6349,Premium Fitness Users,Tier-1 Cities,0,,0.0
user_6350,Impulse Buyers,International,0,,0.0
user_6351,Gen-Z Trend Seekers,International,1,2023-01-14 19:54:05,5327.81
user_6352,Impulse Buyers,International,0,,0.0
user_6353,Gen-Z Trend Seekers,Tier-1 Cities,0,,0.0
user_6354,Impulse Buyers,Tier-1 Cities,0,,0.0
user_6355,Budget Parents,Tier-3 Cities,0,,0.0
user_6356,Impulse Buyers,Tier-3 Cities,0,,0.0
user_6357,Premium Fitness Users,International,0,,0.0
user_6358,Impulse Buyers,Tier-2 Cities,0,,0.0
user_6359,Gen-Z Trend Seekers,International,0,,0.0
user_6360,Premium Fitness Users,International,0,,0.0
user_6361,Impulse Buyers,Tier-2 Cities,0,,0.0
user_6362,Premium Fitness Users,Tier-3 Cities,0,,0.0
user_6363,Budget Parents,Tier-2 Cities,0,,0.0
user_6364,Premium Fitness Users,International,0,,0.0
user_6365,Impulse Buyers,Tier-1 Cities,0,,0.0
user_6366,Budget Parents,Tier-1 Cities,0,,0.0
user_6367,Unknown,Tier-1 Cities,0,,0.0
user_6368,Impulse Buyers,Tier-2 Cities,0,,0.0
user_6369,Premium Fitness Users,Tier-3 Cities,0,,0.0
user_6370,Budget Parents,Tier-3 Cities,1,2023-12-19 18:22:58,3721.24
user_6371,Unknown,Tier-3 Cities,0,,0.0
user_6372,Budget Parents,Tier-1 Cities,0,,0.0
user_6373,Premium Fitness Users,International,0,,0.0
user_6374,Budget Parents,Tier-2 Cities,0,,0.0
user_6375,Impulse Buyers,Tier-3 Cities,0,,0.0
user_6376,Gen-Z Trend Seekers,Tier-1 Cities,0,,0.0
user_6377,Premium Fitness Users,Tier-2 Cities,1,2023-02-19 19:45:50,9522.42
user_6378,Budget Parents,International,0,,0.0
user_6379,Premium Fitness Users,Tier-3 Cities,0,,0.0
user_6380,Gen-Z Trend Seekers,International,0,,0.0
user_6381,Unknown,Tier-2 Cities,0,,0.0
user_6382,Premium Fitness Users,Tier-2 Cities,0,,0.0
user_6383,Gen-Z Trend Seekers,Tier-1 Cities,0,,0.0
user_6384,Gen-Z Trend Seekers,Tier-1 Cities,0,,0.0
user_6385,Gen-Z Trend Seekers,International,0,,0.0
user_6386,Gen-Z Trend Seekers,Tier-3 Cities,0,,0.0
user_6387,Gen-Z Trend Seekers,Tier-2 Cities,0,,0.0
user_6388,Gen-Z Trend Seekers,International,0,,0.0
user_6389,Unknown,International,0,,0.0
user_6390,Impulse Buyers,Tier-1 Cities,1,2023-03-04 20:42:23,2691.33
user_6391,Impulse Buyers,Tier-1 Cities,0,,0.0
user_6392,Gen-Z Trend Seekers,Tier-2 Cities,0,,0.0
user_6393,Gen-Z Trend Seekers,Tier-2 Cities,0,,0.0
user_6394,Premium Fitness Users,Tier-1 Cities,0,,0.0
user_6395,Premium Fitness Users,Tier-2 Cities,0,,0.0
user_6396,Unknown,Tier-1 Cities,0,,0.0
user_6397,Gen-Z Trend Seekers,Tier-3 Cities,0,,0.0
user_6398,Impulse Buyers,International,0,,0.0
user_6399,Impulse Buyers,Tier-1 Cities,0,,0.0
user_6400,Budget Parents,Tier-3 Cities,0,,0.0
user_6401,Impulse Buyers,Tier-3 Cities,1,2023-06-01 01:20:36,1681.71
user_6402,Impulse Buyers,Tier-2 Cities,0,,0.0
user_6403,Impulse Buyers,Tier-1 Cities,1,2023-01-26 23:23:56,847.5
user_6404,Budget Parents,Tier-1 Cities,0,,0.0
user_6405,Budget Parents,Tier-3 Cities,0,,0.0
user_6406,Impulse Buyers,Tier-1 Cities,0,,0.0
user_6407,Premium Fitness Users,International,0,,0.0
user_6408,Gen-Z Trend Seekers,International,0,,0.0
user_6409,Gen-Z Trend Seekers,Tier-3 Cities,1,2023-11-03 08:04:33,3422.62
user_6410,Impulse Buyers,Tier-3 Cities,0,,0.0
user_6411,Gen-Z Trend Seekers,Tier-3 Cities,0,,0.0
user_6412,Gen-Z Trend Seekers,International,0,,0.0
user_6413,Impulse Buyers,Tier-1 Cities,0,,0.0
user_6414,Gen-Z Trend Seekers,Tier-1 Cities,0,,0.0
user_6415,Impulse Buyers,Tier-1 Cities,1,2023-06-29 20:27:03,2267.83
user_6416,Impulse Buyers,Tier-2 Cities,0,,0.0
user_6417,Gen-Z Trend Seekers,Tier-2 Cities,0,,0.0
user_6418,Impulse Buyers,Tier-2 Cities,0,,0.0
user_6419,Impulse Buyers,Tier-1 Cities,0,,0.0
user_6420,Premium Fitness Users,Tier-2 Cities,0,,0.0
user_6421,Premium Fitness Users,Tier-3 Cities,0,,0.0
user_6422,Impulse Buyers,Tier-3 Cities,0,,0.0
user_6423,Budget Parents,International,0,,0.0
user_6424,Gen-Z Trend Seekers,Tier-3 Cities,0,,0.0
user_6425,Budget Parents,Tier-2 Cities,0,,0.0
user_6426,Gen-Z Trend Seekers,Tier-3 Cities,0,,0.0
user_6427,Premium Fitness Users,Tier-2 Cities,0,,0.0
user_6428,Impulse Buyers,International,0,,0.0
user_6429,Gen-Z Trend Seekers,Tier-1 Cities,1,2023-06-10 08:05:15,2530.93
user_6430,Impulse Buyers,Tier-2 Cities,0,,0.0
user_6431,Impulse Buyers,Tier-1 Cities,0,,0.0
user_6432,Premium Fitness Users,Tier-2 Cities,0,,0.0
user_6433,Gen-Z Trend Seekers,Tier-1 Cities,0,,0.0
user_6434,Budget Parents,Tier-2 Cities,0,,0.0
user_6435,Impulse Buyers,Tier-3 Cities,1,2023-02-05 09:50:12,3839.41
user_6436,Gen-Z Trend Seekers,Tier-3 Cities,0,,0.0
user_6437,Impulse Buyers,Tier-2 Cities,0,,0.0
user_6438,Impulse Buyers,Tier-1 Cities,0,,0.0
user_6439,Impulse Buyers,Tier-1 Cities,1,2023-07-02 16:29:43,1080.51
user_6440,Budget Parents,Tier-3 Cities,1,2023-04-03 02:34:59,5250.16
user_6441,Gen-Z Trend Seekers,Tier-2 Cities,0,,0.0
user_6442,Premium Fitness Users,International,0,,0.0
user_6443,Impulse Buyers,International,0,,0.0
user_6444,Budget Parents,Tier-1 Cities,0,,0.0
user_6445,Budget Parents,International,0,,0.0
user_6446,Budget Parents,Tier-1 Cities,0,,0.0
user_6447,Budget Parents,Tier-1 Cities,0,,0.0
user_6448,Gen-Z Trend Seekers,Tier-3 Cities,0,,0.0
user_6449,Gen-Z Trend Seekers,International,0,,0.0
user_6450,Premium Fitness Users,Tier-3 Cities,0,,0.0
user_6451,Premium Fitness Users,Tier-2 Cities,0,,0.0
user_6452,Premium Fitness Users,International,0,,0.0
user_6453,Gen-Z Trend Seekers,Tier-3 Cities,0,,0.0
user_6454,Budget Parents,Tier-1 Cities,0,,0.0
user_6455,Unknown,Tier-3 Cities,0,,0.0
user_6456,Budget Parents,Tier-3 Cities,0,,0.0
user_6457,Impulse Buyers,International,0,,0.0
user_6458,Gen-Z Trend Seekers,International,0,,0.0
user_6459,Budget Parents,International,1,2023-04-11 11:50:06,6186.43
user_6460,Impulse Buyers,Tier-1 Cities,0,,0.0
user_6461,Impulse Buyers,International,0,,0.0
user_6462,Impulse Buyers,International,0,,0.0
user_6463,Premium Fitness Users,Tier-2 Cities,0,,0.0
user_6464,Unknown,International,0,,0.0
user_6465,Impulse Buyers,Tier-1 Cities,0,,0.0
user_6466,Gen-Z Trend Seekers,International,0,,0.0
user_6467,Gen-Z Trend Seekers,Tier-1 Cities,0,,0.0
user_6468,Premium Fitness Users,Tier-3 Cities,0,,0.0
user_6469,Budget Parents,Tier-2 Cities,0,,0.0
user_6470,Gen-Z Trend Seekers,Tier-3 Cities,0,,0.0
user_6471,Impulse Buyers,Tier-3 Cities,0,,0.0
user_6472,Impulse Buyers,International,0,,0.0
user_6473,Budget Parents,Tier-1 Cities,0,,0.0
user_6474,Budget Parents,Tier-2 Cities,0,,0.0
user_6475,Premium Fitness Users,Tier-3 Cities,0,,0.0
user_6476,Gen-Z Trend Seekers,Tier-1 Cities,0,,0.0
user_6477,Budget Parents,Tier-1 Cities,0,,0.0
user_6478,Premium Fitness Users,Tier-1 Cities,0,,0.0
user_6479,Gen-Z Trend Seekers,Tier-3 Cities,1,2023-09-24 19:01:15,4585.87
user_6480,Gen-Z Trend Seekers,Tier-1 Cities,1,2023-04-02 22:25:00,2359.15
user_6481,Budget Parents,International,0,,0.0
user_6482,Unknown,Tier-3 Cities,0,,0.0
user_6483,Gen-Z Trend Seekers,International,1,2023-05-18 10:44:27,3647.42
user_6484,Unknown,Tier-2 Cities,0,,0.0
user_6485,Premium Fitness Users,International,0,,0.0
user_6486,Impulse Buyers,Tier-3 Cities,0,,0.0
user_6487,Budget Parents,International,0,,0.0
user_6488,Budget Parents,International,0,,0.0
user_6489,Gen-Z Trend Seekers,Tier-3 Cities,0,,0.0
user_6490,Impulse Buyers,Tier-2 Cities,0,,0.0
user_6491,Budget Parents,Tier-1 Cities,0,,0.0
user_6492,Impulse Buyers,Tier-3 Cities,0,,0.0
user_6493,Budget Parents,Tier-3 Cities,0,,0.0
user_6494,Premium Fitness Users,Tier-1 Cities,0,,0.0
user_6495,Gen-Z Trend Seekers,Tier-1 Cities,1,2023-11-09 21:39:16,3975.72
user_6496,Budget Parents,Tier-3 Cities,0,,0.0
user_6497,Gen-Z Trend Seekers,Tier-2 Cities,0,,0.0
user_6498,Unknown,International,0,,0.0
user_6499,Gen-Z Trend Seekers,International,1,2023-05-18 19:35:19,3600.08
user_6500,Budget Parents,Tier-1 Cities,0,,0.0
user_6501,Premium Fitness Users,Tier-3 Cities,0,,0.0
user_6502,Premium Fitness Users,Tier-2 Cities,0,,0.0
user_6503,Impulse Buyers,Tier-3 Cities,0,,0.0
user_6504,Impulse Buyers,Tier-2 Cities,0,,0.0
user_6505,Premium Fitness Users,Tier-1 Cities,0,,0.0
user_6506,Gen-Z Trend Seekers,Tier-1 Cities,0,,0.0
user_6507,Premium Fitness Users,International,0,,0.0
user_6508,Impulse Buyers,Tier-3 Cities,0,,0.0
user_6509,Impulse Buyers,Tier-1 Cities,0,,0.0
user_6510,Budget Parents,International,0,,0.0
user_6511,Unknown,Tier-2 Cities,0,,0.0
user_6512,Unknown,International,0,,0.0
user_6513,Premium Fitness Users,International,0,,0.0
user_6514,Budget Parents,International,1,2023-10-07 12:10:43,5865.74
user_6515,Premium Fitness Users,Tier-2 Cities,0,,0.0
user_6516,Premium Fitness Users,Tier-1 Cities,0,,0.0
user_6517,Budget Parents,International,0,,0.0
user_6518,Gen-Z Trend Seekers,Tier-2 Cities,0,,0.0
user_6519,Gen-Z Trend Seekers,Tier-2 Cities,0,,0.0
user_6520,Gen-Z Trend Seekers,Tier-2 Cities,0,,0.0
user_6521,Gen-Z Trend Seekers,Tier-2 Cities,1,2023-05-29 08:35:35,5388.66
user_6522,Gen-Z Trend Seekers,Tier-1 Cities,0,,0.0
user_6523,Unknown,Tier-1 Cities,0,,0.0
user_6524,Impulse Buyers,International,0,,0.0
user_6525,Gen-Z Trend Seekers,Tier-3 Cities,0,,0.0
user_6526,Budget Parents,Tier-1 Cities,1,2023-07-07 12:13:04,3858.74
user_6527,Gen-Z Trend Seekers,Tier-1 Cities,0,,0.0
user_6528,Unknown,Tier-3 Cities,0,,0.0
user_6529,Gen-Z Trend Seekers,Tier-3 Cities,0,,0.0
user_6530,Impulse Buyers,Tier-1 Cities,0,,0.0
user_6531,Budget Parents,Tier-1 Cities,0,,0.0
user_6532,Budget Parents,Tier-3 Cities,1,2023-10-16 16:15:41,3005.05
user_6533,Budget Parents,Tier-2 Cities,0,,0.0
user_6534,Premium Fitness Users,Tier-3 Cities,0,,0.0
user_6535,Premium Fitness Users,Tier-1 Cities,0,,0.0
user_6536,Budget Parents,International,0,,0.0
user_6537,Unknown,Tier-3 Cities,0,,0.0
user_6538,Gen-Z Trend Seekers,International,0,,0.0
user_6539,Gen-Z Trend Seekers,International,0,,0.0
user_6540,Impulse Buyers,Tier-3 Cities,0,,0.0
user_6541,Gen-Z Trend Seekers,Tier-3 Cities,0,,0.0
user_6542,Budget Parents,Tier-3 Cities,0,,0.0
user_6543,Unknown,International,0,,0.0
user_6544,Budget Parents,Tier-2 Cities,0,,0.0
user_6545,Premium Fitness Users,Tier-3 Cities,0,,0.0
user_6546,Impulse Buyers,International,0,,0.0
user_6547,Unknown,Tier-2 Cities,0,,0.0
user_6548,Unknown,Tier-2 Cities,0,,0.0
user_6549,Gen-Z Trend Seekers,International,0,,0.0
user_6550,Impulse Buyers,Tier-1 Cities,0,,0.0
user_6551,Impulse Buyers,Tier-1 Cities,0,,0.0
user_6552,Budget Parents,International,1,2023-03-10 20:25:15,2498.15
user_6553,Premium Fitness Users,Tier-2 Cities,1,2023-11-20 14:00:02,7252.96
user_6554,Impulse Buyers,Tier-2 Cities,0,,0.0
user_6555,Budget Parents,Tier-3 Cities,0,,0.0
user_6556,Gen-Z Trend Seekers,International,0,,0.0
user_6557,Gen-Z Trend Seekers,International,0,,0.0
user_6558,Gen-Z Trend Seekers,Tier-2 Cities,0,,0.0
user_6559,Budget Parents,Tier-2 Cities,0,,0.0
user_6560,Premium Fitness Users,Tier-1 Cities,0,,0.0
user_6561,Unknown,International,0,,0.0
user_6562,Gen-Z Trend Seekers,Tier-1 Cities,0,,0.0
user_6563,Premium Fitness Users,Tier-3 Cities,0,,0.0
user_6564,Gen-Z Trend Seekers,Tier-1 Cities,0,,0.0
user_6565,Unknown,Tier-2 Cities,0,,0.0
user_6566,Gen-Z Trend Seekers,Tier-3 Cities,0,,0.0
user_6567,Premium Fitness Users,International,0,,0.0
user_6568,Budget Parents,International,0,,0.0
user_6569,Budget Parents,Tier-3 Cities,0,,0.0
user_6570,Unknown,Tier-1 Cities,0,,0.0
user_6571,Premium Fitness Users,Tier-1 Cities,0,,0.0
user_6572,Unknown,Tier-2 Cities,0,,0.0
user_6573,Budget Parents,Tier-1 Cities,0,,0.0
user_6574,Premium Fitness Users,International,0,,0.0
user_6575,Gen-Z Trend Seekers,Tier-1 Cities,0,,0.0
user_6576,Impulse Buyers,Tier-3 Cities,0,,0.0
user_6577,Impulse Buyers,Tier-3 Cities,0,,0.0
user_6578,Budget Parents,Tier-2 Cities,0,,0.0
user_6579,Budget Parents,Tier-3 Cities,1,2023-07-18 07:20:07,6865.93
user_6580,Impulse Buyers,Tier-3 Cities,0,,0.0
user_6581,Budget Parents,Tier-1 Cities,1,2024-01-06 08:10:53,3861.38
user_6582,Premium Fitness Users,Tier-1 Cities,0,,0.0
user_6583,Budget Parents,Tier-2 Cities,1,2023-04-07 14:43:36,6662.66
user_6584,Gen-Z Trend Seekers,Tier-2 Cities,0,,0.0
user_6585,Budget Parents,Tier-1 Cities,0,,0.0
user_6586,Premium Fitness Users,International,0,,0.0
user_6587,Budget Parents,Tier-3 Cities,1,2023-04-16 13:15:41,6334.3
user_6588,Gen-Z Trend Seekers,Tier-1 Cities,0,,0.0
user_6589,Gen-Z Trend Seekers,International,1,2023-12-24 07:46:38,5587.35
user_6590,Impulse Buyers,Tier-2 Cities,1,2023-05-25 19:54:48,3805.79
user_6591,Gen-Z Trend Seekers,Tier-2 Cities,0,,0.0
user_6592,Unknown,Tier-2 Cities,0,,0.0
user_6593,Gen-Z Trend Seekers,Tier-3 Cities,0,,0.0
user_6594,Unknown,Tier-2 Cities,0,,0.0
user_6595,Budget Parents,Tier-2 Cities,0,,0.0
user_6596,Unknown,International,0,,0.0
user_6597,Budget Parents,Tier-2 Cities,0,,0.0
user_6598,Impulse Buyers,Tier-2 Cities,1,2024-01-09 02:20:00,1170.37
user_6599,Budget Parents,Tier-3 Cities,0,,0.0
user_6600,Impulse Buyers,Tier-1 Cities,0,,0.0
user_6601,Impulse Buyers,International,0,,0.0
user_6602,Premium Fitness Users,Tier-3 Cities,0,,0.0
user_6603,Gen-Z Trend Seekers,Tier-2 Cities,0,,0.0
user_6604,Premium Fitness Users,Tier-1 Cities,0,,0.0
user_6605,Gen-Z Trend Seekers,International,0,,0.0
user_6606,Budget Parents,International,0,,0.0
user_6607,Impulse Buyers,Tier-2 Cities,0,,0.0
user_6608,Impulse Buyers,Tier-2 Cities,0,,0.0
user_6609,Gen-Z Trend Seekers,Tier-2 Cities,0,,0.0
user_6610,Premium Fitness Users,Tier-2 Cities,0,,0.0
user_6611,Impulse Buyers,Tier-1 Cities,0,,0.0
user_6612,Premium Fitness Users,International,0,,0.0
user_6613,Budget Parents,Tier-1 Cities,0,,0.0
user_6614,Gen-Z Trend Seekers,International,0,,0.0
user_6615,Unknown,Tier-3 Cities,0,,0.0
user_6616,Impulse Buyers,International,0,,0.0
user_6617,Impulse Buyers,Tier-1 Cities,0,,0.0
user_6618,Premium Fitness Users,Tier-2 Cities,0,,0.0
user_6619,Impulse Buyers,Tier-2 Cities,0,,0.0
user_6620,Impulse Buyers,Tier-1 Cities,0,,0.0
user_6621,Impulse Buyers,International,0,,0.0
user_6622,Unknown,Tier-1 Cities,0,,0.0
user_6623,Premium Fitness Users,Tier-1 Cities,0,,0.0
user_6624,Unknown,Tier-3 Cities,0,,0.0
user_6625,Unknown,Tier-3 Cities,0,,0.0
user_6626,Gen-Z Trend Seekers,International,0,,0.0
user_6627,Impulse Buyers,Tier-3 Cities,0,,0.0
user_6628,Gen-Z Trend Seekers,Tier-2 Cities,0,,0.0
user_6629,Budget Parents,Tier-3 Cities,0,,0.0
user_6630,Budget Parents,Tier-3 Cities,0,,0.0
user_6631,Budget Parents,Tier-2 Cities,0,,0.0
user_6632,Budget Parents,Tier-3 Cities,0,,0.0
user_6633,Budget Parents,Tier-2 Cities,0,,0.0
user_6634,Gen-Z Trend Seekers,Tier-3 Cities,0,,0.0
user_6635,Gen-Z Trend Seekers,Tier-3 Cities,0,,0.0
user_6636,Gen-Z Trend Seekers,Tier-1 Cities,0,,0.0
user_6637,Premium Fitness Users,Tier-2 Cities,0,,0.0
user_6638,Premium Fitness Users,Tier-3 Cities,0,,0.0
user_6639,Impulse Buyers,Tier-3 Cities,0,,0.0
user_6640,Gen-Z Trend Seekers,Tier-1 Cities,0,,0.0
user_6641,Gen-Z Trend Seekers,Tier-3 Cities,0,,0.0
user_6642,Gen-Z Trend Seekers,International,0,,0.0
user_6643,Impulse Buyers,Tier-1 Cities,0,,0.0
user_6644,Gen-Z Trend Seekers,Tier-3 Cities,0,,0.0
user_6645,Premium Fitness Users,Tier-3 Cities,0,,0.0
user_6646,Gen-Z Trend Seekers,Tier-1 Cities,0,,0.0
user_6647,Premium Fitness Users,International,0,,0.0
user_6648,Budget Parents,Tier-3 Cities,1,2023-07-05 11:23:35,4352.62
user_6649,Budget Parents,Tier-2 Cities,0,,0.0
user_6650,Gen-Z Trend Seekers,Tier-2 Cities,0,,0.0
user_6651,Impulse Buyers,Tier-1 Cities,0,,0.0
user_6652,Premium Fitness Users,Tier-3 Cities,0,,0.0
user_6653,Unknown,International,0,,0.0
user_6654,Gen-Z Trend Seekers,International,0,,0.0
user_6655,Gen-Z Trend Seekers,Tier-3 Cities,0,,0.0
user_6656,Budget Parents,Tier-3 Cities,0,,0.0
user_6657,Impulse Buyers,Tier-3 Cities,0,,0.0
user_6658,Unknown,Tier-3 Cities,0,,0.0
user_6659,Budget Parents,Tier-2 Cities,0,,0.0
user_6660,Premium Fitness Users,Tier-3 Cities,1,2024-01-03 19:11:16,11514.89
user_6661,Budget Parents,Tier-3 Cities,0,,0.0
user_6662,Premium Fitness Users,Tier-2 Cities,0,,0.0
user_6663,Gen-Z Trend Seekers,Tier-1 Cities,0,,0.0
user_6664,Impulse Buyers,Tier-2 Cities,0,,0.0
user_6665,Impulse Buyers,International,0,,0.0
user_6666,Impulse Buyers,Tier-1 Cities,0,,0.0
user_6667,Budget Parents,Tier-2 Cities,0,,0.0
user_6668,Budget Parents,Tier-2 Cities,0,,0.0
user_6669,Unknown,International,0,,0.0
user_6670,Budget Parents,Tier-1 Cities,1,2023-05-10 17:11:09,4930.09
user_6671,Gen-Z Trend Seekers,Tier-1 Cities,0,,0.0
user_6672,Gen-Z Trend Seekers,International,0,,0.0
user_6673,Impulse Buyers,International,1,2023-11-07 18:40:58,3740.54
user_6674,Budget Parents,Tier-3 Cities,0,,0.0
user_6675,Gen-Z Trend Seekers,Tier-1 Cities,0,,0.0
user_6676,Impulse Buyers,Tier-1 Cities,0,,0.0
user_6677,Budget Parents,Tier-2 Cities,0,,0.0
user_6678,Unknown,Tier-3 Cities,0,,0.0
user_6679,Gen-Z Trend Seekers,Tier-1 Cities,1,2023-12-17 13:18:09,1778.08
user_6680,Budget Parents,Tier-1 Cities,0,,0.0
user_6681,Gen-Z Trend Seekers,International,0,,0.0
user_6682,Budget Parents,International,0,,0.0
user_6683,Premium Fitness Users,Tier-3 Cities,0,,0.0
user_6684,Unknown,International,0,,0.0
user_6685,Premium Fitness Users,Tier-2 Cities,0,,0.0
user_6686,Unknown,Tier-1 Cities,0,,0.0
user_6687,Premium Fitness Users,Tier-1 Cities,0,,0.0
user_6688,Premium Fitness Users,Tier-3 Cities,0,,0.0
user_6689,Unknown,Tier-1 Cities,0,,0.0
user_6690,Unknown,International,0,,0.0
user_6691,Unknown,Tier-1 Cities,0,,0.0
user_6692,Gen-Z Trend Seekers,Tier-3 Cities,0,,0.0
user_6693,Unknown,International,0,,0.0
user_6694,Budget Parents,Tier-3 Cities,0,,0.0
user_6695,Premium Fitness Users,Tier-3 Cities,0,,0.0
user_6696,Budget Parents,Tier-2 Cities,0,,0.0
user_6697,Premium Fitness Users,Tier-2 Cities,1,2023-11-18 09:44:53,3840.64
user_6698,Gen-Z Trend Seekers,Tier-1 Cities,0,,0.0
user_6699,Budget Parents,Tier-1 Cities,0,,0.0
user_6700,Budget Parents,Tier-1 Cities,0,,0.0
user_6701,Gen-Z Trend Seekers,Tier-1 Cities,0,,0.0
user_6702,Impulse Buyers,Tier-1 Cities,0,,0.0
user_6703,Impulse Buyers,Tier-2 Cities,0,,0.0
user_6704,Premium Fitness Users,Tier-2 Cities,0,,0.0
user_6705,Budget Parents,International,0,,0.0
user_6706,Budget Parents,Tier-1 Cities,0,,0.0
user_6707,Budget Parents,Tier-1 Cities,0,,0.0
user_6708,Gen-Z Trend Seekers,Tier-2 Cities,0,,0.0
user_6709,Impulse Buyers,Tier-3 Cities,0,,0.0
user_6710,Budget Parents,Tier-3 Cities,0,,0.0
user_6711,Impulse Buyers,Tier-3 Cities,0,,0.0
user_6712,Budget Parents,Tier-2 Cities,0,,0.0
user_6713,Budget Parents,Tier-1 Cities,0,,0.0
user_6714,Premium Fitness Users,Tier-2 Cities,0,,0.0
user_6715,Impulse Buyers,Tier-1 Cities,0,,0.0
user_6716,Gen-Z Trend Seekers,Tier-2 Cities,0,,0.0
user_6717,Unknown,International,0,,0.0
user_6718,Gen-Z Trend Seekers,Tier-1 Cities,0,,0.0
user_6719,Premium Fitness Users,Tier-1 Cities,0,,0.0
user_6720,Budget Parents,International,0,,0.0
user_6721,Budget Parents,Tier-3 Cities,0,,0.0
user_6722,Impulse Buyers,Tier-3 Cities,0,,0.0
user_6723,Impulse Buyers,Tier-3 Cities,0,,0.0
user_6724,Gen-Z Trend Seekers,Tier-3 Cities,0,,0.0
user_6725,Budget Parents,International,0,,0.0
user_6726,Impulse Buyers,Tier-1 Cities,0,,0.0
user_6727,Premium Fitness Users,Tier-2 Cities,1,2023-08-20 13:32:34,7305.02
user_6728,Gen-Z Trend Seekers,Tier-3 Cities,0,,0.0
user_6729,Gen-Z Trend Seekers,Tier-2 Cities,1,2023-08-29 22:33:34,5249.33
user_6730,Unknown,International,0,,0.0
user_6731,Gen-Z Trend Seekers,Tier-3 Cities,0,,0.0
user_6732,Gen-Z Trend Seekers,Tier-2 Cities,0,,0.0
user_6733,Premium Fitness Users,Tier-2 Cities,0,,0.0
user_6734,Budget Parents,Tier-2 Cities,0,,0.0
user_6735,Unknown,International,0,,0.0
user_6736,Gen-Z Trend Seekers,International,0,,0.0
user_6737,Impulse Buyers,Tier-1 Cities,0,,0.0
user_6738,Impulse Buyers,Tier-2 Cities,0,,0.0
user_6739,Budget Parents,Tier-1 Cities,0,,0.0
user_6740,Gen-Z Trend Seekers,Tier-3 Cities,0,,0.0
user_6741,Gen-Z Trend Seekers,Tier-3 Cities,0,,0.0
user_6742,Premium Fitness Users,Tier-3 Cities,0,,0.0
user_6743,Budget Parents,Tier-1 Cities,0,,0.0
user_6744,Unknown,International,0,,0.0
user_6745,Unknown,Tier-1 Cities,0,,0.0
user_6746,Budget Parents,Tier-1 Cities,1,2023-08-11 22:30:44,6637.98
user_6747,Impulse Buyers,Tier-2 Cities,1,2023-05-09 23:55:31,2740.8
user_6748,Gen-Z Trend Seekers,International,0,,0.0
user_6749,Premium Fitness Users,Tier-3 Cities,0,,0.0
user_6750,Premium Fitness Users,International,0,,0.0
user_6751,Unknown,Tier-3 Cities,0,,0.0
user_6752,Budget Parents,International,0,,0.0
user_6753,Gen-Z Trend Seekers,International,0,,0.0
user_6754,Gen-Z Trend Seekers,Tier-3 Cities,0,,0.0
user_6755,Unknown,Tier-1 Cities,0,,0.0
user_6756,Gen-Z Trend Seekers,Tier-1 Cities,0,,0.0
user_6757,Impulse Buyers,Tier-3 Cities,0,,0.0
user_6758,Budget Parents,Tier-1 Cities,0,,0.0
user_6759,Budget Parents,Tier-2 Cities,0,,0.0
user_6760,Premium Fitness Users,Tier-3 Cities,0,,0.0
user_6761,Premium Fitness Users,Tier-1 Cities,0,,0.0
user_6762,Premium Fitness Users,Tier-1 Cities,0,,0.0
user_6763,Gen-Z Trend Seekers,International,0,,0.0
user_6764,Gen-Z Trend Seekers,International,1,2023-11-09 16:01:43,2032.32
user_6765,Gen-Z Trend Seekers,Tier-1 Cities,0,,0.0
user_6766,Budget Parents,Tier-1 Cities,0,,0.0
user_6767,Impulse Buyers,Tier-3 Cities,0,,0.0
user_6768,Gen-Z Trend Seekers,Tier-1 Cities,0,,0.0
user_6769,Impulse Buyers,Tier-3 Cities,1,2023-02-20 08:52:43,1210.61
user_6770,Unknown,Tier-1 Cities,0,,0.0
user_6771,Impulse Buyers,Tier-2 Cities,0,,0.0
user_6772,Gen-Z Trend Seekers,Tier-3 Cities,0,,0.0
user_6773,Premium Fitness Users,Tier-2 Cities,0,,0.0
user_6774,Gen-Z Trend Seekers,Tier-2 Cities,0,,0.0
user_6775,Budget Parents,Tier-1 Cities,0,,0.0
user_6776,Gen-Z Trend Seekers,Tier-2 Cities,0,,0.0
user_6777,Impulse Buyers,Tier-3 Cities,0,,0.0
user_6778,Impulse Buyers,International,0,,0.0
user_6779,Impulse Buyers,Tier-3 Cities,0,,0.0
user_6780,Budget Parents,Tier-1 Cities,0,,0.0
user_6781,Premium Fitness Users,International,0,,0.0
user_6782,Impulse Buyers,Tier-3 Cities,0,,0.0
user_6783,Premium Fitness Users,Tier-2 Cities,0,,0.0
user_6784,Budget Parents,International,0,,0.0
user_6785,Impulse Buyers,International,0,,0.0
user_6786,Premium Fitness Users,Tier-2 Cities,0,,0.0
user_6787,Budget Parents,Tier-3 Cities,0,,0.0
user_6788,Premium Fitness Users,Tier-1 Cities,0,,0.0
user_6789,Impulse Buyers,Tier-3 Cities,0,,0.0
user_6790,Unknown,Tier-2 Cities,0,,0.0
user_6791,Budget Parents,Tier-3 Cities,0,,0.0
user_6792,Budget Parents,Tier-3 Cities,0,,0.0
user_6793,Impulse Buyers,Tier-2 Cities,0,,0.0
user_6794,Budget Parents,Tier-1 Cities,0,,0.0
user_6795,Impulse Buyers,Tier-2 Cities,0,,0.0
user_6796,Gen-Z Trend Seekers,International,0,,0.0
user_6797,Unknown,International,0,,0.0
user_6798,Unknown,Tier-1 Cities,0,,0.0
user_6799,Impulse Buyers,Tier-1 Cities,0,,0.0
user_6800,Gen-Z Trend Seekers,Tier-3 Cities,0,,0.0
user_6801,Impulse Buyers,Tier-2 Cities,0,,0.0
user_6802,Impulse Buyers,Tier-1 Cities,1,2023-03-31 09:43:59,2740.62
user_6803,Gen-Z Trend Seekers,Tier-1 Cities,0,,0.0
user_6804,Budget Parents,Tier-3 Cities,0,,0.0
user_6805,Gen-Z Trend Seekers,International,1,2023-08-08 01:49:47,2643.79
user_6806,Gen-Z Trend Seekers,Tier-2 Cities,1,2023-10-02 04:48:06,5619.58
user_6807,Unknown,International,0,,0.0
user_6808,Premium Fitness Users,International,0,,0.0
user_6809,Impulse Buyers,International,0,,0.0
user_6810,Gen-Z Trend Seekers,Tier-2 Cities,0,,0.0
user_6811,Gen-Z Trend Seekers,International,0,,0.0
user_6812,Unknown,Tier-3 Cities,0,,0.0
user_6813,Premium Fitness Users,Tier-1 Cities,0,,0.0
user_6814,Impulse Buyers,Tier-2 Cities,0,,0.0
user_6815,Premium Fitness Users,Tier-2 Cities,0,,0.0
user_6816,Premium Fitness Users,Tier-1 Cities,0,,0.0
user_6817,Gen-Z Trend Seekers,Tier-2 Cities,0,,0.0
user_6818,Unknown,International,0,,0.0
user_6819,Gen-Z Trend Seekers,Tier-1 Cities,0,,0.0
user_6820,Gen-Z Trend Seekers,Tier-1 Cities,0,,0.0
user_6821,Impulse Buyers,Tier-3 Cities,0,,0.0
user_6822,Premium Fitness Users,Tier-1 Cities,0,,0.0
user_6823,Gen-Z Trend Seekers,Tier-2 Cities,0,,0.0
user_6824,Impulse Buyers,Tier-1 Cities,0,,0.0
user_6825,Impulse Buyers,Tier-2 Cities,1,2023-02-23 15:17:47,1682.31
user_6826,Impulse Buyers,Tier-1 Cities,0,,0.0
user_6827,Impulse Buyers,Tier-3 Cities,0,,0.0
user_6828,Impulse Buyers,Tier-1 Cities,0,,0.0
user_6829,Budget Parents,International,0,,0.0
user_6830,Impulse Buyers,Tier-2 Cities,0,,0.0
user_6831,Impulse Buyers,Tier-1 Cities,0,,0.0
user_6832,Impulse Buyers,International,0,,0.0
user_6833,Gen-Z Trend Seekers,Tier-1 Cities,0,,0.0
user_6834,Impulse Buyers,Tier-1 Cities,0,,0.0
user_6835,Gen-Z Trend Seekers,Tier-1 Cities,0,,0.0
user_6836,Gen-Z Trend Seekers,International,1,2023-07-03 09:25:23,1286.74
user_6837,Budget Parents,Tier-1 Cities,0,,0.0
user_6838,Gen-Z Trend Seekers,International,0,,0.0
user_6839,Gen-Z Trend Seekers,Tier-3 Cities,0,,0.0
user_6840,Premium Fitness Users,Tier-2 Cities,0,,0.0
user_6841,Gen-Z Trend Seekers,Tier-1 Cities,1,2023-05-20 10:13:54,2053.51
user_6842,Budget Parents,Tier-3 Cities,0,,0.0
user_6843,Premium Fitness Users,International,0,,0.0
user_6844,Gen-Z Trend Seekers,Tier-2 Cities,0,,0.0
user_6845,Budget Parents,International,0,,0.0
user_6846,Impulse Buyers,Tier-2 Cities,0,,0.0
user_6847,Budget Parents,International,0,,0.0
user_6848,Budget Parents,Tier-3 Cities,0,,0.0
user_6849,Gen-Z Trend Seekers,Tier-1 Cities,0,,0.0
user_6850,Budget Parents,Tier-3 Cities,0,,0.0
user_6851,Impulse Buyers,International,0,,0.0
user_6852,Impulse Buyers,Tier-3 Cities,0,,0.0
user_6853,Budget Parents,Tier-2 Cities,0,,0.0
user_6854,Premium Fitness Users,Tier-1 Cities,0,,0.0
user_6855,Budget Parents,Tier-2 Cities,0,,0.0
user_6856,Gen-Z Trend Seekers,International,0,,0.0
user_6857,Impulse Buyers,Tier-3 Cities,1,2023-12-09 18:07:55,1182.74
user_6858,Budget Parents,International,0,,0.0
user_6859,Gen-Z Trend Seekers,Tier-2 Cities,1,2023-09-02 16:08:25,5348.96
user_6860,Premium Fitness Users,International,0,,0.0
user_6861,Premium Fitness Users,Tier-1 Cities,0,,0.0
user_6862,Premium Fitness Users,Tier-1 Cities,0,,0.0
user_6863,Premium Fitness Users,Tier-3 Cities,0,,0.0
user_6864,Impulse Buyers,Tier-2 Cities,0,,0.0
user_6865,Unknown,Tier-3 Cities,0,,0.0
user_6866,Unknown,International,0,,0.0
user_6867,Premium Fitness Users,Tier-3 Cities,1,2023-08-10 12:12:24,10791.13
user_6868,Unknown,Tier-2 Cities,0,,0.0
user_6869,Gen-Z Trend Seekers,International,0,,0.0
user_6870,Budget Parents,International,0,,0.0
user_6871,Premium Fitness Users,Tier-3 Cities,0,,0.0
user_6872,Impulse Buyers,International,0,,0.0
user_6873,Unknown,International,0,,0.0
user_6874,Impulse Buyers,Tier-2 Cities,0,,0.0
user_6875,Budget Parents,Tier-3 Cities,0,,0.0
user_6876,Premium Fitness Users,Tier-3 Cities,0,,0.0
user_6877,Budget Parents,Tier-1 Cities,0,,0.0
user_6878,Gen-Z Trend Seekers,Tier-3 Cities,0,,0.0
user_6879,Budget Parents,Tier-1 Cities,0,,0.0
user_6880,Budget Parents,Tier-1 Cities,0,,0.0
user_6881,Premium Fitness Users,Tier-2 Cities,0,,0.0
user_6882,Unknown,Tier-1 Cities,0,,0.0
user_6883,Unknown,International,0,,0.0
user_6884,Budget Parents,International,0,,0.0
user_6885,Budget Parents,Tier-1 Cities,0,,0.0
user_6886,Impulse Buyers,International,0,,0.0
user_6887,Budget Parents,Tier-2 Cities,0,,0.0
user_6888,Unknown,Tier-3 Cities,0,,0.0
user_6889,Premium Fitness Users,Tier-1 Cities,0,,0.0
user_6890,Gen-Z Trend Seekers,Tier-3 Cities,0,,0.0
user_6891,Gen-Z Trend Seekers,Tier-1 Cities,0,,0.0
user_6892,Impulse Buyers,Tier-2 Cities,0,,0.0
user_6893,Gen-Z Trend Seekers,International,0,,0.0
user_6894,Gen-Z Trend Seekers,Tier-1 Cities,0,,0.0
user_6895,Premium Fitness Users,Tier-3 Cities,0,,0.0
user_6896,Impulse Buyers,Tier-1 Cities,0,,0.0
user_6897,Unknown,Tier-2 Cities,0,,0.0
user_6898,Gen-Z Trend Seekers,Tier-1 Cities,0,,0.0
user_6899,Premium Fitness Users,Tier-3 Cities,0,,0.0
user_6900,Premium Fitness Users,Tier-3 Cities,0,,0.0
user_6901,Impulse Buyers,Tier-3 Cities,0,,0.0
user_6902,Premium Fitness Users,International,0,,0.0
user_6903,Budget Parents,International,0,,0.0
user_6904,Impulse Buyers,International,0,,0.0
user_6905,Premium Fitness Users,Tier-1 Cities,0,,0.0
user_6906,Unknown,International,0,,0.0
user_6907,Impulse Buyers,Tier-1 Cities,0,,0.0
user_6908,Gen-Z Trend Seekers,International,0,,0.0
user_6909,Gen-Z Trend Seekers,Tier-2 Cities,0,,0.0
user_6910,Premium Fitness Users,Tier-1 Cities,0,,0.0
user_6911,Impulse Buyers,Tier-3 Cities,0,,0.0
user_6912,Unknown,International,0,,0.0
user_6913,Impulse Buyers,Tier-2 Cities,0,,0.0
user_6914,Budget Parents,International,0,,0.0
user_6915,Gen-Z Trend Seekers,Tier-1 Cities,0,,0.0
user_6916,Unknown,International,0,,0.0
user_6917,Budget Parents,Tier-1 Cities,0,,0.0
user_6918,Impulse Buyers,Tier-3 Cities,1,2023-08-29 14:09:45,3522.45
user_6919,Impulse Buyers,International,0,,0.0
user_6920,Premium Fitness Users,International,0,,0.0
user_6921,Gen-Z Trend Seekers,International,1,2023-07-27 08:23:15,2488.55
user_6922,Impulse Buyers,Tier-1 Cities,0,,0.0
user_6923,Premium Fitness Users,Tier-1 Cities,0,,0.0
user_6924,Unknown,Tier-3 Cities,0,,0.0
user_6925,Gen-Z Trend Seekers,Tier-1 Cities,0,,0.0
user_6926,Budget Parents,Tier-2 Cities,0,,0.0
user_6927,Gen-Z Trend Seekers,Tier-2 Cities,0,,0.0
user_6928,Premium Fitness Users,Tier-1 Cities,0,,0.0
user_6929,Budget Parents,International,0,,0.0
user_6930,Unknown,Tier-1 Cities,0,,0.0
user_6931,Gen-Z Trend Seekers,Tier-3 Cities,0,,0.0
user_6932,Unknown,Tier-1 Cities,0,,0.0
user_6933,Gen-Z Trend Seekers,Tier-2 Cities,0,,0.0
user_6934,Budget Parents,International,0,,0.0
user_6935,Budget Parents,Tier-1 Cities,0,,0.0
user_6936,Budget Parents,International,0,,0.0
user_6937,Budget Parents,Tier-1 Cities,0,,0.0
user_6938,Premium Fitness Users,Tier-3 Cities,0,,0.0
user_6939,Unknown,Tier-2 Cities,0,,0.0
user_6940,Impulse Buyers,Tier-3 Cities,0,,0.0
user_6941,Impulse Buyers,Tier-3 Cities,0,,0.0
user_6942,Gen-Z Trend Seekers,Tier-2 Cities,0,,0.0
user_6943,Premium Fitness Users,Tier-3 Cities,0,,0.0
user_6944,Gen-Z Trend Seekers,Tier-3 Cities,0,,0.0
user_6945,Gen-Z Trend Seekers,International,1,2023-03-27 22:21:01,5992.6
user_6946,Gen-Z Trend Seekers,Tier-1 Cities,0,,0.0
user_6947,Premium Fitness Users,International,0,,0.0
user_6948,Premium Fitness Users,Tier-1 Cities,1,2024-01-08 07:51:49,12007.29
user_6949,Premium Fitness Users,Tier-2 Cities,0,,0.0
user_6950,Budget Parents,Tier-3 Cities,0,,0.0
user_6951,Unknown,Tier-3 Cities,0,,0.0
user_6952,Premium Fitness Users,International,0,,0.0
user_6953,Impulse Buyers,Tier-1 Cities,0,,0.0
user_6954,Premium Fitness Users,Tier-2 Cities,1,2023-04-22 20:44:40,8656.39
user_6955,Gen-Z Trend Seekers,Tier-2 Cities,0,,0.0
user_6956,Budget Parents,Tier-2 Cities,0,,0.0
user_6957,Budget Parents,International,0,,0.0
user_6958,Impulse Buyers,Tier-1 Cities,0,,0.0
user_6959,Premium Fitness Users,Tier-2 Cities,0,,0.0
user_6960,Gen-Z Trend Seekers,International,0,,0.0
user_6961,Impulse Buyers,Tier-1 Cities,0,,0.0
user_6962,Budget Parents,International,0,,0.0
user_6963,Premium Fitness Users,International,0,,0.0
user_6964,Gen-Z Trend Seekers,International,0,,0.0
user_6965,Unknown,Tier-2 Cities,0,,0.0
user_6966,Budget Parents,Tier-1 Cities,0,,0.0
user_6967,Impulse Buyers,International,0,,0.0
user_6968,Gen-Z Trend Seekers,Tier-2 Cities,0,,0.0
user_6969,Premium Fitness Users,International,0,,0.0
user_6970,Impulse Buyers,Tier-2 Cities,0,,0.0
user_6971,Unknown,Tier-3 Cities,0,,0.0
user_6972,Budget Parents,Tier-1 Cities,0,,0.0
user_6973,Impulse Buyers,Tier-1 Cities,0,,0.0
user_6974,Budget Parents,Tier-2 Cities,0,,0.0
user_6975,Budget Parents,International,0,,0.0
user_6976,Gen-Z Trend Seekers,Tier-2 Cities,0,,0.0
user_6977,Gen-Z Trend Seekers,Tier-3 Cities,0,,0.0
user_6978,Gen-Z Trend Seekers,Tier-2 Cities,0,,0.0
user_6979,Gen-Z Trend Seekers,Tier-3 Cities,0,,0.0
user_6980,Gen-Z Trend Seekers,Tier-1 Cities,0,,0.0
user_6981,Premium Fitness Users,International,1,2023-01-22 02:27:22,6153.17
user_6982,Impulse Buyers,Tier-1 Cities,1,2023-07-07 05:43:20,2736.45
user_6983,Gen-Z Trend Seekers,Tier-2 Cities,0,,0.0
user_6984,Impulse Buyers,Tier-3 Cities,0,,0.0
user_6985,Gen-Z Trend Seekers,International,0,,0.0
user_6986,Premium Fitness Users,Tier-2 Cities,0,,0.0
user_6987,Gen-Z Trend Seekers,Tier-2 Cities,0,,0.0
user_6988,Impulse Buyers,International,0,,0.0
user_6989,Budget Parents,Tier-2 Cities,0,,0.0
user_6990,Premium Fitness Users,Tier-3 Cities,0,,0.0
user_6991,Unknown,Tier-1 Cities,0,,0.0
user_6992,Budget Parents,International,0,,0.0
user_6993,Budget Parents,Tier-1 Cities,0,,0.0
user_6994,Gen-Z Trend Seekers,Tier-3 Cities,0,,0.0
user_6995,Premium Fitness Users,Tier-2 Cities,0,,0.0
user_6996,Impulse Buyers,Tier-2 Cities,0,,0.0
user_6997,Budget Parents,International,0,,0.0
user_6998,Impulse Buyers,International,0,,0.0
user_6999,Budget Parents,Tier-3 Cities,0,,0.0
user_7000,Budget Parents,Tier-3 Cities,0,,0.0
user_7001,Impulse Buyers,Tier-2 Cities,0,,0.0
user_7002,Premium Fitness Users,Tier-2 Cities,0,,0.0
user_7003,Gen-Z Trend Seekers,Tier-2 Cities,0,,0.0
user_7004,Premium Fitness Users,International,0,,0.0
user_7005,Impulse Buyers,Tier-1 Cities,1,2023-11-21 23:21:47,3337.28
user_7006,Gen-Z Trend Seekers,International,0,,0.0
user_7007,Unknown,Tier-2 Cities,0,,0.0
user_7008,Gen-Z Trend Seekers,Tier-1 Cities,0,,0.0
user_7009,Impulse Buyers,Tier-2 Cities,0,,0.0
user_7010,Gen-Z Trend Seekers,International,0,,0.0
user_7011,Impulse Buyers,International,0,,0.0
user_7012,Premium Fitness Users,International,0,,0.0
user_7013,Premium Fitness Users,Tier-2 Cities,0,,0.0
user_7014,Gen-Z Trend Seekers,Tier-2 Cities,1,2023-07-21 23:05:43,1801.03
user_7015,Gen-Z Trend Seekers,Tier-1 Cities,1,2023-09-14 04:38:28,3973.53
user_7016,Gen-Z Trend Seekers,Tier-3 Cities,0,,0.0
user_7017,Premium Fitness Users,Tier-2 Cities,0,,0.0
user_7018,Unknown,Tier-3 Cities,0,,0.0
user_7019,Unknown,Tier-1 Cities,0,,0.0
user_7020,Gen-Z Trend Seekers,Tier-2 Cities,0,,0.0
user_7021,Impulse Buyers,International,0,,0.0
user_7022,Unknown,Tier-2 Cities,0,,0.0
user_7023,Budget Parents,International,0,,0.0
user_7024,Impulse Buyers,Tier-1 Cities,0,,0.0
user_7025,Unknown,International,0,,0.0
user_7026,Gen-Z Trend Seekers,International,0,,0.0
user_7027,Impulse Buyers,Tier-1 Cities,0,,0.0
user_7028,Premium Fitness Users,Tier-3 Cities,0,,0.0
user_7029,Impulse Buyers,International,0,,0.0
user_7030,Budget Parents,Tier-2 Cities,0,,0.0
user_7031,Budget Parents,International,1,2023-05-04 17:45:14,3287.67
user_7032,Gen-Z Trend Seekers,Tier-2 Cities,0,,0.0
user_7033,Premium Fitness Users,Tier-2 Cities,0,,0.0
user_7034,Impulse Buyers,International,0,,0.0
user_7035,Budget Parents,International,0,,0.0
user_7036,Premium Fitness Users,Tier-3 Cities,0,,0.0
user_7037,Gen-Z Trend Seekers,Tier-2 Cities,0,,0.0
user_7038,Gen-Z Trend Seekers,Tier-1 Cities,0,,0.0
user_7039,Gen-Z Trend Seekers,International,0,,0.0
user_7040,Gen-Z Trend Seekers,Tier-2 Cities,0,,0.0
user_7041,Unknown,Tier-2 Cities,0,,0.0
user_7042,Premium Fitness Users,Tier-3 Cities,0,,0.0
user_7043,Unknown,Tier-2 Cities,0,,0.0
user_7044,Premium Fitness Users,Tier-3 Cities,0,,0.0
user_7045,Premium Fitness Users,Tier-2 Cities,0,,0.0
user_7046,Impulse Buyers,Tier-1 Cities,1,2023-01-21 03:10:00,3045.19
user_7047,Budget Parents,Tier-1 Cities,0,,0.0
user_7048,Premium Fitness Users,International,0,,0.0
user_7049,Impulse Buyers,Tier-3 Cities,0,,0.0
user_7050,Gen-Z Trend Seekers,Tier-1 Cities,0,,0.0
user_7051,Budget Parents,International,0,,0.0
user_7052,Premium Fitness Users,Tier-3 Cities,0,,0.0
user_7053,Gen-Z Trend Seekers,Tier-2 Cities,0,,0.0
user_7054,Budget Parents,Tier-3 Cities,1,2023-11-16 10:35:43,7293.97
user_7055,Gen-Z Trend Seekers,International,0,,0.0
user_7056,Unknown,Tier-3 Cities,0,,0.0
user_7057,Budget Parents,Tier-2 Cities,0,,0.0
user_7058,Gen-Z Trend Seekers,Tier-2 Cities,0,,0.0
user_7059,Gen-Z Trend Seekers,Tier-2 Cities,0,,0.0
user_7060,Gen-Z Trend Seekers,Tier-2 Cities,0,,0.0
user_7061,Budget Parents,Tier-3 Cities,0,,0.0
user_7062,Unknown,Tier-3 Cities,0,,0.0
user_7063,Budget Parents,International,0,,0.0
user_7064,Budget Parents,Tier-2 Cities,0,,0.0
user_7065,Budget Parents,Tier-2 Cities,0,,0.0
user_7066,Unknown,Tier-3 Cities,0,,0.0
user_7067,Budget Parents,Tier-1 Cities,1,2023-11-11 15:22:02,3483.57
user_7068,Gen-Z Trend Seekers,Tier-3 Cities,0,,0.0
user_7069,Premium Fitness Users,Tier-2 Cities,0,,0.0
user_7070,Impulse Buyers,International,0,,0.0
user_7071,Budget Parents,Tier-3 Cities,0,,0.0
user_7072,Premium Fitness Users,Tier-2 Cities,0,,0.0
user_7073,Premium Fitness Users,Tier-2 Cities,0,,0.0
user_7074,Impulse Buyers,Tier-1 Cities,0,,0.0
user_7075,Premium Fitness Users,International,0,,0.0
user_7076,Budget Parents,International,0,,0.0
user_7077,Impulse Buyers,Tier-3 Cities,0,,0.0
user_7078,Unknown,Tier-1 Cities,0,,0.0
user_7079,Budget Parents,Tier-2 Cities,0,,0.0
user_7080,Budget Parents,Tier-3 Cities,1,2023-11-29 18:55:31,2056.73
user_7081,Budget Parents,Tier-2 Cities,0,,0.0
user_7082,Budget Parents,Tier-2 Cities,0,,0.0
user_7083,Gen-Z Trend Seekers,International,0,,0.0
user_7084,Premium Fitness Users,International,0,,0.0
user_7085,Gen-Z Trend Seekers,Tier-2 Cities,0,,0.0
user_7086,Budget Parents,Tier-1 Cities,0,,0.0
user_7087,Budget Parents,Tier-1 Cities,0,,0.0
user_7088,Gen-Z Trend Seekers,International,0,,0.0
user_7089,Gen-Z Trend Seekers,Tier-3 Cities,0,,0.0
user_7090,Premium Fitness Users,International,0,,0.0
user_7091,Gen-Z Trend Seekers,Tier-1 Cities,0,,0.0
user_7092,Budget Parents,Tier-2 Cities,0,,0.0
user_7093,Budget Parents,Tier-2 Cities,1,2023-10-28 03:23:13,6994.05
user_7094,Premium Fitness Users,Tier-3 Cities,1,2023-12-15 19:45:57,11032.78
user_7095,Impulse Buyers,Tier-1 Cities,0,,0.0
user_7096,Premium Fitness Users,Tier-3 Cities,0,,0.0
user_7097,Gen-Z Trend Seekers,International,0,,0.0
user_7098,Budget Parents,Tier-2 Cities,0,,0.0
user_7099,Budget Parents,Tier-3 Cities,0,,0.0
user_7100,Premium Fitness Users,Tier-2 Cities,0,,0.0
user_7101,Gen-Z Trend Seekers,International,0,,0.0
user_7102,Unknown,Tier-1 Cities,0,,0.0
user_7103,Premium Fitness Users,Tier-1 Cities,0,,0.0
user_7104,Gen-Z Trend Seekers,Tier-3 Cities,0,,0.0
user_7105,Premium Fitness Users,Tier-1 Cities,0,,0.0
user_7106,Gen-Z Trend Seekers,Tier-1 Cities,1,2023-02-25 00:28:29,5792.16
user_7107,Budget Parents,Tier-1 Cities,0,,0.0
user_7108,Impulse Buyers,Tier-1 Cities,0,,0.0
user_7109,Premium Fitness Users,International,0,,0.0
user_7110,Unknown,Tier-2 Cities,0,,0.0
user_7111,Gen-Z Trend Seekers,International,0,,0.0
user_7112,Budget Parents,Tier-1 Cities,0,,0.0
user_7113,Premium Fitness Users,Tier-2 Cities,1,2023-06-02 14:33:00,3983.82
user_7114,Budget Parents,Tier-3 Cities,0,,0.0
user_7115,Gen-Z Trend Seekers,International,0,,0.0
user_7116,Gen-Z Trend Seekers,Tier-3 Cities,0,,0.0
user_7117,Gen-Z Trend Seekers,Tier-3 Cities,0,,0.0
user_7118,Impulse Buyers,Tier-3 Cities,0,,0.0
user_7119,Unknown,Tier-1 Cities,0,,0.0
user_7120,Impulse Buyers,Tier-3 Cities,0,,0.0
user_7121,Budget Parents,Tier-1 Cities,0,,0.0
user_7122,Gen-Z Trend Seekers,Tier-1 Cities,0,,0.0
user_7123,Unknown,Tier-1 Cities,0,,0.0
user_7124,Impulse Buyers,Tier-2 Cities,0,,0.0
user_7125,Impulse Buyers,International,0,,0.0
user_7126,Impulse Buyers,Tier-3 Cities,0,,0.0
user_7127,Budget Parents,Tier-2 Cities,0,,0.0
user_7128,Premium Fitness Users,Tier-3 Cities,0,,0.0
user_7129,Premium Fitness Users,Tier-3 Cities,0,,0.0
user_7130,Premium Fitness Users,Tier-1 Cities,0,,0.0
user_7131,Gen-Z Trend Seekers,International,0,,0.0
user_7132,Impulse Buyers,Tier-2 Cities,0,,0.0
user_7133,Gen-Z Trend Seekers,International,1,2023-12-07 17:45:25,1808.13
user_7134,Premium Fitness Users,International,0,,0.0
user_7135,Unknown,Tier-3 Cities,0,,0.0
user_7136,Unknown,Tier-2 Cities,0,,0.0
user_7137,Premium Fitness Users,Tier-1 Cities,0,,0.0
user_7138,Impulse Buyers,Tier-1 Cities,0,,0.0
user_7139,Impulse Buyers,International,1,2023-02-01 17:08:14,3095.69
user_7140,Unknown,Tier-3 Cities,0,,0.0
user_7141,Unknown,International,0,,0.0
user_7142,Gen-Z Trend Seekers,Tier-2 Cities,0,,0.0
user_7143,Budget Parents,Tier-1 Cities,0,,0.0
user_7144,Unknown,Tier-2 Cities,0,,0.0
user_7145,Gen-Z Trend Seekers,Tier-2 Cities,0,,0.0
user_7146,Budget Parents,International,0,,0.0
user_7147,Budget Parents,Tier-3 Cities,0,,0.0
user_7148,Budget Parents,Tier-3 Cities,0,,0.0
user_7149,Unknown,Tier-1 Cities,0,,0.0
user_7150,Gen-Z Trend Seekers,Tier-1 Cities,0,,0.0
user_7151,Premium Fitness Users,Tier-3 Cities,0,,0.0
user_7152,Impulse Buyers,Tier-1 Cities,0,,0.0
user_7153,Budget Parents,Tier-2 Cities,0,,0.0
user_7154,Gen-Z Trend Seekers,Tier-1 Cities,0,,0.0
user_7155,Budget Parents,Tier-2 Cities,0,,0.0
user_7156,Premium Fitness Users,International,0,,0.0
user_7157,Premium Fitness Users,Tier-3 Cities,0,,0.0
user_7158,Budget Parents,Tier-1 Cities,0,,0.0
user_7159,Premium Fitness Users,Tier-1 Cities,0,,0.0
user_7160,Gen-Z Trend Seekers,Tier-3 Cities,0,,0.0
user_7161,Gen-Z Trend Seekers,International,0,,0.0
user_7162,Premium Fitness Users,International,0,,0.0
user_7163,Budget Parents,Tier-2 Cities,0,,0.0
user_7164,Premium Fitness Users,Tier-3 Cities,0,,0.0
user_7165,Premium Fitness Users,International,0,,0.0
user_7166,Gen-Z Trend Seekers,Tier-3 Cities,0,,0.0
user_7167,Budget Parents,Tier-2 Cities,0,,0.0
user_7168,Budget Parents,International,1,2023-02-04 01:08:11,4022.42
user_7169,Gen-Z Trend Seekers,Tier-3 Cities,0,,0.0
user_7170,Premium Fitness Users,Tier-2 Cities,0,,0.0
user_7171,Impulse Buyers,Tier-3 Cities,1,2023-10-06 21:01:04,3957.93
user_7172,Unknown,Tier-1 Cities,0,,0.0
user_7173,Premium Fitness Users,International,0,,0.0
user_7174,Gen-Z Trend Seekers,Tier-2 Cities,0,,0.0
user_7175,Premium Fitness Users,Tier-2 Cities,0,,0.0
user_7176,Impulse Buyers,Tier-2 Cities,0,,0.0
user_7177,Unknown,International,0,,0.0
user_7178,Unknown,International,0,,0.0
user_7179,Unknown,Tier-1 Cities,0,,0.0
user_7180,Impulse Buyers,Tier-2 Cities,0,,0.0
user_7181,Premium Fitness Users,Tier-1 Cities,0,,0.0
user_7182,Budget Parents,International,0,,0.0
user_7183,Budget Parents,Tier-1 Cities,0,,0.0
user_7184,Budget Parents,Tier-3 Cities,0,,0.0
user_7185,Gen-Z Trend Seekers,International,1,2023-10-10 19:20:42,3577.93
user_7186,Gen-Z Trend Seekers,Tier-1 Cities,0,,0.0
user_7187,Gen-Z Trend Seekers,Tier-1 Cities,0,,0.0
user_7188,Premium Fitness Users,International,0,,0.0
user_7189,Gen-Z Trend Seekers,Tier-1 Cities,0,,0.0
user_7190,Budget Parents,Tier-2 Cities,0,,0.0
user_7191,Gen-Z Trend Seekers,Tier-1 Cities,0,,0.0
user_7192,Budget Parents,Tier-3 Cities,0,,0.0
user_7193,Gen-Z Trend Seekers,International,0,,0.0
user_7194,Budget Parents,Tier-1 Cities,0,,0.0
user_7195,Unknown,Tier-3 Cities,0,,0.0
user_7196,Premium Fitness Users,Tier-1 Cities,0,,0.0
user_7197,Gen-Z Trend Seekers,Tier-3 Cities,0,,0.0
user_7198,Premium Fitness Users,International,0,,0.0
user_7199,Gen-Z Trend Seekers,International,0,,0.0
user_7200,Impulse Buyers,Tier-1 Cities,0,,0.0
user_7201,Impulse Buyers,Tier-2 Cities,1,2023-03-31 17:23:13,3279.27
user_7202,Gen-Z Trend Seekers,International,0,,0.0
user_7203,Impulse Buyers,Tier-2 Cities,0,,0.0
user_7204,Budget Parents,Tier-1 Cities,0,,0.0
user_7205,Premium Fitness Users,Tier-1 Cities,0,,0.0
user_7206,Unknown,Tier-3 Cities,0,,0.0
user_7207,Gen-Z Trend Seekers,International,0,,0.0
user_7208,Premium Fitness Users,Tier-1 Cities,0,,0.0
user_7209,Budget Parents,Tier-1 Cities,0,,0.0
user_7210,Premium Fitness Users,Tier-2 Cities,0,,0.0
user_7211,Impulse Buyers,Tier-2 Cities,0,,0.0
user_7212,Budget Parents,Tier-2 Cities,0,,0.0
user_7213,Unknown,Tier-1 Cities,0,,0.0
user_7214,Budget Parents,International,0,,0.0
user_7215,Premium Fitness Users,Tier-2 Cities,0,,0.0
user_7216,Unknown,Tier-3 Cities,0,,0.0
user_7217,Budget Parents,International,0,,0.0
user_7218,Premium Fitness Users,International,0,,0.0
user_7219,Gen-Z Trend Seekers,International,1,2023-06-02 11:06:28,1810.66
user_7220,Premium Fitness Users,Tier-1 Cities,0,,0.0
user_7221,Impulse Buyers,Tier-2 Cities,0,,0.0
user_7222,Unknown,Tier-1 Cities,0,,0.0
user_7223,Budget Parents,Tier-3 Cities,0,,0.0
user_7224,Premium Fitness Users,Tier-2 Cities,0,,0.0
user_7225,Gen-Z Trend Seekers,International,0,,0.0
user_7226,Impulse Buyers,Tier-3 Cities,0,,0.0
user_7227,Impulse Buyers,International,0,,0.0
user_7228,Premium Fitness Users,International,0,,0.0
user_7229,Gen-Z Trend Seekers,Tier-2 Cities,0,,0.0
user_7230,Gen-Z Trend Seekers,Tier-3 Cities,0,,0.0
user_7231,Premium Fitness Users,International,1,2023-07-06 23:58:07,8380.76
user_7232,Budget Parents,Tier-1 Cities,0,,0.0
user_7233,Budget Parents,Tier-2 Cities,1,2023-09-13 10:27:02,5829.83
user_7234,Premium Fitness Users,Tier-2 Cities,0,,0.0
user_7235,Budget Parents,Tier-1 Cities,0,,0.0
user_7236,Gen-Z Trend Seekers,International,0,,0.0
user_7237,Unknown,Tier-2 Cities,0,,0.0
user_7238,Unknown,Tier-3 Cities,0,,0.0
user_7239,Unknown,Tier-3 Cities,0,,0.0
user_7240,Impulse Buyers,Tier-3 Cities,0,,0.0
user_7241,Budget Parents,Tier-3 Cities,0,,0.0
user_7242,Unknown,Tier-1 Cities,0,,0.0
user_7243,Premium Fitness Users,Tier-2 Cities,0,,0.0
user_7244,Unknown,Tier-3 Cities,0,,0.0
user_7245,Unknown,Tier-2 Cities,0,,0.0
user_7246,Premium Fitness Users,International,0,,0.0
user_7247,Impulse Buyers,Tier-1 Cities,0,,0.0
user_7248,Gen-Z Trend Seekers,International,0,,0.0
user_7249,Gen-Z Trend Seekers,Tier-3 Cities,0,,0.0
user_7250,Gen-Z Trend Seekers,Tier-3 Cities,0,,0.0
user_7251,Unknown,Tier-1 Cities,0,,0.0
user_7252,Gen-Z Trend Seekers,Tier-1 Cities,0,,0.0
user_7253,Unknown,International,0,,0.0
user_7254,Impulse Buyers,Tier-1 Cities,0,,0.0
user_7255,Gen-Z Trend Seekers,International,0,,0.0
user_7256,Premium Fitness Users,Tier-1 Cities,0,,0.0
user_7257,Gen-Z Trend Seekers,Tier-1 Cities,0,,0.0
user_7258,Impulse Buyers,Tier-1 Cities,1,2023-04-27 23:40:25,1289.31
user_7259,Premium Fitness Users,Tier-2 Cities,0,,0.0
user_7260,Unknown,Tier-1 Cities,0,,0.0
user_7261,Budget Parents,Tier-2 Cities,0,,0.0
user_7262,Budget Parents,International,0,,0.0
user_7263,Impulse Buyers,Tier-1 Cities,1,2023-01-19 20:33:40,1342.75
user_7264,Unknown,International,0,,0.0
user_7265,Gen-Z Trend Seekers,Tier-1 Cities,0,,0.0
user_7266,Impulse Buyers,Tier-3 Cities,0,,0.0
user_7267,Budget Parents,Tier-1 Cities,0,,0.0
user_7268,Impulse Buyers,Tier-2 Cities,1,2023-06-25 05:45:27,2023.71
user_7269,Unknown,Tier-1 Cities,0,,0.0
user_7270,Budget Parents,Tier-2 Cities,0,,0.0
user_7271,Premium Fitness Users,Tier-1 Cities,0,,0.0
user_7272,Budget Parents,International,0,,0.0
user_7273,Impulse Buyers,Tier-1 Cities,0,,0.0
user_7274,Premium Fitness Users,Tier-1 Cities,0,,0.0
user_7275,Impulse Buyers,Tier-3 Cities,1,2023-05-11 04:58:17,3858.14
user_7276,Impulse Buyers,International,0,,0.0
user_7277,Impulse Buyers,Tier-1 Cities,0,,0.0
user_7278,Premium Fitness Users,Tier-2 Cities,0,,0.0
user_7279,Impulse Buyers,International,0,,0.0
user_7280,Premium Fitness Users,Tier-1 Cities,0,,0.0
user_7281,Premium Fitness Users,Tier-1 Cities,0,,0.0
user_7282,Gen-Z Trend Seekers,Tier-1 Cities,0,,0.0
user_7283,Gen-Z Trend Seekers,Tier-2 Cities,0,,0.0
user_7284,Budget Parents,Tier-2 Cities,0,,0.0
user_7285,Unknown,International,0,,0.0
user_7286,Gen-Z Trend Seekers,Tier-3 Cities,1,2023-03-18 23:53:12,3567.46
user_7287,Premium Fitness Users,International,0,,0.0
user_7288,Budget Parents,Tier-1 Cities,0,,0.0
user_7289,Budget Parents,International,0,,0.0
user_7290,Budget Parents,Tier-2 Cities,0,,0.0
user_7291,Premium Fitness Users,International,0,,0.0
user_7292,Budget Parents,International,0,,0.0
user_7293,Premium Fitness Users,International,0,,0.0
user_7294,Impulse Buyers,Tier-1 Cities,0,,0.0
user_7295,Gen-Z Trend Seekers,International,1,2023-12-13 06:52:33,2840.62
user_7296,Gen-Z Trend Seekers,Tier-3 Cities,0,,0.0
user_7297,Budget Parents,Tier-2 Cities,0,,0.0
user_7298,Gen-Z Trend Seekers,International,0,,0.0
user_7299,Impulse Buyers,Tier-1 Cities,0,,0.0
user_7300,Gen-Z Trend Seekers,Tier-1 Cities,0,,0.0
user_7301,Gen-Z Trend Seekers,Tier-2 Cities,0,,0.0
user_7302,Budget Parents,Tier-2 Cities,0,,0.0
user_7303,Impulse Buyers,Tier-2 Cities,0,,0.0
user_7304,Premium Fitness Users,Tier-2 Cities,0,,0.0
user_7305,Unknown,Tier-2 Cities,0,,0.0
user_7306,Impulse Buyers,Tier-1 Cities,0,,0.0
user_7307,Premium Fitness Users,International,0,,0.0
user_7308,Budget Parents,Tier-1 Cities,0,,0.0
user_7309,Impulse Buyers,Tier-2 Cities,0,,0.0
user_7310,Gen-Z Trend Seekers,Tier-2 Cities,0,,0.0
user_7311,Impulse Buyers,Tier-2 Cities,0,,0.0
user_7312,Gen-Z Trend Seekers,Tier-1 Cities,0,,0.0
user_7313,Budget Parents,International,0,,0.0
user_7314,Gen-Z Trend Seekers,Tier-1 Cities,0,,0.0
user_7315,Gen-Z Trend Seekers,Tier-2 Cities,0,,0.0
user_7316,Unknown,Tier-1 Cities,0,,0.0
user_7317,Premium Fitness Users,Tier-1 Cities,0,,0.0
user_7318,Impulse Buyers,International,0,,0.0
user_7319,Premium Fitness Users,International,0,,0.0
user_7320,Budget Parents,Tier-1 Cities,1,2023-07-25 00:43:14,6516.47
user_7321,Budget Parents,Tier-3 Cities,0,,0.0
user_7322,Budget Parents,Tier-1 Cities,0,,0.0
user_7323,Premium Fitness Users,International,0,,0.0
user_7324,Budget Parents,Tier-1 Cities,0,,0.0
user_7325,Impulse Buyers,Tier-3 Cities,0,,0.0
user_7326,Premium Fitness Users,Tier-3 Cities,0,,0.0
user_7327,Impulse Buyers,Tier-2 Cities,0,,0.0
user_7328,Gen-Z Trend Seekers,Tier-1 Cities,0,,0.0
user_7329,Budget Parents,Tier-1 Cities,0,,0.0
user_7330,Premium Fitness Users,Tier-3 Cities,0,,0.0
user_7331,Budget Parents,International,0,,0.0
user_7332,Premium Fitness Users,International,0,,0.0
user_7333,Premium Fitness Users,Tier-3 Cities,1,2023-02-02 00:29:02,6307.44
user_7334,Premium Fitness Users,Tier-3 Cities,1,2023-02-07 11:16:17,7115.23
user_7335,Impulse Buyers,International,0,,0.0
user_7336,Budget Parents,Tier-1 Cities,0,,0.0
user_7337,Budget Parents,Tier-3 Cities,0,,0.0
user_7338,Gen-Z Trend Seekers,Tier-3 Cities,0,,0.0
user_7339,Gen-Z Trend Seekers,Tier-2 Cities,0,,0.0
user_7340,Budget Parents,Tier-1 Cities,0,,0.0
user_7341,Budget Parents,Tier-2 Cities,1,2023-08-08 23:15:51,6063.05
user_7342,Unknown,Tier-2 Cities,0,,0.0
user_7343,Budget Parents,Tier-2 Cities,0,,0.0
user_7344,Unknown,Tier-3 Cities,0,,0.0
user_7345,Impulse Buyers,Tier-3 Cities,0,,0.0
user_7346,Budget Parents,Tier-3 Cities,0,,0.0
user_7347,Gen-Z Trend Seekers,Tier-2 Cities,0,,0.0
user_7348,Premium Fitness Users,Tier-3 Cities,0,,0.0
user_7349,Premium Fitness Users,Tier-2 Cities,0,,0.0
user_7350,Unknown,Tier-1 Cities,0,,0.0
user_7351,Premium Fitness Users,International,0,,0.0
user_7352,Premium Fitness Users,Tier-3 Cities,0,,0.0
user_7353,Gen-Z Trend Seekers,International,0,,0.0
user_7354,Gen-Z Trend Seekers,Tier-3 Cities,0,,0.0
user_7355,Impulse Buyers,Tier-2 Cities,0,,0.0
user_7356,Gen-Z Trend Seekers,International,0,,0.0
user_7357,Budget Parents,Tier-1 Cities,0,,0.0
user_7358,Impulse Buyers,Tier-2 Cities,0,,0.0
user_7359,Unknown,Tier-1 Cities,0,,0.0
user_7360,Impulse Buyers,Tier-2 Cities,0,,0.0
user_7361,Premium Fitness Users,International,0,,0.0
user_7362,Budget Parents,Tier-3 Cities,0,,0.0
user_7363,Impulse Buyers,Tier-3 Cities,0,,0.0
user_7364,Impulse Buyers,Tier-1 Cities,0,,0.0
user_7365,Gen-Z Trend Seekers,International,0,,0.0
user_7366,Budget Parents,Tier-2 Cities,0,,0.0
user_7367,Gen-Z Trend Seekers,Tier-3 Cities,0,,0.0
user_7368,Impulse Buyers,Tier-1 Cities,0,,0.0
user_7369,Gen-Z Trend Seekers,International,0,,0.0
user_7370,Budget Parents,Tier-2 Cities,0,,0.0
user_7371,Gen-Z Trend Seekers,Tier-3 Cities,0,,0.0
user_7372,Premium Fitness Users,Tier-3 Cities,0,,0.0
user_7373,Unknown,International,0,,0.0
user_7374,Impulse Buyers,International,0,,0.0
user_7375,Premium Fitness Users,Tier-3 Cities,0,,0.0
user_7376,Gen-Z Trend Seekers,Tier-1 Cities,0,,0.0
user_7377,Gen-Z Trend Seekers,Tier-2 Cities,1,2023-06-07 08:28:56,5793.38
user_7378,Premium Fitness Users,Tier-2 Cities,0,,0.0
user_7379,Impulse Buyers,Tier-2 Cities,0,,0.0
user_7380,Impulse Buyers,International,0,,0.0
user_7381,Unknown,International,0,,0.0
user_7382,Gen-Z Trend Seekers,Tier-2 Cities,0,,0.0
user_7383,Impulse Buyers,Tier-1 Cities,0,,0.0
user_7384,Gen-Z Trend Seekers,Tier-1 Cities,0,,0.0
user_7385,Unknown,Tier-2 Cities,0,,0.0
user_7386,Impulse Buyers,Tier-2 Cities,0,,0.0
user_7387,Gen-Z Trend Seekers,Tier-3 Cities,0,,0.0
user_7388,Gen-Z Trend Seekers,Tier-2 Cities,0,,0.0
user_7389,Gen-Z Trend Seekers,Tier-2 Cities,0,,0.0
user_7390,Premium Fitness Users,Tier-2 Cities,0,,0.0
user_7391,Gen-Z Trend Seekers,Tier-2 Cities,0,,0.0
user_7392,Gen-Z Trend Seekers,Tier-1 Cities,0,,0.0
user_7393,Impulse Buyers,Tier-1 Cities,0,,0.0
user_7394,Impulse Buyers,Tier-3 Cities,0,,0.0
user_7395,Budget Parents,International,0,,0.0
user_7396,Impulse Buyers,Tier-2 Cities,0,,0.0
user_7397,Unknown,Tier-2 Cities,0,,0.0
user_7398,Premium Fitness Users,Tier-1 Cities,0,,0.0
user_7399,Budget Parents,Tier-2 Cities,0,,0.0
user_7400,Premium Fitness Users,Tier-3 Cities,0,,0.0
user_7401,Gen-Z Trend Seekers,Tier-3 Cities,0,,0.0
user_7402,Premium Fitness Users,International,0,,0.0
user_7403,Budget Parents,Tier-1 Cities,0,,0.0
user_7404,Impulse Buyers,Tier-3 Cities,0,,0.0
user_7405,Unknown,International,0,,0.0
user_7406,Budget Parents,International,0,,0.0
user_7407,Gen-Z Trend Seekers,Tier-2 Cities,0,,0.0
user_7408,Budget Parents,Tier-1 Cities,0,,0.0
user_7409,Premium Fitness Users,Tier-1 Cities,0,,0.0
user_7410,Premium Fitness Users,Tier-1 Cities,0,,0.0
user_7411,Premium Fitness Users,Tier-1 Cities,0,,0.0
user_7412,Premium Fitness Users,International,0,,0.0
user_7413,Impulse Buyers,Tier-3 Cities,0,,0.0
user_7414,Gen-Z Trend Seekers,Tier-1 Cities,0,,0.0
user_7415,Budget Parents,Tier-3 Cities,0,,0.0
user_7416,Impulse Buyers,Tier-1 Cities,0,,0.0
user_7417,Premium Fitness Users,Tier-3 Cities,0,,0.0
user_7418,Budget Parents,Tier-2 Cities,0,,0.0
user_7419,Impulse Buyers,International,0,,0.0
user_7420,Gen-Z Trend Seekers,Tier-2 Cities,0,,0.0
user_7421,Gen-Z Trend Seekers,Tier-2 Cities,0,,0.0
user_7422,Premium Fitness Users,Tier-3 Cities,0,,0.0
user_7423,Impulse Buyers,Tier-3 Cities,0,,0.0
user_7424,Impulse Buyers,International,1,2023-03-08 21:32:41,1785.75
user_7425,Budget Parents,Tier-3 Cities,1,2023-03-08 18:50:14,4591.06
user_7426,Impulse Buyers,Tier-3 Cities,0,,0.0
user_7427,Impulse Buyers,Tier-1 Cities,0,,0.0
user_7428,Unknown,International,0,,0.0
user_7429,Budget Parents,Tier-1 Cities,0,,0.0
user_7430,Impulse Buyers,Tier-2 Cities,0,,0.0
user_7431,Budget Parents,Tier-3 Cities,0,,0.0
user_7432,Unknown,Tier-2 Cities,0,,0.0
user_7433,Unknown,International,0,,0.0
user_7434,Unknown,Tier-3 Cities,0,,0.0
user_7435,Premium Fitness Users,Tier-1 Cities,0,,0.0
user_7436,Budget Parents,Tier-2 Cities,0,,0.0
user_7437,Impulse Buyers,International,0,,0.0
user_7438,Unknown,International,0,,0.0
user_7439,Gen-Z Trend Seekers,Tier-1 Cities,0,,0.0
user_7440,Gen-Z Trend Seekers,Tier-2 Cities,0,,0.0
user_7441,Gen-Z Trend Seekers,Tier-1 Cities,0,,0.0
user_7442,Budget Parents,International,0,,0.0
user_7443,Budget Parents,Tier-2 Cities,0,,0.0
user_7444,Premium Fitness Users,Tier-2 Cities,0,,0.0
user_7445,Budget Parents,Tier-2 Cities,0,,0.0
user_7446,Gen-Z Trend Seekers,Tier-2 Cities,0,,0.0
user_7447,Premium Fitness Users,International,0,,0.0
user_7448,Premium Fitness Users,Tier-2 Cities,1,2023-05-20 00:58:44,12192.17
user_7449,Unknown,Tier-3 Cities,0,,0.0
user_7450,Unknown,Tier-3 Cities,0,,0.0
user_7451,Unknown,Tier-3 Cities,0,,0.0
user_7452,Gen-Z Trend Seekers,Tier-2 Cities,0,,0.0
user_7453,Gen-Z Trend Seekers,International,0,,0.0
user_7454,Unknown,Tier-3 Cities,0,,0.0
user_7455,Impulse Buyers,International,0,,0.0
user_7456,Impulse Buyers,Tier-2 Cities,0,,0.0
user_7457,Budget Parents,Tier-2 Cities,0,,0.0
user_7458,Budget Parents,Tier-1 Cities,0,,0.0
user_7459,Premium Fitness Users,Tier-3 Cities,0,,0.0
user_7460,Unknown,Tier-2 Cities,0,,0.0
user_7461,Unknown,Tier-1 Cities,0,,0.0
user_7462,Budget Parents,Tier-1 Cities,0,,0.0
user_7463,Budget Parents,Tier-1 Cities,0,,0.0
user_7464,Gen-Z Trend Seekers,Tier-3 Cities,0,,0.0
user_7465,Impulse Buyers,International,0,,0.0
user_7466,Budget Parents,Tier-1 Cities,0,,0.0
user_7467,Gen-Z Trend Seekers,Tier-1 Cities,0,,0.0
user_7468,Budget Parents,Tier-1 Cities,0,,0.0
user_7469,Budget Parents,Tier-1 Cities,0,,0.0
user_7470,Premium Fitness Users,Tier-1 Cities,0,,0.0
user_7471,Premium Fitness Users,Tier-1 Cities,0,,0.0
user_7472,Premium Fitness Users,Tier-3 Cities,0,,0.0
user_7473,Budget Parents,Tier-1 Cities,0,,0.0
user_7474,Gen-Z Trend Seekers,International,0,,0.0
user_7475,Gen-Z Trend Seekers,Tier-3 Cities,0,,0.0
user_7476,Gen-Z Trend Seekers,International,0,,0.0
user_7477,Gen-Z Trend Seekers,Tier-2 Cities,0,,0.0
user_7478,Unknown,Tier-1 Cities,0,,0.0
user_7479,Impulse Buyers,Tier-2 Cities,1,2023-01-17 12:14:07,2648.77
user_7480,Premium Fitness Users,Tier-1 Cities,0,,0.0
user_7481,Impulse Buyers,Tier-3 Cities,0,,0.0
user_7482,Budget Parents,Tier-1 Cities,0,,0.0
user_7483,Unknown,International,0,,0.0
user_7484,Unknown,Tier-3 Cities,0,,0.0
user_7485,Impulse Buyers,Tier-1 Cities,0,,0.0
user_7486,Unknown,Tier-3 Cities,0,,0.0
user_7487,Impulse Buyers,Tier-3 Cities,0,,0.0
user_7488,Impulse Buyers,Tier-1 Cities,0,,0.0
user_7489,Impulse Buyers,Tier-2 Cities,0,,0.0
user_7490,Budget Parents,Tier-3 Cities,0,,0.0
user_7491,Unknown,Tier-2 Cities,0,,0.0
user_7492,Impulse Buyers,International,0,,0.0
user_7493,Gen-Z Trend Seekers,Tier-1 Cities,1,2023-03-12 04:01:23,1227.86
user_7494,Budget Parents,Tier-2 Cities,0,,0.0
user_7495,Gen-Z Trend Seekers,Tier-1 Cities,0,,0.0
user_7496,Premium Fitness Users,Tier-3 Cities,0,,0.0
user_7497,Budget Parents,Tier-1 Cities,0,,0.0
user_7498,Premium Fitness Users,International,0,,0.0
user_7499,Gen-Z Trend Seekers,Tier-2 Cities,0,,0.0
user_7500,Gen-Z Trend Seekers,Tier-3 Cities,0,,0.0
user_7501,Premium Fitness Users,Tier-2 Cities,0,,0.0
user_7502,Gen-Z Trend Seekers,Tier-3 Cities,0,,0.0
user_7503,Gen-Z Trend Seekers,Tier-1 Cities,0,,0.0
user_7504,Budget Parents,International,0,,0.0
user_7505,Budget Parents,Tier-2 Cities,0,,0.0
user_7506,Budget Parents,Tier-3 Cities,0,,0.0
user_7507,Premium Fitness Users,Tier-1 Cities,0,,0.0
user_7508,Unknown,Tier-3 Cities,0,,0.0
user_7509,Gen-Z Trend Seekers,Tier-3 Cities,0,,0.0
user_7510,Budget Parents,Tier-3 Cities,0,,0.0
user_7511,Budget Parents,International,0,,0.0
user_7512,Budget Parents,International,0,,0.0
user_7513,Impulse Buyers,International,0,,0.0
user_7514,Gen-Z Trend Seekers,Tier-1 Cities,0,,0.0
user_7515,Impulse Buyers,Tier-2 Cities,0,,0.0
user_7516,Impulse Buyers,International,1,2023-04-29 07:08:45,3047.23
user_7517,Unknown,Tier-1 Cities,0,,0.0
user_7518,Impulse Buyers,International,0,,0.0
user_7519,Gen-Z Trend Seekers,Tier-1 Cities,0,,0.0
user_7520,Budget Parents,Tier-1 Cities,0,,0.0
user_7521,Gen-Z Trend Seekers,Tier-1 Cities,0,,0.0
user_7522,Impulse Buyers,Tier-2 Cities,0,,0.0
user_7523,Impulse Buyers,Tier-1 Cities,0,,0.0
user_7524,Gen-Z Trend Seekers,Tier-2 Cities,0,,0.0
user_7525,Gen-Z Trend Seekers,Tier-3 Cities,0,,0.0
user_7526,Budget Parents,Tier-3 Cities,0,,0.0
user_7527,Unknown,Tier-1 Cities,0,,0.0
user_7528,Impulse Buyers,International,1,2023-02-27 20:16:24,1830.94
user_7529,Unknown,Tier-3 Cities,0,,0.0
user_7530,Budget Parents,Tier-3 Cities,0,,0.0
user_7531,Impulse Buyers,Tier-3 Cities,0,,0.0
user_7532,Unknown,Tier-1 Cities,0,,0.0
user_7533,Gen-Z Trend Seekers,International,0,,0.0
user_7534,Gen-Z Trend Seekers,Tier-2 Cities,0,,0.0
user_7535,Impulse Buyers,International,1,2023-12-05 14:46:29,1930.13
user_7536,Budget Parents,Tier-1 Cities,0,,0.0
user_7537,Gen-Z Trend Seekers,Tier-2 Cities,0,,0.0
user_7538,Gen-Z Trend Seekers,International,0,,0.0
user_7539,Gen-Z Trend Seekers,Tier-1 Cities,0,,0.0
user_7540,Impulse Buyers,International,0,,0.0
user_7541,Unknown,Tier-1 Cities,0,,0.0
user_7542,Gen-Z Trend Seekers,Tier-2 Cities,0,,0.0
user_7543,Gen-Z Trend Seekers,Tier-2 Cities,0,,0.0
user_7544,Gen-Z Trend Seekers,Tier-1 Cities,0,,0.0
user_7545,Impulse Buyers,Tier-1 Cities,0,,0.0
user_7546,Gen-Z Trend Seekers,International,0,,0.0
user_7547,Gen-Z Trend Seekers,International,0,,0.0
user_7548,Premium Fitness Users,Tier-2 Cities,0,,0.0
user_7549,Impulse Buyers,International,0,,0.0
user_7550,Impulse Buyers,Tier-2 Cities,1,2023-06-18 20:36:02,990.79
user_7551,Impulse Buyers,Tier-2 Cities,1,2023-07-24 17:15:20,3012.9
user_7552,Budget Parents,Tier-2 Cities,0,,0.0
user_7553,Premium Fitness Users,Tier-3 Cities,0,,0.0
user_7554,Budget Parents,Tier-1 Cities,0,,0.0
user_7555,Unknown,Tier-3 Cities,0,,0.0
user_7556,Gen-Z Trend Seekers,Tier-1 Cities,0,,0.0
user_7557,Premium Fitness Users,Tier-1 Cities,0,,0.0
user_7558,Budget Parents,Tier-2 Cities,0,,0.0
user_7559,Impulse Buyers,International,0,,0.0
user_7560,Unknown,Tier-3 Cities,0,,0.0
user_7561,Budget Parents,Tier-3 Cities,0,,0.0
user_7562,Budget Parents,Tier-1 Cities,1,2023-03-07 10:58:11,1588.37
user_7563,Premium Fitness Users,Tier-1 Cities,0,,0.0
user_7564,Unknown,Tier-3 Cities,0,,0.0
user_7565,Gen-Z Trend Seekers,International,0,,0.0
user_7566,Impulse Buyers,Tier-2 Cities,0,,0.0
user_7567,Gen-Z Trend Seekers,Tier-2 Cities,0,,0.0
user_7568,Premium Fitness Users,Tier-1 Cities,0,,0.0
user_7569,Unknown,Tier-1 Cities,0,,0.0
user_7570,Gen-Z Trend Seekers,Tier-1 Cities,0,,0.0
user_7571,Gen-Z Trend Seekers,Tier-2 Cities,0,,0.0
user_7572,Premium Fitness Users,Tier-1 Cities,0,,0.0
user_7573,Unknown,Tier-2 Cities,0,,0.0
user_7574,Budget Parents,International,0,,0.0
user_7575,Budget Parents,International,0,,0.0
user_7576,Impulse Buyers,Tier-2 Cities,0,,0.0
user_7577,Premium Fitness Users,Tier-3 Cities,0,,0.0
user_7578,Impulse Buyers,Tier-3 Cities,0,,0.0
user_7579,Unknown,Tier-2 Cities,0,,0.0
user_7580,Budget Parents,International,0,,0.0
user_7581,Premium Fitness Users,Tier-3 Cities,1,2023-01-20 22:27:29,5640.92
user_7582,Budget Parents,Tier-1 Cities,0,,0.0
user_7583,Impulse Buyers,Tier-3 Cities,0,,0.0
user_7584,Gen-Z Trend Seekers,Tier-2 Cities,0,,0.0
user_7585,Premium Fitness Users,Tier-1 Cities,0,,0.0
user_7586,Impulse Buyers,Tier-3 Cities,0,,0.0
user_7587,Impulse Buyers,Tier-1 Cities,0,,0.0
user_7588,Premium Fitness Users,International,0,,0.0
user_7589,Premium Fitness Users,Tier-3 Cities,0,,0.0
user_7590,Gen-Z Trend Seekers,International,0,,0.0
user_7591,Budget Parents,International,0,,0.0
user_7592,Budget Parents,Tier-3 Cities,0,,0.0
user_7593,Budget Parents,International,0,,0.0
user_7594,Budget Parents,Tier-3 Cities,0,,0.0
user_7595,Impulse Buyers,Tier-3 Cities,1,2023-02-04 06:55:31,1901.78
user_7596,Premium Fitness Users,International,0,,0.0
user_7597,Budget Parents,International,0,,0.0
user_7598,Premium Fitness Users,Tier-3 Cities,1,2023-08-18 06:42:10,9297.77
user_7599,Gen-Z Trend Seekers,International,0,,0.0
user_7600,Premium Fitness Users,Tier-2 Cities,0,,0.0
user_7601,Impulse Buyers,Tier-3 Cities,0,,0.0
user_7602,Gen-Z Trend Seekers,Tier-3 Cities,0,,0.0
user_7603,Gen-Z Trend Seekers,International,0,,0.0
user_7604,Premium Fitness Users,Tier-1 Cities,0,,0.0
user_7605,Premium Fitness Users,International,0,,0.0
user_7606,Unknown,Tier-3 Cities,0,,0.0
user_7607,Gen-Z Trend Seekers,Tier-3 Cities,1,2023-02-01 18:37:47,2521.66
user_7608,Impulse Buyers,Tier-1 Cities,0,,0.0
user_7609,Impulse Buyers,Tier-2 Cities,0,,0.0
user_7610,Premium Fitness Users,Tier-1 Cities,0,,0.0
user_7611,Unknown,Tier-1 Cities,0,,0.0
user_7612,Unknown,Tier-2 Cities,0,,0.0
user_7613,Unknown,Tier-3 Cities,0,,0.0
user_7614,Budget Parents,Tier-2 Cities,0,,0.0
user_7615,Gen-Z Trend Seekers,International,0,,0.0
user_7616,Unknown,Tier-2 Cities,0,,0.0
user_7617,Premium Fitness Users,International,1,2023-02-18 17:01:01,3994.22
user_7618,Unknown,Tier-3 Cities,0,,0.0
user_7619,Unknown,Tier-3 Cities,0,,0.0
user_7620,Impulse Buyers,Tier-2 Cities,0,,0.0
user_7621,Gen-Z Trend Seekers,Tier-3 Cities,0,,0.0
user_7622,Unknown,Tier-3 Cities,0,,0.0
user_7623,Gen-Z Trend Seekers,Tier-3 Cities,0,,0.0
user_7624,Gen-Z Trend Seekers,Tier-3 Cities,0,,0.0
user_7625,Gen-Z Trend Seekers,Tier-3 Cities,0,,0.0
user_7626,Gen-Z Trend Seekers,Tier-2 Cities,0,,0.0
user_7627,Impulse Buyers,Tier-3 Cities,1,2023-09-17 19:38:50,3880.48
user_7628,Budget Parents,Tier-2 Cities,0,,0.0
user_7629,Gen-Z Trend Seekers,International,0,,0.0
user_7630,Gen-Z Trend Seekers,Tier-3 Cities,0,,0.0
user_7631,Premium Fitness Users,Tier-2 Cities,0,,0.0
user_7632,Impulse Buyers,Tier-2 Cities,0,,0.0
user_7633,Unknown,International,0,,0.0
user_7634,Premium Fitness Users,International,0,,0.0
user_7635,Budget Parents,Tier-2 Cities,0,,0.0
user_7636,Impulse Buyers,Tier-1 Cities,0,,0.0
user_7637,Impulse Buyers,Tier-3 Cities,0,,0.0
user_7638,Premium Fitness Users,Tier-2 Cities,0,,0.0
user_7639,Gen-Z Trend Seekers,Tier-1 Cities,0,,0.0
user_7640,Budget Parents,International,0,,0.0
user_7641,Premium Fitness Users,International,1,2023-05-26 03:00:39,9614.45
user_7642,Premium Fitness Users,Tier-1 Cities,0,,0.0
user_7643,Premium Fitness Users,International,0,,0.0
user_7644,Premium Fitness Users,Tier-2 Cities,0,,0.0
user_7645,Premium Fitness Users,Tier-2 Cities,0,,0.0
user_7646,Budget Parents,Tier-2 Cities,0,,0.0
user_7647,Impulse Buyers,International,0,,0.0
user_7648,Premium Fitness Users,Tier-2 Cities,0,,0.0
user_7649,Budget Parents,Tier-1 Cities,0,,0.0
user_7650,Premium Fitness Users,Tier-3 Cities,1,2023-10-16 18:27:58,3056.3
user_7651,Unknown,Tier-1 Cities,0,,0.0
user_7652,Gen-Z Trend Seekers,International,0,,0.0
user_7653,Impulse Buyers,Tier-2 Cities,0,,0.0
user_7654,Budget Parents,Tier-2 Cities,0,,0.0
user_7655,Impulse Buyers,International,0,,0.0
user_7656,Budget Parents,Tier-2 Cities,0,,0.0
user_7657,Unknown,Tier-3 Cities,0,,0.0
user_7658,Budget Parents,Tier-1 Cities,0,,0.0
user_7659,Impulse Buyers,International,0,,0.0
user_7660,Premium Fitness Users,Tier-1 Cities,0,,0.0
user_7661,Premium Fitness Users,Tier-1 Cities,0,,0.0
user_7662,Budget Parents,Tier-2 Cities,0,,0.0
user_7663,Gen-Z Trend Seekers,Tier-1 Cities,0,,0.0
user_7664,Impulse Buyers,Tier-1 Cities,0,,0.0
user_7665,Impulse Buyers,Tier-3 Cities,0,,0.0
user_7666,Gen-Z Trend Seekers,Tier-2 Cities,0,,0.0
user_7667,Gen-Z Trend Seekers,Tier-1 Cities,0,,0.0
user_7668,Unknown,Tier-3 Cities,0,,0.0
user_7669,Premium Fitness Users,International,0,,0.0
user_7670,Impulse Buyers,International,0,,0.0
user_7671,Impulse Buyers,Tier-1 Cities,0,,0.0
user_7672,Gen-Z Trend Seekers,Tier-1 Cities,0,,0.0
user_7673,Unknown,Tier-1 Cities,0,,0.0
user_7674,Gen-Z Trend Seekers,International,1,2023-08-31 14:36:34,2316.93
user_7675,Impulse Buyers,International,0,,0.0
user_7676,Budget Parents,Tier-3 Cities,0,,0.0
user_7677,Gen-Z Trend Seekers,International,0,,0.0
user_7678,Impulse Buyers,International,0,,0.0
user_7679,Unknown,Tier-3 Cities,0,,0.0
user_7680,Gen-Z Trend Seekers,International,0,,0.0
user_7681,Budget Parents,Tier-1 Cities,0,,0.0
user_7682,Premium Fitness Users,Tier-2 Cities,0,,0.0
user_7683,Budget Parents,Tier-2 Cities,0,,0.0
user_7684,Impulse Buyers,International,0,,0.0
user_7685,Impulse Buyers,International,0,,0.0
user_7686,Gen-Z Trend Seekers,Tier-2 Cities,0,,0.0
user_7687,Budget Parents,Tier-2 Cities,0,,0.0
user_7688,Impulse Buyers,International,0,,0.0
user_7689,Gen-Z Trend Seekers,Tier-2 Cities,0,,0.0
user_7690,Unknown,International,0,,0.0
user_7691,Budget Parents,Tier-3 Cities,0,,0.0
user_7692,Unknown,Tier-3 Cities,0,,0.0
user_7693,Budget Parents,International,0,,0.0
user_7694,Gen-Z Trend Seekers,Tier-2 Cities,0,,0.0
user_7695,Gen-Z Trend Seekers,International,0,,0.0
user_7696,Budget Parents,Tier-3 Cities,0,,0.0
user_7697,Premium Fitness Users,International,0,,0.0
user_7698,Premium Fitness Users,Tier-3 Cities,0,,0.0
user_7699,Unknown,Tier-2 Cities,0,,0.0
user_7700,Unknown,Tier-1 Cities,0,,0.0
user_7701,Budget Parents,Tier-3 Cities,0,,0.0
user_7702,Premium Fitness Users,Tier-3 Cities,0,,0.0
user_7703,Gen-Z Trend Seekers,Tier-2 Cities,0,,0.0
user_7704,Premium Fitness Users,Tier-2 Cities,0,,0.0
user_7705,Unknown,Tier-2 Cities,0,,0.0
user_7706,Premium Fitness Users,Tier-3 Cities,0,,0.0
user_7707,Premium Fitness Users,Tier-3 Cities,0,,0.0
user_7708,Unknown,Tier-1 Cities,0,,0.0
user_7709,Impulse Buyers,Tier-1 Cities,0,,0.0
user_7710,Premium Fitness Users,International,0,,0.0
user_7711,Unknown,International,0,,0.0
user_7712,Impulse Buyers,Tier-2 Cities,1,2023-10-21 15:41:18,1502.46
user_7713,Gen-Z Trend Seekers,Tier-3 Cities,0,,0.0
user_7714,Premium Fitness Users,Tier-3 Cities,0,,0.0
user_7715,Budget Parents,Tier-2 Cities,1,2023-11-04 16:42:55,6285.87
user_7716,Gen-Z Trend Seekers,Tier-1 Cities,0,,0.0
user_7717,Budget Parents,International,0,,0.0
user_7718,Premium Fitness Users,Tier-2 Cities,0,,0.0
user_7719,Premium Fitness Users,Tier-2 Cities,0,,0.0
user_7720,Budget Parents,International,0,,0.0
user_7721,Gen-Z Trend Seekers,Tier-3 Cities,0,,0.0
user_7722,Budget Parents,Tier-1 Cities,0,,0.0
user_7723,Premium Fitness Users,Tier-1 Cities,0,,0.0
user_7724,Unknown,Tier-1 Cities,0,,0.0
user_7725,Premium Fitness Users,Tier-1 Cities,0,,0.0
user_7726,Premium Fitness Users,Tier-1 Cities,0,,0.0
user_7727,Premium Fitness Users,Tier-1 Cities,0,,0.0
user_7728,Premium Fitness Users,Tier-3 Cities,0,,0.0
user_7729,Impulse Buyers,Tier-3 Cities,0,,0.0
user_7730,Budget Parents,Tier-3 Cities,0,,0.0
user_7731,Impulse Buyers,Tier-3 Cities,0,,0.0
user_7732,Impulse Buyers,Tier-3 Cities,0,,0.0
user_7733,Budget Parents,Tier-1 Cities,0,,0.0
user_7734,Impulse Buyers,Tier-2 Cities,0,,0.0
user_7735,Gen-Z Trend Seekers,Tier-1 Cities,0,,0.0
user_7736,Unknown,Tier-2 Cities,0,,0.0
user_7737,Premium Fitness Users,Tier-1 Cities,0,,0.0
user_7738,Gen-Z Trend Seekers,Tier-3 Cities,0,,0.0
user_7739,Premium Fitness Users,Tier-3 Cities,0,,0.0
user_7740,Gen-Z Trend Seekers,International,0,,0.0
user_7741,Premium Fitness Users,Tier-1 Cities,0,,0.0
user_7742,Budget Parents,Tier-3 Cities,0,,0.0
user_7743,Premium Fitness Users,International,0,,0.0
user_7744,Unknown,Tier-2 Cities,0,,0.0
user_7745,Impulse Buyers,Tier-1 Cities,0,,0.0
user_7746,Gen-Z Trend Seekers,Tier-2 Cities,0,,0.0
user_7747,Budget Parents,International,0,,0.0
user_7748,Budget Parents,Tier-1 Cities,1,2023-11-15 14:29:26,1904.14
user_7749,Unknown,Tier-3 Cities,0,,0.0
user_7750,Budget Parents,International,0,,0.0
user_7751,Impulse Buyers,Tier-1 Cities,0,,0.0
user_7752,Unknown,Tier-2 Cities,0,,0.0
user_7753,Unknown,Tier-1 Cities,0,,0.0
user_7754,Impulse Buyers,Tier-2 Cities,0,,0.0
user_7755,Impulse Buyers,Tier-1 Cities,0,,0.0
user_7756,Premium Fitness Users,Tier-1 Cities,0,,0.0
user_7757,Budget Parents,International,0,,0.0
user_7758,Unknown,Tier-3 Cities,0,,0.0
user_7759,Gen-Z Trend Seekers,Tier-1 Cities,0,,0.0
user_7760,Premium Fitness Users,International,1,2023-02-20 09:50:58,11469.88
user_7761,Budget Parents,Tier-2 Cities,0,,0.0
user_7762,Premium Fitness Users,Tier-3 Cities,0,,0.0
user_7763,Impulse Buyers,International,1,2023-04-06 03:10:19,1683.9
user_7764,Gen-Z Trend Seekers,Tier-3 Cities,1,2023-06-08 05:23:01,3265.5
user_7765,Premium Fitness Users,Tier-1 Cities,0,,0.0
user_7766,Impulse Buyers,Tier-2 Cities,1,2023-05-11 23:59:28,3548.08
user_7767,Gen-Z Trend Seekers,International,0,,0.0
user_7768,Premium Fitness Users,International,0,,0.0
user_7769,Budget Parents,International,0,,0.0
user_7770,Impulse Buyers,International,0,,0.0
user_7771,Budget Parents,International,1,2023-05-19 00:25:06,4386.9
user_7772,Premium Fitness Users,Tier-1 Cities,0,,0.0
user_7773,Impulse Buyers,International,1,2023-03-05 16:41:11,1124.01
user_7774,Budget Parents,International,0,,0.0
user_7775,Budget Parents,Tier-2 Cities,0,,0.0
user_7776,Impulse Buyers,Tier-1 Cities,0,,0.0
user_7777,Unknown,Tier-3 Cities,0,,0.0
user_7778,Impulse Buyers,International,1,2023-01-12 05:28:43,993.24
user_7779,Impulse Buyers,Tier-1 Cities,0,,0.0
user_7780,Gen-Z Trend Seekers,International,0,,0.0
user_7781,Gen-Z Trend Seekers,Tier-2 Cities,0,,0.0
user_7782,Gen-Z Trend Seekers,Tier-1 Cities,1,2023-05-06 00:18:56,4099.45
user_7783,Budget Parents,Tier-3 Cities,0,,0.0
user_7784,Unknown,International,0,,0.0
user_7785,Impulse Buyers,Tier-3 Cities,0,,0.0
user_7786,Budget Parents,Tier-3 Cities,0,,0.0
user_7787,Unknown,International,0,,0.0
user_7788,Budget Parents,Tier-2 Cities,0,,0.0
user_7789,Gen-Z Trend Seekers,Tier-3 Cities,0,,0.0
user_7790,Premium Fitness Users,Tier-2 Cities,1,2023-05-14 15:16:42,10763.89
user_7791,Budget Parents,International,0,,0.0
user_7792,Budget Parents,International,0,,0.0
user_7793,Gen-Z Trend Seekers,International,0,,0.0
user_7794,Budget Parents,Tier-2 Cities,0,,0.0
user_7795,Premium Fitness Users,Tier-1 Cities,0,,0.0
user_7796,Budget Parents,International,0,,0.0
user_7797,Impulse Buyers,Tier-2 Cities,0,,0.0
user_7798,Gen-Z Trend Seekers,Tier-1 Cities,0,,0.0
user_7799,Budget Parents,Tier-1 Cities,0,,0.0
user_7800,Unknown,Tier-3 Cities,0,,0.0
user_7801,Gen-Z Trend Seekers,International,0,,0.0
user_7802,Unknown,International,0,,0.0
user_7803,Impulse Buyers,International,0,,0.0
user_7804,Premium Fitness Users,International,0,,0.0
user_7805,Gen-Z Trend Seekers,Tier-3 Cities,0,,0.0
user_7806,Impulse Buyers,Tier-3 Cities,0,,0.0
user_7807,Budget Parents,Tier-3 Cities,0,,0.0
user_7808,Premium Fitness Users,Tier-3 Cities,0,,0.0
user_7809,Gen-Z Trend Seekers,International,0,,0.0
user_7810,Impulse Buyers,International,0,,0.0
user_7811,Unknown,International,0,,0.0
user_7812,Gen-Z Trend Seekers,Tier-1 Cities,0,,0.0
user_7813,Budget Parents,Tier-3 Cities,1,2023-07-14 11:43:26,6767.07
user_7814,Unknown,Tier-2 Cities,0,,0.0
user_7815,Premium Fitness Users,International,0,,0.0
user_7816,Gen-Z Trend Seekers,International,0,,0.0
user_7817,Premium Fitness Users,Tier-2 Cities,1,2023-02-09 15:51:36,4964.21
user_7818,Impulse Buyers,Tier-1 Cities,0,,0.0
user_7819,Budget Parents,International,0,,0.0
user_7820,Budget Parents,Tier-3 Cities,1,2024-01-15 00:47:32,2068.91
user_7821,Premium Fitness Users,Tier-2 Cities,0,,0.0
user_7822,Gen-Z Trend Seekers,Tier-1 Cities,0,,0.0
user_7823,Impulse Buyers,International,0,,0.0
user_7824,Budget Parents,Tier-3 Cities,0,,0.0
user_7825,Budget Parents,International,0,,0.0
user_7826,Budget Parents,Tier-1 Cities,0,,0.0
user_7827,Unknown,International,0,,0.0
user_7828,Gen-Z Trend Seekers,Tier-2 Cities,0,,0.0
user_7829,Budget Parents,Tier-1 Cities,0,,0.0
user_7830,Impulse Buyers,Tier-3 Cities,0,,0.0
user_7831,Budget Parents,Tier-3 Cities,0,,0.0
user_7832,Premium Fitness Users,Tier-2 Cities,0,,0.0
user_7833,Impulse Buyers,Tier-3 Cities,0,,0.0
user_7834,Gen-Z Trend Seekers,Tier-3 Cities,0,,0.0
user_7835,Gen-Z Trend Seekers,International,0,,0.0
user_7836,Budget Parents,Tier-3 Cities,0,,0.0
user_7837,Budget Parents,Tier-1 Cities,0,,0.0
user_7838,Premium Fitness Users,Tier-2 Cities,0,,0.0
user_7839,Budget Parents,Tier-3 Cities,0,,0.0
user_7840,Gen-Z Trend Seekers,Tier-3 Cities,0,,0.0
user_7841,Impulse Buyers,Tier-1 Cities,0,,0.0
user_7842,Impulse Buyers,Tier-2 Cities,0,,0.0
user_7843,Unknown,Tier-1 Cities,0,,0.0
user_7844,Impulse Buyers,Tier-1 Cities,0,,0.0
user_7845,Budget Parents,Tier-2 Cities,1,2023-06-14 14:39:25,1547.97
user_7846,Budget Parents,International,0,,0.0
user_7847,Gen-Z Trend Seekers,International,0,,0.0
user_7848,Premium Fitness Users,Tier-1 Cities,0,,0.0
user_7849,Budget Parents,Tier-2 Cities,0,,0.0
user_7850,Premium Fitness Users,Tier-2 Cities,0,,0.0
user_7851,Impulse Buyers,Tier-2 Cities,0,,0.0
user_7852,Gen-Z Trend Seekers,Tier-1 Cities,0,,0.0
user_7853,Gen-Z Trend Seekers,Tier-2 Cities,0,,0.0
user_7854,Gen-Z Trend Seekers,Tier-3 Cities,0,,0.0
user_7855,Impulse Buyers,International,0,,0.0
user_7856,Impulse Buyers,Tier-2 Cities,0,,0.0
user_7857,Gen-Z Trend Seekers,Tier-1 Cities,0,,0.0
user_7858,Impulse Buyers,Tier-1 Cities,1,2023-07-09 17:59:38,3480.22
user_7859,Budget Parents,Tier-1 Cities,0,,0.0
user_7860,Budget Parents,International,0,,0.0
user_7861,Impulse Buyers,Tier-1 Cities,1,2023-03-02 22:25:41,2738.34
user_7862,Premium Fitness Users,Tier-2 Cities,0,,0.0
user_7863,Gen-Z Trend Seekers,Tier-3 Cities,1,2023-11-22 13:36:39,1393.8
user_7864,Gen-Z Trend Seekers,Tier-2 Cities,0,,0.0
user_7865,Gen-Z Trend Seekers,Tier-1 Cities,0,,0.0
user_7866,Premium Fitness Users,Tier-2 Cities,0,,0.0
user_7867,Gen-Z Trend Seekers,Tier-3 Cities,0,,0.0
user_7868,Premium Fitness Users,Tier-2 Cities,0,,0.0
user_7869,Premium Fitness Users,Tier-2 Cities,0,,0.0
user_7870,Gen-Z Trend Seekers,International,0,,0.0
user_7871,Gen-Z Trend Seekers,International,0,,0.0
user_7872,Budget Parents,Tier-3 Cities,1,2023-10-18 17:21:47,6365.3
user_7873,Impulse Buyers,International,0,,0.0
user_7874,Impulse Buyers,Tier-1 Cities,0,,0.0
user_7875,Premium Fitness Users,Tier-3 Cities,0,,0.0
user_7876,Impulse Buyers,Tier-3 Cities,1,2023-06-21 21:47:00,1568.87
user_7877,Impulse Buyers,Tier-3 Cities,1,2023-10-21 00:04:14,2362.17
user_7878,Gen-Z Trend Seekers,International,0,,0.0
user_7879,Impulse Buyers,International,0,,0.0
user_7880,Budget Parents,Tier-3 Cities,0,,0.0
user_7881,Impulse Buyers,International,0,,0.0
user_7882,Gen-Z Trend Seekers,Tier-1 Cities,0,,0.0
user_7883,Premium Fitness Users,Tier-1 Cities,0,,0.0
user_7884,Gen-Z Trend Seekers,International,0,,0.0
user_7885,Impulse Buyers,Tier-1 Cities,0,,0.0
user_7886,Unknown,Tier-2 Cities,0,,0.0
user_7887,Impulse Buyers,Tier-1 Cities,0,,0.0
user_7888,Gen-Z Trend Seekers,Tier-3 Cities,0,,0.0
user_7889,Budget Parents,Tier-1 Cities,1,2023-09-21 03:26:36,3173.12
user_7890,Premium Fitness Users,Tier-2 Cities,0,,0.0
user_7891,Gen-Z Trend Seekers,Tier-2 Cities,0,,0.0
user_7892,Budget Parents,Tier-2 Cities,0,,0.0
user_7893,Premium Fitness Users,Tier-1 Cities,0,,0.0
user_7894,Unknown,Tier-3 Cities,0,,0.0
user_7895,Impulse Buyers,Tier-3 Cities,0,,0.0
user_7896,Budget Parents,Tier-2 Cities,1,2023-06-09 19:52:14,7287.04
user_7897,Gen-Z Trend Seekers,Tier-3 Cities,0,,0.0
user_7898,Gen-Z Trend Seekers,International,0,,0.0
user_7899,Gen-Z Trend Seekers,Tier-3 Cities,0,,0.0
user_7900,Gen-Z Trend Seekers,Tier-2 Cities,0,,0.0
user_7901,Premium Fitness Users,Tier-1 Cities,1,2023-09-01 06:48:13,7744.28
user_7902,Gen-Z Trend Seekers,Tier-3 Cities,0,,0.0
user_7903,Budget Parents,Tier-1 Cities,0,,0.0
user_7904,Premium Fitness Users,Tier-2 Cities,0,,0.0
user_7905,Unknown,Tier-2 Cities,0,,0.0
user_7906,Premium Fitness Users,International,1,2023-10-09 16:40:22,8831.82
user_7907,Impulse Buyers,Tier-3 Cities,0,,0.0
user_7908,Budget Parents,International,0,,0.0
user_7909,Premium Fitness Users,Tier-1 Cities,0,,0.0
user_7910,Premium Fitness Users,International,0,,0.0
user_7911,Gen-Z Trend Seekers,International,0,,0.0
user_7912,Gen-Z Trend Seekers,Tier-1 Cities,0,,0.0
user_7913,Impulse Buyers,Tier-1 Cities,0,,0.0
user_7914,Premium Fitness Users,International,0,,0.0
user_7915,Budget Parents,Tier-1 Cities,1,2023-11-20 14:57:30,5138.04
user_7916,Unknown,International,0,,0.0
user_7917,Gen-Z Trend Seekers,International,0,,0.0
user_7918,Premium Fitness Users,Tier-2 Cities,1,2023-11-23 04:07:03,12157.49
user_7919,Gen-Z Trend Seekers,Tier-1 Cities,0,,0.0
user_7920,Gen-Z Trend Seekers,Tier-2 Cities,0,,0.0
user_7921,Unknown,Tier-3 Cities,0,,0.0
user_7922,Gen-Z Trend Seekers,Tier-3 Cities,0,,0.0
user_7923,Gen-Z Trend Seekers,Tier-2 Cities,0,,0.0
user_7924,Gen-Z Trend Seekers,Tier-2 Cities,0,,0.0
user_7925,Gen-Z Trend Seekers,Tier-2 Cities,0,,0.0
user_7926,Budget Parents,Tier-3 Cities,0,,0.0
user_7927,Premium Fitness Users,International,0,,0.0
user_7928,Budget Parents,International,0,,0.0
user_7929,Budget Parents,International,0,,0.0
user_7930,Impulse Buyers,Tier-3 Cities,0,,0.0
user_7931,Premium Fitness Users,Tier-1 Cities,0,,0.0
user_7932,Gen-Z Trend Seekers,Tier-1 Cities,0,,0.0
user_7933,Unknown,Tier-2 Cities,0,,0.0
user_7934,Impulse Buyers,International,0,,0.0
user_7935,Unknown,International,0,,0.0
user_7936,Premium Fitness Users,Tier-3 Cities,0,,0.0
user_7937,Budget Parents,International,0,,0.0
user_7938,Premium Fitness Users,Tier-1 Cities,1,2023-11-30 19:16:40,12218.3
user_7939,Unknown,Tier-1 Cities,0,,0.0
user_7940,Gen-Z Trend Seekers,Tier-2 Cities,0,,0.0
user_7941,Unknown,Tier-2 Cities,0,,0.0
user_7942,Impulse Buyers,International,0,,0.0
user_7943,Premium Fitness Users,Tier-1 Cities,0,,0.0
user_7944,Impulse Buyers,Tier-2 Cities,0,,0.0
user_7945,Budget Parents,Tier-3 Cities,0,,0.0
user_7946,Budget Parents,Tier-3 Cities,0,,0.0
user_7947,Impulse Buyers,International,1,2023-12-29 01:42:17,3520.02
user_7948,Gen-Z Trend Seekers,Tier-3 Cities,0,,0.0
user_7949,Budget Parents,Tier-2 Cities,0,,0.0
user_7950,Impulse Buyers,Tier-3 Cities,0,,0.0
user_7951,Impulse Buyers,Tier-1 Cities,0,,0.0
user_7952,Premium Fitness Users,Tier-2 Cities,0,,0.0
user_7953,Unknown,Tier-2 Cities,0,,0.0
user_7954,Premium Fitness Users,International,0,,0.0
user_7955,Impulse Buyers,Tier-1 Cities,0,,0.0
user_7956,Unknown,Tier-2 Cities,0,,0.0
user_7957,Premium Fitness Users,Tier-1 Cities,0,,0.0
user_7958,Impulse Buyers,Tier-3 Cities,0,,0.0
user_7959,Impulse Buyers,Tier-3 Cities,0,,0.0
user_7960,Impulse Buyers,Tier-3 Cities,0,,0.0
user_7961,Premium Fitness Users,International,0,,0.0
user_7962,Unknown,Tier-2 Cities,0,,0.0
user_7963,Budget Parents,Tier-1 Cities,0,,0.0
user_7964,Premium Fitness Users,Tier-2 Cities,0,,0.0
user_7965,Budget Parents,Tier-3 Cities,0,,0.0
user_7966,Impulse Buyers,International,0,,0.0
user_7967,Gen-Z Trend Seekers,Tier-1 Cities,0,,0.0
user_7968,Premium Fitness Users,International,0,,0.0
user_7969,Gen-Z Trend Seekers,Tier-1 Cities,0,,0.0
user_7970,Gen-Z Trend Seekers,International,0,,0.0
user_7971,Impulse Buyers,Tier-3 Cities,0,,0.0
user_7972,Gen-Z Trend Seekers,International,1,2024-01-12 22:35:00,3245.53
user_7973,Unknown,International,0,,0.0
user_7974,Premium Fitness Users,International,1,2023-05-26 02:49:51,4801.77
user_7975,Gen-Z Trend Seekers,Tier-3 Cities,0,,0.0
user_7976,Impulse Buyers,Tier-3 Cities,0,,0.0
user_7977,Gen-Z Trend Seekers,Tier-3 Cities,0,,0.0
user_7978,Premium Fitness Users,Tier-2 Cities,0,,0.0
user_7979,Gen-Z Trend Seekers,Tier-1 Cities,0,,0.0
user_7980,Budget Parents,International,0,,0.0
user_7981,Premium Fitness Users,International,1,2023-10-31 05:05:21,8463.08
user_7982,Impulse Buyers,Tier-1 Cities,1,2023-09-06 08:54:33,2905.41
user_7983,Premium Fitness Users,Tier-2 Cities,0,,0.0
user_7984,Gen-Z Trend Seekers,Tier-3 Cities,0,,0.0
user_7985,Budget Parents,Tier-3 Cities,0,,0.0
user_7986,Premium Fitness Users,Tier-3 Cities,0,,0.0
user_7987,Impulse Buyers,Tier-3 Cities,0,,0.0
user_7988,Unknown,International,0,,0.0
user_7989,Gen-Z Trend Seekers,Tier-1 Cities,0,,0.0
user_7990,Budget Parents,Tier-3 Cities,0,,0.0
user_7991,Gen-Z Trend Seekers,Tier-2 Cities,0,,0.0
user_7992,Premium Fitness Users,Tier-1 Cities,0,,0.0
user_7993,Gen-Z Trend Seekers,Tier-3 Cities,1,2023-05-16 20:49:51,5289.79
user_7994,Unknown,Tier-1 Cities,0,,0.0
user_7995,Impulse Buyers,Tier-1 Cities,0,,0.0
user_7996,Gen-Z Trend Seekers,Tier-3 Cities,0,,0.0
user_7997,Budget Parents,International,0,,0.0
user_7998,Gen-Z Trend Seekers,International,0,,0.0
user_7999,Unknown,International,0,,0.0
user_8000,Budget Parents,Tier-3 Cities,0,,0.0
user_8001,Budget Parents,Tier-3 Cities,0,,0.0
user_8002,Gen-Z Trend Seekers,Tier-2 Cities,0,,0.0
user_8003,Budget Parents,Tier-2 Cities,0,,0.0
user_8004,Unknown,International,0,,0.0
user_8005,Unknown,Tier-2 Cities,0,,0.0
user_8006,Impulse Buyers,Tier-3 Cities,0,,0.0
user_8007,Budget Parents,Tier-1 Cities,0,,0.0
user_8008,Budget Parents,International,0,,0.0
user_8009,Impulse Buyers,Tier-3 Cities,0,,0.0
user_8010,Impulse Buyers,International,0,,0.0
user_8011,Budget Parents,Tier-2 Cities,0,,0.0
user_8012,Impulse Buyers,Tier-2 Cities,0,,0.0
user_8013,Impulse Buyers,Tier-3 Cities,0,,0.0
user_8014,Premium Fitness Users,Tier-2 Cities,0,,0.0
user_8015,Budget Parents,International,0,,0.0
user_8016,Budget Parents,Tier-2 Cities,0,,0.0
user_8017,Unknown,International,0,,0.0
user_8018,Impulse Buyers,Tier-3 Cities,0,,0.0
user_8019,Impulse Buyers,Tier-2 Cities,0,,0.0
user_8020,Gen-Z Trend Seekers,Tier-1 Cities,1,2023-09-18 04:59:42,4201.54
user_8021,Premium Fitness Users,International,0,,0.0
user_8022,Unknown,Tier-2 Cities,0,,0.0
user_8023,Impulse Buyers,International,1,2023-08-05 13:20:24,2644.62
user_8024,Budget Parents,Tier-2 Cities,0,,0.0
user_8025,Impulse Buyers,Tier-3 Cities,0,,0.0
user_8026,Gen-Z Trend Seekers,International,0,,0.0
user_8027,Budget Parents,International,0,,0.0
user_8028,Budget Parents,Tier-3 Cities,0,,0.0
user_8029,Budget Parents,Tier-1 Cities,0,,0.0
user_8030,Impulse Buyers,Tier-3 Cities,0,,0.0
user_8031,Unknown,Tier-3 Cities,0,,0.0
user_8032,Impulse Buyers,Tier-2 Cities,1,2023-03-22 13:22:30,1188.84
user_8033,Impulse Buyers,Tier-1 Cities,0,,0.0
user_8034,Impulse Buyers,Tier-1 Cities,1,2023-02-15 19:16:12,3024.9
user_8035,Impulse Buyers,Tier-2 Cities,0,,0.0
user_8036,Premium Fitness Users,Tier-3 Cities,0,,0.0
user_8037,Premium Fitness Users,Tier-2 Cities,1,2023-04-19 03:06:36,3802.01
user_8038,Budget Parents,Tier-1 Cities,0,,0.0
user_8039,Gen-Z Trend Seekers,Tier-3 Cities,0,,0.0
user_8040,Gen-Z Trend Seekers,International,0,,0.0
user_8041,Unknown,Tier-3 Cities,0,,0.0
user_8042,Unknown,Tier-2 Cities,0,,0.0
user_8043,Impulse Buyers,Tier-1 Cities,0,,0.0
user_8044,Budget Parents,Tier-3 Cities,0,,0.0
user_8045,Premium Fitness Users,Tier-3 Cities,0,,0.0
user_8046,Gen-Z Trend Seekers,Tier-3 Cities,0,,0.0
user_8047,Premium Fitness Users,Tier-2 Cities,0,,0.0
user_8048,Budget Parents,International,0,,0.0
user_8049,Budget Parents,International,0,,0.0
user_8050,Gen-Z Trend Seekers,Tier-3 Cities,0,,0.0
user_8051,Premium Fitness Users,International,0,,0.0
user_8052,Budget Parents,Tier-2 Cities,0,,0.0
user_8053,Impulse Buyers,International,0,,0.0
user_8054,Budget Parents,Tier-1 Cities,0,,0.0
user_8055,Budget Parents,Tier-2 Cities,0,,0.0
user_8056,Unknown,Tier-1 Cities,0,,0.0
user_8057,Impulse Buyers,International,0,,0.0
user_8058,Budget Parents,International,0,,0.0
user_8059,Gen-Z Trend Seekers,Tier-1 Cities,0,,0.0
user_8060,Budget Parents,International,0,,0.0
user_8061,Gen-Z Trend Seekers,Tier-3 Cities,0,,0.0
user_8062,Premium Fitness Users,International,0,,0.0
user_8063,Impulse Buyers,Tier-1 Cities,0,,0.0
user_8064,Impulse Buyers,Tier-1 Cities,1,2023-11-03 07:27:36,1947.6
user_8065,Budget Parents,Tier-2 Cities,0,,0.0
user_8066,Budget Parents,Tier-2 Cities,0,,0.0
user_8067,Budget Parents,Tier-1 Cities,0,,0.0
user_8068,Budget Parents,Tier-1 Cities,0,,0.0
user_8069,Budget Parents,Tier-3 Cities,0,,0.0
user_8070,Budget Parents,Tier-1 Cities,0,,0.0
user_8071,Unknown,Tier-2 Cities,0,,0.0
user_8072,Budget Parents,Tier-1 Cities,0,,0.0
user_8073,Premium Fitness Users,International,0,,0.0
user_8074,Impulse Buyers,Tier-1 Cities,0,,0.0
user_8075,Gen-Z Trend Seekers,Tier-2 Cities,0,,0.0
user_8076,Premium Fitness Users,International,0,,0.0
user_8077,Budget Parents,International,0,,0.0
user_8078,Impulse Buyers,Tier-1 Cities,0,,0.0
user_8079,Gen-Z Trend Seekers,Tier-3 Cities,1,2023-08-16 19:48:03,3531.67
user_8080,Gen-Z Trend Seekers,Tier-2 Cities,0,,0.0
user_8081,Premium Fitness Users,International,0,,0.0
user_8082,Gen-Z Trend Seekers,Tier-3 Cities,0,,0.0
user_8083,Premium Fitness Users,International,0,,0.0
user_8084,Impulse Buyers,Tier-3 Cities,0,,0.0
user_8085,Unknown,International,0,,0.0
user_8086,Gen-Z Trend Seekers,Tier-3 Cities,1,2023-10-30 10:11:11,3579.9
user_8087,Premium Fitness Users,Tier-2 Cities,0,,0.0
user_8088,Premium Fitness Users,Tier-2 Cities,0,,0.0
user_8089,Gen-Z Trend Seekers,Tier-2 Cities,0,,0.0
user_8090,Unknown,International,0,,0.0
user_8091,Budget Parents,International,0,,0.0
user_8092,Gen-Z Trend Seekers,International,1,2023-05-19 18:18:08,4380.1
user_8093,Premium Fitness Users,Tier-3 Cities,0,,0.0
user_8094,Budget Parents,Tier-1 Cities,0,,0.0
user_8095,Premium Fitness Users,Tier-3 Cities,1,2023-08-15 16:59:11,10576.24
user_8096,Budget Parents,Tier-2 Cities,0,,0.0
user_8097,Gen-Z Trend Seekers,Tier-3 Cities,0,,0.0
user_8098,Unknown,Tier-1 Cities,0,,0.0
user_8099,Unknown,Tier-1 Cities,0,,0.0
user_8100,Gen-Z Trend Seekers,Tier-2 Cities,0,,0.0
user_8101,Impulse Buyers,International,0,,0.0
user_8102,Impulse Buyers,International,0,,0.0
user_8103,Gen-Z Trend Seekers,Tier-1 Cities,0,,0.0
user_8104,Budget Parents,Tier-1 Cities,0,,0.0
user_8105,Impulse Buyers,Tier-2 Cities,0,,0.0
user_8106,Premium Fitness Users,Tier-1 Cities,0,,0.0
user_8107,Impulse Buyers,Tier-2 Cities,0,,0.0
user_8108,Impulse Buyers,International,0,,0.0
user_8109,Gen-Z Trend Seekers,Tier-3 Cities,0,,0.0
user_8110,Budget Parents,International,1,2023-03-10 01:00:23,5017.41
user_8111,Budget Parents,Tier-3 Cities,0,,0.0
user_8112,Impulse Buyers,Tier-1 Cities,0,,0.0
user_8113,Impulse Buyers,International,0,,0.0
user_8114,Gen-Z Trend Seekers,Tier-3 Cities,0,,0.0
user_8115,Unknown,Tier-3 Cities,0,,0.0
user_8116,Budget Parents,Tier-2 Cities,0,,0.0
user_8117,Unknown,Tier-3 Cities,0,,0.0
user_8118,Premium Fitness Users,Tier-3 Cities,0,,0.0
user_8119,Gen-Z Trend Seekers,Tier-2 Cities,1,2023-03-30 12:18:47,5659.16
user_8120,Budget Parents,Tier-2 Cities,0,,0.0
user_8121,Impulse Buyers,Tier-3 Cities,1,2023-05-21 02:11:24,1815.26
user_8122,Budget Parents,Tier-2 Cities,0,,0.0
user_8123,Budget Parents,Tier-1 Cities,0,,0.0
user_8124,Impulse Buyers,International,0,,0.0
user_8125,Gen-Z Trend Seekers,Tier-1 Cities,0,,0.0
user_8126,Impulse Buyers,International,0,,0.0
user_8127,Budget Parents,Tier-2 Cities,0,,0.0
user_8128,Premium Fitness Users,Tier-1 Cities,1,2023-06-09 20:19:45,8387.89
user_8129,Budget Parents,Tier-2 Cities,0,,0.0
user_8130,Impulse Buyers,Tier-2 Cities,0,,0.0
user_8131,Impulse Buyers,International,0,,0.0
user_8132,Impulse Buyers,Tier-2 Cities,0,,0.0
user_8133,Premium Fitness Users,Tier-3 Cities,0,,0.0
user_8134,Budget Parents,International,0,,0.0
user_8135,Impulse Buyers,International,0,,0.0
user_8136,Impulse Buyers,Tier-3 Cities,0,,0.0
user_8137,Gen-Z Trend Seekers,International,0,,0.0
user_8138,Unknown,Tier-3 Cities,0,,0.0
user_8139,Premium Fitness Users,Tier-1 Cities,0,,0.0
user_8140,Premium Fitness Users,International,0,,0.0
user_8141,Gen-Z Trend Seekers,Tier-3 Cities,0,,0.0
user_8142,Premium Fitness Users,Tier-1 Cities,0,,0.0
user_8143,Gen-Z Trend Seekers,Tier-2 Cities,0,,0.0
user_8144,Budget Parents,International,0,,0.0
user_8145,Budget Parents,Tier-3 Cities,0,,0.0
user_8146,Gen-Z Trend Seekers,Tier-3 Cities,0,,0.0
user_8147,Budget Parents,International,0,,0.0
user_8148,Premium Fitness Users,International,0,,0.0
user_8149,Budget Parents,Tier-3 Cities,0,,0.0
user_8150,Impulse Buyers,Tier-2 Cities,0,,0.0
user_8151,Gen-Z Trend Seekers,International,0,,0.0
user_8152,Gen-Z Trend Seekers,Tier-2 Cities,0,,0.0
user_8153,Unknown,Tier-1 Cities,0,,0.0
user_8154,Gen-Z Trend Seekers,International,1,2023-02-17 05:24:44,5933.7
user_8155,Premium Fitness Users,International,0,,0.0
user_8156,Gen-Z Trend Seekers,International,0,,0.0
user_8157,Gen-Z Trend Seekers,Tier-3 Cities,0,,0.0
user_8158,Budget Parents,Tier-2 Cities,0,,0.0
user_8159,Gen-Z Trend Seekers,International,0,,0.0
user_8160,Budget Parents,Tier-1 Cities,0,,0.0
user_8161,Premium Fitness Users,Tier-2 Cities,0,,0.0
user_8162,Impulse Buyers,Tier-2 Cities,1,2023-07-28 13:14:49,2841.72
user_8163,Impulse Buyers,Tier-3 Cities,0,,0.0
user_8164,Premium Fitness Users,Tier-2 Cities,1,2023-09-05 08:05:22,11268.55
user_8165,Unknown,Tier-2 Cities,0,,0.0
user_8166,Impulse Buyers,Tier-1 Cities,0,,0.0
user_8167,Unknown,International,0,,0.0
user_8168,Gen-Z Trend Seekers,Tier-1 Cities,0,,0.0
user_8169,Gen-Z Trend Seekers,Tier-3 Cities,0,,0.0
user_8170,Premium Fitness Users,Tier-1 Cities,0,,0.0
user_8171,Budget Parents,Tier-1 Cities,0,,0.0
user_8172,Impulse Buyers,Tier-1 Cities,0,,0.0
user_8173,Gen-Z Trend Seekers,International,0,,0.0
user_8174,Premium Fitness Users,Tier-3 Cities,0,,0.0
user_8175,Impulse Buyers,International,0,,0.0
user_8176,Gen-Z Trend Seekers,Tier-2 Cities,0,,0.0
user_8177,Premium Fitness Users,Tier-1 Cities,0,,0.0
user_8178,Impulse Buyers,Tier-1 Cities,0,,0.0
user_8179,Unknown,Tier-2 Cities,0,,0.0
user_8180,Impulse Buyers,International,0,,0.0
user_8181,Impulse Buyers,International,0,,0.0
user_8182,Budget Parents,Tier-1 Cities,0,,0.0
user_8183,Impulse Buyers,Tier-1 Cities,1,2023-09-08 04:32:02,1502.79
user_8184,Gen-Z Trend Seekers,Tier-1 Cities,0,,0.0
user_8185,Impulse Buyers,Tier-2 Cities,1,2023-01-04 18:35:40,1728.25
user_8186,Gen-Z Trend Seekers,Tier-3 Cities,1,2023-09-28 15:03:05,5722.42
user_8187,Budget Parents,Tier-2 Cities,0,,0.0
user_8188,Gen-Z Trend Seekers,Tier-1 Cities,0,,0.0
user_8189,Impulse Buyers,International,1,2023-01-23 11:15:58,3934.65
user_8190,Premium Fitness Users,Tier-3 Cities,0,,0.0
user_8191,Premium Fitness Users,Tier-2 Cities,0,,0.0
user_8192,Budget Parents,Tier-2 Cities,0,,0.0
user_8193,Premium Fitness Users,International,0,,0.0
user_8194,Budget Parents,International,0,,0.0
user_8195,Gen-Z Trend Seekers,Tier-1 Cities,0,,0.0
user_8196,Impulse Buyers,International,0,,0.0
user_8197,Gen-Z Trend Seekers,International,0,,0.0
user_8198,Gen-Z Trend Seekers,Tier-1 Cities,0,,0.0
user_8199,Unknown,International,0,,0.0
user_8200,Budget Parents,Tier-1 Cities,0,,0.0
user_8201,Unknown,Tier-1 Cities,0,,0.0
user_8202,Impulse Buyers,Tier-1 Cities,0,,0.0
user_8203,Gen-Z Trend Seekers,Tier-3 Cities,0,,0.0
user_8204,Gen-Z Trend Seekers,Tier-3 Cities,1,2023-12-15 18:04:45,1492.21
user_8205,Budget Parents,Tier-1 Cities,0,,0.0
user_8206,Budget Parents,Tier-1 Cities,0,,0.0
user_8207,Impulse Buyers,International,0,,0.0
user_8208,Gen-Z Trend Seekers,Tier-3 Cities,1,2023-08-12 16:55:20,3042.22
user_8209,Gen-Z Trend Seekers,Tier-2 Cities,1,2023-11-20 15:02:05,1594.54
user_8210,Budget Parents,Tier-3 Cities,1,2023-03-14 14:42:22,2633.79
user_8211,Budget Parents,Tier-3 Cities,1,2023-07-22 06:41:32,6740.67
user_8212,Impulse Buyers,International,0,,0.0
user_8213,Gen-Z Trend Seekers,Tier-3 Cities,1,2023-04-09 11:20:03,4421.47
user_8214,Gen-Z Trend Seekers,International,0,,0.0
user_8215,Gen-Z Trend Seekers,Tier-2 Cities,0,,0.0
user_8216,Gen-Z Trend Seekers,International,0,,0.0
user_8217,Impulse Buyers,Tier-1 Cities,0,,0.0
user_8218,Gen-Z Trend Seekers,Tier-3 Cities,1,2023-04-23 02:59:36,3608.99
user_8219,Premium Fitness Users,International,0,,0.0
user_8220,Impulse Buyers,Tier-2 Cities,0,,0.0
user_8221,Unknown,Tier-1 Cities,0,,0.0
user_8222,Budget Parents,International,0,,0.0
user_8223,Premium Fitness Users,Tier-1 Cities,0,,0.0
user_8224,Impulse Buyers,Tier-2 Cities,0,,0.0
user_8225,Gen-Z Trend Seekers,Tier-1 Cities,0,,0.0
user_8226,Impulse Buyers,Tier-1 Cities,0,,0.0
user_8227,Gen-Z Trend Seekers,Tier-3 Cities,0,,0.0
user_8228,Impulse Buyers,Tier-2 Cities,0,,0.0
user_8229,Unknown,Tier-3 Cities,0,,0.0
user_8230,Gen-Z Trend Seekers,Tier-3 Cities,0,,0.0
user_8231,Impulse Buyers,International,0,,0.0
user_8232,Budget Parents,International,0,,0.0
user_8233,Budget Parents,Tier-3 Cities,0,,0.0
user_8234,Budget Parents,Tier-2 Cities,0,,0.0
user_8235,Impulse Buyers,Tier-3 Cities,0,,0.0
user_8236,Gen-Z Trend Seekers,International,0,,0.0
user_8237,Impulse Buyers,Tier-3 Cities,1,2023-06-28 21:29:18,2887.26
user_8238,Unknown,Tier-1 Cities,0,,0.0
user_8239,Budget Parents,Tier-3 Cities,0,,0.0
user_8240,Gen-Z Trend Seekers,Tier-3 Cities,0,,0.0
user_8241,Gen-Z Trend Seekers,International,0,,0.0
user_8242,Impulse Buyers,International,1,2023-03-07 01:27:32,3763.44
user_8243,Budget Parents,Tier-3 Cities,0,,0.0
user_8244,Impulse Buyers,International,0,,0.0
user_8245,Impulse Buyers,Tier-2 Cities,0,,0.0
user_8246,Budget Parents,Tier-3 Cities,0,,0.0
user_8247,Budget Parents,Tier-2 Cities,0,,0.0
user_8248,Impulse Buyers,Tier-1 Cities,0,,0.0
user_8249,Budget Parents,Tier-1 Cities,0,,0.0
user_8250,Impulse Buyers,International,0,,0.0
user_8251,Gen-Z Trend Seekers,Tier-3 Cities,0,,0.0
user_8252,Gen-Z Trend Seekers,International,0,,0.0
user_8253,Premium Fitness Users,Tier-3 Cities,0,,0.0
user_8254,Unknown,International,0,,0.0
user_8255,Gen-Z Trend Seekers,Tier-1 Cities,0,,0.0
user_8256,Premium Fitness Users,Tier-2 Cities,0,,0.0
user_8257,Gen-Z Trend Seekers,Tier-1 Cities,0,,0.0
user_8258,Impulse Buyers,Tier-1 Cities,0,,0.0
user_8259,Premium Fitness Users,Tier-1 Cities,0,,0.0
user_8260,Gen-Z Trend Seekers,Tier-3 Cities,0,,0.0
user_8261,Impulse Buyers,International,0,,0.0
user_8262,Premium Fitness Users,Tier-2 Cities,0,,0.0
user_8263,Impulse Buyers,Tier-3 Cities,0,,0.0
user_8264,Budget Parents,Tier-3 Cities,0,,0.0
user_8265,Impulse Buyers,Tier-3 Cities,0,,0.0
user_8266,Budget Parents,Tier-2 Cities,0,,0.0
user_8267,Budget Parents,International,0,,0.0
user_8268,Impulse Buyers,Tier-2 Cities,0,,0.0
user_8269,Gen-Z Trend Seekers,Tier-1 Cities,0,,0.0
user_8270,Unknown,International,0,,0.0
user_8271,Budget Parents,Tier-1 Cities,0,,0.0
user_8272,Budget Parents,Tier-1 Cities,0,,0.0
user_8273,Gen-Z Trend Seekers,Tier-3 Cities,0,,0.0
user_8274,Budget Parents,Tier-2 Cities,0,,0.0
user_8275,Budget Parents,Tier-2 Cities,0,,0.0
user_8276,Impulse Buyers,International,0,,0.0
user_8277,Gen-Z Trend Seekers,Tier-2 Cities,0,,0.0
user_8278,Premium Fitness Users,Tier-2 Cities,0,,0.0
user_8279,Unknown,Tier-1 Cities,0,,0.0
user_8280,Unknown,International,0,,0.0
user_8281,Gen-Z Trend Seekers,Tier-3 Cities,0,,0.0
user_8282,Impulse Buyers,Tier-3 Cities,1,2023-04-07 15:21:21,2939.37
user_8283,Budget Parents,Tier-3 Cities,0,,0.0
user_8284,Impulse Buyers,International,0,,0.0
user_8285,Premium Fitness Users,Tier-2 Cities,1,2023-08-28 03:58:07,3038.81
user_8286,Premium Fitness Users,International,0,,0.0
user_8287,Impulse Buyers,Tier-3 Cities,0,,0.0
user_8288,Unknown,International,0,,0.0
user_8289,Unknown,Tier-3 Cities,0,,0.0
user_8290,Premium Fitness Users,Tier-3 Cities,0,,0.0
user_8291,Gen-Z Trend Seekers,Tier-2 Cities,0,,0.0
user_8292,Impulse Buyers,Tier-3 Cities,0,,0.0
user_8293,Gen-Z Trend Seekers,Tier-3 Cities,0,,0.0
user_8294,Gen-Z Trend Seekers,Tier-2 Cities,0,,0.0
user_8295,Impulse Buyers,Tier-2 Cities,1,2023-03-03 11:17:07,3174.93
user_8296,Premium Fitness Users,Tier-2 Cities,0,,0.0
user_8297,Premium Fitness Users,International,0,,0.0
user_8298,Impulse Buyers,International,0,,0.0
user_8299,Gen-Z Trend Seekers,Tier-3 Cities,0,,0.0
user_8300,Gen-Z Trend Seekers,Tier-2 Cities,1,2024-01-02 19:44:32,2708.92
user_8301,Premium Fitness Users,Tier-1 Cities,0,,0.0
user_8302,Gen-Z Trend Seekers,International,0,,0.0
user_8303,Gen-Z Trend Seekers,Tier-1 Cities,0,,0.0
user_8304,Budget Parents,Tier-2 Cities,0,,0.0
user_8305,Impulse Buyers,International,0,,0.0
user_8306,Gen-Z Trend Seekers,International,0,,0.0
user_8307,Gen-Z Trend Seekers,Tier-2 Cities,0,,0.0
user_8308,Unknown,Tier-1 Cities,0,,0.0
user_8309,Budget Parents,International,0,,0.0
user_8310,Impulse Buyers,Tier-1 Cities,1,2023-08-31 08:54:23,3706.82
user_8311,Budget Parents,Tier-3 Cities,0,,0.0
user_8312,Premium Fitness Users,Tier-3 Cities,0,,0.0
user_8313,Impulse Buyers,International,0,,0.0
user_8314,Budget Parents,Tier-1 Cities,0,,0.0
user_8315,Premium Fitness Users,Tier-1 Cities,0,,0.0
user_8316,Budget Parents,International,0,,0.0
user_8317,Unknown,Tier-3 Cities,0,,0.0
user_8318,Unknown,Tier-3 Cities,0,,0.0
user_8319,Impulse Buyers,Tier-2 Cities,0,,0.0
user_8320,Unknown,Tier-2 Cities,0,,0.0
user_8321,Impulse Buyers,Tier-1 Cities,0,,0.0
user_8322,Gen-Z Trend Seekers,Tier-2 Cities,0,,0.0
user_8323,Budget Parents,International,0,,0.0
user_8324,Gen-Z Trend Seekers,Tier-1 Cities,0,,0.0
user_8325,Gen-Z Trend Seekers,Tier-3 Cities,0,,0.0
user_8326,Impulse Buyers,Tier-3 Cities,0,,0.0
user_8327,Unknown,Tier-3 Cities,0,,0.0
user_8328,Gen-Z Trend Seekers,Tier-2 Cities,0,,0.0
user_8329,Budget Parents,Tier-3 Cities,0,,0.0
user_8330,Budget Parents,Tier-3 Cities,0,,0.0
user_8331,Impulse Buyers,Tier-1 Cities,0,,0.0
user_8332,Budget Parents,Tier-3 Cities,0,,0.0
user_8333,Impulse Buyers,Tier-1 Cities,1,2023-05-23 22:46:47,980.23
user_8334,Impulse Buyers,Tier-2 Cities,0,,0.0
user_8335,Impulse Buyers,International,0,,0.0
user_8336,Budget Parents,Tier-2 Cities,0,,0.0
user_8337,Unknown,International,0,,0.0
user_8338,Gen-Z Trend Seekers,Tier-1 Cities,0,,0.0
user_8339,Impulse Buyers,International,0,,0.0
user_8340,Gen-Z Trend Seekers,Tier-3 Cities,0,,0.0
user_8341,Premium Fitness Users,Tier-3 Cities,0,,0.0
user_8342,Budget Parents,Tier-3 Cities,0,,0.0
user_8343,Gen-Z Trend Seekers,Tier-1 Cities,0,,0.0
user_8344,Premium Fitness Users,Tier-2 Cities,0,,0.0
user_8345,Budget Parents,Tier-3 Cities,1,2023-01-23 17:37:18,2610.84
user_8346,Unknown,International,0,,0.0
user_8347,Impulse Buyers,Tier-3 Cities,1,2023-01-15 15:48:41,3062.54
user_8348,Unknown,Tier-3 Cities,0,,0.0
user_8349,Budget Parents,International,0,,0.0
user_8350,Impulse Buyers,International,0,,0.0
user_8351,Premium Fitness Users,Tier-1 Cities,0,,0.0
user_8352,Gen-Z Trend Seekers,Tier-3 Cities,0,,0.0
user_8353,Gen-Z Trend Seekers,International,0,,0.0
user_8354,Impulse Buyers,Tier-1 Cities,0,,0.0
user_8355,Budget Parents,Tier-2 Cities,0,,0.0
user_8356,Gen-Z Trend Seekers,Tier-1 Cities,1,2023-08-20 19:30:11,4842.97
user_8357,Gen-Z Trend Seekers,Tier-2 Cities,0,,0.0
user_8358,Budget Parents,Tier-3 Cities,0,,0.0
user_8359,Impulse Buyers,Tier-1 Cities,1,2023-06-06 06:57:35,2879.94
user_8360,Premium Fitness Users,Tier-3 Cities,0,,0.0
user_8361,Premium Fitness Users,Tier-2 Cities,0,,0.0
user_8362,Premium Fitness Users,Tier-1 Cities,0,,0.0
user_8363,Gen-Z Trend Seekers,Tier-3 Cities,0,,0.0
user_8364,Gen-Z Trend Seekers,International,0,,0.0
user_8365,Impulse Buyers,Tier-2 Cities,0,,0.0
user_8366,Premium Fitness Users,Tier-1 Cities,1,2023-06-17 18:17:54,3161.87
user_8367,Premium Fitness Users,International,0,,0.0
user_8368,Impulse Buyers,Tier-3 Cities,0,,0.0
user_8369,Budget Parents,Tier-2 Cities,0,,0.0
user_8370,Impulse Buyers,Tier-1 Cities,0,,0.0
user_8371,Impulse Buyers,Tier-2 Cities,0,,0.0
user_8372,Budget Parents,International,0,,0.0
user_8373,Premium Fitness Users,Tier-2 Cities,0,,0.0
user_8374,Gen-Z Trend Seekers,Tier-1 Cities,0,,0.0
user_8375,Unknown,Tier-1 Cities,0,,0.0
user_8376,Budget Parents,Tier-1 Cities,0,,0.0
user_8377,Gen-Z Trend Seekers,Tier-1 Cities,0,,0.0
user_8378,Budget Parents,International,0,,0.0
user_8379,Unknown,Tier-3 Cities,0,,0.0
user_8380,Budget Parents,Tier-2 Cities,0,,0.0
user_8381,Impulse Buyers,Tier-3 Cities,0,,0.0
user_8382,Impulse Buyers,International,0,,0.0
user_8383,Gen-Z Trend Seekers,International,0,,0.0
user_8384,Premium Fitness Users,Tier-1 Cities,0,,0.0
user_8385,Budget Parents,Tier-1 Cities,0,,0.0
user_8386,Budget Parents,Tier-2 Cities,0,,0.0
user_8387,Premium Fitness Users,Tier-1 Cities,0,,0.0
user_8388,Gen-Z Trend Seekers,Tier-2 Cities,0,,0.0
user_8389,Impulse Buyers,Tier-3 Cities,0,,0.0
user_8390,Gen-Z Trend Seekers,International,0,,0.0
user_8391,Gen-Z Trend Seekers,Tier-3 Cities,0,,0.0
user_8392,Gen-Z Trend Seekers,Tier-1 Cities,0,,0.0
user_8393,Impulse Buyers,International,0,,0.0
user_8394,Impulse Buyers,Tier-1 Cities,0,,0.0
user_8395,Gen-Z Trend Seekers,Tier-1 Cities,0,,0.0
user_8396,Impulse Buyers,Tier-2 Cities,1,2023-12-10 12:00:33,2645.74
user_8397,Gen-Z Trend Seekers,Tier-2 Cities,0,,0.0
user_8398,Gen-Z Trend Seekers,Tier-1 Cities,1,2023-03-21 06:36:58,5859.03
user_8399,Impulse Buyers,Tier-1 Cities,0,,0.0
user_8400,Budget Parents,International,0,,0.0
user_8401,Premium Fitness Users,International,0,,0.0
user_8402,Gen-Z Trend Seekers,Tier-1 Cities,0,,0.0
user_8403,Impulse Buyers,Tier-3 Cities,0,,0.0
user_8404,Impulse Buyers,Tier-2 Cities,0,,0.0
user_8405,Premium Fitness Users,Tier-2 Cities,0,,0.0
user_8406,Impulse Buyers,Tier-3 Cities,1,2023-03-07 19:47:33,1949.41
user_8407,Gen-Z Trend Seekers,Tier-3 Cities,0,,0.0
user_8408,Unknown,International,0,,0.0
user_8409,Gen-Z Trend Seekers,Tier-2 Cities,0,,0.0
user_8410,Gen-Z Trend Seekers,Tier-1 Cities,0,,0.0
user_8411,Premium Fitness Users,Tier-2 Cities,0,,0.0
user_8412,Budget Parents,Tier-2 Cities,0,,0.0
user_8413,Impulse Buyers,International,0,,0.0
user_8414,Gen-Z Trend Seekers,Tier-3 Cities,0,,0.0
user_8415,Impulse Buyers,Tier-1 Cities,0,,0.0
user_8416,Gen-Z Trend Seekers,Tier-3 Cities,0,,0.0
user_8417,Gen-Z Trend Seekers,International,0,,0.0
user_8418,Budget Parents,Tier-3 Cities,1,2023-10-22 15:28:09,6030.5
user_8419,Budget Parents,Tier-1 Cities,0,,0.0
user_8420,Impulse Buyers,International,0,,0.0
user_8421,Premium Fitness Users,International,0,,0.0
user_8422,Premium Fitness Users,Tier-1 Cities,0,,0.0
user_8423,Unknown,International,0,,0.0
user_8424,Gen-Z Trend Seekers,Tier-1 Cities,0,,0.0
user_8425,Impulse Buyers,Tier-1 Cities,0,,0.0
user_8426,Impulse Buyers,Tier-1 Cities,1,2023-08-16 16:07:14,1427.69
user_8427,Impulse Buyers,Tier-3 Cities,0,,0.0
user_8428,Premium Fitness Users,Tier-1 Cities,0,,0.0
user_8429,Premium Fitness Users,International,0,,0.0
user_8430,Budget Parents,Tier-2 Cities,0,,0.0
user_8431,Unknown,Tier-3 Cities,0,,0.0
user_8432,Gen-Z Trend Seekers,Tier-1 Cities,0,,0.0
user_8433,Gen-Z Trend Seekers,International,0,,0.0
user_8434,Budget Parents,Tier-1 Cities,0,,0.0
user_8435,Budget Parents,International,0,,0.0
user_8436,Gen-Z Trend Seekers,Tier-1 Cities,0,,0.0
user_8437,Premium Fitness Users,Tier-3 Cities,0,,0.0
user_8438,Gen-Z Trend Seekers,Tier-3 Cities,0,,0.0
user_8439,Gen-Z Trend Seekers,Tier-2 Cities,0,,0.0
user_8440,Impulse Buyers,Tier-1 Cities,0,,0.0
user_8441,Impulse Buyers,Tier-1 Cities,1,2023-11-02 18:42:53,3727.23
user_8442,Impulse Buyers,Tier-3 Cities,0,,0.0
user_8443,Premium Fitness Users,Tier-2 Cities,0,,0.0
user_8444,Premium Fitness Users,Tier-1 Cities,1,2023-10-28 04:46:14,3810.51
user_8445,Unknown,Tier-3 Cities,0,,0.0
user_8446,Budget Parents,Tier-3 Cities,0,,0.0
user_8447,Premium Fitness Users,Tier-3 Cities,0,,0.0
user_8448,Impulse Buyers,Tier-2 Cities,0,,0.0
user_8449,Premium Fitness Users,Tier-1 Cities,0,,0.0
user_8450,Gen-Z Trend Seekers,Tier-3 Cities,0,,0.0
user_8451,Impulse Buyers,Tier-1 Cities,0,,0.0
user_8452,Budget Parents,Tier-2 Cities,1,2023-04-30 08:37:10,3359.97
user_8453,Impulse Buyers,Tier-2 Cities,1,2023-01-09 09:01:03,3211.88
user_8454,Gen-Z Trend Seekers,Tier-3 Cities,0,,0.0
user_8455,Impulse Buyers,International,0,,0.0
user_8456,Gen-Z Trend Seekers,Tier-2 Cities,0,,0.0
user_8457,Gen-Z Trend Seekers,Tier-3 Cities,0,,0.0
user_8458,Premium Fitness Users,Tier-3 Cities,0,,0.0
user_8459,Budget Parents,International,0,,0.0
user_8460,Gen-Z Trend Seekers,Tier-3 Cities,0,,0.0
user_8461,Gen-Z Trend Seekers,International,0,,0.0
user_8462,Gen-Z Trend Seekers,Tier-3 Cities,0,,0.0
user_8463,Gen-Z Trend Seekers,Tier-2 Cities,0,,0.0
user_8464,Unknown,Tier-3 Cities,0,,0.0
user_8465,Impulse Buyers,International,1,2023-01-06 08:15:12,3411.74
user_8466,Impulse Buyers,International,0,,0.0
user_8467,Budget Parents,Tier-1 Cities,0,,0.0
user_8468,Gen-Z Trend Seekers,Tier-3 Cities,1,2023-08-08 18:24:20,5292.18
user_8469,Budget Parents,Tier-2 Cities,0,,0.0
user_8470,Gen-Z Trend Seekers,Tier-3 Cities,0,,0.0
user_8471,Premium Fitness Users,International,1,2023-09-06 00:08:44,11291.43
user_8472,Impulse Buyers,International,0,,0.0
user_8473,Gen-Z Trend Seekers,Tier-1 Cities,0,,0.0
user_8474,Budget Parents,Tier-3 Cities,0,,0.0
user_8475,Gen-Z Trend Seekers,Tier-3 Cities,0,,0.0
user_8476,Impulse Buyers,Tier-3 Cities,0,,0.0
user_8477,Gen-Z Trend Seekers,Tier-2 Cities,0,,0.0
user_8478,Budget Parents,Tier-3 Cities,0,,0.0
user_8479,Unknown,International,0,,0.0
user_8480,Impulse Buyers,International,0,,0.0
user_8481,Gen-Z Trend Seekers,Tier-2 Cities,0,,0.0
user_8482,Premium Fitness Users,International,1,2023-08-30 04:24:36,5573.72
user_8483,Budget Parents,Tier-2 Cities,0,,0.0
user_8484,Premium Fitness Users,Tier-2 Cities,0,,0.0
user_8485,Gen-Z Trend Seekers,Tier-1 Cities,0,,0.0
user_8486,Unknown,Tier-3 Cities,0,,0.0
user_8487,Premium Fitness Users,Tier-1 Cities,0,,0.0
user_8488,Budget Parents,Tier-1 Cities,0,,0.0
user_8489,Impulse Buyers,Tier-1 Cities,0,,0.0
user_8490,Impulse Buyers,Tier-3 Cities,0,,0.0
user_8491,Impulse Buyers,International,0,,0.0
user_8492,Impulse Buyers,International,0,,0.0
user_8493,Gen-Z Trend Seekers,Tier-3 Cities,0,,0.0
user_8494,Unknown,International,0,,0.0
user_8495,Budget Parents,Tier-3 Cities,1,2023-01-29 10:43:05,6052.65
user_8496,Gen-Z Trend Seekers,Tier-1 Cities,0,,0.0
user_8497,Gen-Z Trend Seekers,Tier-3 Cities,1,2023-11-19 16:24:45,3058.3
user_8498,Gen-Z Trend Seekers,Tier-3 Cities,0,,0.0
user_8499,Premium Fitness Users,Tier-2 Cities,0,,0.0
user_8500,Budget Parents,Tier-2 Cities,0,,0.0
user_8501,Gen-Z Trend Seekers,Tier-3 Cities,0,,0.0
user_8502,Unknown,Tier-3 Cities,0,,0.0
user_8503,Budget Parents,Tier-1 Cities,1,2023-06-16 21:32:38,6541.27
user_8504,Budget Parents,International,0,,0.0
user_8505,Gen-Z Trend Seekers,Tier-2 Cities,0,,0.0
user_8506,Gen-Z Trend Seekers,Tier-1 Cities,0,,0.0
user_8507,Gen-Z Trend Seekers,International,0,,0.0
user_8508,Gen-Z Trend Seekers,Tier-3 Cities,0,,0.0
user_8509,Budget Parents,Tier-1 Cities,0,,0.0
user_8510,Gen-Z Trend Seekers,Tier-1 Cities,0,,0.0
user_8511,Gen-Z Trend Seekers,Tier-1 Cities,0,,0.0
user_8512,Premium Fitness Users,Tier-2 Cities,0,,0.0
user_8513,Budget Parents,Tier-3 Cities,0,,0.0
user_8514,Impulse Buyers,Tier-1 Cities,1,2023-05-24 04:17:52,1114.38
user_8515,Impulse Buyers,Tier-1 Cities,0,,0.0
user_8516,Impulse Buyers,Tier-1 Cities,0,,0.0
user_8517,Impulse Buyers,Tier-1 Cities,0,,0.0
user_8518,Unknown,Tier-1 Cities,0,,0.0
user_8519,Gen-Z Trend Seekers,Tier-2 Cities,0,,0.0
user_8520,Impulse Buyers,Tier-3 Cities,0,,0.0
user_8521,Premium Fitness Users,Tier-3 Cities,0,,0.0
user_8522,Gen-Z Trend Seekers,Tier-3 Cities,0,,0.0
user_8523,Gen-Z Trend Seekers,Tier-1 Cities,1,2023-06-21 06:30:04,3830.28
user_8524,Premium Fitness Users,International,0,,0.0
user_8525,Gen-Z Trend Seekers,Tier-1 Cities,0,,0.0
user_8526,Impulse Buyers,Tier-2 Cities,0,,0.0
user_8527,Gen-Z Trend Seekers,Tier-2 Cities,0,,0.0
user_8528,Gen-Z Trend Seekers,Tier-2 Cities,0,,0.0
user_8529,Gen-Z Trend Seekers,International,0,,0.0
user_8530,Gen-Z Trend Seekers,Tier-1 Cities,0,,0.0
user_8531,Impulse Buyers,International,0,,0.0
user_8532,Premium Fitness Users,Tier-3 Cities,0,,0.0
user_8533,Impulse Buyers,Tier-3 Cities,0,,0.0
user_8534,Gen-Z Trend Seekers,Tier-2 Cities,1,2023-09-21 14:45:25,5125.37
user_8535,Budget Parents,Tier-2 Cities,0,,0.0
user_8536,Budget Parents,Tier-2 Cities,0,,0.0
user_8537,Premium Fitness Users,Tier-2 Cities,0,,0.0
user_8538,Budget Parents,International,0,,0.0
user_8539,Impulse Buyers,International,1,2023-05-22 01:53:32,3118.52
user_8540,Unknown,Tier-2 Cities,0,,0.0
user_8541,Impulse Buyers,Tier-2 Cities,0,,0.0
user_8542,Budget Parents,International,0,,0.0
user_8543,Impulse Buyers,Tier-1 Cities,0,,0.0
user_8544,Premium Fitness Users,Tier-1 Cities,1,2023-10-30 14:06:59,2591.74
user_8545,Impulse Buyers,Tier-1 Cities,0,,0.0
user_8546,Impulse Buyers,International,0,,0.0
user_8547,Budget Parents,Tier-3 Cities,0,,0.0
user_8548,Unknown,Tier-1 Cities,0,,0.0
user_8549,Premium Fitness Users,Tier-3 Cities,0,,0.0
user_8550,Gen-Z Trend Seekers,Tier-2 Cities,0,,0.0
user_8551,Impulse Buyers,International,0,,0.0
user_8552,Premium Fitness Users,International,0,,0.0
user_8553,Impulse Buyers,Tier-1 Cities,0,,0.0
user_8554,Gen-Z Trend Seekers,Tier-1 Cities,0,,0.0
user_8555,Budget Parents,Tier-3 Cities,0,,0.0
user_8556,Impulse Buyers,Tier-2 Cities,0,,0.0
user_8557,Budget Parents,International,0,,0.0
user_8558,Budget Parents,Tier-2 Cities,0,,0.0
user_8559,Impulse Buyers,Tier-2 Cities,0,,0.0
user_8560,Impulse Buyers,International,1,2023-03-31 23:07:18,2878.46
user_8561,Unknown,International,0,,0.0
user_8562,Premium Fitness Users,Tier-2 Cities,1,2023-05-06 14:12:48,11645.72
user_8563,Impulse Buyers,Tier-3 Cities,0,,0.0
user_8564,Gen-Z Trend Seekers,International,0,,0.0
user_8565,Unknown,International,0,,0.0
user_8566,Premium Fitness Users,Tier-3 Cities,0,,0.0
user_8567,Impulse Buyers,Tier-1 Cities,0,,0.0
user_8568,Budget Parents,International,0,,0.0
user_8569,Gen-Z Trend Seekers,Tier-1 Cities,0,,0.0
user_8570,Gen-Z Trend Seekers,International,0,,0.0
user_8571,Gen-Z Trend Seekers,International,0,,0.0
user_8572,Premium Fitness Users,Tier-1 Cities,0,,0.0
user_8573,Impulse Buyers,Tier-2 Cities,0,,0.0
user_8574,Gen-Z Trend Seekers,Tier-2 Cities,0,,0.0
user_8575,Impulse Buyers,International,0,,0.0
user_8576,Budget Parents,Tier-1 Cities,0,,0.0
user_8577,Impulse Buyers,Tier-3 Cities,0,,0.0
user_8578,Premium Fitness Users,Tier-3 Cities,0,,0.0
user_8579,Budget Parents,Tier-2 Cities,0,,0.0
user_8580,Premium Fitness Users,Tier-2 Cities,1,2023-08-28 18:54:03,2812.92
user_8581,Premium Fitness Users,Tier-3 Cities,0,,0.0
user_8582,Gen-Z Trend Seekers,Tier-2 Cities,1,2023-04-11 17:21:14,5471.5
user_8583,Gen-Z Trend Seekers,Tier-1 Cities,0,,0.0
user_8584,Premium Fitness Users,Tier-2 Cities,0,,0.0
user_8585,Premium Fitness Users,Tier-1 Cities,0,,0.0
user_8586,Impulse Buyers,International,0,,0.0
user_8587,Gen-Z Trend Seekers,Tier-2 Cities,0,,0.0
user_8588,Impulse Buyers,Tier-2 Cities,0,,0.0
user_8589,Gen-Z Trend Seekers,International,0,,0.0
user_8590,Premium Fitness Users,International,0,,0.0
user_8591,Gen-Z Trend Seekers,International,0,,0.0
user_8592,Premium Fitness Users,Tier-1 Cities,0,,0.0
user_8593,Impulse Buyers,Tier-1 Cities,0,,0.0
user_8594,Impulse Buyers,Tier-3 Cities,0,,0.0
user_8595,Unknown,International,0,,0.0
user_8596,Impulse Buyers,Tier-2 Cities,1,2023-12-31 00:00:41,1855.44
user_8597,Premium Fitness Users,Tier-1 Cities,0,,0.0
user_8598,Gen-Z Trend Seekers,International,0,,0.0
user_8599,Gen-Z Trend Seekers,Tier-1 Cities,1,2023-08-16 03:42:51,2534.09
user_8600,Impulse Buyers,Tier-2 Cities,0,,0.0
user_8601,Budget Parents,Tier-1 Cities,0,,0.0
user_8602,Premium Fitness Users,Tier-1 Cities,0,,0.0
user_8603,Gen-Z Trend Seekers,International,1,2023-09-16 02:44:43,5976.23
user_8604,Impulse Buyers,Tier-3 Cities,0,,0.0
user_8605,Impulse Buyers,Tier-3 Cities,0,,0.0
user_8606,Impulse Buyers,Tier-2 Cities,0,,0.0
user_8607,Impulse Buyers,International,0,,0.0
user_8608,Impulse Buyers,International,0,,0.0
user_8609,Impulse Buyers,International,1,2023-07-06 01:30:06,2134.03
user_8610,Impulse Buyers,Tier-1 Cities,0,,0.0
user_8611,Impulse Buyers,International,0,,0.0
user_8612,Gen-Z Trend Seekers,International,0,,0.0
user_8613,Impulse Buyers,Tier-3 Cities,0,,0.0
user_8614,Premium Fitness Users,International,0,,0.0
user_8615,Gen-Z Trend Seekers,International,0,,0.0
user_8616,Gen-Z Trend Seekers,Tier-2 Cities,0,,0.0
user_8617,Unknown,Tier-2 Cities,0,,0.0
user_8618,Gen-Z Trend Seekers,Tier-1 Cities,0,,0.0
user_8619,Unknown,International,0,,0.0
user_8620,Premium Fitness Users,International,0,,0.0
user_8621,Budget Parents,Tier-1 Cities,0,,0.0
user_8622,Budget Parents,International,0,,0.0
user_8623,Gen-Z Trend Seekers,Tier-3 Cities,0,,0.0
user_8624,Impulse Buyers,International,0,,0.0
user_8625,Impulse Buyers,Tier-1 Cities,0,,0.0
user_8626,Gen-Z Trend Seekers,Tier-3 Cities,0,,0.0
user_8627,Gen-Z Trend Seekers,Tier-3 Cities,0,,0.0
user_8628,Premium Fitness Users,Tier-2 Cities,0,,0.0
user_8629,Budget Parents,Tier-1 Cities,0,,0.0
user_8630,Gen-Z Trend Seekers,Tier-2 Cities,0,,0.0
user_8631,Gen-Z Trend Seekers,International,0,,0.0
user_8632,Budget Parents,International,0,,0.0
user_8633,Premium Fitness Users,Tier-2 Cities,0,,0.0
user_8634,Impulse Buyers,Tier-1 Cities,0,,0.0
user_8635,Gen-Z Trend Seekers,Tier-3 Cities,0,,0.0
user_8636,Budget Parents,Tier-3 Cities,1,2023-07-17 13:15:05,3425.7
user_8637,Gen-Z Trend Seekers,Tier-2 Cities,0,,0.0
user_8638,Impulse Buyers,Tier-1 Cities,0,,0.0
user_8639,Premium Fitness Users,Tier-3 Cities,0,,0.0
user_8640,Premium Fitness Users,International,0,,0.0
user_8641,Gen-Z Trend Seekers,Tier-1 Cities,0,,0.0
user_8642,Gen-Z Trend Seekers,Tier-1 Cities,0,,0.0
user_8643,Gen-Z Trend Seekers,Tier-2 Cities,0,,0.0
user_8644,Premium Fitness Users,Tier-1 Cities,0,,0.0
user_8645,Unknown,Tier-3 Cities,0,,0.0
user_8646,Gen-Z Trend Seekers,Tier-1 Cities,0,,0.0
user_8647,Gen-Z Trend Seekers,International,1,2023-11-09 20:25:44,3490.52
user_8648,Premium Fitness Users,Tier-1 Cities,1,2023-07-23 18:01:09,4917.63
user_8649,Impulse Buyers,International,0,,0.0
user_8650,Gen-Z Trend Seekers,Tier-1 Cities,0,,0.0
user_8651,Budget Parents,Tier-2 Cities,0,,0.0
user_8652,Premium Fitness Users,Tier-1 Cities,0,,0.0
user_8653,Gen-Z Trend Seekers,Tier-3 Cities,0,,0.0
user_8654,Gen-Z Trend Seekers,Tier-3 Cities,0,,0.0
user_8655,Gen-Z Trend Seekers,Tier-3 Cities,0,,0.0
user_8656,Premium Fitness Users,Tier-3 Cities,0,,0.0
user_8657,Gen-Z Trend Seekers,Tier-2 Cities,0,,0.0
user_8658,Impulse Buyers,International,0,,0.0
user_8659,Impulse Buyers,Tier-1 Cities,0,,0.0
user_8660,Premium Fitness Users,Tier-2 Cities,0,,0.0
user_8661,Gen-Z Trend Seekers,Tier-1 Cities,0,,0.0
user_8662,Premium Fitness Users,Tier-1 Cities,0,,0.0
user_8663,Impulse Buyers,Tier-3 Cities,0,,0.0
user_8664,Gen-Z Trend Seekers,Tier-2 Cities,0,,0.0
user_8665,Premium Fitness Users,Tier-1 Cities,0,,0.0
user_8666,Unknown,International,0,,0.0
user_8667,Premium Fitness Users,Tier-1 Cities,0,,0.0
user_8668,Premium Fitness Users,International,0,,0.0
user_8669,Unknown,Tier-3 Cities,0,,0.0
user_8670,Budget Parents,Tier-3 Cities,0,,0.0
user_8671,Premium Fitness Users,Tier-2 Cities,0,,0.0
user_8672,Premium Fitness Users,Tier-3 Cities,0,,0.0
user_8673,Gen-Z Trend Seekers,Tier-3 Cities,0,,0.0
user_8674,Premium Fitness Users,Tier-3 Cities,0,,0.0
user_8675,Gen-Z Trend Seekers,Tier-3 Cities,0,,0.0
user_8676,Gen-Z Trend Seekers,Tier-1 Cities,0,,0.0
user_8677,Premium Fitness Users,International,0,,0.0
user_8678,Gen-Z Trend Seekers,International,0,,0.0
user_8679,Gen-Z Trend Seekers,Tier-3 Cities,0,,0.0
user_8680,Premium Fitness Users,Tier-1 Cities,0,,0.0
user_8681,Impulse Buyers,Tier-2 Cities,0,,0.0
user_8682,Impulse Buyers,Tier-2 Cities,0,,0.0
user_8683,Budget Parents,Tier-2 Cities,0,,0.0
user_8684,Budget Parents,Tier-2 Cities,1,2023-03-20 05:41:30,2829.72
user_8685,Premium Fitness Users,Tier-2 Cities,0,,0.0
user_8686,Budget Parents,Tier-2 Cities,0,,0.0
user_8687,Budget Parents,International,0,,0.0
user_8688,Gen-Z Trend Seekers,Tier-1 Cities,0,,0.0
user_8689,Unknown,International,0,,0.0
user_8690,Budget Parents,Tier-3 Cities,0,,0.0
user_8691,Gen-Z Trend Seekers,International,0,,0.0
user_8692,Budget Parents,Tier-1 Cities,0,,0.0
user_8693,Impulse Buyers,Tier-3 Cities,0,,0.0
user_8694,Impulse Buyers,Tier-3 Cities,0,,0.0
user_8695,Gen-Z Trend Seekers,Tier-2 Cities,0,,0.0
user_8696,Premium Fitness Users,Tier-3 Cities,0,,0.0
user_8697,Unknown,Tier-3 Cities,0,,0.0
user_8698,Unknown,Tier-1 Cities,0,,0.0
user_8699,Premium Fitness Users,Tier-3 Cities,1,2023-12-28 22:30:35,3514.91
user_8700,Impulse Buyers,Tier-3 Cities,0,,0.0
user_8701,Unknown,International,0,,0.0
user_8702,Unknown,Tier-1 Cities,0,,0.0
user_8703,Gen-Z Trend Seekers,Tier-1 Cities,0,,0.0
user_8704,Impulse Buyers,International,0,,0.0
user_8705,Budget Parents,Tier-3 Cities,0,,0.0
user_8706,Premium Fitness Users,International,0,,0.0
user_8707,Gen-Z Trend Seekers,Tier-2 Cities,0,,0.0
user_8708,Premium Fitness Users,Tier-3 Cities,0,,0.0
user_8709,Budget Parents,Tier-2 Cities,0,,0.0
user_8710,Budget Parents,International,0,,0.0
user_8711,Premium Fitness Users,International,0,,0.0
user_8712,Premium Fitness Users,International,0,,0.0
user_8713,Gen-Z Trend Seekers,International,0,,0.0
user_8714,Impulse Buyers,International,0,,0.0
user_8715,Budget Parents,International,0,,0.0
user_8716,Premium Fitness Users,Tier-1 Cities,0,,0.0
user_8717,Budget Parents,Tier-1 Cities,0,,0.0
user_8718,Impulse Buyers,Tier-3 Cities,0,,0.0
user_8719,Impulse Buyers,Tier-1 Cities,0,,0.0
user_8720,Gen-Z Trend Seekers,Tier-2 Cities,1,2023-05-05 08:24:14,5610.36
user_8721,Gen-Z Trend Seekers,Tier-2 Cities,0,,0.0
user_8722,Premium Fitness Users,Tier-1 Cities,0,,0.0
user_8723,Gen-Z Trend Seekers,Tier-2 Cities,0,,0.0
user_8724,Budget Parents,Tier-3 Cities,0,,0.0
user_8725,Premium Fitness Users,Tier-1 Cities,1,2023-11-01 15:40:23,4697.29
user_8726,Premium Fitness Users,Tier-3 Cities,0,,0.0
user_8727,Unknown,Tier-3 Cities,0,,0.0
user_8728,Unknown,Tier-1 Cities,0,,0.0
user_8729,Premium Fitness Users,Tier-3 Cities,0,,0.0
user_8730,Budget Parents,Tier-2 Cities,0,,0.0
user_8731,Premium Fitness Users,International,0,,0.0
user_8732,Budget Parents,Tier-1 Cities,0,,0.0
user_8733,Budget Parents,International,0,,0.0
user_8734,Premium Fitness Users,Tier-2 Cities,0,,0.0
user_8735,Premium Fitness Users,International,0,,0.0
user_8736,Impulse Buyers,Tier-2 Cities,0,,0.0
user_8737,Gen-Z Trend Seekers,International,0,,0.0
user_8738,Gen-Z Trend Seekers,Tier-3 Cities,0,,0.0
user_8739,Premium Fitness Users,Tier-1 Cities,0,,0.0
user_8740,Gen-Z Trend Seekers,Tier-3 Cities,1,2023-09-01 15:50:48,1762.56
user_8741,Gen-Z Trend Seekers,Tier-3 Cities,0,,0.0
user_8742,Unknown,Tier-2 Cities,0,,0.0
user_8743,Gen-Z Trend Seekers,Tier-1 Cities,0,,0.0
user_8744,Budget Parents,Tier-2 Cities,0,,0.0
user_8745,Gen-Z Trend Seekers,Tier-1 Cities,0,,0.0
user_8746,Impulse Buyers,Tier-2 Cities,0,,0.0
user_8747,Budget Parents,International,0,,0.0
user_8748,Impulse Buyers,Tier-3 Cities,0,,0.0
user_8749,Budget Parents,Tier-3 Cities,0,,0.0
user_8750,Budget Parents,International,0,,0.0
user_8751,Unknown,Tier-2 Cities,0,,0.0
user_8752,Premium Fitness Users,Tier-2 Cities,0,,0.0
user_8753,Premium Fitness Users,Tier-2 Cities,0,,0.0
user_8754,Budget Parents,Tier-2 Cities,0,,0.0
user_8755,Premium Fitness Users,Tier-2 Cities,1,2023-06-10 00:48:24,5432.07
user_8756,Impulse Buyers,International,0,,0.0
user_8757,Budget Parents,Tier-3 Cities,0,,0.0
user_8758,Premium Fitness Users,Tier-3 Cities,0,,0.0
user_8759,Impulse Buyers,Tier-1 Cities,0,,0.0
user_8760,Impulse Buyers,Tier-2 Cities,0,,0.0
user_8761,Premium Fitness Users,Tier-1 Cities,0,,0.0
user_8762,Impulse Buyers,Tier-1 Cities,0,,0.0
user_8763,Budget Parents,Tier-2 Cities,0,,0.0
user_8764,Premium Fitness Users,Tier-3 Cities,0,,0.0
user_8765,Impulse Buyers,International,0,,0.0
user_8766,Gen-Z Trend Seekers,Tier-1 Cities,0,,0.0
user_8767,Premium Fitness Users,Tier-2 Cities,0,,0.0
user_8768,Budget Parents,Tier-1 Cities,0,,0.0
user_8769,Gen-Z Trend Seekers,Tier-2 Cities,0,,0.0
user_8770,Impulse Buyers,Tier-1 Cities,0,,0.0
user_8771,Impulse Buyers,International,0,,0.0
user_8772,Impulse Buyers,International,1,2023-08-01 10:20:01,1916.11
user_8773,Impulse Buyers,Tier-1 Cities,0,,0.0
user_8774,Premium Fitness Users,Tier-3 Cities,0,,0.0
user_8775,Impulse Buyers,Tier-2 Cities,0,,0.0
user_8776,Gen-Z Trend Seekers,Tier-1 Cities,0,,0.0
user_8777,Impulse Buyers,Tier-3 Cities,0,,0.0
user_8778,Budget Parents,International,0,,0.0
user_8779,Unknown,International,0,,0.0
user_8780,Budget Parents,International,0,,0.0
user_8781,Premium Fitness Users,Tier-1 Cities,0,,0.0
user_8782,Budget Parents,Tier-1 Cities,0,,0.0
user_8783,Gen-Z Trend Seekers,Tier-1 Cities,0,,0.0
user_8784,Budget Parents,Tier-3 Cities,0,,0.0
user_8785,Unknown,International,0,,0.0
user_8786,Unknown,Tier-3 Cities,0,,0.0
user_8787,Impulse Buyers,International,0,,0.0
user_8788,Premium Fitness Users,Tier-3 Cities,0,,0.0
user_8789,Premium Fitness Users,International,0,,0.0
user_8790,Gen-Z Trend Seekers,Tier-1 Cities,0,,0.0
user_8791,Unknown,International,0,,0.0
user_8792,Gen-Z Trend Seekers,Tier-1 Cities,0,,0.0
user_8793,Premium Fitness Users,Tier-3 Cities,0,,0.0
user_8794,Impulse Buyers,Tier-2 Cities,0,,0.0
user_8795,Gen-Z Trend Seekers,Tier-2 Cities,0,,0.0
user_8796,Budget Parents,Tier-3 Cities,0,,0.0
user_8797,Unknown,Tier-3 Cities,0,,0.0
user_8798,Gen-Z Trend Seekers,Tier-3 Cities,0,,0.0
user_8799,Budget Parents,Tier-3 Cities,0,,0.0
user_8800,Gen-Z Trend Seekers,Tier-2 Cities,0,,0.0
user_8801,Budget Parents,Tier-3 Cities,0,,0.0
user_8802,Impulse Buyers,Tier-1 Cities,0,,0.0
user_8803,Premium Fitness Users,Tier-1 Cities,0,,0.0
user_8804,Gen-Z Trend Seekers,Tier-2 Cities,1,2023-02-08 20:40:08,5871.39
user_8805,Gen-Z Trend Seekers,Tier-2 Cities,0,,0.0
user_8806,Premium Fitness Users,Tier-2 Cities,1,2023-09-19 14:54:26,9470.67
user_8807,Unknown,Tier-3 Cities,0,,0.0
user_8808,Unknown,International,0,,0.0
user_8809,Gen-Z Trend Seekers,Tier-3 Cities,1,2023-06-25 06:24:37,1995.72
user_8810,Premium Fitness Users,Tier-3 Cities,0,,0.0
user_8811,Budget Parents,Tier-2 Cities,0,,0.0
user_8812,Budget Parents,International,0,,0.0
user_8813,Impulse Buyers,Tier-2 Cities,0,,0.0
user_8814,Gen-Z Trend Seekers,International,0,,0.0
user_8815,Budget Parents,Tier-2 Cities,0,,0.0
user_8816,Budget Parents,Tier-2 Cities,0,,0.0
user_8817,Unknown,Tier-1 Cities,0,,0.0
user_8818,Unknown,Tier-1 Cities,0,,0.0
user_8819,Premium Fitness Users,Tier-3 Cities,0,,0.0
user_8820,Impulse Buyers,International,0,,0.0
user_8821,Unknown,Tier-3 Cities,0,,0.0
user_8822,Impulse Buyers,Tier-1 Cities,0,,0.0
user_8823,Impulse Buyers,Tier-3 Cities,0,,0.0
user_8824,Unknown,Tier-2 Cities,0,,0.0
user_8825,Budget Parents,Tier-3 Cities,0,,0.0
user_8826,Impulse Buyers,International,0,,0.0
user_8827,Budget Parents,International,0,,0.0
user_8828,Gen-Z Trend Seekers,Tier-1 Cities,0,,0.0
user_8829,Gen-Z Trend Seekers,International,0,,0.0
user_8830,Unknown,Tier-3 Cities,0,,0.0
user_8831,Impulse Buyers,Tier-2 Cities,1,2023-08-13 23:13:09,3566.79
user_8832,Impulse Buyers,Tier-2 Cities,1,2023-04-22 23:00:03,1602.82
user_8833,Budget Parents,Tier-3 Cities,0,,0.0
user_8834,Unknown,Tier-3 Cities,0,,0.0
user_8835,Unknown,International,0,,0.0
user_8836,Gen-Z Trend Seekers,Tier-2 Cities,0,,0.0
user_8837,Unknown,Tier-1 Cities,0,,0.0
user_8838,Budget Parents,Tier-2 Cities,0,,0.0
user_8839,Impulse Buyers,Tier-3 Cities,0,,0.0
user_8840,Budget Parents,Tier-2 Cities,0,,0.0
user_8841,Premium Fitness Users,International,0,,0.0
user_8842,Premium Fitness Users,Tier-3 Cities,0,,0.0
user_8843,Budget Parents,Tier-1 Cities,0,,0.0
user_8844,Gen-Z Trend Seekers,International,0,,0.0
user_8845,Premium Fitness Users,Tier-2 Cities,0,,0.0
user_8846,Gen-Z Trend Seekers,International,0,,0.0
user_8847,Unknown,International,0,,0.0
user_8848,Premium Fitness Users,Tier-3 Cities,0,,0.0
user_8849,Unknown,International,0,,0.0
user_8850,Unknown,International,0,,0.0
user_8851,Gen-Z Trend Seekers,Tier-3 Cities,0,,0.0
user_8852,Gen-Z Trend Seekers,Tier-2 Cities,0,,0.0
user_8853,Impulse Buyers,Tier-3 Cities,1,2023-05-31 13:33:31,962.22
user_8854,Gen-Z Trend Seekers,International,0,,0.0
user_8855,Budget Parents,Tier-2 Cities,0,,0.0
user_8856,Unknown,Tier-3 Cities,0,,0.0
user_8857,Impulse Buyers,Tier-3 Cities,0,,0.0
user_8858,Premium Fitness Users,Tier-1 Cities,0,,0.0
user_8859,Gen-Z Trend Seekers,Tier-3 Cities,0,,0.0
user_8860,Impulse Buyers,Tier-2 Cities,0,,0.0
user_8861,Gen-Z Trend Seekers,Tier-3 Cities,0,,0.0
user_8862,Impulse Buyers,International,0,,0.0
user_8863,Premium Fitness Users,Tier-2 Cities,1,2023-07-22 11:46:27,7856.02
user_8864,Unknown,International,0,,0.0
user_8865,Impulse Buyers,Tier-3 Cities,0,,0.0
user_8866,Budget Parents,Tier-3 Cities,1,2023-04-17 04:04:40,4400.03
user_8867,Budget Parents,Tier-2 Cities,0,,0.0
user_8868,Budget Parents,International,1,2023-12-18 02:21:21,7372.32
user_8869,Impulse Buyers,Tier-1 Cities,0,,0.0
user_8870,Gen-Z Trend Seekers,International,0,,0.0
user_8871,Gen-Z Trend Seekers,Tier-1 Cities,0,,0.0
user_8872,Impulse Buyers,Tier-1 Cities,0,,0.0
user_8873,Premium Fitness Users,International,0,,0.0
user_8874,Gen-Z Trend Seekers,International,0,,0.0
user_8875,Gen-Z Trend Seekers,Tier-2 Cities,0,,0.0
user_8876,Budget Parents,Tier-2 Cities,0,,0.0
user_8877,Premium Fitness Users,Tier-3 Cities,0,,0.0
user_8878,Premium Fitness Users,Tier-2 Cities,0,,0.0
user_8879,Impulse Buyers,Tier-1 Cities,0,,0.0
user_8880,Budget Parents,International,0,,0.0
user_8881,Premium Fitness Users,Tier-2 Cities,1,2023-07-01 22:51:53,8116.38
user_8882,Impulse Buyers,International,0,,0.0
user_8883,Unknown,International,0,,0.0
user_8884,Impulse Buyers,Tier-2 Cities,0,,0.0
user_8885,Gen-Z Trend Seekers,Tier-2 Cities,0,,0.0
user_8886,Premium Fitness Users,Tier-3 Cities,0,,0.0
user_8887,Impulse Buyers,International,0,,0.0
user_8888,Premium Fitness Users,Tier-2 Cities,0,,0.0
user_8889,Unknown,Tier-2 Cities,0,,0.0
user_8890,Unknown,International,0,,0.0
user_8891,Gen-Z Trend Seekers,Tier-3 Cities,0,,0.0
user_8892,Budget Parents,Tier-1 Cities,1,2023-07-20 18:41:58,4372.05
user_8893,Impulse Buyers,Tier-2 Cities,0,,0.0
user_8894,Impulse Buyers,Tier-1 Cities,0,,0.0
user_8895,Budget Parents,Tier-1 Cities,0,,0.0
user_8896,Gen-Z Trend Seekers,Tier-2 Cities,0,,0.0
user_8897,Impulse Buyers,Tier-3 Cities,0,,0.0
user_8898,Gen-Z Trend Seekers,International,0,,0.0
user_8899,Premium Fitness Users,Tier-1 Cities,0,,0.0
user_8900,Unknown,Tier-1 Cities,0,,0.0
user_8901,Impulse Buyers,Tier-2 Cities,0,,0.0
user_8902,Gen-Z Trend Seekers,International,0,,0.0
user_8903,Unknown,International,0,,0.0
user_8904,Premium Fitness Users,Tier-2 Cities,0,,0.0
user_8905,Premium Fitness Users,Tier-2 Cities,0,,0.0
user_8906,Premium Fitness Users,Tier-3 Cities,0,,0.0
user_8907,Gen-Z Trend Seekers,Tier-2 Cities,0,,0.0
user_8908,Premium Fitness Users,Tier-1 Cities,0,,0.0
user_8909,Gen-Z Trend Seekers,Tier-2 Cities,0,,0.0
user_8910,Budget Parents,Tier-3 Cities,1,2023-04-24 00:34:02,5163.75
user_8911,Gen-Z Trend Seekers,Tier-1 Cities,1,2023-09-12 11:40:01,5689.05
user_8912,Premium Fitness Users,International,0,,0.0
user_8913,Gen-Z Trend Seekers,Tier-1 Cities,0,,0.0
user_8914,Budget Parents,Tier-1 Cities,0,,0.0
user_8915,Budget Parents,Tier-2 Cities,0,,0.0
user_8916,Gen-Z Trend Seekers,Tier-1 Cities,0,,0.0
user_8917,Budget Parents,Tier-2 Cities,0,,0.0
user_8918,Premium Fitness Users,Tier-1 Cities,1,2023-09-14 11:18:21,8849.06
user_8919,Gen-Z Trend Seekers,Tier-1 Cities,1,2023-03-07 10:17:06,5967.95
user_8920,Unknown,International,0,,0.0
user_8921,Impulse Buyers,Tier-3 Cities,0,,0.0
user_8922,Unknown,Tier-2 Cities,0,,0.0
user_8923,Impulse Buyers,Tier-3 Cities,0,,0.0
user_8924,Impulse Buyers,Tier-2 Cities,0,,0.0
user_8925,Impulse Buyers,Tier-1 Cities,1,2023-11-30 17:55:24,3827.13
user_8926,Budget Parents,Tier-2 Cities,0,,0.0
user_8927,Gen-Z Trend Seekers,Tier-1 Cities,0,,0.0
user_8928,Unknown,International,0,,0.0
user_8929,Gen-Z Trend Seekers,International,0,,0.0
user_8930,Premium Fitness Users,Tier-2 Cities,1,2023-06-24 18:27:10,11181.2
user_8931,Impulse Buyers,Tier-2 Cities,0,,0.0
user_8932,Impulse Buyers,International,0,,0.0
user_8933,Premium Fitness Users,Tier-3 Cities,0,,0.0
user_8934,Impulse Buyers,Tier-3 Cities,0,,0.0
user_8935,Unknown,International,0,,0.0
user_8936,Premium Fitness Users,Tier-1 Cities,0,,0.0
user_8937,Budget Parents,Tier-3 Cities,0,,0.0
user_8938,Unknown,Tier-2 Cities,0,,0.0
user_8939,Budget Parents,Tier-2 Cities,0,,0.0
user_8940,Impulse Buyers,Tier-1 Cities,0,,0.0
user_8941,Budget Parents,Tier-2 Cities,0,,0.0
user_8942,Budget Parents,Tier-1 Cities,0,,0.0
user_8943,Gen-Z Trend Seekers,Tier-1 Cities,0,,0.0
user_8944,Premium Fitness Users,International,0,,0.0
user_8945,Impulse Buyers,Tier-2 Cities,1,2023-08-26 07:44:37,3875.81
user_8946,Premium Fitness Users,International,1,2023-09-12 16:23:58,2575.0
user_8947,Unknown,International,0,,0.0
user_8948,Budget Parents,Tier-3 Cities,0,,0.0
user_8949,Impulse Buyers,International,0,,0.0
user_8950,Gen-Z Trend Seekers,Tier-3 Cities,0,,0.0
user_8951,Gen-Z Trend Seekers,International,0,,0.0
user_8952,Budget Parents,Tier-3 Cities,0,,0.0
user_8953,Impulse Buyers,Tier-1 Cities,1,2023-05-30 21:02:38,3768.99
user_8954,Gen-Z Trend Seekers,Tier-2 Cities,0,,0.0
user_8955,Unknown,Tier-3 Cities,0,,0.0
user_8956,Premium Fitness Users,Tier-3 Cities,0,,0.0
user_8957,Gen-Z Trend Seekers,International,0,,0.0
user_8958,Budget Parents,Tier-2 Cities,0,,0.0
user_8959,Gen-Z Trend Seekers,Tier-2 Cities,0,,0.0
user_8960,Impulse Buyers,Tier-2 Cities,0,,0.0
user_8961,Impulse Buyers,Tier-1 Cities,0,,0.0
user_8962,Budget Parents,Tier-3 Cities,0,,0.0
user_8963,Premium Fitness Users,International,0,,0.0
user_8964,Impulse Buyers,Tier-2 Cities,0,,0.0
user_8965,Impulse Buyers,International,0,,0.0
user_8966,Budget Parents,Tier-2 Cities,0,,0.0
user_8967,Impulse Buyers,Tier-1 Cities,0,,0.0
user_8968,Premium Fitness Users,Tier-2 Cities,0,,0.0
user_8969,Impulse Buyers,Tier-1 Cities,0,,0.0
user_8970,Budget Parents,International,0,,0.0
user_8971,Gen-Z Trend Seekers,Tier-1 Cities,1,2023-07-14 05:54:48,3472.68
user_8972,Premium Fitness Users,Tier-3 Cities,0,,0.0
user_8973,Budget Parents,Tier-3 Cities,0,,0.0
user_8974,Impulse Buyers,Tier-3 Cities,0,,0.0
user_8975,Premium Fitness Users,International,0,,0.0
user_8976,Unknown,Tier-1 Cities,0,,0.0
user_8977,Unknown,Tier-3 Cities,0,,0.0
user_8978,Premium Fitness Users,Tier-1 Cities,0,,0.0
user_8979,Premium Fitness Users,Tier-3 Cities,0,,0.0
user_8980,Gen-Z Trend Seekers,Tier-2 Cities,0,,0.0
user_8981,Impulse Buyers,International,0,,0.0
user_8982,Gen-Z Trend Seekers,Tier-2 Cities,0,,0.0
user_8983,Premium Fitness Users,Tier-2 Cities,0,,0.0
user_8984,Premium Fitness Users,Tier-1 Cities,0,,0.0
user_8985,Impulse Buyers,Tier-1 Cities,0,,0.0
user_8986,Impulse Buyers,Tier-3 Cities,0,,0.0
user_8987,Budget Parents,Tier-1 Cities,0,,0.0
user_8988,Budget Parents,Tier-3 Cities,0,,0.0
user_8989,Budget Parents,Tier-2 Cities,0,,0.0
user_8990,Gen-Z Trend Seekers,Tier-3 Cities,0,,0.0
user_8991,Impulse Buyers,International,0,,0.0
user_8992,Gen-Z Trend Seekers,Tier-1 Cities,0,,0.0
user_8993,Premium Fitness Users,Tier-3 Cities,0,,0.0
user_8994,Gen-Z Trend Seekers,International,0,,0.0
user_8995,Gen-Z Trend Seekers,Tier-3 Cities,1,2023-07-05 01:34:18,2453.45
user_8996,Budget Parents,Tier-3 Cities,0,,0.0
user_8997,Premium Fitness Users,Tier-3 Cities,1,2023-04-18 22:35:59,10909.75
user_8998,Unknown,Tier-1 Cities,0,,0.0
user_8999,Impulse Buyers,Tier-2 Cities,0,,0.0
user_9000,Impulse Buyers,Tier-3 Cities,0,,0.0
user_9001,Impulse Buyers,Tier-3 Cities,0,,0.0
user_9002,Gen-Z Trend Seekers,Tier-3 Cities,0,,0.0
user_9003,Impulse Buyers,Tier-2 Cities,0,,0.0
user_9004,Budget Parents,Tier-3 Cities,0,,0.0
user_9005,Impulse Buyers,Tier-3 Cities,0,,0.0
user_9006,Impulse Buyers,Tier-2 Cities,0,,0.0
user_9007,Unknown,Tier-2 Cities,0,,0.0
user_9008,Budget Parents,Tier-1 Cities,0,,0.0
user_9009,Gen-Z Trend Seekers,Tier-1 Cities,0,,0.0
user_9010,Impulse Buyers,International,0,,0.0
user_9011,Budget Parents,Tier-2 Cities,0,,0.0
user_9012,Unknown,Tier-2 Cities,0,,0.0
user_9013,Budget Parents,International,0,,0.0
user_9014,Premium Fitness Users,International,0,,0.0
user_9015,Gen-Z Trend Seekers,Tier-1 Cities,0,,0.0
user_9016,Unknown,Tier-2 Cities,0,,0.0
user_9017,Unknown,Tier-1 Cities,0,,0.0
user_9018,Impulse Buyers,International,0,,0.0
user_9019,Impulse Buyers,Tier-1 Cities,1,2023-07-15 09:35:32,1087.58
user_9020,Gen-Z Trend Seekers,Tier-3 Cities,0,,0.0
user_9021,Budget Parents,International,0,,0.0
user_9022,Premium Fitness Users,International,0,,0.0
user_9023,Gen-Z Trend Seekers,Tier-1 Cities,0,,0.0
user_9024,Unknown,International,0,,0.0
user_9025,Gen-Z Trend Seekers,Tier-1 Cities,0,,0.0
user_9026,Budget Parents,Tier-3 Cities,0,,0.0
user_9027,Premium Fitness Users,Tier-3 Cities,0,,0.0
user_9028,Impulse Buyers,Tier-2 Cities,0,,0.0
user_9029,Premium Fitness Users,Tier-3 Cities,0,,0.0
user_9030,Impulse Buyers,Tier-3 Cities,0,,0.0
user_9031,Unknown,Tier-3 Cities,0,,0.0
user_9032,Impulse Buyers,Tier-2 Cities,0,,0.0
user_9033,Impulse Buyers,Tier-1 Cities,0,,0.0
user_9034,Gen-Z Trend Seekers,Tier-2 Cities,0,,0.0
user_9035,Premium Fitness Users,Tier-3 Cities,0,,0.0
user_9036,Impulse Buyers,Tier-1 Cities,0,,0.0
user_9037,Impulse Buyers,International,1,2023-08-30 12:14:23,3534.14
user_9038,Unknown,Tier-2 Cities,0,,0.0
user_9039,Gen-Z Trend Seekers,International,0,,0.0
user_9040,Gen-Z Trend Seekers,Tier-2 Cities,0,,0.0
user_9041,Impulse Buyers,Tier-1 Cities,0,,0.0
user_9042,Unknown,International,0,,0.0
user_9043,Unknown,Tier-3 Cities,0,,0.0
user_9044,Unknown,Tier-2 Cities,0,,0.0
user_9045,Budget Parents,Tier-1 Cities,0,,0.0
user_9046,Gen-Z Trend Seekers,Tier-3 Cities,0,,0.0
user_9047,Impulse Buyers,Tier-2 Cities,0,,0.0
user_9048,Unknown,Tier-2 Cities,0,,0.0
user_9049,Budget Parents,Tier-1 Cities,0,,0.0
user_9050,Budget Parents,Tier-2 Cities,0,,0.0
user_9051,Budget Parents,Tier-1 Cities,0,,0.0
user_9052,Unknown,Tier-2 Cities,0,,0.0
user_9053,Gen-Z Trend Seekers,Tier-3 Cities,0,,0.0
user_9054,Premium Fitness Users,International,0,,0.0
user_9055,Budget Parents,Tier-2 Cities,0,,0.0
user_9056,Gen-Z Trend Seekers,Tier-2 Cities,0,,0.0
user_9057,Impulse Buyers,Tier-1 Cities,1,2023-06-12 05:48:10,1056.76
user_9058,Premium Fitness Users,Tier-1 Cities,0,,0.0
user_9059,Impulse Buyers,Tier-3 Cities,0,,0.0
user_9060,Gen-Z Trend Seekers,Tier-1 Cities,0,,0.0
user_9061,Budget Parents,International,0,,0.0
user_9062,Budget Parents,Tier-2 Cities,0,,0.0
user_9063,Budget Parents,Tier-3 Cities,0,,0.0
user_9064,Unknown,Tier-1 Cities,0,,0.0
user_9065,Budget Parents,International,0,,0.0
user_9066,Unknown,Tier-3 Cities,0,,0.0
user_9067,Premium Fitness Users,Tier-2 Cities,0,,0.0
user_9068,Unknown,Tier-1 Cities,0,,0.0
user_9069,Gen-Z Trend Seekers,Tier-1 Cities,0,,0.0
user_9070,Impulse Buyers,Tier-2 Cities,0,,0.0
user_9071,Gen-Z Trend Seekers,International,0,,0.0
user_9072,Premium Fitness Users,Tier-3 Cities,0,,0.0
user_9073,Budget Parents,Tier-1 Cities,0,,0.0
user_9074,Budget Parents,Tier-2 Cities,0,,0.0
user_9075,Unknown,International,0,,0.0
user_9076,Budget Parents,Tier-2 Cities,0,,0.0
user_9077,Premium Fitness Users,Tier-2 Cities,0,,0.0
user_9078,Impulse Buyers,Tier-3 Cities,0,,0.0
user_9079,Premium Fitness Users,Tier-2 Cities,1,2023-09-05 19:19:55,10529.8
user_9080,Unknown,Tier-3 Cities,0,,0.0
user_9081,Gen-Z Trend Seekers,Tier-2 Cities,1,2023-10-27 19:02:29,1650.62
user_9082,Gen-Z Trend Seekers,Tier-2 Cities,0,,0.0
user_9083,Unknown,Tier-2 Cities,0,,0.0
user_9084,Impulse Buyers,International,0,,0.0
user_9085,Impulse Buyers,Tier-2 Cities,0,,0.0
user_9086,Unknown,Tier-1 Cities,0,,0.0
user_9087,Impulse Buyers,Tier-3 Cities,0,,0.0
user_9088,Premium Fitness Users,Tier-3 Cities,0,,0.0
user_9089,Budget Parents,Tier-3 Cities,0,,0.0
user_9090,Gen-Z Trend Seekers,International,0,,0.0
user_9091,Premium Fitness Users,International,0,,0.0
user_9092,Impulse Buyers,Tier-3 Cities,0,,0.0
user_9093,Budget Parents,Tier-3 Cities,0,,0.0
user_9094,Impulse Buyers,Tier-3 Cities,0,,0.0
user_9095,Budget Parents,International,0,,0.0
user_9096,Unknown,Tier-3 Cities,0,,0.0
user_9097,Budget Parents,International,0,,0.0
user_9098,Gen-Z Trend Seekers,Tier-3 Cities,0,,0.0
user_9099,Impulse Buyers,Tier-1 Cities,0,,0.0
user_9100,Premium Fitness Users,Tier-1 Cities,1,2023-11-15 07:05:35,9538.83
user_9101,Budget Parents,Tier-1 Cities,1,2023-02-22 05:22:14,4628.88
user_9102,Gen-Z Trend Seekers,Tier-3 Cities,0,,0.0
user_9103,Gen-Z Trend Seekers,Tier-3 Cities,1,2023-05-08 18:46:49,3688.08
user_9104,Gen-Z Trend Seekers,Tier-3 Cities,0,,0.0
user_9105,Unknown,Tier-1 Cities,0,,0.0
user_9106,Unknown,International,0,,0.0
user_9107,Budget Parents,International,0,,0.0
user_9108,Gen-Z Trend Seekers,International,0,,0.0
user_9109,Gen-Z Trend Seekers,Tier-1 Cities,0,,0.0
user_9110,Budget Parents,International,0,,0.0
user_9111,Impulse Buyers,Tier-1 Cities,0,,0.0
user_9112,Budget Parents,Tier-2 Cities,0,,0.0
user_9113,Impulse Buyers,Tier-2 Cities,0,,0.0
user_9114,Gen-Z Trend Seekers,Tier-1 Cities,0,,0.0
user_9115,Gen-Z Trend Seekers,Tier-2 Cities,0,,0.0
user_9116,Impulse Buyers,International,0,,0.0
user_9117,Budget Parents,Tier-3 Cities,0,,0.0
user_9118,Premium Fitness Users,Tier-3 Cities,0,,0.0
user_9119,Gen-Z Trend Seekers,Tier-2 Cities,0,,0.0
user_9120,Premium Fitness Users,Tier-3 Cities,0,,0.0
user_9121,Premium Fitness Users,Tier-2 Cities,0,,0.0
user_9122,Impulse Buyers,International,0,,0.0
user_9123,Impulse Buyers,Tier-2 Cities,0,,0.0
user_9124,Gen-Z Trend Seekers,Tier-1 Cities,1,2023-06-18 23:01:36,5813.33
user_9125,Unknown,Tier-3 Cities,0,,0.0
user_9126,Gen-Z Trend Seekers,International,0,,0.0
user_9127,Budget Parents,Tier-2 Cities,0,,0.0
user_9128,Impulse Buyers,Tier-2 Cities,1,2024-01-05 05:57:26,3770.28
user_9129,Gen-Z Trend Seekers,International,0,,0.0
user_9130,Gen-Z Trend Seekers,Tier-2 Cities,0,,0.0
user_9131,Unknown,Tier-1 Cities,0,,0.0
user_9132,Unknown,Tier-3 Cities,0,,0.0
user_9133,Budget Parents,Tier-2 Cities,0,,0.0
user_9134,Gen-Z Trend Seekers,Tier-3 Cities,0,,0.0
user_9135,Budget Parents,Tier-1 Cities,0,,0.0
user_9136,Gen-Z Trend Seekers,Tier-1 Cities,1,2023-12-15 13:38:52,2636.92
user_9137,Budget Parents,Tier-2 Cities,0,,0.0
user_9138,Premium Fitness Users,Tier-2 Cities,0,,0.0
user_9139,Budget Parents,Tier-3 Cities,1,2023-07-08 02:59:28,4641.36
user_9140,Gen-Z Trend Seekers,Tier-2 Cities,0,,0.0
user_9141,Impulse Buyers,International,0,,0.0
user_9142,Premium Fitness Users,International,0,,0.0
user_9143,Unknown,International,0,,0.0
user_9144,Premium Fitness Users,Tier-2 Cities,0,,0.0
user_9145,Budget Parents,International,0,,0.0
user_9146,Gen-Z Trend Seekers,Tier-3 Cities,0,,0.0
user_9147,Premium Fitness Users,Tier-1 Cities,1,2023-04-18 13:47:57,6955.23
user_9148,Gen-Z Trend Seekers,Tier-3 Cities,0,,0.0
user_9149,Budget Parents,Tier-3 Cities,0,,0.0
user_9150,Impulse Buyers,Tier-2 Cities,0,,0.0
user_9151,Gen-Z Trend Seekers,Tier-1 Cities,0,,0.0
user_9152,Gen-Z Trend Seekers,Tier-2 Cities,0,,0.0
user_9153,Gen-Z Trend Seekers,Tier-3 Cities,0,,0.0
user_9154,Impulse Buyers,Tier-1 Cities,0,,0.0
user_9155,Budget Parents,Tier-2 Cities,0,,0.0
user_9156,Premium Fitness Users,Tier-3 Cities,0,,0.0
user_9157,Unknown,Tier-2 Cities,0,,0.0
user_9158,Premium Fitness Users,International,1,2023-03-01 13:27:33,12361.3
user_9159,Budget Parents,Tier-3 Cities,0,,0.0
user_9160,Premium Fitness Users,Tier-3 Cities,0,,0.0
user_9161,Gen-Z Trend Seekers,Tier-3 Cities,0,,0.0
user_9162,Budget Parents,International,0,,0.0
user_9163,Gen-Z Trend Seekers,International,0,,0.0
user_9164,Impulse Buyers,Tier-2 Cities,0,,0.0
user_9165,Gen-Z Trend Seekers,Tier-3 Cities,0,,0.0
user_9166,Gen-Z Trend Seekers,Tier-3 Cities,0,,0.0
user_9167,Gen-Z Trend Seekers,Tier-1 Cities,0,,0.0
user_9168,Impulse Buyers,International,0,,0.0
user_9169,Premium Fitness Users,Tier-3 Cities,1,2023-03-11 00:54:17,8424.96
user_9170,Budget Parents,Tier-2 Cities,0,,0.0
user_9171,Gen-Z Trend Seekers,Tier-2 Cities,1,2023-05-18 16:24:33,2409.99
user_9172,Premium Fitness Users,Tier-2 Cities,0,,0.0
user_9173,Unknown,International,0,,0.0
user_9174,Gen-Z Trend Seekers,International,0,,0.0
user_9175,Premium Fitness Users,Tier-1 Cities,0,,0.0
user_9176,Budget Parents,Tier-3 Cities,0,,0.0
user_9177,Gen-Z Trend Seekers,Tier-1 Cities,0,,0.0
user_9178,Budget Parents,Tier-1 Cities,0,,0.0
user_9179,Gen-Z Trend Seekers,International,0,,0.0
user_9180,Gen-Z Trend Seekers,International,0,,0.0
user_9181,Budget Parents,International,0,,0.0
user_9182,Budget Parents,International,0,,0.0
user_9183,Budget Parents,International,0,,0.0
user_9184,Budget Parents,Tier-2 Cities,0,,0.0
user_9185,Premium Fitness Users,Tier-2 Cities,1,2023-03-20 10:59:15,9625.74
user_9186,Gen-Z Trend Seekers,Tier-3 Cities,0,,0.0
user_9187,Gen-Z Trend Seekers,Tier-3 Cities,0,,0.0
user_9188,Premium Fitness Users,International,0,,0.0
user_9189,Unknown,Tier-2 Cities,0,,0.0
user_9190,Budget Parents,Tier-1 Cities,0,,0.0
user_9191,Budget Parents,International,0,,0.0
user_9192,Impulse Buyers,Tier-2 Cities,0,,0.0
user_9193,Impulse Buyers,Tier-1 Cities,0,,0.0
user_9194,Gen-Z Trend Seekers,Tier-2 Cities,0,,0.0
user_9195,Unknown,Tier-2 Cities,0,,0.0
user_9196,Budget Parents,Tier-1 Cities,0,,0.0
user_9197,Unknown,Tier-2 Cities,0,,0.0
user_9198,Unknown,International,0,,0.0
user_9199,Premium Fitness Users,International,0,,0.0
user_9200,Impulse Buyers,Tier-1 Cities,0,,0.0
user_9201,Premium Fitness Users,Tier-2 Cities,0,,0.0
user_9202,Premium Fitness Users,International,0,,0.0
user_9203,Budget Parents,Tier-3 Cities,0,,0.0
user_9204,Gen-Z Trend Seekers,Tier-2 Cities,1,2023-02-15 07:14:17,4723.64
user_9205,Gen-Z Trend Seekers,Tier-1 Cities,0,,0.0
user_9206,Budget Parents,Tier-1 Cities,0,,0.0
user_9207,Impulse Buyers,Tier-1 Cities,0,,0.0
user_9208,Impulse Buyers,Tier-3 Cities,1,2023-09-07 04:13:41,3596.33
user_9209,Impulse Buyers,International,0,,0.0
user_9210,Budget Parents,International,0,,0.0
user_9211,Gen-Z Trend Seekers,International,0,,0.0
user_9212,Budget Parents,Tier-1 Cities,0,,0.0
user_9213,Budget Parents,Tier-2 Cities,0,,0.0
user_9214,Premium Fitness Users,Tier-3 Cities,0,,0.0
user_9215,Premium Fitness Users,Tier-2 Cities,0,,0.0
user_9216,Gen-Z Trend Seekers,Tier-2 Cities,0,,0.0
user_9217,Premium Fitness Users,Tier-3 Cities,0,,0.0
user_9218,Gen-Z Trend Seekers,Tier-1 Cities,0,,0.0
user_9219,Gen-Z Trend Seekers,Tier-1 Cities,0,,0.0
user_9220,Premium Fitness Users,Tier-1 Cities,0,,0.0
user_9221,Unknown,Tier-1 Cities,0,,0.0
user_9222,Budget Parents,Tier-2 Cities,0,,0.0
user_9223,Budget Parents,Tier-3 Cities,0,,0.0
user_9224,Unknown,Tier-3 Cities,0,,0.0
user_9225,Gen-Z Trend Seekers,International,1,2023-02-24 17:12:43,2233.25
user_9226,Gen-Z Trend Seekers,International,0,,0.0
user_9227,Budget Parents,International,0,,0.0
user_9228,Budget Parents,Tier-2 Cities,0,,0.0
user_9229,Premium Fitness Users,Tier-3 Cities,0,,0.0
user_9230,Impulse Buyers,Tier-2 Cities,0,,0.0
user_9231,Premium Fitness Users,Tier-1 Cities,0,,0.0
user_9232,Gen-Z Trend Seekers,Tier-1 Cities,0,,0.0
user_9233,Budget Parents,Tier-1 Cities,0,,0.0
user_9234,Budget Parents,Tier-1 Cities,0,,0.0
user_9235,Budget Parents,Tier-1 Cities,1,2023-03-01 11:28:26,2077.23
user_9236,Impulse Buyers,Tier-1 Cities,0,,0.0
user_9237,Gen-Z Trend Seekers,International,0,,0.0
user_9238,Premium Fitness Users,Tier-2 Cities,0,,0.0
user_9239,Gen-Z Trend Seekers,Tier-3 Cities,0,,0.0
user_9240,Unknown,Tier-2 Cities,0,,0.0
user_9241,Gen-Z Trend Seekers,Tier-1 Cities,0,,0.0
user_9242,Budget Parents,Tier-2 Cities,0,,0.0
user_9243,Impulse Buyers,Tier-3 Cities,0,,0.0
user_9244,Gen-Z Trend Seekers,Tier-2 Cities,0,,0.0
user_9245,Premium Fitness Users,Tier-3 Cities,0,,0.0
user_9246,Unknown,Tier-2 Cities,0,,0.0
user_9247,Impulse Buyers,Tier-3 Cities,0,,0.0
user_9248,Impulse Buyers,International,0,,0.0
user_9249,Budget Parents,Tier-1 Cities,0,,0.0
user_9250,Unknown,International,0,,0.0
user_9251,Impulse Buyers,Tier-3 Cities,1,2023-10-12 21:44:29,2757.89
user_9252,Gen-Z Trend Seekers,Tier-1 Cities,0,,0.0
user_9253,Impulse Buyers,Tier-2 Cities,0,,0.0
user_9254,Gen-Z Trend Seekers,Tier-3 Cities,0,,0.0
user_9255,Impulse Buyers,International,0,,0.0
user_9256,Impulse Buyers,Tier-2 Cities,0,,0.0
user_9257,Impulse Buyers,Tier-2 Cities,0,,0.0
user_9258,Budget Parents,Tier-3 Cities,0,,0.0
user_9259,Gen-Z Trend Seekers,Tier-2 Cities,1,2023-09-24 09:02:38,1596.21
user_9260,Unknown,Tier-3 Cities,0,,0.0
user_9261,Budget Parents,International,1,2023-08-22 14:05:16,2266.47
user_9262,Impulse Buyers,Tier-2 Cities,0,,0.0
user_9263,Impulse Buyers,Tier-2 Cities,0,,0.0
user_9264,Budget Parents,Tier-1 Cities,1,2023-11-12 16:03:29,3044.66
user_9265,Impulse Buyers,Tier-2 Cities,0,,0.0
user_9266,Gen-Z Trend Seekers,Tier-3 Cities,0,,0.0
user_9267,Gen-Z Trend Seekers,Tier-1 Cities,0,,0.0
user_9268,Impulse Buyers,Tier-1 Cities,0,,0.0
user_9269,Budget Parents,International,0,,0.0
user_9270,Gen-Z Trend Seekers,Tier-2 Cities,0,,0.0
user_9271,Budget Parents,Tier-2 Cities,0,,0.0
user_9272,Unknown,International,0,,0.0
user_9273,Impulse Buyers,Tier-2 Cities,0,,0.0
user_9274,Gen-Z Trend Seekers,Tier-3 Cities,1,2023-06-19 23:15:49,1841.5
user_9275,Impulse Buyers,Tier-1 Cities,0,,0.0
user_9276,Impulse Buyers,Tier-2 Cities,0,,0.0
user_9277,Premium Fitness Users,International,0,,0.0
user_9278,Impulse Buyers,International,0,,0.0
user_9279,Gen-Z Trend Seekers,Tier-2 Cities,0,,0.0
user_9280,Gen-Z Trend Seekers,Tier-3 Cities,0,,0.0
user_9281,Gen-Z Trend Seekers,Tier-1 Cities,0,,0.0
user_9282,Impulse Buyers,International,0,,0.0
user_9283,Gen-Z Trend Seekers,International,0,,0.0
user_9284,Impulse Buyers,International,0,,0.0
user_9285,Premium Fitness Users,Tier-3 Cities,1,2023-04-27 10:44:52,4057.54
user_9286,Impulse Buyers,Tier-2 Cities,0,,0.0
user_9287,Gen-Z Trend Seekers,Tier-2 Cities,0,,0.0
user_9288,Budget Parents,Tier-1 Cities,0,,0.0
user_9289,Budget Parents,Tier-2 Cities,0,,0.0
user_9290,Impulse Buyers,International,1,2023-09-21 18:19:05,3646.93
user_9291,Impulse Buyers,Tier-2 Cities,1,2023-10-15 22:06:53,1781.08
user_9292,Unknown,Tier-2 Cities,0,,0.0
user_9293,Premium Fitness Users,Tier-1 Cities,0,,0.0
user_9294,Impulse Buyers,Tier-2 Cities,0,,0.0
user_9295,Unknown,Tier-3 Cities,0,,0.0
user_9296,Impulse Buyers,International,0,,0.0
user_9297,Budget Parents,Tier-2 Cities,1,2023-05-16 01:44:56,3456.03
user_9298,Premium Fitness Users,Tier-1 Cities,0,,0.0
user_9299,Gen-Z Trend Seekers,Tier-3 Cities,0,,0.0
user_9300,Premium Fitness Users,International,0,,0.0
user_9301,Impulse Buyers,Tier-2 Cities,0,,0.0
user_9302,Budget Parents,Tier-2 Cities,0,,0.0
user_9303,Gen-Z Trend Seekers,Tier-2 Cities,0,,0.0
user_9304,Budget Parents,International,0,,0.0
user_9305,Budget Parents,International,0,,0.0
user_9306,Impulse Buyers,Tier-3 Cities,1,2023-09-21 07:20:35,2070.99
user_9307,Budget Parents,International,0,,0.0
user_9308,Gen-Z Trend Seekers,Tier-1 Cities,0,,0.0
user_9309,Impulse Buyers,Tier-1 Cities,0,,0.0
user_9310,Premium Fitness Users,International,0,,0.0
user_9311,Impulse Buyers,Tier-1 Cities,0,,0.0
user_9312,Gen-Z Trend Seekers,Tier-3 Cities,0,,0.0
user_9313,Budget Parents,Tier-3 Cities,0,,0.0
user_9314,Budget Parents,International,0,,0.0
user_9315,Impulse Buyers,International,0,,0.0
user_9316,Unknown,Tier-2 Cities,0,,0.0
user_9317,Impulse Buyers,Tier-3 Cities,0,,0.0
user_9318,Impulse Buyers,Tier-2 Cities,0,,0.0
user_9319,Gen-Z Trend Seekers,Tier-3 Cities,1,2023-05-30 13:43:22,3021.28
user_9320,Impulse Buyers,Tier-3 Cities,0,,0.0
user_9321,Budget Parents,International,1,2024-01-11 21:35:55,3346.44
user_9322,Gen-Z Trend Seekers,Tier-1 Cities,0,,0.0
user_9323,Gen-Z Trend Seekers,Tier-1 Cities,0,,0.0
user_9324,Unknown,Tier-3 Cities,0,,0.0
user_9325,Unknown,Tier-3 Cities,0,,0.0
user_9326,Budget Parents,Tier-2 Cities,1,2023-08-14 15:03:01,2302.54
user_9327,Gen-Z Trend Seekers,Tier-2 Cities,0,,0.0
user_9328,Budget Parents,Tier-1 Cities,0,,0.0
user_9329,Gen-Z Trend Seekers,Tier-3 Cities,1,2024-01-01 15:04:16,4660.97
user_9330,Gen-Z Trend Seekers,International,0,,0.0
user_9331,Budget Parents,Tier-2 Cities,0,,0.0
user_9332,Gen-Z Trend Seekers,International,0,,0.0
user_9333,Unknown,Tier-1 Cities,0,,0.0
user_9334,Gen-Z Trend Seekers,International,0,,0.0
user_9335,Premium Fitness Users,Tier-1 Cities,0,,0.0
user_9336,Unknown,Tier-1 Cities,0,,0.0
user_9337,Gen-Z Trend Seekers,International,0,,0.0
user_9338,Budget Parents,Tier-2 Cities,0,,0.0
user_9339,Gen-Z Trend Seekers,Tier-1 Cities,0,,0.0
user_9340,Premium Fitness Users,Tier-1 Cities,0,,0.0
user_9341,Impulse Buyers,Tier-2 Cities,0,,0.0
user_9342,Gen-Z Trend Seekers,International,0,,0.0
user_9343,Gen-Z Trend Seekers,Tier-2 Cities,0,,0.0
user_9344,Gen-Z Trend Seekers,Tier-2 Cities,0,,0.0
user_9345,Gen-Z Trend Seekers,Tier-3 Cities,0,,0.0
user_9346,Budget Parents,International,1,2023-07-17 01:18:44,5853.59
user_9347,Budget Parents,International,1,2023-05-24 22:11:29,2362.65
user_9348,Budget Parents,Tier-3 Cities,0,,0.0
user_9349,Impulse Buyers,Tier-2 Cities,0,,0.0
user_9350,Gen-Z Trend Seekers,International,0,,0.0
user_9351,Impulse Buyers,International,0,,0.0
user_9352,Gen-Z Trend Seekers,Tier-2 Cities,1,2024-01-08 05:03:11,4265.12
user_9353,Premium Fitness Users,International,1,2023-10-22 09:52:07,9012.55
user_9354,Impulse Buyers,Tier-3 Cities,0,,0.0
user_9355,Unknown,Tier-1 Cities,0,,0.0
user_9356,Premium Fitness Users,Tier-3 Cities,0,,0.0
user_9357,Premium Fitness Users,Tier-2 Cities,0,,0.0
user_9358,Budget Parents,Tier-1 Cities,0,,0.0
user_9359,Impulse Buyers,Tier-3 Cities,0,,0.0
user_9360,Budget Parents,Tier-3 Cities,0,,0.0
user_9361,Premium Fitness Users,Tier-3 Cities,0,,0.0
user_9362,Budget Parents,International,0,,0.0
user_9363,Impulse Buyers,Tier-1 Cities,0,,0.0
user_9364,Impulse Buyers,Tier-1 Cities,0,,0.0
user_9365,Gen-Z Trend Seekers,Tier-1 Cities,0,,0.0
user_9366,Premium Fitness Users,Tier-1 Cities,0,,0.0
user_9367,Budget Parents,International,0,,0.0
user_9368,Unknown,International,0,,0.0
user_9369,Budget Parents,International,0,,0.0
user_9370,Unknown,International,0,,0.0
user_9371,Budget Parents,Tier-3 Cities,0,,0.0
user_9372,Impulse Buyers,Tier-2 Cities,0,,0.0
user_9373,Premium Fitness Users,Tier-1 Cities,0,,0.0
user_9374,Premium Fitness Users,Tier-3 Cities,0,,0.0
user_9375,Budget Parents,Tier-1 Cities,0,,0.0
user_9376,Premium Fitness Users,Tier-2 Cities,1,2023-08-28 20:40:18,9508.65
user_9377,Gen-Z Trend Seekers,Tier-1 Cities,0,,0.0
user_9378,Gen-Z Trend Seekers,Tier-3 Cities,1,2023-09-08 08:43:08,4014.85
user_9379,Impulse Buyers,Tier-1 Cities,0,,0.0
user_9380,Gen-Z Trend Seekers,Tier-3 Cities,0,,0.0
user_9381,Impulse Buyers,Tier-2 Cities,0,,0.0
user_9382,Impulse Buyers,Tier-2 Cities,0,,0.0
user_9383,Impulse Buyers,Tier-1 Cities,0,,0.0
user_9384,Impulse Buyers,Tier-1 Cities,0,,0.0
user_9385,Gen-Z Trend Seekers,Tier-3 Cities,0,,0.0
user_9386,Budget Parents,Tier-3 Cities,0,,0.0
user_9387,Budget Parents,Tier-1 Cities,0,,0.0
user_9388,Premium Fitness Users,Tier-3 Cities,0,,0.0
user_9389,Budget Parents,Tier-2 Cities,1,2023-03-08 08:28:50,2969.21
user_9390,Budget Parents,Tier-1 Cities,0,,0.0
user_9391,Budget Parents,International,0,,0.0
user_9392,Impulse Buyers,Tier-3 Cities,0,,0.0
user_9393,Budget Parents,Tier-1 Cities,0,,0.0
user_9394,Impulse Buyers,Tier-1 Cities,0,,0.0
user_9395,Premium Fitness Users,Tier-2 Cities,0,,0.0
user_9396,Impulse Buyers,Tier-1 Cities,0,,0.0
user_9397,Impulse Buyers,Tier-2 Cities,1,2023-11-29 21:47:41,1393.45
user_9398,Gen-Z Trend Seekers,Tier-2 Cities,0,,0.0
user_9399,Premium Fitness Users,Tier-2 Cities,0,,0.0
user_9400,Premium Fitness Users,Tier-3 Cities,0,,0.0
user_9401,Gen-Z Trend Seekers,International,0,,0.0
user_9402,Premium Fitness Users,Tier-2 Cities,1,2023-07-07 13:54:46,2819.95
user_9403,Gen-Z Trend Seekers,International,0,,0.0
user_9404,Budget Parents,International,1,2023-05-10 21:15:14,5429.41
user_9405,Unknown,International,0,,0.0
user_9406,Gen-Z Trend Seekers,International,1,2023-02-24 10:23:23,2357.69
user_9407,Gen-Z Trend Seekers,Tier-1 Cities,0,,0.0
user_9408,Budget Parents,Tier-3 Cities,0,,0.0
user_9409,Impulse Buyers,Tier-1 Cities,0,,0.0
user_9410,Impulse Buyers,International,0,,0.0
user_9411,Budget Parents,Tier-2 Cities,0,,0.0
user_9412,Gen-Z Trend Seekers,Tier-3 Cities,0,,0.0
user_9413,Budget Parents,International,0,,0.0
user_9414,Impulse Buyers,Tier-1 Cities,0,,0.0
user_9415,Gen-Z Trend Seekers,International,0,,0.0
user_9416,Budget Parents,Tier-2 Cities,0,,0.0
user_9417,Unknown,Tier-2 Cities,0,,0.0
user_9418,Impulse Buyers,Tier-3 Cities,0,,0.0
user_9419,Budget Parents,Tier-2 Cities,0,,0.0
user_9420,Gen-Z Trend Seekers,International,0,,0.0
user_9421,Budget Parents,International,0,,0.0
user_9422,Budget Parents,Tier-3 Cities,0,,0.0
user_9423,Gen-Z Trend Seekers,Tier-1 Cities,0,,0.0
user_9424,Unknown,Tier-1 Cities,0,,0.0
user_9425,Premium Fitness Users,Tier-2 Cities,0,,0.0
user_9426,Impulse Buyers,Tier-2 Cities,0,,0.0
user_9427,Gen-Z Trend Seekers,International,0,,0.0
user_9428,Budget Parents,Tier-2 Cities,0,,0.0
user_9429,Budget Parents,Tier-2 Cities,0,,0.0
user_9430,Premium Fitness Users,Tier-3 Cities,0,,0.0
user_9431,Unknown,International,0,,0.0
user_9432,Unknown,International,0,,0.0
user_9433,Unknown,Tier-1 Cities,0,,0.0
user_9434,Gen-Z Trend Seekers,Tier-2 Cities,0,,0.0
user_9435,Premium Fitness Users,Tier-1 Cities,0,,0.0
user_9436,Gen-Z Trend Seekers,Tier-3 Cities,0,,0.0
user_9437,Impulse Buyers,International,0,,0.0
user_9438,Gen-Z Trend Seekers,Tier-3 Cities,0,,0.0
user_9439,Gen-Z Trend Seekers,International,0,,0.0
user_9440,Unknown,Tier-3 Cities,0,,0.0
user_9441,Unknown,International,0,,0.0
user_9442,Budget Parents,Tier-3 Cities,0,,0.0
user_9443,Premium Fitness Users,Tier-2 Cities,0,,0.0
user_9444,Impulse Buyers,International,0,,0.0
user_9445,Gen-Z Trend Seekers,Tier-3 Cities,0,,0.0
user_9446,Unknown,Tier-1 Cities,0,,0.0
user_9447,Impulse Buyers,Tier-2 Cities,0,,0.0
user_9448,Premium Fitness Users,Tier-2 Cities,0,,0.0
user_9449,Impulse Buyers,Tier-1 Cities,0,,0.0
user_9450,Impulse Buyers,International,0,,0.0
user_9451,Gen-Z Trend Seekers,Tier-2 Cities,0,,0.0
user_9452,Impulse Buyers,International,0,,0.0
user_9453,Unknown,International,0,,0.0
user_9454,Impulse Buyers,Tier-2 Cities,0,,0.0
user_9455,Premium Fitness Users,Tier-1 Cities,0,,0.0
user_9456,Premium Fitness Users,Tier-3 Cities,0,,0.0
user_9457,Premium Fitness Users,Tier-3 Cities,0,,0.0
user_9458,Budget Parents,Tier-3 Cities,0,,0.0
user_9459,Unknown,Tier-1 Cities,0,,0.0
user_9460,Premium Fitness Users,Tier-1 Cities,0,,0.0
user_9461,Budget Parents,International,0,,0.0
user_9462,Impulse Buyers,Tier-1 Cities,0,,0.0
user_9463,Gen-Z Trend Seekers,Tier-1 Cities,0,,0.0
user_9464,Premium Fitness Users,International,0,,0.0
user_9465,Gen-Z Trend Seekers,Tier-3 Cities,0,,0.0
user_9466,Gen-Z Trend Seekers,Tier-1 Cities,0,,0.0
user_9467,Gen-Z Trend Seekers,Tier-3 Cities,0,,0.0
user_9468,Gen-Z Trend Seekers,Tier-1 Cities,0,,0.0
user_9469,Gen-Z Trend Seekers,International,0,,0.0
user_9470,Premium Fitness Users,Tier-1 Cities,1,2023-07-02 22:28:23,5928.35
user_9471,Premium Fitness Users,Tier-2 Cities,0,,0.0
user_9472,Premium Fitness Users,Tier-1 Cities,0,,0.0
user_9473,Premium Fitness Users,Tier-2 Cities,1,2023-06-27 11:32:16,9314.74
user_9474,Budget Parents,Tier-3 Cities,1,2023-08-12 08:15:55,1986.78
user_9475,Impulse Buyers,Tier-1 Cities,1,2023-08-19 17:09:21,3104.72
user_9476,Impulse Buyers,Tier-1 Cities,0,,0.0
user_9477,Impulse Buyers,Tier-3 Cities,0,,0.0
user_9478,Budget Parents,Tier-3 Cities,0,,0.0
user_9479,Budget Parents,Tier-1 Cities,0,,0.0
user_9480,Impulse Buyers,Tier-2 Cities,0,,0.0
user_9481,Unknown,Tier-3 Cities,0,,0.0
user_9482,Budget Parents,Tier-2 Cities,0,,0.0
user_9483,Gen-Z Trend Seekers,Tier-2 Cities,0,,0.0
user_9484,Budget Parents,Tier-1 Cities,0,,0.0
user_9485,Unknown,International,0,,0.0
user_9486,Gen-Z Trend Seekers,Tier-2 Cities,0,,0.0
user_9487,Impulse Buyers,Tier-2 Cities,0,,0.0
user_9488,Impulse Buyers,International,0,,0.0
user_9489,Unknown,Tier-3 Cities,0,,0.0
user_9490,Premium Fitness Users,Tier-1 Cities,0,,0.0
user_9491,Premium Fitness Users,International,0,,0.0
user_9492,Gen-Z Trend Seekers,Tier-1 Cities,0,,0.0
user_9493,Premium Fitness Users,Tier-3 Cities,0,,0.0
user_9494,Gen-Z Trend Seekers,International,1,2023-05-28 08:17:30,4553.71
user_9495,Unknown,Tier-1 Cities,0,,0.0
user_9496,Gen-Z Trend Seekers,Tier-3 Cities,0,,0.0
user_9497,Budget Parents,Tier-2 Cities,0,,0.0
user_9498,Impulse Buyers,Tier-2 Cities,0,,0.0
user_9499,Budget Parents,International,0,,0.0
user_9500,Impulse Buyers,Tier-1 Cities,0,,0.0
user_9501,Unknown,International,0,,0.0
user_9502,Unknown,Tier-1 Cities,0,,0.0
user_9503,Budget Parents,International,0,,0.0
user_9504,Gen-Z Trend Seekers,Tier-3 Cities,0,,0.0
user_9505,Budget Parents,Tier-1 Cities,0,,0.0
user_9506,Impulse Buyers,International,0,,0.0
user_9507,Budget Parents,Tier-1 Cities,1,2023-08-17 18:29:31,3631.49
user_9508,Gen-Z Trend Seekers,Tier-2 Cities,0,,0.0
user_9509,Gen-Z Trend Seekers,International,0,,0.0
user_9510,Premium Fitness Users,Tier-2 Cities,0,,0.0
user_9511,Budget Parents,Tier-1 Cities,0,,0.0
user_9512,Unknown,Tier-2 Cities,0,,0.0
user_9513,Gen-Z Trend Seekers,Tier-2 Cities,0,,0.0
user_9514,Premium Fitness Users,Tier-3 Cities,1,2023-12-31 15:38:30,6055.81
user_9515,Premium Fitness Users,International,0,,0.0
user_9516,Gen-Z Trend Seekers,Tier-1 Cities,1,2023-08-22 01:20:39,1290.19
user_9517,Impulse Buyers,Tier-1 Cities,0,,0.0
user_9518,Premium Fitness Users,Tier-1 Cities,0,,0.0
user_9519,Impulse Buyers,Tier-2 Cities,0,,0.0
user_9520,Premium Fitness Users,Tier-3 Cities,1,2023-07-25 07:26:32,7171.73
user_9521,Premium Fitness Users,Tier-3 Cities,0,,0.0
user_9522,Budget Parents,Tier-2 Cities,0,,0.0
user_9523,Budget Parents,International,0,,0.0
user_9524,Gen-Z Trend Seekers,Tier-1 Cities,0,,0.0
user_9525,Premium Fitness Users,Tier-2 Cities,0,,0.0
user_9526,Premium Fitness Users,Tier-2 Cities,0,,0.0
user_9527,Gen-Z Trend Seekers,Tier-1 Cities,0,,0.0
user_9528,Unknown,Tier-3 Cities,0,,0.0
user_9529,Budget Parents,Tier-2 Cities,0,,0.0
user_9530,Premium Fitness Users,Tier-2 Cities,0,,0.0
user_9531,Budget Parents,International,0,,0.0
user_9532,Budget Parents,Tier-3 Cities,0,,0.0
user_9533,Premium Fitness Users,Tier-3 Cities,0,,0.0
user_9534,Budget Parents,Tier-3 Cities,0,,0.0
user_9535,Budget Parents,Tier-2 Cities,0,,0.0
user_9536,Budget Parents,Tier-3 Cities,0,,0.0
user_9537,Impulse Buyers,Tier-2 Cities,0,,0.0
user_9538,Impulse Buyers,Tier-1 Cities,0,,0.0
user_9539,Gen-Z Trend Seekers,Tier-2 Cities,0,,0.0
user_9540,Premium Fitness Users,Tier-1 Cities,0,,0.0
user_9541,Impulse Buyers,International,0,,0.0
user_9542,Premium Fitness Users,Tier-1 Cities,0,,0.0
user_9543,Unknown,Tier-2 Cities,0,,0.0
user_9544,Premium Fitness Users,Tier-1 Cities,0,,0.0
user_9545,Impulse Buyers,Tier-3 Cities,0,,0.0
user_9546,Gen-Z Trend Seekers,Tier-2 Cities,0,,0.0
user_9547,Budget Parents,International,1,2023-11-25 12:37:41,5896.26
user_9548,Premium Fitness Users,Tier-1 Cities,0,,0.0
user_9549,Budget Parents,Tier-2 Cities,0,,0.0
user_9550,Impulse Buyers,Tier-2 Cities,0,,0.0
user_9551,Budget Parents,International,0,,0.0
user_9552,Budget Parents,International,0,,0.0
user_9553,Gen-Z Trend Seekers,International,0,,0.0
user_9554,Unknown,Tier-2 Cities,0,,0.0
user_9555,Gen-Z Trend Seekers,Tier-2 Cities,0,,0.0
user_9556,Budget Parents,Tier-3 Cities,0,,0.0
user_9557,Gen-Z Trend Seekers,Tier-3 Cities,0,,0.0
user_9558,Budget Parents,Tier-3 Cities,0,,0.0
user_9559,Premium Fitness Users,International,0,,0.0
user_9560,Unknown,Tier-3 Cities,0,,0.0
user_9561,Premium Fitness Users,Tier-2 Cities,0,,0.0
user_9562,Unknown,Tier-2 Cities,0,,0.0
user_9563,Gen-Z Trend Seekers,Tier-2 Cities,0,,0.0
user_9564,Gen-Z Trend Seekers,Tier-1 Cities,1,2023-08-23 15:10:03,5404.35
user_9565,Budget Parents,Tier-1 Cities,0,,0.0
user_9566,Gen-Z Trend Seekers,International,0,,0.0
user_9567,Budget Parents,Tier-1 Cities,0,,0.0
user_9568,Impulse Buyers,Tier-3 Cities,0,,0.0
user_9569,Unknown,International,0,,0.0
user_9570,Gen-Z Trend Seekers,Tier-1 Cities,0,,0.0
user_9571,Unknown,International,0,,0.0
user_9572,Gen-Z Trend Seekers,International,0,,0.0
user_9573,Gen-Z Trend Seekers,Tier-3 Cities,0,,0.0
user_9574,Premium Fitness Users,Tier-3 Cities,1,2023-08-28 19:22:14,10433.08
user_9575,Budget Parents,Tier-1 Cities,0,,0.0
user_9576,Impulse Buyers,International,0,,0.0
user_9577,Unknown,Tier-1 Cities,0,,0.0
user_9578,Premium Fitness Users,Tier-1 Cities,0,,0.0
user_9579,Impulse Buyers,Tier-3 Cities,1,2023-10-07 11:58:58,945.85
user_9580,Gen-Z Trend Seekers,Tier-2 Cities,0,,0.0
user_9581,Gen-Z Trend Seekers,Tier-2 Cities,0,,0.0
user_9582,Premium Fitness Users,Tier-3 Cities,0,,0.0
user_9583,Budget Parents,Tier-3 Cities,0,,0.0
user_9584,Gen-Z Trend Seekers,Tier-2 Cities,0,,0.0
user_9585,Premium Fitness Users,Tier-3 Cities,0,,0.0
user_9586,Gen-Z Trend Seekers,Tier-3 Cities,0,,0.0
user_9587,Impulse Buyers,Tier-1 Cities,0,,0.0
user_9588,Impulse Buyers,Tier-3 Cities,0,,0.0
user_9589,Premium Fitness Users,Tier-1 Cities,0,,0.0
user_9590,Unknown,Tier-2 Cities,0,,0.0
user_9591,Gen-Z Trend Seekers,Tier-2 Cities,0,,0.0
user_9592,Premium Fitness Users,Tier-3 Cities,0,,0.0
user_9593,Budget Parents,Tier-3 Cities,0,,0.0
user_9594,Premium Fitness Users,Tier-3 Cities,0,,0.0
user_9595,Budget Parents,Tier-3 Cities,0,,0.0
user_9596,Budget Parents,Tier-3 Cities,0,,0.0
user_9597,Gen-Z Trend Seekers,International,1,2023-03-17 01:39:42,4632.44
user_9598,Gen-Z Trend Seekers,International,0,,0.0
user_9599,Budget Parents,International,0,,0.0
user_9600,Budget Parents,International,0,,0.0
user_9601,Budget Parents,Tier-2 Cities,0,,0.0
user_9602,Budget Parents,Tier-3 Cities,0,,0.0
user_9603,Gen-Z Trend Seekers,International,0,,0.0
user_9604,Gen-Z Trend Seekers,Tier-3 Cities,0,,0.0
user_9605,Impulse Buyers,International,0,,0.0
user_9606,Budget Parents,Tier-3 Cities,1,2023-05-04 15:49:38,7471.54
user_9607,Unknown,Tier-1 Cities,0,,0.0
user_9608,Premium Fitness Users,Tier-1 Cities,0,,0.0
user_9609,Gen-Z Trend Seekers,International,0,,0.0
user_9610,Impulse Buyers,Tier-1 Cities,0,,0.0
user_9611,Gen-Z Trend Seekers,Tier-3 Cities,0,,0.0
user_9612,Premium Fitness Users,International,1,2023-06-30 05:28:55,6040.14
user_9613,Gen-Z Trend Seekers,Tier-3 Cities,0,,0.0
user_9614,Premium Fitness Users,Tier-2 Cities,0,,0.0
user_9615,Budget Parents,International,0,,0.0
user_9616,Unknown,Tier-2 Cities,0,,0.0
user_9617,Budget Parents,International,0,,0.0
user_9618,Gen-Z Trend Seekers,Tier-3 Cities,0,,0.0
user_9619,Unknown,Tier-3 Cities,0,,0.0
user_9620,Impulse Buyers,Tier-1 Cities,0,,0.0
user_9621,Premium Fitness Users,Tier-1 Cities,1,2023-10-09 22:52:16,9964.37
user_9622,Unknown,Tier-1 Cities,0,,0.0
user_9623,Impulse Buyers,Tier-2 Cities,0,,0.0
user_9624,Gen-Z Trend Seekers,Tier-3 Cities,0,,0.0
user_9625,Gen-Z Trend Seekers,Tier-1 Cities,0,,0.0
user_9626,Unknown,Tier-2 Cities,0,,0.0
user_9627,Premium Fitness Users,Tier-1 Cities,0,,0.0
user_9628,Impulse Buyers,International,1,2023-06-04 10:22:59,3931.5
user_9629,Gen-Z Trend Seekers,Tier-3 Cities,0,,0.0
user_9630,Gen-Z Trend Seekers,Tier-2 Cities,0,,0.0
user_9631,Gen-Z Trend Seekers,Tier-3 Cities,0,,0.0
user_9632,Budget Parents,International,0,,0.0
user_9633,Gen-Z Trend Seekers,Tier-2 Cities,0,,0.0
user_9634,Premium Fitness Users,International,0,,0.0
user_9635,Gen-Z Trend Seekers,Tier-2 Cities,0,,0.0
user_9636,Premium Fitness Users,International,0,,0.0
user_9637,Budget Parents,International,0,,0.0
user_9638,Unknown,Tier-2 Cities,0,,0.0
user_9639,Budget Parents,Tier-3 Cities,0,,0.0
user_9640,Impulse Buyers,International,0,,0.0
user_9641,Unknown,Tier-3 Cities,0,,0.0
user_9642,Unknown,Tier-2 Cities,0,,0.0
user_9643,Budget Parents,Tier-2 Cities,0,,0.0
user_9644,Budget Parents,Tier-1 Cities,0,,0.0
user_9645,Premium Fitness Users,Tier-1 Cities,0,,0.0
user_9646,Gen-Z Trend Seekers,Tier-1 Cities,0,,0.0
user_9647,Unknown,Tier-2 Cities,0,,0.0
user_9648,Gen-Z Trend Seekers,International,0,,0.0
user_9649,Budget Parents,Tier-2 Cities,1,2023-07-11 23:26:37,3084.31
user_9650,Premium Fitness Users,Tier-3 Cities,0,,0.0
user_9651,Premium Fitness Users,Tier-1 Cities,0,,0.0
user_9652,Impulse Buyers,International,1,2023-05-28 00:41:26,2368.39
user_9653,Impulse Buyers,Tier-2 Cities,0,,0.0
user_9654,Unknown,Tier-1 Cities,0,,0.0
user_9655,Premium Fitness Users,International,0,,0.0
user_9656,Impulse Buyers,Tier-3 Cities,0,,0.0
user_9657,Gen-Z Trend Seekers,Tier-3 Cities,0,,0.0
user_9658,Gen-Z Trend Seekers,Tier-2 Cities,0,,0.0
user_9659,Unknown,Tier-2 Cities,0,,0.0
user_9660,Budget Parents,Tier-1 Cities,0,,0.0
user_9661,Budget Parents,International,0,,0.0
user_9662,Impulse Buyers,Tier-3 Cities,0,,0.0
user_9663,Unknown,International,0,,0.0
user_9664,Impulse Buyers,Tier-2 Cities,0,,0.0
user_9665,Impulse Buyers,Tier-3 Cities,0,,0.0
user_9666,Gen-Z Trend Seekers,International,0,,0.0
user_9667,Premium Fitness Users,Tier-2 Cities,0,,0.0
user_9668,Gen-Z Trend Seekers,International,0,,0.0
user_9669,Unknown,International,0,,0.0
user_9670,Impulse Buyers,Tier-2 Cities,0,,0.0
user_9671,Premium Fitness Users,International,0,,0.0
user_9672,Impulse Buyers,Tier-2 Cities,0,,0.0
user_9673,Budget Parents,Tier-2 Cities,0,,0.0
user_9674,Unknown,International,0,,0.0
user_9675,Premium Fitness Users,Tier-1 Cities,1,2023-08-16 06:43:16,10966.64
user_9676,Impulse Buyers,Tier-1 Cities,0,,0.0
user_9677,Premium Fitness Users,International,1,2023-09-27 14:35:56,10310.53
user_9678,Impulse Buyers,Tier-1 Cities,0,,0.0
user_9679,Gen-Z Trend Seekers,Tier-1 Cities,0,,0.0
user_9680,Gen-Z Trend Seekers,Tier-2 Cities,0,,0.0
user_9681,Premium Fitness Users,Tier-2 Cities,0,,0.0
user_9682,Premium Fitness Users,Tier-2 Cities,0,,0.0
user_9683,Gen-Z Trend Seekers,Tier-3 Cities,0,,0.0
user_9684,Budget Parents,Tier-1 Cities,0,,0.0
user_9685,Impulse Buyers,Tier-1 Cities,0,,0.0
user_9686,Impulse Buyers,Tier-3 Cities,0,,0.0
user_9687,Budget Parents,International,0,,0.0
user_9688,Gen-Z Trend Seekers,Tier-1 Cities,0,,0.0
user_9689,Budget Parents,Tier-2 Cities,0,,0.0
user_9690,Gen-Z Trend Seekers,Tier-3 Cities,0,,0.0
user_9691,Gen-Z Trend Seekers,International,0,,0.0
user_9692,Gen-Z Trend Seekers,International,0,,0.0
user_9693,Budget Parents,Tier-1 Cities,0,,0.0
user_9694,Premium Fitness Users,International,0,,0.0
user_9695,Premium Fitness Users,Tier-3 Cities,0,,0.0
user_9696,Premium Fitness Users,International,0,,0.0
user_9697,Unknown,Tier-2 Cities,0,,0.0
user_9698,Budget Parents,Tier-1 Cities,0,,0.0
user_9699,Impulse Buyers,Tier-3 Cities,1,2023-12-01 17:55:02,2320.76
user_9700,Unknown,Tier-3 Cities,0,,0.0
user_9701,Budget Parents,Tier-2 Cities,0,,0.0
user_9702,Impulse Buyers,Tier-1 Cities,0,,0.0
user_9703,Budget Parents,Tier-3 Cities,0,,0.0
user_9704,Impulse Buyers,Tier-2 Cities,1,2023-07-19 06:35:20,3399.0
user_9705,Gen-Z Trend Seekers,Tier-1 Cities,1,2023-05-17 18:35:23,4860.85
user_9706,Impulse Buyers,Tier-1 Cities,0,,0.0
user_9707,Unknown,International,0,,0.0
user_9708,Premium Fitness Users,Tier-2 Cities,0,,0.0
user_9709,Premium Fitness Users,Tier-1 Cities,0,,0.0
user_9710,Budget Parents,International,0,,0.0
user_9711,Premium Fitness Users,Tier-1 Cities,1,2023-07-05 16:25:56,3800.94
user_9712,Budget Parents,International,0,,0.0
user_9713,Budget Parents,Tier-1 Cities,0,,0.0
user_9714,Gen-Z Trend Seekers,International,0,,0.0
user_9715,Impulse Buyers,Tier-2 Cities,0,,0.0
user_9716,Gen-Z Trend Seekers,Tier-3 Cities,0,,0.0
user_9717,Impulse Buyers,Tier-2 Cities,0,,0.0
user_9718,Budget Parents,Tier-3 Cities,0,,0.0
user_9719,Premium Fitness Users,Tier-3 Cities,0,,0.0
user_9720,Gen-Z Trend Seekers,Tier-1 Cities,0,,0.0
user_9721,Premium Fitness Users,International,0,,0.0
user_9722,Gen-Z Trend Seekers,Tier-2 Cities,0,,0.0
user_9723,Premium Fitness Users,Tier-3 Cities,0,,0.0
user_9724,Premium Fitness Users,Tier-3 Cities,0,,0.0
user_9725,Premium Fitness Users,Tier-3 Cities,0,,0.0
user_9726,Unknown,Tier-1 Cities,0,,0.0
user_9727,Gen-Z Trend Seekers,Tier-2 Cities,1,2023-09-09 12:52:18,1500.15
user_9728,Premium Fitness Users,Tier-1 Cities,0,,0.0
user_9729,Unknown,Tier-3 Cities,0,,0.0
user_9730,Gen-Z Trend Seekers,Tier-3 Cities,0,,0.0
user_9731,Budget Parents,Tier-2 Cities,0,,0.0
user_9732,Impulse Buyers,Tier-2 Cities,0,,0.0
user_9733,Premium Fitness Users,Tier-3 Cities,0,,0.0
user_9734,Gen-Z Trend Seekers,International,0,,0.0
user_9735,Impulse Buyers,Tier-2 Cities,0,,0.0
user_9736,Premium Fitness Users,Tier-3 Cities,0,,0.0
user_9737,Gen-Z Trend Seekers,International,0,,0.0
user_9738,Gen-Z Trend Seekers,Tier-1 Cities,0,,0.0
user_9739,Premium Fitness Users,Tier-1 Cities,1,2023-01-16 08:36:29,5525.03
user_9740,Unknown,Tier-1 Cities,0,,0.0
user_9741,Impulse Buyers,Tier-3 Cities,0,,0.0
user_9742,Gen-Z Trend Seekers,Tier-2 Cities,0,,0.0
user_9743,Gen-Z Trend Seekers,Tier-3 Cities,0,,0.0
user_9744,Premium Fitness Users,Tier-1 Cities,0,,0.0
user_9745,Impulse Buyers,International,0,,0.0
user_9746,Impulse Buyers,Tier-3 Cities,0,,0.0
user_9747,Budget Parents,Tier-1 Cities,0,,0.0
user_9748,Gen-Z Trend Seekers,International,0,,0.0
user_9749,Unknown,International,0,,0.0
user_9750,Budget Parents,Tier-3 Cities,0,,0.0
user_9751,Gen-Z Trend Seekers,International,0,,0.0
user_9752,Premium Fitness Users,Tier-1 Cities,0,,0.0
user_9753,Gen-Z Trend Seekers,Tier-2 Cities,0,,0.0
user_9754,Gen-Z Trend Seekers,Tier-2 Cities,0,,0.0
user_9755,Unknown,Tier-1 Cities,0,,0.0
user_9756,Premium Fitness Users,Tier-3 Cities,0,,0.0
user_9757,Premium Fitness Users,International,0,,0.0
user_9758,Premium Fitness Users,Tier-1 Cities,0,,0.0
user_9759,Impulse Buyers,International,0,,0.0
user_9760,Impulse Buyers,Tier-1 Cities,0,,0.0
user_9761,Impulse Buyers,Tier-2 Cities,0,,0.0
user_9762,Gen-Z Trend Seekers,International,0,,0.0
user_9763,Unknown,Tier-1 Cities,0,,0.0
user_9764,Unknown,Tier-3 Cities,0,,0.0
user_9765,Gen-Z Trend Seekers,Tier-1 Cities,0,,0.0
user_9766,Unknown,Tier-1 Cities,0,,0.0
user_9767,Unknown,Tier-1 Cities,0,,0.0
user_9768,Gen-Z Trend Seekers,Tier-3 Cities,0,,0.0
user_9769,Impulse Buyers,International,0,,0.0
user_9770,Premium Fitness Users,Tier-2 Cities,0,,0.0
user_9771,Unknown,Tier-1 Cities,0,,0.0
user_9772,Budget Parents,International,0,,0.0
user_9773,Impulse Buyers,Tier-3 Cities,0,,0.0
user_9774,Unknown,Tier-2 Cities,0,,0.0
user_9775,Budget Parents,Tier-3 Cities,0,,0.0
user_9776,Impulse Buyers,Tier-2 Cities,0,,0.0
user_9777,Unknown,Tier-1 Cities,0,,0.0
user_9778,Gen-Z Trend Seekers,Tier-2 Cities,0,,0.0
user_9779,Premium Fitness Users,International,1,2023-02-05 19:41:57,11291.79
user_9780,Premium Fitness Users,Tier-1 Cities,0,,0.0
user_9781,Impulse Buyers,Tier-2 Cities,0,,0.0
user_9782,Premium Fitness Users,Tier-1 Cities,0,,0.0
user_9783,Unknown,Tier-1 Cities,0,,0.0
user_9784,Premium Fitness Users,International,0,,0.0
user_9785,Premium Fitness Users,Tier-1 Cities,0,,0.0
user_9786,Budget Parents,Tier-3 Cities,0,,0.0
user_9787,Gen-Z Trend Seekers,Tier-3 Cities,0,,0.0
user_9788,Premium Fitness Users,Tier-3 Cities,0,,0.0
user_9789,Gen-Z Trend Seekers,International,0,,0.0
user_9790,Gen-Z Trend Seekers,Tier-3 Cities,1,2023-02-09 12:06:26,4393.56
user_9791,Gen-Z Trend Seekers,Tier-1 Cities,0,,0.0
user_9792,Gen-Z Trend Seekers,Tier-2 Cities,0,,0.0
user_9793,Premium Fitness Users,Tier-1 Cities,0,,0.0
user_9794,Premium Fitness Users,Tier-2 Cities,0,,0.0
user_9795,Gen-Z Trend Seekers,Tier-1 Cities,0,,0.0
user_9796,Budget Parents,Tier-3 Cities,0,,0.0
user_9797,Premium Fitness Users,Tier-2 Cities,1,2023-06-05 05:45:56,8577.37
user_9798,Unknown,Tier-2 Cities,0,,0.0
user_9799,Budget Parents,Tier-1 Cities,0,,0.0
user_9800,Impulse Buyers,Tier-1 Cities,0,,0.0
user_9801,Budget Parents,Tier-2 Cities,0,,0.0
user_9802,Impulse Buyers,Tier-2 Cities,0,,0.0
user_9803,Budget Parents,Tier-2 Cities,0,,0.0
user_9804,Gen-Z Trend Seekers,Tier-1 Cities,0,,0.0
user_9805,Budget Parents,Tier-2 Cities,0,,0.0
user_9806,Impulse Buyers,Tier-1 Cities,0,,0.0
user_9807,Impulse Buyers,Tier-1 Cities,0,,0.0
user_9808,Impulse Buyers,International,0,,0.0
user_9809,Gen-Z Trend Seekers,Tier-2 Cities,1,2023-06-23 05:02:55,1644.53
user_9810,Gen-Z Trend Seekers,Tier-2 Cities,0,,0.0
user_9811,Impulse Buyers,Tier-3 Cities,0,,0.0
user_9812,Impulse Buyers,International,0,,0.0
user_9813,Unknown,Tier-1 Cities,0,,0.0
user_9814,Premium Fitness Users,International,0,,0.0
user_9815,Gen-Z Trend Seekers,Tier-2 Cities,1,2023-11-15 22:24:18,3326.14
user_9816,Budget Parents,Tier-1 Cities,0,,0.0
user_9817,Impulse Buyers,Tier-1 Cities,0,,0.0
user_9818,Budget Parents,Tier-2 Cities,0,,0.0
user_9819,Gen-Z Trend Seekers,Tier-2 Cities,0,,0.0
user_9820,Unknown,International,0,,0.0
user_9821,Budget Parents,Tier-3 Cities,0,,0.0
user_9822,Impulse Buyers,International,1,2023-09-27 14:47:01,812.18
user_9823,Impulse Buyers,Tier-1 Cities,0,,0.0
user_9824,Budget Parents,Tier-2 Cities,0,,0.0
user_9825,Budget Parents,Tier-1 Cities,0,,0.0
user_9826,Premium Fitness Users,Tier-2 Cities,0,,0.0
user_9827,Gen-Z Trend Seekers,International,0,,0.0
user_9828,Impulse Buyers,Tier-3 Cities,1,2023-11-09 08:13:20,1709.57
user_9829,Premium Fitness Users,International,0,,0.0
user_9830,Premium Fitness Users,Tier-1 Cities,0,,0.0
user_9831,Impulse Buyers,Tier-2 Cities,0,,0.0
user_9832,Budget Parents,International,0,,0.0
user_9833,Impulse Buyers,Tier-3 Cities,0,,0.0
user_9834,Gen-Z Trend Seekers,Tier-1 Cities,0,,0.0
user_9835,Gen-Z Trend Seekers,Tier-1 Cities,0,,0.0
user_9836,Impulse Buyers,Tier-3 Cities,0,,0.0
user_9837,Unknown,Tier-3 Cities,0,,0.0
user_9838,Impulse Buyers,Tier-3 Cities,0,,0.0
user_9839,Impulse Buyers,Tier-3 Cities,0,,0.0
user_9840,Gen-Z Trend Seekers,Tier-2 Cities,0,,0.0
user_9841,Gen-Z Trend Seekers,International,1,2023-07-04 11:32:47,3780.1
user_9842,Premium Fitness Users,Tier-3 Cities,0,,0.0
user_9843,Premium Fitness Users,International,0,,0.0
user_9844,Impulse Buyers,Tier-1 Cities,1,2023-12-18 00:29:14,3522.46
user_9845,Gen-Z Trend Seekers,Tier-3 Cities,0,,0.0
user_9846,Gen-Z Trend Seekers,International,0,,0.0
user_9847,Impulse Buyers,Tier-1 Cities,0,,0.0
user_9848,Premium Fitness Users,International,0,,0.0
user_9849,Impulse Buyers,Tier-2 Cities,0,,0.0
user_9850,Impulse Buyers,Tier-1 Cities,0,,0.0
user_9851,Premium Fitness Users,Tier-3 Cities,0,,0.0
user_9852,Premium Fitness Users,Tier-1 Cities,0,,0.0
user_9853,Gen-Z Trend Seekers,Tier-2 Cities,0,,0.0
user_9854,Premium Fitness Users,Tier-2 Cities,0,,0.0
user_9855,Gen-Z Trend Seekers,Tier-1 Cities,0,,0.0
user_9856,Budget Parents,Tier-2 Cities,0,,0.0
user_9857,Impulse Buyers,Tier-3 Cities,1,2023-04-27 19:20:56,2146.38
user_9858,Premium Fitness Users,Tier-2 Cities,0,,0.0
user_9859,Impulse Buyers,Tier-2 Cities,0,,0.0
user_9860,Gen-Z Trend Seekers,International,0,,0.0
user_9861,Impulse Buyers,Tier-3 Cities,0,,0.0
user_9862,Budget Parents,International,0,,0.0
user_9863,Unknown,Tier-2 Cities,0,,0.0
user_9864,Premium Fitness Users,Tier-3 Cities,0,,0.0
user_9865,Premium Fitness Users,Tier-2 Cities,0,,0.0
user_9866,Impulse Buyers,Tier-3 Cities,0,,0.0
user_9867,Gen-Z Trend Seekers,Tier-2 Cities,0,,0.0
user_9868,Premium Fitness Users,Tier-3 Cities,1,2023-03-10 11:14:57,9327.8
user_9869,Gen-Z Trend Seekers,Tier-3 Cities,0,,0.0
user_9870,Budget Parents,International,0,,0.0
user_9871,Premium Fitness Users,Tier-1 Cities,0,,0.0
user_9872,Gen-Z Trend Seekers,Tier-1 Cities,0,,0.0
user_9873,Impulse Buyers,Tier-2 Cities,0,,0.0
user_9874,Gen-Z Trend Seekers,Tier-2 Cities,0,,0.0
user_9875,Gen-Z Trend Seekers,International,0,,0.0
user_9876,Gen-Z Trend Seekers,Tier-2 Cities,0,,0.0
user_9877,Premium Fitness Users,International,0,,0.0
user_9878,Impulse Buyers,International,0,,0.0
user_9879,Budget Parents,Tier-1 Cities,0,,0.0
user_9880,Budget Parents,Tier-2 Cities,0,,0.0
user_9881,Impulse Buyers,Tier-1 Cities,0,,0.0
user_9882,Budget Parents,Tier-3 Cities,0,,0.0
user_9883,Unknown,Tier-3 Cities,0,,0.0
user_9884,Budget Parents,International,0,,0.0
user_9885,Impulse Buyers,International,0,,0.0
user_9886,Premium Fitness Users,Tier-3 Cities,0,,0.0
user_9887,Impulse Buyers,Tier-1 Cities,0,,0.0
user_9888,Impulse Buyers,International,0,,0.0
user_9889,Impulse Buyers,Tier-2 Cities,0,,0.0
user_9890,Budget Parents,International,1,2023-12-25 22:58:38,3938.79
user_9891,Unknown,Tier-1 Cities,0,,0.0
user_9892,Impulse Buyers,Tier-3 Cities,0,,0.0
user_9893,Premium Fitness Users,Tier-2 Cities,0,,0.0
user_9894,Gen-Z Trend Seekers,Tier-3 Cities,0,,0.0
user_9895,Budget Parents,Tier-3 Cities,0,,0.0
user_9896,Budget Parents,Tier-2 Cities,0,,0.0
user_9897,Budget Parents,Tier-2 Cities,0,,0.0
user_9898,Premium Fitness Users,International,0,,0.0
user_9899,Premium Fitness Users,Tier-3 Cities,0,,0.0
user_9900,Gen-Z Trend Seekers,Tier-2 Cities,0,,0.0
user_9901,Gen-Z Trend Seekers,Tier-1 Cities,0,,0.0
user_9902,Budget Parents,Tier-2 Cities,0,,0.0
user_9903,Impulse Buyers,International,0,,0.0
user_9904,Impulse Buyers,Tier-3 Cities,0,,0.0
user_9905,Budget Parents,International,0,,0.0
user_9906,Gen-Z Trend Seekers,International,0,,0.0
user_9907,Budget Parents,Tier-1 Cities,0,,0.0
user_9908,Gen-Z Trend Seekers,Tier-2 Cities,0,,0.0
user_9909,Unknown,International,0,,0.0
user_9910,Gen-Z Trend Seekers,Tier-2 Cities,0,,0.0
user_9911,Impulse Buyers,International,0,,0.0
user_9912,Budget Parents,International,0,,0.0
user_9913,Premium Fitness Users,Tier-3 Cities,0,,0.0
user_9914,Gen-Z Trend Seekers,Tier-2 Cities,0,,0.0
user_9915,Gen-Z Trend Seekers,International,1,2023-10-06 12:54:17,3376.21
user_9916,Budget Parents,Tier-1 Cities,0,,0.0
user_9917,Budget Parents,International,0,,0.0
user_9918,Budget Parents,Tier-1 Cities,0,,0.0
user_9919,Premium Fitness Users,Tier-3 Cities,0,,0.0
user_9920,Gen-Z Trend Seekers,Tier-2 Cities,0,,0.0
user_9921,Impulse Buyers,Tier-2 Cities,0,,0.0
user_9922,Budget Parents,Tier-1 Cities,1,2023-07-23 21:05:50,4192.05
user_9923,Impulse Buyers,Tier-3 Cities,0,,0.0
user_9924,Gen-Z Trend Seekers,International,0,,0.0
user_9925,Gen-Z Trend Seekers,Tier-1 Cities,0,,0.0
user_9926,Unknown,International,0,,0.0
user_9927,Gen-Z Trend Seekers,Tier-2 Cities,1,2023-12-02 13:55:54,4593.07
user_9928,Premium Fitness Users,Tier-2 Cities,0,,0.0
user_9929,Gen-Z Trend Seekers,Tier-1 Cities,0,,0.0
user_9930,Budget Parents,Tier-2 Cities,0,,0.0
user_9931,Budget Parents,Tier-3 Cities,1,2023-03-20 00:27:25,1662.15
user_9932,Unknown,Tier-1 Cities,0,,0.0
user_9933,Unknown,Tier-3 Cities,0,,0.0
user_9934,Impulse Buyers,International,0,,0.0
user_9935,Unknown,Tier-3 Cities,0,,0.0
user_9936,Budget Parents,International,0,,0.0
user_9937,Budget Parents,Tier-1 Cities,0,,0.0
user_9938,Unknown,International,0,,0.0
user_9939,Unknown,Tier-1 Cities,0,,0.0
user_9940,Impulse Buyers,International,0,,0.0
user_9941,Budget Parents,Tier-3 Cities,0,,0.0
user_9942,Budget Parents,Tier-2 Cities,0,,0.0
user_9943,Budget Parents,Tier-3 Cities,0,,0.0
user_9944,Budget Parents,International,0,,0.0
user_9945,Budget Parents,Tier-2 Cities,0,,0.0
user_9946,Unknown,Tier-1 Cities,0,,0.0
user_9947,Impulse Buyers,Tier-1 Cities,0,,0.0
user_9948,Budget Parents,Tier-2 Cities,0,,0.0
user_9949,Unknown,Tier-3 Cities,0,,0.0
user_9950,Gen-Z Trend Seekers,Tier-3 Cities,0,,0.0
user_9951,Impulse Buyers,Tier-1 Cities,0,,0.0
user_9952,Gen-Z Trend Seekers,Tier-1 Cities,0,,0.0
user_9953,Gen-Z Trend Seekers,International,0,,0.0
user_9954,Impulse Buyers,Tier-1 Cities,1,2023-08-18 09:41:16,2624.77
user_9955,Gen-Z Trend Seekers,Tier-3 Cities,0,,0.0
user_9956,Gen-Z Trend Seekers,Tier-1 Cities,0,,0.0
user_9957,Gen-Z Trend Seekers,Tier-3 Cities,1,2023-07-10 12:51:09,1841.92
user_9958,Impulse Buyers,Tier-3 Cities,0,,0.0
user_9959,Gen-Z Trend Seekers,Tier-3 Cities,0,,0.0
user_9960,Gen-Z Trend Seekers,Tier-1 Cities,0,,0.0
user_9961,Premium Fitness Users,Tier-3 Cities,0,,0.0
user_9962,Impulse Buyers,Tier-2 Cities,1,2023-03-18 13:28:21,1734.62
user_9963,Premium Fitness Users,Tier-1 Cities,0,,0.0
user_9964,Impulse Buyers,Tier-1 Cities,1,2023-02-04 03:05:55,1183.54
user_9965,Impulse Buyers,Tier-2 Cities,1,2023-08-06 20:22:12,1898.78
user_9966,Impulse Buyers,Tier-1 Cities,0,,0.0
user_9967,Premium Fitness Users,Tier-1 Cities,0,,0.0
user_9968,Impulse Buyers,International,0,,0.0
user_9969,Impulse Buyers,International,0,,0.0
user_9970,Impulse Buyers,Tier-1 Cities,0,,0.0
user_9971,Gen-Z Trend Seekers,Tier-3 Cities,0,,0.0
user_9972,Budget Parents,Tier-2 Cities,0,,0.0
user_9973,Gen-Z Trend Seekers,Tier-1 Cities,0,,0.0
user_9974,Impulse Buyers,International,0,,0.0
user_9975,Unknown,Tier-2 Cities,0,,0.0
user_9976,Budget Parents,Tier-2 Cities,0,,0.0
user_9977,Unknown,Tier-2 Cities,0,,0.0
user_9978,Gen-Z Trend Seekers,Tier-3 Cities,0,,0.0
user_9979,Premium Fitness Users,Tier-3 Cities,0,,0.0
user_9980,Unknown,Tier-2 Cities,0,,0.0
user_9981,Budget Parents,Tier-2 Cities,1,2023-01-30 11:25:13,7004.22
user_9982,Premium Fitness Users,Tier-3 Cities,0,,0.0
user_9983,Premium Fitness Users,International,0,,0.0
user_9984,Gen-Z Trend Seekers,Tier-1 Cities,0,,0.0
user_9985,Unknown,Tier-1 Cities,0,,0.0
user_9986,Premium Fitness Users,Tier-2 Cities,0,,0.0
user_9987,Gen-Z Trend Seekers,International,0,,0.0
user_9988,Unknown,Tier-3 Cities,0,,0.0
user_9989,Budget Parents,International,0,,0.0
user_9990,Budget Parents,Tier-2 Cities,0,,0.0
user_9991,Gen-Z Trend Seekers,International,0,,0.0
user_9992,Impulse Buyers,Tier-3 Cities,0,,0.0
user_9993,Gen-Z Trend Seekers,Tier-1 Cities,0,,0.0
user_9994,Gen-Z Trend Seekers,International,0,,0.0
user_9995,Unknown,Tier-2 Cities,0,,0.0
user_9996,Gen-Z Trend Seekers,Tier-3 Cities,0,,0.0
user_9997,Budget Parents,Tier-1 Cities,0,,0.0
user_9998,Budget Parents,Tier-3 Cities,0,,0.0
user_9999,Unknown,Tier-2 Cities,0,,0.0
user_10000,Premium Fitness Users,Tier-2 Cities,0,,0.0
user_10001,Budget Parents,International,0,,0.0
user_10002,Premium Fitness Users,Tier-3 Cities,0,,0.0
user_10003,Impulse Buyers,Tier-1 Cities,0,,0.0
user_10004,Budget Parents,International,1,2023-06-10 23:36:34,2375.31
user_10005,Premium Fitness Users,Tier-2 Cities,0,,0.0
user_10006,Impulse Buyers,International,1,2023-07-09 08:23:29,3705.3
user_10007,Premium Fitness Users,Tier-3 Cities,0,,0.0
user_10008,Gen-Z Trend Seekers,Tier-1 Cities,0,,0.0
user_10009,Budget Parents,Tier-3 Cities,0,,0.0
user_10010,Gen-Z Trend Seekers,Tier-1 Cities,0,,0.0
user_10011,Impulse Buyers,Tier-2 Cities,0,,0.0
user_10012,Budget Parents,Tier-2 Cities,0,,0.0
user_10013,Impulse Buyers,International,0,,0.0
user_10014,Gen-Z Trend Seekers,Tier-2 Cities,1,2023-07-01 06:59:50,3334.42
user_10015,Unknown,Tier-3 Cities,0,,0.0
user_10016,Premium Fitness Users,Tier-2 Cities,0,,0.0
user_10017,Budget Parents,Tier-1 Cities,0,,0.0
user_10018,Budget Parents,Tier-3 Cities,0,,0.0
user_10019,Impulse Buyers,Tier-1 Cities,0,,0.0
user_10020,Impulse Buyers,International,1,2023-09-30 07:04:20,1657.7
user_10021,Unknown,Tier-3 Cities,0,,0.0
user_10022,Gen-Z Trend Seekers,Tier-3 Cities,0,,0.0
user_10023,Gen-Z Trend Seekers,International,1,2023-04-12 01:55:16,5328.89
user_10024,Gen-Z Trend Seekers,International,0,,0.0
user_10025,Gen-Z Trend Seekers,International,1,2023-07-04 18:24:11,3315.64
user_10026,Gen-Z Trend Seekers,Tier-3 Cities,0,,0.0
user_10027,Gen-Z Trend Seekers,International,0,,0.0
user_10028,Budget Parents,Tier-3 Cities,0,,0.0
user_10029,Impulse Buyers,Tier-1 Cities,0,,0.0
user_10030,Premium Fitness Users,Tier-2 Cities,0,,0.0
user_10031,Impulse Buyers,Tier-3 Cities,0,,0.0
user_10032,Impulse Buyers,Tier-1 Cities,0,,0.0
user_10033,Gen-Z Trend Seekers,Tier-2 Cities,0,,0.0
user_10034,Gen-Z Trend Seekers,Tier-3 Cities,0,,0.0
user_10035,Impulse Buyers,International,0,,0.0
user_10036,Budget Parents,Tier-2 Cities,0,,0.0
user_10037,Unknown,International,0,,0.0
user_10038,Premium Fitness Users,Tier-2 Cities,0,,0.0
user_10039,Gen-Z Trend Seekers,Tier-2 Cities,0,,0.0
user_10040,Gen-Z Trend Seekers,Tier-1 Cities,0,,0.0
user_10041,Premium Fitness Users,Tier-3 Cities,1,2023-11-13 11:45:35,10635.32
user_10042,Gen-Z Trend Seekers,International,1,2024-01-01 15:50:15,5650.43
user_10043,Premium Fitness Users,Tier-3 Cities,1,2023-09-19 07:57:59,7707.53
user_10044,Budget Parents,Tier-3 Cities,0,,0.0
user_10045,Impulse Buyers,Tier-1 Cities,0,,0.0
user_10046,Gen-Z Trend Seekers,Tier-3 Cities,0,,0.0
user_10047,Budget Parents,Tier-1 Cities,0,,0.0
user_10048,Gen-Z Trend Seekers,Tier-2 Cities,1,2023-04-15 20:58:18,2239.21
user_10049,Budget Parents,Tier-1 Cities,0,,0.0
user_10050,Budget Parents,Tier-3 Cities,0,,0.0
user_10051,Gen-Z Trend Seekers,Tier-2 Cities,0,,0.0
user_10052,Impulse Buyers,International,0,,0.0
user_10053,Gen-Z Trend Seekers,Tier-2 Cities,1,2023-01-29 01:45:27,4853.37
user_10054,Impulse Buyers,Tier-1 Cities,0,,0.0
user_10055,Gen-Z Trend Seekers,International,0,,0.0
user_10056,Premium Fitness Users,Tier-2 Cities,0,,0.0
user_10057,Premium Fitness Users,Tier-1 Cities,0,,0.0
user_10058,Gen-Z Trend Seekers,Tier-1 Cities,0,,0.0
user_10059,Budget Parents,Tier-3 Cities,0,,0.0
user_10060,Budget Parents,International,0,,0.0
user_10061,Gen-Z Trend Seekers,Tier-3 Cities,0,,0.0
user_10062,Budget Parents,Tier-1 Cities,0,,0.0
user_10063,Impulse Buyers,International,0,,0.0
user_10064,Premium Fitness Users,Tier-2 Cities,0,,0.0
user_10065,Impulse Buyers,Tier-1 Cities,0,,0.0
user_10066,Gen-Z Trend Seekers,Tier-1 Cities,0,,0.0
user_10067,Premium Fitness Users,International,0,,0.0
user_10068,Premium Fitness Users,Tier-1 Cities,0,,0.0
user_10069,Gen-Z Trend Seekers,Tier-1 Cities,0,,0.0
user_10070,Impulse Buyers,International,0,,0.0
user_10071,Budget Parents,International,0,,0.0
user_10072,Gen-Z Trend Seekers,Tier-2 Cities,0,,0.0
user_10073,Budget Parents,Tier-2 Cities,0,,0.0
user_10074,Impulse Buyers,Tier-2 Cities,0,,0.0
user_10075,Impulse Buyers,Tier-1 Cities,0,,0.0
user_10076,Impulse Buyers,Tier-1 Cities,1,2023-04-16 23:06:19,1349.57
user_10077,Unknown,Tier-1 Cities,0,,0.0
user_10078,Impulse Buyers,Tier-2 Cities,0,,0.0
user_10079,Impulse Buyers,Tier-2 Cities,1,2023-04-17 12:41:59,2921.47
user_10080,Premium Fitness Users,Tier-2 Cities,1,2023-03-23 15:47:46,10246.09
user_10081,Budget Parents,Tier-2 Cities,0,,0.0
user_10082,Premium Fitness Users,Tier-2 Cities,0,,0.0
user_10083,Gen-Z Trend Seekers,Tier-3 Cities,1,2023-05-02 18:57:33,2088.36
user_10084,Unknown,Tier-1 Cities,0,,0.0
user_10085,Budget Parents,Tier-2 Cities,0,,0.0
user_10086,Unknown,Tier-2 Cities,0,,0.0
user_10087,Gen-Z Trend Seekers,Tier-3 Cities,0,,0.0
user_10088,Budget Parents,International,0,,0.0
user_10089,Gen-Z Trend Seekers,Tier-3 Cities,0,,0.0
user_10090,Premium Fitness Users,Tier-2 Cities,0,,0.0
user_10091,Unknown,Tier-1 Cities,0,,0.0
user_10092,Impulse Buyers,Tier-2 Cities,1,2023-08-20 11:38:59,3070.31
user_10093,Gen-Z Trend Seekers,Tier-2 Cities,0,,0.0
user_10094,Budget Parents,Tier-3 Cities,0,,0.0
user_10095,Gen-Z Trend Seekers,International,0,,0.0
user_10096,Budget Parents,Tier-3 Cities,0,,0.0
user_10097,Premium Fitness Users,Tier-1 Cities,1,2023-06-07 09:26:44,7337.8
user_10098,Gen-Z Trend Seekers,Tier-2 Cities,0,,0.0
user_10099,Budget Parents,Tier-2 Cities,0,,0.0
user_10100,Premium Fitness Users,Tier-3 Cities,1,2023-12-31 14:38:35,9921.88
user_10101,Gen-Z Trend Seekers,Tier-3 Cities,0,,0.0
user_10102,Impulse Buyers,Tier-3 Cities,0,,0.0
user_10103,Gen-Z Trend Seekers,International,0,,0.0
user_10104,Gen-Z Trend Seekers,Tier-2 Cities,0,,0.0
user_10105,Gen-Z Trend Seekers,Tier-2 Cities,0,,0.0
user_10106,Gen-Z Trend Seekers,Tier-3 Cities,0,,0.0
user_10107,Gen-Z Trend Seekers,International,0,,0.0
user_10108,Gen-Z Trend Seekers,Tier-1 Cities,0,,0.0
user_10109,Budget Parents,Tier-2 Cities,0,,0.0
user_10110,Premium Fitness Users,Tier-1 Cities,1,2023-04-26 18:57:41,6314.03
user_10111,Impulse Buyers,International,0,,0.0
user_10112,Budget Parents,International,0,,0.0
user_10113,Budget Parents,Tier-2 Cities,0,,0.0
user_10114,Premium Fitness Users,Tier-3 Cities,0,,0.0
user_10115,Impulse Buyers,Tier-2 Cities,0,,0.0
user_10116,Unknown,Tier-2 Cities,0,,0.0
user_10117,Budget Parents,Tier-2 Cities,1,2023-08-19 03:59:07,6155.17
user_10118,Impulse Buyers,Tier-2 Cities,0,,0.0
user_10119,Budget Parents,Tier-2 Cities,0,,0.0
user_10120,Premium Fitness Users,Tier-1 Cities,0,,0.0
user_10121,Gen-Z Trend Seekers,Tier-3 Cities,1,2023-06-14 01:31:15,3646.44
user_10122,Gen-Z Trend Seekers,Tier-3 Cities,0,,0.0
user_10123,Impulse Buyers,Tier-1 Cities,0,,0.0
user_10124,Budget Parents,Tier-1 Cities,0,,0.0
user_10125,Premium Fitness Users,Tier-1 Cities,0,,0.0
user_10126,Premium Fitness Users,Tier-3 Cities,0,,0.0
user_10127,Impulse Buyers,Tier-1 Cities,1,2023-06-30 23:39:36,2275.62
user_10128,Premium Fitness Users,International,0,,0.0
user_10129,Budget Parents,Tier-3 Cities,0,,0.0
user_10130,Impulse Buyers,Tier-2 Cities,0,,0.0
user_10131,Gen-Z Trend Seekers,Tier-2 Cities,0,,0.0
user_10132,Unknown,International,0,,0.0
user_10133,Unknown,Tier-3 Cities,0,,0.0
user_10134,Gen-Z Trend Seekers,Tier-3 Cities,0,,0.0
user_10135,Budget Parents,International,0,,0.0
user_10136,Budget Parents,Tier-1 Cities,0,,0.0
user_10137,Premium Fitness Users,Tier-1 Cities,0,,0.0
user_10138,Budget Parents,Tier-2 Cities,0,,0.0
user_10139,Gen-Z Trend Seekers,Tier-1 Cities,0,,0.0
user_10140,Premium Fitness Users,International,0,,0.0
user_10141,Budget Parents,Tier-3 Cities,0,,0.0
user_10142,Budget Parents,Tier-1 Cities,0,,0.0
user_10143,Impulse Buyers,Tier-2 Cities,0,,0.0
user_10144,Impulse Buyers,Tier-3 Cities,1,2023-01-24 08:37:38,1828.52
user_10145,Unknown,Tier-1 Cities,0,,0.0
user_10146,Gen-Z Trend Seekers,International,0,,0.0
user_10147,Unknown,International,0,,0.0
user_10148,Gen-Z Trend Seekers,International,0,,0.0
user_10149,Premium Fitness Users,Tier-1 Cities,0,,0.0
user_10150,Unknown,Tier-1 Cities,0,,0.0
user_10151,Impulse Buyers,International,0,,0.0
user_10152,Budget Parents,International,1,2023-12-16 02:50:48,6921.0
user_10153,Unknown,Tier-2 Cities,0,,0.0
user_10154,Gen-Z Trend Seekers,International,0,,0.0
user_10155,Gen-Z Trend Seekers,International,0,,0.0
user_10156,Budget Parents,Tier-3 Cities,0,,0.0
user_10157,Gen-Z Trend Seekers,International,1,2023-07-26 06:23:47,1515.84
user_10158,Premium Fitness Users,Tier-1 Cities,0,,0.0
user_10159,Budget Parents,Tier-1 Cities,0,,0.0
user_10160,Gen-Z Trend Seekers,Tier-3 Cities,0,,0.0
user_10161,Gen-Z Trend Seekers,Tier-3 Cities,0,,0.0
user_10162,Premium Fitness Users,Tier-3 Cities,0,,0.0
user_10163,Gen-Z Trend Seekers,Tier-1 Cities,0,,0.0
user_10164,Impulse Buyers,Tier-1 Cities,1,2023-04-13 02:32:42,2871.66
user_10165,Gen-Z Trend Seekers,Tier-1 Cities,0,,0.0
user_10166,Budget Parents,Tier-3 Cities,0,,0.0
user_10167,Budget Parents,Tier-1 Cities,0,,0.0
user_10168,Unknown,International,0,,0.0
user_10169,Gen-Z Trend Seekers,Tier-2 Cities,0,,0.0
user_10170,Gen-Z Trend Seekers,Tier-1 Cities,0,,0.0
user_10171,Gen-Z Trend Seekers,Tier-1 Cities,0,,0.0
user_10172,Unknown,Tier-2 Cities,0,,0.0
user_10173,Premium Fitness Users,International,0,,0.0
user_10174,Unknown,International,0,,0.0
user_10175,Gen-Z Trend Seekers,Tier-3 Cities,0,,0.0
user_10176,Gen-Z Trend Seekers,Tier-2 Cities,0,,0.0
user_10177,Unknown,International,0,,0.0
user_10178,Budget Parents,Tier-3 Cities,0,,0.0
user_10179,Unknown,Tier-3 Cities,0,,0.0
user_10180,Budget Parents,Tier-1 Cities,0,,0.0
user_10181,Premium Fitness Users,Tier-1 Cities,1,2023-07-19 02:10:09,4711.22
user_10182,Impulse Buyers,Tier-3 Cities,0,,0.0
user_10183,Impulse Buyers,Tier-3 Cities,0,,0.0
user_10184,Premium Fitness Users,Tier-3 Cities,0,,0.0
user_10185,Budget Parents,Tier-3 Cities,0,,0.0
user_10186,Premium Fitness Users,Tier-3 Cities,0,,0.0
user_10187,Budget Parents,International,0,,0.0
user_10188,Gen-Z Trend Seekers,Tier-1 Cities,0,,0.0
user_10189,Gen-Z Trend Seekers,Tier-2 Cities,1,2023-12-03 13:03:30,1976.08
user_10190,Impulse Buyers,Tier-2 Cities,1,2023-05-29 06:52:38,1553.22
user_10191,Premium Fitness Users,Tier-3 Cities,1,2023-07-09 22:29:24,5685.01
user_10192,Impulse Buyers,International,0,,0.0
user_10193,Gen-Z Trend Seekers,Tier-1 Cities,0,,0.0
user_10194,Gen-Z Trend Seekers,Tier-1 Cities,0,,0.0
user_10195,Unknown,Tier-2 Cities,0,,0.0
user_10196,Impulse Buyers,Tier-2 Cities,0,,0.0
user_10197,Gen-Z Trend Seekers,Tier-2 Cities,0,,0.0
user_10198,Impulse Buyers,Tier-2 Cities,0,,0.0
user_10199,Impulse Buyers,International,0,,0.0
user_10200,Budget Parents,Tier-3 Cities,0,,0.0
user_10201,Unknown,Tier-1 Cities,0,,0.0
user_10202,Impulse Buyers,Tier-3 Cities,0,,0.0
user_10203,Impulse Buyers,Tier-1 Cities,1,2023-03-21 00:49:32,2483.24
user_10204,Gen-Z Trend Seekers,Tier-2 Cities,0,,0.0
user_10205,Premium Fitness Users,International,0,,0.0
user_10206,Impulse Buyers,Tier-1 Cities,0,,0.0
user_10207,Gen-Z Trend Seekers,Tier-1 Cities,0,,0.0
user_10208,Budget Parents,International,0,,0.0
user_10209,Unknown,International,0,,0.0
user_10210,Budget Parents,International,0,,0.0
user_10211,Unknown,Tier-3 Cities,0,,0.0
user_10212,Premium Fitness Users,Tier-2 Cities,0,,0.0
user_10213,Gen-Z Trend Seekers,Tier-3 Cities,0,,0.0
user_10214,Impulse Buyers,Tier-2 Cities,0,,0.0
user_10215,Impulse Buyers,Tier-3 Cities,0,,0.0
user_10216,Impulse Buyers,International,0,,0.0
user_10217,Impulse Buyers,International,0,,0.0
user_10218,Gen-Z Trend Seekers,International,0,,0.0
user_10219,Premium Fitness Users,Tier-1 Cities,0,,0.0
user_10220,Premium Fitness Users,International,0,,0.0
user_10221,Impulse Buyers,Tier-3 Cities,0,,0.0
user_10222,Gen-Z Trend Seekers,Tier-2 Cities,0,,0.0
user_10223,Budget Parents,Tier-2 Cities,0,,0.0
user_10224,Gen-Z Trend Seekers,Tier-2 Cities,0,,0.0
user_10225,Gen-Z Trend Seekers,International,0,,0.0
user_10226,Premium Fitness Users,Tier-1 Cities,0,,0.0
user_10227,Premium Fitness Users,Tier-2 Cities,0,,0.0
user_10228,Budget Parents,International,0,,0.0
user_10229,Impulse Buyers,International,0,,0.0
user_10230,Budget Parents,Tier-2 Cities,0,,0.0
user_10231,Budget Parents,International,0,,0.0
user_10232,Impulse Buyers,Tier-1 Cities,0,,0.0
user_10233,Impulse Buyers,International,0,,0.0
user_10234,Gen-Z Trend Seekers,International,0,,0.0
user_10235,Impulse Buyers,International,0,,0.0
user_10236,Gen-Z Trend Seekers,Tier-1 Cities,0,,0.0
user_10237,Impulse Buyers,International,0,,0.0
user_10238,Premium Fitness Users,Tier-2 Cities,0,,0.0
user_10239,Premium Fitness Users,Tier-3 Cities,0,,0.0
user_10240,Unknown,Tier-1 Cities,0,,0.0
user_10241,Budget Parents,Tier-3 Cities,0,,0.0
user_10242,Budget Parents,Tier-2 Cities,0,,0.0
user_10243,Gen-Z Trend Seekers,International,0,,0.0
user_10244,Unknown,Tier-1 Cities,0,,0.0
user_10245,Gen-Z Trend Seekers,Tier-1 Cities,0,,0.0
user_10246,Unknown,International,0,,0.0
user_10247,Budget Parents,International,0,,0.0
user_10248,Unknown,Tier-1 Cities,0,,0.0
user_10249,Budget Parents,Tier-1 Cities,0,,0.0
user_10250,Budget Parents,Tier-3 Cities,0,,0.0
user_10251,Impulse Buyers,International,0,,0.0
user_10252,Impulse Buyers,Tier-3 Cities,0,,0.0
user_10253,Impulse Buyers,Tier-2 Cities,0,,0.0
user_10254,Premium Fitness Users,Tier-3 Cities,0,,0.0
user_10255,Impulse Buyers,Tier-1 Cities,0,,0.0
user_10256,Impulse Buyers,Tier-2 Cities,0,,0.0
user_10257,Gen-Z Trend Seekers,Tier-2 Cities,0,,0.0
user_10258,Impulse Buyers,Tier-1 Cities,0,,0.0
user_10259,Gen-Z Trend Seekers,Tier-2 Cities,0,,0.0
user_10260,Impulse Buyers,Tier-2 Cities,1,2023-08-04 18:31:37,3855.68
user_10261,Gen-Z Trend Seekers,International,0,,0.0
user_10262,Impulse Buyers,Tier-2 Cities,0,,0.0
user_10263,Budget Parents,Tier-3 Cities,0,,0.0
user_10264,Budget Parents,Tier-2 Cities,1,2023-07-25 11:04:36,4371.03
user_10265,Budget Parents,Tier-1 Cities,1,2023-11-20 10:21:52,5703.61
user_10266,Gen-Z Trend Seekers,Tier-1 Cities,0,,0.0
user_10267,Impulse Buyers,Tier-3 Cities,0,,0.0
user_10268,Unknown,International,0,,0.0
user_10269,Unknown,Tier-1 Cities,0,,0.0
user_10270,Premium Fitness Users,Tier-2 Cities,1,2023-04-08 02:25:58,5212.67
user_10271,Gen-Z Trend Seekers,Tier-3 Cities,1,2023-05-25 09:43:10,5556.73
user_10272,Gen-Z Trend Seekers,Tier-3 Cities,0,,0.0
user_10273,Premium Fitness Users,Tier-1 Cities,0,,0.0
user_10274,Budget Parents,Tier-3 Cities,0,,0.0
user_10275,Budget Parents,Tier-2 Cities,0,,0.0
user_10276,Unknown,Tier-3 Cities,0,,0.0
user_10277,Impulse Buyers,Tier-2 Cities,0,,0.0
user_10278,Impulse Buyers,International,0,,0.0
user_10279,Budget Parents,Tier-2 Cities,0,,0.0
user_10280,Unknown,Tier-2 Cities,0,,0.0
user_10281,Impulse Buyers,Tier-1 Cities,0,,0.0
user_10282,Budget Parents,International,1,2023-07-07 14:32:03,5510.06
user_10283,Budget Parents,Tier-2 Cities,0,,0.0
user_10284,Gen-Z Trend Seekers,International,0,,0.0
user_10285,Impulse Buyers,Tier-1 Cities,1,2023-09-07 02:28:24,2374.33
user_10286,Budget Parents,Tier-1 Cities,0,,0.0
user_10287,Impulse Buyers,International,0,,0.0
user_10288,Impulse Buyers,International,0,,0.0
user_10289,Gen-Z Trend Seekers,Tier-3 Cities,0,,0.0
user_10290,Premium Fitness Users,Tier-3 Cities,0,,0.0
user_10291,Budget Parents,Tier-1 Cities,0,,0.0
user_10292,Budget Parents,Tier-2 Cities,0,,0.0
user_10293,Unknown,Tier-2 Cities,0,,0.0
user_10294,Premium Fitness Users,Tier-3 Cities,0,,0.0
user_10295,Gen-Z Trend Seekers,Tier-1 Cities,0,,0.0
user_10296,Gen-Z Trend Seekers,Tier-1 Cities,1,2023-02-13 01:06:06,2125.92
user_10297,Impulse Buyers,International,0,,0.0
user_10298,Gen-Z Trend Seekers,Tier-3 Cities,0,,0.0
user_10299,Unknown,Tier-1 Cities,0,,0.0
user_10300,Gen-Z Trend Seekers,Tier-3 Cities,0,,0.0
user_10301,Budget Parents,International,0,,0.0
user_10302,Gen-Z Trend Seekers,Tier-2 Cities,0,,0.0
user_10303,Gen-Z Trend Seekers,Tier-1 Cities,0,,0.0
user_10304,Impulse Buyers,Tier-3 Cities,0,,0.0
user_10305,Impulse Buyers,International,0,,0.0
user_10306,Premium Fitness Users,Tier-2 Cities,0,,0.0
user_10307,Impulse Buyers,International,1,2023-06-06 23:24:29,1557.44
user_10308,Gen-Z Trend Seekers,Tier-2 Cities,1,2023-09-13 09:30:17,4356.28
user_10309,Gen-Z Trend Seekers,International,0,,0.0
user_10310,Gen-Z Trend Seekers,Tier-1 Cities,0,,0.0
user_10311,Impulse Buyers,Tier-3 Cities,0,,0.0
user_10312,Unknown,International,0,,0.0
user_10313,Premium Fitness Users,International,0,,0.0
user_10314,Premium Fitness Users,Tier-3 Cities,1,2023-10-21 15:15:13,9234.57
user_10315,Gen-Z Trend Seekers,International,0,,0.0
user_10316,Budget Parents,International,0,,0.0
user_10317,Premium Fitness Users,Tier-1 Cities,0,,0.0
user_10318,Unknown,Tier-3 Cities,0,,0.0
user_10319,Budget Parents,International,0,,0.0
user_10320,Budget Parents,Tier-3 Cities,0,,0.0
user_10321,Impulse Buyers,International,0,,0.0
user_10322,Unknown,Tier-2 Cities,0,,0.0
user_10323,Impulse Buyers,Tier-3 Cities,0,,0.0
user_10324,Gen-Z Trend Seekers,International,0,,0.0
user_10325,Impulse Buyers,Tier-1 Cities,0,,0.0
user_10326,Impulse Buyers,Tier-1 Cities,0,,0.0
user_10327,Budget Parents,Tier-2 Cities,0,,0.0
user_10328,Gen-Z Trend Seekers,Tier-1 Cities,0,,0.0
user_10329,Premium Fitness Users,International,0,,0.0
user_10330,Impulse Buyers,Tier-2 Cities,0,,0.0
user_10331,Premium Fitness Users,International,0,,0.0
user_10332,Budget Parents,Tier-1 Cities,0,,0.0
user_10333,Budget Parents,Tier-1 Cities,0,,0.0
user_10334,Gen-Z Trend Seekers,Tier-1 Cities,0,,0.0
user_10335,Premium Fitness Users,Tier-1 Cities,1,2023-02-18 16:29:08,12003.26
user_10336,Gen-Z Trend Seekers,Tier-3 Cities,0,,0.0
user_10337,Budget Parents,Tier-1 Cities,0,,0.0
user_10338,Budget Parents,International,0,,0.0
user_10339,Unknown,Tier-1 Cities,0,,0.0
user_10340,Unknown,Tier-3 Cities,0,,0.0
user_10341,Impulse Buyers,Tier-2 Cities,0,,0.0
user_10342,Gen-Z Trend Seekers,Tier-2 Cities,0,,0.0
user_10343,Premium Fitness Users,Tier-1 Cities,1,2023-12-03 11:34:01,8649.53
user_10344,Gen-Z Trend Seekers,Tier-3 Cities,0,,0.0
user_10345,Gen-Z Trend Seekers,Tier-2 Cities,0,,0.0
user_10346,Impulse Buyers,Tier-2 Cities,0,,0.0
user_10347,Budget Parents,Tier-3 Cities,0,,0.0
user_10348,Impulse Buyers,International,0,,0.0
user_10349,Gen-Z Trend Seekers,Tier-3 Cities,0,,0.0
user_10350,Impulse Buyers,International,0,,0.0
user_10351,Gen-Z Trend Seekers,Tier-2 Cities,0,,0.0
user_10352,Gen-Z Trend Seekers,Tier-3 Cities,0,,0.0
user_10353,Gen-Z Trend Seekers,Tier-2 Cities,0,,0.0
user_10354,Budget Parents,International,0,,0.0
user_10355,Premium Fitness Users,Tier-2 Cities,0,,0.0
user_10356,Budget Parents,International,0,,0.0
user_10357,Budget Parents,International,0,,0.0
user_10358,Gen-Z Trend Seekers,Tier-3 Cities,0,,0.0
user_10359,Impulse Buyers,Tier-3 Cities,0,,0.0
user_10360,Budget Parents,Tier-1 Cities,0,,0.0
user_10361,Premium Fitness Users,Tier-1 Cities,1,2023-09-10 09:04:15,11699.84
user_10362,Budget Parents,Tier-2 Cities,0,,0.0
user_10363,Budget Parents,Tier-3 Cities,1,2023-01-27 07:57:00,4597.85
user_10364,Budget Parents,Tier-1 Cities,0,,0.0
user_10365,Budget Parents,Tier-2 Cities,1,2023-03-31 16:36:03,2542.76
user_10366,Premium Fitness Users,Tier-1 Cities,0,,0.0
user_10367,Impulse Buyers,Tier-1 Cities,1,2023-05-20 07:04:45,2150.09
user_10368,Gen-Z Trend Seekers,Tier-3 Cities,0,,0.0
user_10369,Budget Parents,Tier-3 Cities,0,,0.0
user_10370,Unknown,Tier-3 Cities,0,,0.0
user_10371,Impulse Buyers,Tier-2 Cities,0,,0.0
user_10372,Budget Parents,Tier-1 Cities,0,,0.0
user_10373,Budget Parents,International,1,2023-07-07 13:15:39,1759.51
user_10374,Impulse Buyers,Tier-1 Cities,0,,0.0
user_10375,Impulse Buyers,Tier-3 Cities,0,,0.0
user_10376,Budget Parents,Tier-2 Cities,1,2023-12-04 18:32:14,3711.82
user_10377,Gen-Z Trend Seekers,Tier-2 Cities,0,,0.0
user_10378,Budget Parents,Tier-1 Cities,0,,0.0
user_10379,Premium Fitness Users,Tier-2 Cities,0,,0.0
user_10380,Gen-Z Trend Seekers,Tier-3 Cities,0,,0.0
user_10381,Premium Fitness Users,International,0,,0.0
user_10382,Impulse Buyers,Tier-1 Cities,0,,0.0
user_10383,Unknown,Tier-3 Cities,0,,0.0
user_10384,Budget Parents,International,0,,0.0
user_10385,Budget Parents,Tier-2 Cities,1,2023-10-15 15:35:19,4958.11
user_10386,Impulse Buyers,Tier-1 Cities,0,,0.0
user_10387,Gen-Z Trend Seekers,Tier-2 Cities,0,,0.0
user_10388,Gen-Z Trend Seekers,International,1,2023-12-15 06:55:05,3332.72
user_10389,Premium Fitness Users,Tier-2 Cities,0,,0.0
user_10390,Impulse Buyers,Tier-2 Cities,0,,0.0
user_10391,Unknown,International,0,,0.0
user_10392,Unknown,Tier-3 Cities,0,,0.0
user_10393,Gen-Z Trend Seekers,Tier-3 Cities,0,,0.0
user_10394,Premium Fitness Users,Tier-2 Cities,0,,0.0
user_10395,Gen-Z Trend Seekers,Tier-3 Cities,0,,0.0
user_10396,Budget Parents,Tier-1 Cities,0,,0.0
user_10397,Gen-Z Trend Seekers,International,0,,0.0
user_10398,Impulse Buyers,Tier-3 Cities,0,,0.0
user_10399,Budget Parents,Tier-3 Cities,0,,0.0
user_10400,Unknown,International,0,,0.0
user_10401,Impulse Buyers,Tier-2 Cities,0,,0.0
user_10402,Impulse Buyers,Tier-3 Cities,0,,0.0
user_10403,Unknown,Tier-2 Cities,0,,0.0
user_10404,Impulse Buyers,Tier-3 Cities,0,,0.0
user_10405,Gen-Z Trend Seekers,Tier-2 Cities,0,,0.0
user_10406,Budget Parents,Tier-2 Cities,0,,0.0
user_10407,Gen-Z Trend Seekers,International,0,,0.0
user_10408,Impulse Buyers,Tier-1 Cities,0,,0.0
user_10409,Gen-Z Trend Seekers,Tier-2 Cities,0,,0.0
user_10410,Unknown,Tier-2 Cities,0,,0.0
user_10411,Gen-Z Trend Seekers,International,0,,0.0
user_10412,Budget Parents,Tier-3 Cities,1,2023-10-07 16:12:44,5027.8
user_10413,Unknown,Tier-3 Cities,0,,0.0
user_10414,Gen-Z Trend Seekers,Tier-1 Cities,0,,0.0
user_10415,Unknown,Tier-3 Cities,0,,0.0
user_10416,Premium Fitness Users,Tier-1 Cities,0,,0.0
user_10417,Gen-Z Trend Seekers,International,0,,0.0
user_10418,Gen-Z Trend Seekers,Tier-1 Cities,0,,0.0
user_10419,Impulse Buyers,Tier-3 Cities,0,,0.0
user_10420,Impulse Buyers,Tier-3 Cities,0,,0.0
user_10421,Premium Fitness Users,Tier-2 Cities,0,,0.0
user_10422,Premium Fitness Users,Tier-2 Cities,0,,0.0
user_10423,Impulse Buyers,International,0,,0.0
user_10424,Premium Fitness Users,Tier-2 Cities,0,,0.0
user_10425,Gen-Z Trend Seekers,Tier-3 Cities,0,,0.0
user_10426,Gen-Z Trend Seekers,Tier-2 Cities,0,,0.0
user_10427,Impulse Buyers,Tier-3 Cities,0,,0.0
user_10428,Gen-Z Trend Seekers,Tier-2 Cities,1,2023-02-17 00:46:48,2168.31
user_10429,Gen-Z Trend Seekers,Tier-2 Cities,0,,0.0
user_10430,Unknown,Tier-2 Cities,0,,0.0
user_10431,Budget Parents,Tier-1 Cities,0,,0.0
user_10432,Premium Fitness Users,International,0,,0.0
user_10433,Impulse Buyers,Tier-2 Cities,0,,0.0
user_10434,Impulse Buyers,Tier-3 Cities,0,,0.0
user_10435,Gen-Z Trend Seekers,Tier-1 Cities,0,,0.0
user_10436,Budget Parents,International,0,,0.0
user_10437,Budget Parents,Tier-2 Cities,1,2023-06-22 01:54:36,2516.95
user_10438,Unknown,International,0,,0.0
user_10439,Premium Fitness Users,Tier-2 Cities,0,,0.0
user_10440,Impulse Buyers,Tier-1 Cities,0,,0.0
user_10441,Budget Parents,Tier-3 Cities,1,2023-07-02 17:41:14,7365.88
user_10442,Impulse Buyers,International,1,2023-02-26 11:53:45,3942.61
user_10443,Impulse Buyers,Tier-3 Cities,0,,0.0
user_10444,Premium Fitness Users,Tier-1 Cities,0,,0.0
user_10445,Impulse Buyers,Tier-2 Cities,1,2023-05-28 05:52:08,2282.52
user_10446,Gen-Z Trend Seekers,Tier-3 Cities,0,,0.0
user_10447,Unknown,Tier-1 Cities,0,,0.0
user_10448,Gen-Z Trend Seekers,International,0,,0.0
user_10449,Impulse Buyers,International,0,,0.0
user_10450,Unknown,International,0,,0.0
user_10451,Unknown,International,0,,0.0
user_10452,Premium Fitness Users,Tier-2 Cities,0,,0.0
user_10453,Budget Parents,Tier-1 Cities,0,,0.0
user_10454,Premium Fitness Users,Tier-1 Cities,0,,0.0
user_10455,Premium Fitness Users,Tier-2 Cities,0,,0.0
user_10456,Premium Fitness Users,Tier-2 Cities,0,,0.0
user_10457,Impulse Buyers,Tier-3 Cities,1,2023-10-12 12:40:15,1287.66
user_10458,Gen-Z Trend Seekers,Tier-2 Cities,0,,0.0
user_10459,Budget Parents,Tier-2 Cities,0,,0.0
user_10460,Impulse Buyers,Tier-2 Cities,0,,0.0
user_10461,Unknown,Tier-3 Cities,0,,0.0
user_10462,Budget Parents,International,0,,0.0
user_10463,Gen-Z Trend Seekers,Tier-2 Cities,0,,0.0
user_10464,Gen-Z Trend Seekers,Tier-3 Cities,0,,0.0
user_10465,Impulse Buyers,Tier-3 Cities,0,,0.0
user_10466,Impulse Buyers,Tier-2 Cities,0,,0.0
user_10467,Premium Fitness Users,International,0,,0.0
user_10468,Unknown,Tier-3 Cities,0,,0.0
user_10469,Premium Fitness Users,Tier-2 Cities,1,2023-01-29 20:12:40,5909.6
user_10470,Gen-Z Trend Seekers,Tier-1 Cities,0,,0.0
user_10471,Gen-Z Trend Seekers,Tier-2 Cities,0,,0.0
user_10472,Impulse Buyers,Tier-3 Cities,1,2023-02-24 21:52:34,1413.97
user_10473,Gen-Z Trend Seekers,Tier-2 Cities,0,,0.0
user_10474,Budget Parents,Tier-3 Cities,0,,0.0
user_10475,Impulse Buyers,Tier-2 Cities,0,,0.0
user_10476,Unknown,International,0,,0.0
user_10477,Unknown,Tier-3 Cities,0,,0.0
user_10478,Impulse Buyers,Tier-1 Cities,0,,0.0
user_10479,Budget Parents,International,0,,0.0
user_10480,Gen-Z Trend Seekers,Tier-1 Cities,1,2023-05-01 12:08:15,4816.74
user_10481,Budget Parents,Tier-3 Cities,0,,0.0
user_10482,Gen-Z Trend Seekers,International,1,2023-05-23 13:22:01,5806.18
user_10483,Gen-Z Trend Seekers,Tier-2 Cities,0,,0.0
user_10484,Budget Parents,International,1,2023-04-29 19:20:35,1560.11
user_10485,Unknown,Tier-1 Cities,0,,0.0
user_10486,Budget Parents,Tier-3 Cities,0,,0.0
user_10487,Budget Parents,Tier-3 Cities,0,,0.0
user_10488,Budget Parents,International,0,,0.0
user_10489,Impulse Buyers,Tier-3 Cities,0,,0.0
user_10490,Impulse Buyers,Tier-3 Cities,0,,0.0
user_10491,Budget Parents,Tier-2 Cities,0,,0.0
user_10492,Premium Fitness Users,International,0,,0.0
user_10493,Gen-Z Trend Seekers,Tier-1 Cities,0,,0.0
user_10494,Gen-Z Trend Seekers,Tier-2 Cities,0,,0.0
user_10495,Impulse Buyers,Tier-2 Cities,0,,0.0
user_10496,Premium Fitness Users,Tier-2 Cities,0,,0.0
user_10497,Gen-Z Trend Seekers,International,0,,0.0
user_10498,Premium Fitness Users,Tier-3 Cities,1,2023-12-11 00:55:15,8261.89
user_10499,Impulse Buyers,International,1,2023-10-30 16:15:20,981.79
user_10500,Gen-Z Trend Seekers,Tier-2 Cities,0,,0.0
user_10501,Unknown,Tier-3 Cities,0,,0.0
user_10502,Premium Fitness Users,International,0,,0.0
user_10503,Budget Parents,Tier-1 Cities,0,,0.0
user_10504,Gen-Z Trend Seekers,Tier-1 Cities,0,,0.0
user_10505,Premium Fitness Users,International,0,,0.0
user_10506,Gen-Z Trend Seekers,Tier-2 Cities,0,,0.0
user_10507,Gen-Z Trend Seekers,Tier-2 Cities,0,,0.0
user_10508,Budget Parents,Tier-1 Cities,0,,0.0
user_10509,Gen-Z Trend Seekers,Tier-1 Cities,0,,0.0
user_10510,Unknown,Tier-2 Cities,0,,0.0
user_10511,Budget Parents,Tier-1 Cities,0,,0.0
user_10512,Gen-Z Trend Seekers,Tier-1 Cities,0,,0.0
user_10513,Unknown,Tier-1 Cities,0,,0.0
user_10514,Gen-Z Trend Seekers,Tier-2 Cities,0,,0.0
user_10515,Gen-Z Trend Seekers,Tier-2 Cities,1,2023-02-02 06:09:52,2692.49
user_10516,Budget Parents,International,0,,0.0
user_10517,Gen-Z Trend Seekers,Tier-3 Cities,0,,0.0
user_10518,Impulse Buyers,Tier-2 Cities,0,,0.0
user_10519,Impulse Buyers,Tier-3 Cities,0,,0.0
user_10520,Budget Parents,International,0,,0.0
user_10521,Gen-Z Trend Seekers,Tier-2 Cities,0,,0.0
user_10522,Impulse Buyers,Tier-3 Cities,0,,0.0
user_10523,Premium Fitness Users,Tier-1 Cities,0,,0.0
user_10524,Impulse Buyers,International,0,,0.0
user_10525,Gen-Z Trend Seekers,Tier-3 Cities,0,,0.0
user_10526,Gen-Z Trend Seekers,Tier-1 Cities,0,,0.0
user_10527,Gen-Z Trend Seekers,Tier-1 Cities,0,,0.0
user_10528,Premium Fitness Users,International,1,2023-10-13 07:01:27,4896.29
user_10529,Budget Parents,International,0,,0.0
user_10530,Unknown,Tier-2 Cities,0,,0.0
user_10531,Impulse Buyers,Tier-2 Cities,0,,0.0
user_10532,Unknown,Tier-1 Cities,0,,0.0
user_10533,Premium Fitness Users,Tier-1 Cities,0,,0.0
user_10534,Premium Fitness Users,International,0,,0.0
user_10535,Impulse Buyers,Tier-2 Cities,0,,0.0
user_10536,Gen-Z Trend Seekers,Tier-3 Cities,0,,0.0
user_10537,Impulse Buyers,International,0,,0.0
user_10538,Impulse Buyers,Tier-3 Cities,1,2023-07-21 14:12:55,3955.89
user_10539,Gen-Z Trend Seekers,Tier-1 Cities,0,,0.0
user_10540,Budget Parents,Tier-1 Cities,0,,0.0
user_10541,Budget Parents,Tier-1 Cities,0,,0.0
user_10542,Impulse Buyers,Tier-3 Cities,0,,0.0
user_10543,Premium Fitness Users,Tier-1 Cities,1,2023-09-24 13:50:17,7420.05
user_10544,Gen-Z Trend Seekers,International,0,,0.0
user_10545,Impulse Buyers,Tier-1 Cities,0,,0.0
user_10546,Impulse Buyers,Tier-2 Cities,0,,0.0
user_10547,Impulse Buyers,Tier-1 Cities,0,,0.0
user_10548,Gen-Z Trend Seekers,Tier-2 Cities,0,,0.0
user_10549,Budget Parents,Tier-1 Cities,0,,0.0
user_10550,Impulse Buyers,International,0,,0.0
user_10551,Budget Parents,Tier-2 Cities,1,2023-03-28 16:07:07,3548.19
user_10552,Budget Parents,Tier-1 Cities,0,,0.0
user_10553,Budget Parents,Tier-3 Cities,0,,0.0
user_10554,Budget Parents,Tier-2 Cities,0,,0.0
user_10555,Premium Fitness Users,International,0,,0.0
user_10556,Premium Fitness Users,Tier-1 Cities,0,,0.0
user_10557,Gen-Z Trend Seekers,International,0,,0.0
user_10558,Impulse Buyers,International,1,2023-04-26 11:33:03,1253.14
user_10559,Premium Fitness Users,International,0,,0.0
user_10560,Budget Parents,Tier-1 Cities,0,,0.0
user_10561,Impulse Buyers,Tier-2 Cities,0,,0.0
user_10562,Budget Parents,Tier-2 Cities,0,,0.0
user_10563,Budget Parents,Tier-3 Cities,0,,0.0
user_10564,Unknown,Tier-3 Cities,0,,0.0
user_10565,Budget Parents,International,0,,0.0
user_10566,Premium Fitness Users,Tier-3 Cities,0,,0.0
user_10567,Gen-Z Trend Seekers,Tier-1 Cities,0,,0.0
user_10568,Impulse Buyers,Tier-1 Cities,0,,0.0
user_10569,Gen-Z Trend Seekers,Tier-2 Cities,0,,0.0
user_10570,Budget Parents,International,0,,0.0
user_10571,Premium Fitness Users,Tier-1 Cities,0,,0.0
user_10572,Impulse Buyers,Tier-3 Cities,0,,0.0
user_10573,Gen-Z Trend Seekers,Tier-3 Cities,0,,0.0
user_10574,Premium Fitness Users,Tier-3 Cities,0,,0.0
user_10575,Unknown,Tier-3 Cities,0,,0.0
user_10576,Impulse Buyers,International,0,,0.0
user_10577,Budget Parents,Tier-1 Cities,0,,0.0
user_10578,Premium Fitness Users,Tier-3 Cities,0,,0.0
user_10579,Premium Fitness Users,Tier-3 Cities,0,,0.0
user_10580,Gen-Z Trend Seekers,Tier-3 Cities,0,,0.0
user_10581,Gen-Z Trend Seekers,Tier-1 Cities,0,,0.0
user_10582,Unknown,Tier-2 Cities,0,,0.0
user_10583,Budget Parents,Tier-1 Cities,0,,0.0
user_10584,Budget Parents,Tier-2 Cities,0,,0.0
user_10585,Premium Fitness Users,Tier-3 Cities,0,,0.0
user_10586,Budget Parents,Tier-2 Cities,0,,0.0
user_10587,Unknown,Tier-2 Cities,0,,0.0
user_10588,Gen-Z Trend Seekers,International,0,,0.0
user_10589,Unknown,Tier-2 Cities,0,,0.0
user_10590,Budget Parents,Tier-2 Cities,0,,0.0
user_10591,Budget Parents,Tier-3 Cities,0,,0.0
user_10592,Premium Fitness Users,Tier-1 Cities,0,,0.0
user_10593,Gen-Z Trend Seekers,Tier-1 Cities,0,,0.0
user_10594,Gen-Z Trend Seekers,Tier-1 Cities,0,,0.0
user_10595,Impulse Buyers,International,0,,0.0
user_10596,Impulse Buyers,Tier-3 Cities,0,,0.0
user_10597,Gen-Z Trend Seekers,Tier-1 Cities,0,,0.0
user_10598,Gen-Z Trend Seekers,Tier-3 Cities,0,,0.0
user_10599,Budget Parents,International,0,,0.0
user_10600,Budget Parents,Tier-1 Cities,0,,0.0
user_10601,Premium Fitness Users,Tier-2 Cities,0,,0.0
user_10602,Gen-Z Trend Seekers,Tier-2 Cities,0,,0.0
user_10603,Premium Fitness Users,Tier-1 Cities,0,,0.0
user_10604,Impulse Buyers,Tier-3 Cities,1,2023-01-18 05:22:03,1058.85
user_10605,Impulse Buyers,Tier-3 Cities,0,,0.0
user_10606,Budget Parents,Tier-3 Cities,0,,0.0
user_10607,Budget Parents,International,0,,0.0
user_10608,Budget Parents,Tier-2 Cities,0,,0.0
user_10609,Unknown,Tier-2 Cities,0,,0.0
user_10610,Unknown,Tier-2 Cities,0,,0.0
user_10611,Unknown,Tier-1 Cities,0,,0.0
user_10612,Unknown,Tier-3 Cities,0,,0.0
user_10613,Gen-Z Trend Seekers,International,0,,0.0
user_10614,Gen-Z Trend Seekers,Tier-3 Cities,0,,0.0
user_10615,Gen-Z Trend Seekers,Tier-2 Cities,0,,0.0
user_10616,Premium Fitness Users,Tier-1 Cities,0,,0.0
user_10617,Unknown,Tier-2 Cities,0,,0.0
user_10618,Impulse Buyers,Tier-1 Cities,0,,0.0
user_10619,Gen-Z Trend Seekers,International,0,,0.0
user_10620,Premium Fitness Users,International,0,,0.0
user_10621,Impulse Buyers,Tier-2 Cities,0,,0.0
user_10622,Gen-Z Trend Seekers,Tier-1 Cities,0,,0.0
user_10623,Budget Parents,Tier-2 Cities,0,,0.0
user_10624,Budget Parents,Tier-1 Cities,1,2023-04-21 02:34:13,6268.7
user_10625,Premium Fitness Users,Tier-1 Cities,1,2023-06-13 11:29:08,12323.5
user_10626,Impulse Buyers,International,0,,0.0
user_10627,Budget Parents,Tier-2 Cities,0,,0.0
user_10628,Impulse Buyers,Tier-2 Cities,0,,0.0
user_10629,Premium Fitness Users,Tier-1 Cities,0,,0.0
user_10630,Impulse Buyers,International,0,,0.0
user_10631,Budget Parents,Tier-1 Cities,0,,0.0
user_10632,Budget Parents,Tier-2 Cities,0,,0.0
user_10633,Premium Fitness Users,Tier-1 Cities,0,,0.0
user_10634,Impulse Buyers,Tier-1 Cities,1,2023-02-19 13:33:13,3956.17
user_10635,Budget Parents,Tier-3 Cities,0,,0.0
user_10636,Impulse Buyers,International,0,,0.0
user_10637,Unknown,Tier-1 Cities,0,,0.0
user_10638,Premium Fitness Users,Tier-3 Cities,1,2023-01-29 04:17:41,6710.32
user_10639,Premium Fitness Users,International,1,2023-07-01 04:55:10,5531.59
user_10640,Premium Fitness Users,Tier-2 Cities,0,,0.0
user_10641,Impulse Buyers,Tier-2 Cities,0,,0.0
user_10642,Gen-Z Trend Seekers,Tier-1 Cities,0,,0.0
user_10643,Impulse Buyers,Tier-3 Cities,0,,0.0
user_10644,Impulse Buyers,Tier-2 Cities,1,2023-10-17 21:45:54,2047.06
user_10645,Impulse Buyers,Tier-1 Cities,0,,0.0
user_10646,Unknown,Tier-1 Cities,0,,0.0
user_10647,Unknown,Tier-1 Cities,0,,0.0
user_10648,Premium Fitness Users,Tier-1 Cities,0,,0.0
user_10649,Impulse Buyers,Tier-3 Cities,1,2023-09-01 03:28:34,1824.58
user_10650,Gen-Z Trend Seekers,Tier-2 Cities,0,,0.0
user_10651,Unknown,Tier-3 Cities,0,,0.0
user_10652,Gen-Z Trend Seekers,International,1,2023-04-26 22:23:24,1413.63
user_10653,Impulse Buyers,Tier-1 Cities,0,,0.0
user_10654,Budget Parents,Tier-2 Cities,0,,0.0
user_10655,Impulse Buyers,International,1,2023-08-11 08:31:25,3344.37
user_10656,Budget Parents,Tier-1 Cities,0,,0.0
user_10657,Unknown,Tier-3 Cities,0,,0.0
user_10658,Premium Fitness Users,Tier-2 Cities,0,,0.0
user_10659,Impulse Buyers,International,0,,0.0
user_10660,Gen-Z Trend Seekers,Tier-1 Cities,0,,0.0
user_10661,Budget Parents,International,0,,0.0
user_10662,Premium Fitness Users,Tier-1 Cities,0,,0.0
user_10663,Gen-Z Trend Seekers,Tier-3 Cities,0,,0.0
user_10664,Gen-Z Trend Seekers,Tier-1 Cities,0,,0.0
user_10665,Impulse Buyers,Tier-3 Cities,0,,0.0
user_10666,Budget Parents,Tier-2 Cities,0,,0.0
user_10667,Budget Parents,Tier-3 Cities,0,,0.0
user_10668,Budget Parents,Tier-1 Cities,0,,0.0
user_10669,Impulse Buyers,Tier-1 Cities,1,2023-11-08 14:02:32,3513.65
user_10670,Gen-Z Trend Seekers,Tier-3 Cities,1,2023-06-04 19:08:31,2324.34
user_10671,Gen-Z Trend Seekers,Tier-2 Cities,0,,0.0
user_10672,Budget Parents,Tier-1 Cities,0,,0.0
user_10673,Budget Parents,Tier-1 Cities,0,,0.0
user_10674,Unknown,Tier-3 Cities,0,,0.0
user_10675,Gen-Z Trend Seekers,International,0,,0.0
user_10676,Impulse Buyers,Tier-1 Cities,0,,0.0
user_10677,Budget Parents,Tier-3 Cities,0,,0.0
user_10678,Unknown,Tier-1 Cities,0,,0.0
user_10679,Impulse Buyers,International,0,,0.0
user_10680,Gen-Z Trend Seekers,International,0,,0.0
user_10681,Impulse Buyers,Tier-2 Cities,0,,0.0
user_10682,Unknown,Tier-2 Cities,0,,0.0
user_10683,Impulse Buyers,International,0,,0.0
user_10684,Unknown,Tier-2 Cities,0,,0.0
user_10685,Budget Parents,Tier-1 Cities,0,,0.0
user_10686,Gen-Z Trend Seekers,Tier-2 Cities,0,,0.0
user_10687,Budget Parents,Tier-2 Cities,0,,0.0
user_10688,Budget Parents,International,0,,0.0
user_10689,Impulse Buyers,Tier-3 Cities,0,,0.0
user_10690,Impulse Buyers,Tier-3 Cities,1,2023-06-15 20:20:32,1368.41
user_10691,Budget Parents,International,0,,0.0
user_10692,Gen-Z Trend Seekers,Tier-3 Cities,0,,0.0
user_10693,Premium Fitness Users,Tier-1 Cities,0,,0.0
user_10694,Premium Fitness Users,Tier-2 Cities,0,,0.0
user_10695,Impulse Buyers,Tier-1 Cities,0,,0.0
user_10696,Gen-Z Trend Seekers,Tier-2 Cities,0,,0.0
user_10697,Impulse Buyers,Tier-1 Cities,0,,0.0
user_10698,Gen-Z Trend Seekers,Tier-3 Cities,0,,0.0
user_10699,Impulse Buyers,International,1,2023-10-28 07:06:07,3366.19
user_10700,Budget Parents,International,0,,0.0
user_10701,Premium Fitness Users,Tier-1 Cities,0,,0.0
user_10702,Premium Fitness Users,International,0,,0.0
user_10703,Gen-Z Trend Seekers,Tier-3 Cities,0,,0.0
user_10704,Gen-Z Trend Seekers,International,0,,0.0
user_10705,Premium Fitness Users,Tier-2 Cities,0,,0.0
user_10706,Unknown,Tier-2 Cities,0,,0.0
user_10707,Budget Parents,Tier-3 Cities,0,,0.0
user_10708,Budget Parents,Tier-2 Cities,0,,0.0
user_10709,Gen-Z Trend Seekers,Tier-2 Cities,0,,0.0
user_10710,Impulse Buyers,International,0,,0.0
user_10711,Budget Parents,Tier-2 Cities,0,,0.0
user_10712,Premium Fitness Users,Tier-3 Cities,0,,0.0
user_10713,Impulse Buyers,Tier-3 Cities,0,,0.0
user_10714,Unknown,International,0,,0.0
user_10715,Impulse Buyers,International,0,,0.0
user_10716,Gen-Z Trend Seekers,International,0,,0.0
user_10717,Budget Parents,International,0,,0.0
user_10718,Budget Parents,Tier-2 Cities,0,,0.0
user_10719,Impulse Buyers,Tier-1 Cities,0,,0.0
user_10720,Gen-Z Trend Seekers,Tier-1 Cities,0,,0.0
user_10721,Premium Fitness Users,Tier-2 Cities,0,,0.0
user_10722,Impulse Buyers,International,1,2023-09-26 01:35:37,1107.66
user_10723,Premium Fitness Users,International,0,,0.0
user_10724,Premium Fitness Users,International,1,2023-09-29 06:59:56,5182.08
user_10725,Gen-Z Trend Seekers,International,0,,0.0
user_10726,Unknown,Tier-1 Cities,0,,0.0
user_10727,Unknown,International,0,,0.0
user_10728,Impulse Buyers,Tier-2 Cities,1,2023-01-09 05:59:05,2653.94
user_10729,Impulse Buyers,Tier-2 Cities,0,,0.0
user_10730,Unknown,Tier-1 Cities,0,,0.0
user_10731,Gen-Z Trend Seekers,Tier-3 Cities,0,,0.0
user_10732,Gen-Z Trend Seekers,Tier-2 Cities,0,,0.0
user_10733,Premium Fitness Users,Tier-1 Cities,0,,0.0
user_10734,Impulse Buyers,Tier-1 Cities,0,,0.0
user_10735,Gen-Z Trend Seekers,Tier-2 Cities,0,,0.0
user_10736,Impulse Buyers,International,0,,0.0
user_10737,Premium Fitness Users,Tier-1 Cities,0,,0.0
user_10738,Unknown,International,0,,0.0
user_10739,Premium Fitness Users,International,0,,0.0
user_10740,Budget Parents,Tier-2 Cities,0,,0.0
user_10741,Impulse Buyers,Tier-1 Cities,0,,0.0
user_10742,Premium Fitness Users,Tier-3 Cities,0,,0.0
user_10743,Gen-Z Trend Seekers,International,0,,0.0
user_10744,Impulse Buyers,Tier-1 Cities,0,,0.0
user_10745,Gen-Z Trend Seekers,International,0,,0.0
user_10746,Budget Parents,Tier-2 Cities,0,,0.0
user_10747,Gen-Z Trend Seekers,Tier-1 Cities,0,,0.0
user_10748,Unknown,Tier-2 Cities,0,,0.0
user_10749,Premium Fitness Users,International,0,,0.0
user_10750,Gen-Z Trend Seekers,Tier-1 Cities,0,,0.0
user_10751,Impulse Buyers,Tier-3 Cities,0,,0.0
user_10752,Impulse Buyers,Tier-2 Cities,0,,0.0
user_10753,Budget Parents,Tier-3 Cities,0,,0.0
user_10754,Impulse Buyers,Tier-1 Cities,0,,0.0
user_10755,Budget Parents,Tier-3 Cities,0,,0.0
user_10756,Impulse Buyers,Tier-2 Cities,1,2023-05-11 09:54:39,2004.03
user_10757,Gen-Z Trend Seekers,Tier-1 Cities,0,,0.0
user_10758,Gen-Z Trend Seekers,Tier-2 Cities,0,,0.0
user_10759,Budget Parents,Tier-1 Cities,0,,0.0
user_10760,Premium Fitness Users,Tier-2 Cities,1,2023-07-02 10:04:52,2886.48
user_10761,Premium Fitness Users,Tier-2 Cities,0,,0.0
user_10762,Impulse Buyers,Tier-1 Cities,0,,0.0
user_10763,Impulse Buyers,Tier-2 Cities,0,,0.0
user_10764,Impulse Buyers,International,0,,0.0
user_10765,Gen-Z Trend Seekers,International,1,2024-01-02 21:10:50,3596.3
user_10766,Budget Parents,Tier-2 Cities,0,,0.0
user_10767,Impulse Buyers,Tier-3 Cities,0,,0.0
user_10768,Budget Parents,International,1,2023-09-18 08:16:24,2602.2
user_10769,Impulse Buyers,Tier-1 Cities,0,,0.0
user_10770,Unknown,Tier-3 Cities,0,,0.0
user_10771,Gen-Z Trend Seekers,Tier-3 Cities,0,,0.0
user_10772,Gen-Z Trend Seekers,Tier-1 Cities,0,,0.0
user_10773,Impulse Buyers,International,0,,0.0
user_10774,Premium Fitness Users,Tier-1 Cities,0,,0.0
user_10775,Unknown,Tier-3 Cities,0,,0.0
user_10776,Budget Parents,International,0,,0.0
user_10777,Budget Parents,Tier-1 Cities,0,,0.0
user_10778,Budget Parents,International,0,,0.0
user_10779,Premium Fitness Users,Tier-1 Cities,0,,0.0
user_10780,Gen-Z Trend Seekers,Tier-2 Cities,0,,0.0
user_10781,Gen-Z Trend Seekers,International,1,2023-07-06 08:28:54,3580.39
user_10782,Premium Fitness Users,Tier-2 Cities,0,,0.0
user_10783,Gen-Z Trend Seekers,Tier-3 Cities,0,,0.0
user_10784,Unknown,Tier-3 Cities,0,,0.0
user_10785,Impulse Buyers,Tier-1 Cities,0,,0.0
user_10786,Premium Fitness Users,International,0,,0.0
user_10787,Gen-Z Trend Seekers,International,0,,0.0
user_10788,Impulse Buyers,Tier-2 Cities,0,,0.0
user_10789,Gen-Z Trend Seekers,Tier-3 Cities,0,,0.0
user_10790,Gen-Z Trend Seekers,International,0,,0.0
user_10791,Impulse Buyers,International,0,,0.0
user_10792,Premium Fitness Users,Tier-2 Cities,0,,0.0
user_10793,Budget Parents,Tier-2 Cities,0,,0.0
user_10794,Unknown,International,0,,0.0
user_10795,Gen-Z Trend Seekers,Tier-1 Cities,0,,0.0
user_10796,Unknown,Tier-1 Cities,0,,0.0
user_10797,Premium Fitness Users,Tier-1 Cities,0,,0.0
user_10798,Gen-Z Trend Seekers,Tier-3 Cities,0,,0.0
user_10799,Gen-Z Trend Seekers,Tier-1 Cities,0,,0.0
user_10800,Unknown,Tier-3 Cities,0,,0.0
user_10801,Impulse Buyers,Tier-3 Cities,0,,0.0
user_10802,Impulse Buyers,Tier-2 Cities,0,,0.0
user_10803,Gen-Z Trend Seekers,International,0,,0.0
user_10804,Impulse Buyers,Tier-3 Cities,0,,0.0
user_10805,Impulse Buyers,Tier-3 Cities,0,,0.0
user_10806,Gen-Z Trend Seekers,International,0,,0.0
user_10807,Premium Fitness Users,Tier-3 Cities,0,,0.0
user_10808,Impulse Buyers,Tier-1 Cities,0,,0.0
user_10809,Unknown,International,0,,0.0
user_10810,Gen-Z Trend Seekers,Tier-1 Cities,0,,0.0
user_10811,Impulse Buyers,Tier-1 Cities,0,,0.0
user_10812,Unknown,Tier-3 Cities,0,,0.0
user_10813,Unknown,Tier-2 Cities,0,,0.0
user_10814,Gen-Z Trend Seekers,Tier-1 Cities,0,,0.0
user_10815,Impulse Buyers,Tier-3 Cities,0,,0.0
user_10816,Gen-Z Trend Seekers,Tier-3 Cities,0,,0.0
user_10817,Budget Parents,Tier-2 Cities,0,,0.0
user_10818,Premium Fitness Users,International,0,,0.0
user_10819,Budget Parents,International,0,,0.0
user_10820,Unknown,Tier-2 Cities,0,,0.0
user_10821,Impulse Buyers,Tier-2 Cities,0,,0.0
user_10822,Budget Parents,Tier-2 Cities,0,,0.0
user_10823,Budget Parents,Tier-1 Cities,0,,0.0
user_10824,Budget Parents,Tier-1 Cities,0,,0.0
user_10825,Gen-Z Trend Seekers,International,0,,0.0
user_10826,Gen-Z Trend Seekers,International,0,,0.0
user_10827,Premium Fitness Users,Tier-3 Cities,1,2023-08-19 09:23:49,7615.07
user_10828,Impulse Buyers,Tier-3 Cities,0,,0.0
user_10829,Budget Parents,Tier-3 Cities,1,2023-08-16 18:52:01,1756.44
user_10830,Unknown,International,0,,0.0
user_10831,Premium Fitness Users,International,0,,0.0
user_10832,Unknown,Tier-3 Cities,0,,0.0
user_10833,Premium Fitness Users,Tier-3 Cities,0,,0.0
user_10834,Unknown,Tier-3 Cities,0,,0.0
user_10835,Impulse Buyers,Tier-2 Cities,0,,0.0
user_10836,Premium Fitness Users,Tier-2 Cities,0,,0.0
user_10837,Budget Parents,Tier-2 Cities,0,,0.0
user_10838,Unknown,Tier-2 Cities,0,,0.0
user_10839,Gen-Z Trend Seekers,Tier-3 Cities,0,,0.0
user_10840,Impulse Buyers,Tier-1 Cities,0,,0.0
user_10841,Premium Fitness Users,Tier-3 Cities,0,,0.0
user_10842,Gen-Z Trend Seekers,Tier-1 Cities,0,,0.0
user_10843,Premium Fitness Users,Tier-3 Cities,0,,0.0
user_10844,Unknown,Tier-3 Cities,0,,0.0
user_10845,Gen-Z Trend Seekers,Tier-3 Cities,0,,0.0
user_10846,Budget Parents,Tier-3 Cities,0,,0.0
user_10847,Impulse Buyers,Tier-2 Cities,0,,0.0
user_10848,Budget Parents,Tier-2 Cities,0,,0.0
user_10849,Budget Parents,Tier-1 Cities,0,,0.0
user_10850,Impulse Buyers,Tier-3 Cities,0,,0.0
user_10851,Budget Parents,Tier-3 Cities,0,,0.0
user_10852,Premium Fitness Users,International,0,,0.0
user_10853,Gen-Z Trend Seekers,Tier-3 Cities,0,,0.0
user_10854,Impulse Buyers,Tier-3 Cities,0,,0.0
user_10855,Unknown,Tier-3 Cities,0,,0.0
user_10856,Impulse Buyers,International,0,,0.0
user_10857,Impulse Buyers,Tier-1 Cities,0,,0.0
user_10858,Unknown,Tier-3 Cities,0,,0.0
user_10859,Premium Fitness Users,Tier-3 Cities,0,,0.0
user_10860,Premium Fitness Users,Tier-3 Cities,0,,0.0
user_10861,Budget Parents,Tier-1 Cities,0,,0.0
user_10862,Unknown,Tier-1 Cities,0,,0.0
user_10863,Premium Fitness Users,Tier-3 Cities,0,,0.0
user_10864,Gen-Z Trend Seekers,International,0,,0.0
user_10865,Premium Fitness Users,Tier-1 Cities,0,,0.0
user_10866,Premium Fitness Users,Tier-1 Cities,0,,0.0
user_10867,Impulse Buyers,Tier-1 Cities,0,,0.0
user_10868,Unknown,Tier-1 Cities,0,,0.0
user_10869,Premium Fitness Users,Tier-2 Cities,0,,0.0
user_10870,Impulse Buyers,Tier-1 Cities,0,,0.0
user_10871,Budget Parents,Tier-3 Cities,0,,0.0
user_10872,Impulse Buyers,Tier-1 Cities,0,,0.0
user_10873,Unknown,International,0,,0.0
user_10874,Premium Fitness Users,Tier-2 Cities,0,,0.0
user_10875,Premium Fitness Users,Tier-2 Cities,0,,0.0
user_10876,Unknown,International,0,,0.0
user_10877,Gen-Z Trend Seekers,Tier-3 Cities,0,,0.0
user_10878,Unknown,Tier-3 Cities,0,,0.0
user_10879,Gen-Z Trend Seekers,Tier-3 Cities,0,,0.0
user_10880,Budget Parents,International,0,,0.0
user_10881,Impulse Buyers,Tier-2 Cities,0,,0.0
user_10882,Unknown,Tier-2 Cities,0,,0.0
user_10883,Premium Fitness Users,Tier-1 Cities,1,2023-12-22 21:59:18,7049.74
user_10884,Gen-Z Trend Seekers,International,0,,0.0
user_10885,Budget Parents,Tier-1 Cities,0,,0.0
user_10886,Gen-Z Trend Seekers,International,0,,0.0
user_10887,Impulse Buyers,Tier-1 Cities,0,,0.0
user_10888,Gen-Z Trend Seekers,Tier-1 Cities,0,,0.0
user_10889,Gen-Z Trend Seekers,Tier-2 Cities,0,,0.0
user_10890,Budget Parents,Tier-1 Cities,0,,0.0
user_10891,Gen-Z Trend Seekers,Tier-1 Cities,0,,0.0
user_10892,Premium Fitness Users,Tier-2 Cities,1,2023-02-08 06:00:39,5841.68
user_10893,Gen-Z Trend Seekers,Tier-3 Cities,0,,0.0
user_10894,Unknown,International,0,,0.0
user_10895,Budget Parents,Tier-3 Cities,1,2023-06-19 14:50:32,3156.46
user_10896,Premium Fitness Users,Tier-2 Cities,0,,0.0
user_10897,Gen-Z Trend Seekers,Tier-3 Cities,0,,0.0
user_10898,Impulse Buyers,Tier-3 Cities,0,,0.0
user_10899,Budget Parents,Tier-1 Cities,1,2023-01-16 11:31:15,6982.93
user_10900,Budget Parents,Tier-2 Cities,0,,0.0
user_10901,Impulse Buyers,Tier-1 Cities,0,,0.0
user_10902,Impulse Buyers,Tier-1 Cities,0,,0.0
user_10903,Gen-Z Trend Seekers,Tier-3 Cities,1,2023-03-21 04:30:52,2586.85
user_10904,Budget Parents,International,0,,0.0
user_10905,Premium Fitness Users,Tier-2 Cities,0,,0.0
user_10906,Impulse Buyers,Tier-1 Cities,0,,0.0
user_10907,Impulse Buyers,Tier-1 Cities,1,2023-07-23 13:47:40,3311.76
user_10908,Budget Parents,Tier-1 Cities,0,,0.0
user_10909,Budget Parents,Tier-3 Cities,0,,0.0
user_10910,Impulse Buyers,Tier-3 Cities,0,,0.0
user_10911,Gen-Z Trend Seekers,International,0,,0.0
user_10912,Gen-Z Trend Seekers,International,0,,0.0
user_10913,Premium Fitness Users,Tier-2 Cities,0,,0.0
user_10914,Premium Fitness Users,Tier-2 Cities,0,,0.0
user_10915,Gen-Z Trend Seekers,Tier-1 Cities,0,,0.0
user_10916,Budget Parents,Tier-2 Cities,0,,0.0
user_10917,Impulse Buyers,Tier-2 Cities,0,,0.0
user_10918,Premium Fitness Users,Tier-1 Cities,0,,0.0
user_10919,Impulse Buyers,International,0,,0.0
user_10920,Premium Fitness Users,Tier-2 Cities,0,,0.0
user_10921,Impulse Buyers,International,0,,0.0
user_10922,Gen-Z Trend Seekers,International,0,,0.0
user_10923,Premium Fitness Users,Tier-1 Cities,0,,0.0
user_10924,Budget Parents,Tier-1 Cities,0,,0.0
user_10925,Unknown,International,0,,0.0
user_10926,Unknown,Tier-2 Cities,0,,0.0
user_10927,Unknown,International,0,,0.0
user_10928,Impulse Buyers,Tier-2 Cities,0,,0.0
user_10929,Budget Parents,Tier-3 Cities,0,,0.0
user_10930,Premium Fitness Users,Tier-2 Cities,0,,0.0
user_10931,Gen-Z Trend Seekers,Tier-1 Cities,0,,0.0
user_10932,Premium Fitness Users,Tier-1 Cities,0,,0.0
user_10933,Premium Fitness Users,Tier-1 Cities,0,,0.0
user_10934,Gen-Z Trend Seekers,Tier-1 Cities,0,,0.0
user_10935,Gen-Z Trend Seekers,Tier-1 Cities,1,2023-02-06 15:44:36,1995.66
user_10936,Budget Parents,Tier-3 Cities,0,,0.0
user_10937,Unknown,Tier-2 Cities,0,,0.0
user_10938,Gen-Z Trend Seekers,Tier-1 Cities,0,,0.0
user_10939,Impulse Buyers,Tier-2 Cities,0,,0.0
user_10940,Gen-Z Trend Seekers,Tier-2 Cities,0,,0.0
user_10941,Budget Parents,International,0,,0.0
user_10942,Unknown,Tier-2 Cities,0,,0.0
user_10943,Budget Parents,Tier-1 Cities,0,,0.0
user_10944,Premium Fitness Users,International,0,,0.0
user_10945,Premium Fitness Users,Tier-1 Cities,0,,0.0
user_10946,Gen-Z Trend Seekers,Tier-1 Cities,0,,0.0
user_10947,Unknown,International,0,,0.0
user_10948,Gen-Z Trend Seekers,Tier-2 Cities,0,,0.0
user_10949,Impulse Buyers,Tier-2 Cities,0,,0.0
user_10950,Premium Fitness Users,Tier-2 Cities,0,,0.0
user_10951,Impulse Buyers,Tier-3 Cities,0,,0.0
user_10952,Budget Parents,Tier-2 Cities,0,,0.0
user_10953,Premium Fitness Users,Tier-3 Cities,0,,0.0
user_10954,Impulse Buyers,Tier-3 Cities,0,,0.0
user_10955,Gen-Z Trend Seekers,International,0,,0.0
user_10956,Budget Parents,Tier-2 Cities,0,,0.0
user_10957,Budget Parents,Tier-1 Cities,0,,0.0
user_10958,Unknown,Tier-1 Cities,0,,0.0
user_10959,Premium Fitness Users,International,0,,0.0
user_10960,Unknown,Tier-3 Cities,0,,0.0
user_10961,Impulse Buyers,Tier-1 Cities,0,,0.0
user_10962,Gen-Z Trend Seekers,Tier-2 Cities,0,,0.0
user_10963,Budget Parents,Tier-2 Cities,0,,0.0
user_10964,Gen-Z Trend Seekers,Tier-3 Cities,0,,0.0
user_10965,Premium Fitness Users,Tier-1 Cities,0,,0.0
user_10966,Premium Fitness Users,Tier-3 Cities,0,,0.0
user_10967,Gen-Z Trend Seekers,Tier-3 Cities,0,,0.0
user_10968,Unknown,International,0,,0.0
user_10969,Gen-Z Trend Seekers,Tier-3 Cities,0,,0.0
user_10970,Gen-Z Trend Seekers,Tier-2 Cities,0,,0.0
user_10971,Budget Parents,Tier-1 Cities,0,,0.0
user_10972,Unknown,International,0,,0.0
user_10973,Gen-Z Trend Seekers,International,0,,0.0
user_10974,Premium Fitness Users,International,0,,0.0
user_10975,Unknown,International,0,,0.0
user_10976,Premium Fitness Users,Tier-2 Cities,0,,0.0
user_10977,Budget Parents,Tier-3 Cities,1,2023-04-27 04:06:47,6864.32
user_10978,Gen-Z Trend Seekers,International,0,,0.0
user_10979,Unknown,International,0,,0.0
user_10980,Unknown,Tier-2 Cities,0,,0.0
user_10981,Gen-Z Trend Seekers,Tier-2 Cities,1,2023-10-11 15:41:52,2472.18
user_10982,Budget Parents,Tier-1 Cities,0,,0.0
user_10983,Budget Parents,Tier-2 Cities,0,,0.0
user_10984,Impulse Buyers,Tier-3 Cities,0,,0.0
user_10985,Unknown,International,0,,0.0
user_10986,Budget Parents,Tier-2 Cities,0,,0.0
user_10987,Unknown,Tier-3 Cities,0,,0.0
user_10988,Budget Parents,International,0,,0.0
user_10989,Premium Fitness Users,Tier-2 Cities,0,,0.0
user_10990,Impulse Buyers,Tier-1 Cities,0,,0.0
user_10991,Premium Fitness Users,International,0,,0.0
user_10992,Impulse Buyers,Tier-1 Cities,0,,0.0
user_10993,Gen-Z Trend Seekers,Tier-3 Cities,0,,0.0
user_10994,Budget Parents,Tier-3 Cities,0,,0.0
user_10995,Gen-Z Trend Seekers,Tier-3 Cities,0,,0.0
user_10996,Premium Fitness Users,International,0,,0.0
user_10997,Gen-Z Trend Seekers,International,0,,0.0
user_10998,Impulse Buyers,Tier-3 Cities,0,,0.0
user_10999,Premium Fitness Users,Tier-3 Cities,0,,0.0
user_11000,Gen-Z Trend Seekers,International,0,,0.0
user_11001,Budget Parents,Tier-2 Cities,1,2023-09-28 05:08:33,2900.92
user_11002,Premium Fitness Users,International,0,,0.0
user_11003,Gen-Z Trend Seekers,Tier-2 Cities,0,,0.0
user_11004,Unknown,Tier-1 Cities,0,,0.0
user_11005,Premium Fitness Users,Tier-1 Cities,0,,0.0
user_11006,Budget Parents,Tier-3 Cities,0,,0.0
user_11007,Gen-Z Trend Seekers,Tier-2 Cities,0,,0.0
user_11008,Gen-Z Trend Seekers,International,0,,0.0
user_11009,Gen-Z Trend Seekers,Tier-3 Cities,0,,0.0
user_11010,Premium Fitness Users,Tier-1 Cities,0,,0.0
user_11011,Budget Parents,Tier-2 Cities,0,,0.0
user_11012,Impulse Buyers,Tier-2 Cities,1,2023-10-22 10:43:36,2682.96
user_11013,Premium Fitness Users,International,0,,0.0
user_11014,Unknown,Tier-3 Cities,0,,0.0
user_11015,Unknown,International,0,,0.0
user_11016,Premium Fitness Users,Tier-2 Cities,0,,0.0
user_11017,Budget Parents,Tier-2 Cities,1,2023-11-29 07:36:40,3170.41
user_11018,Gen-Z Trend Seekers,Tier-2 Cities,0,,0.0
user_11019,Gen-Z Trend Seekers,Tier-3 Cities,0,,0.0
user_11020,Impulse Buyers,Tier-1 Cities,0,,0.0
user_11021,Budget Parents,International,0,,0.0
user_11022,Budget Parents,Tier-1 Cities,0,,0.0
user_11023,Unknown,Tier-2 Cities,0,,0.0
user_11024,Gen-Z Trend Seekers,Tier-2 Cities,0,,0.0
user_11025,Premium Fitness Users,Tier-3 Cities,1,2023-07-22 11:07:44,7829.0
user_11026,Impulse Buyers,Tier-2 Cities,1,2023-08-06 11:50:18,1325.52
user_11027,Gen-Z Trend Seekers,Tier-1 Cities,0,,0.0
user_11028,Budget Parents,Tier-2 Cities,0,,0.0
user_11029,Impulse Buyers,International,0,,0.0
user_11030,Gen-Z Trend Seekers,Tier-1 Cities,1,2023-09-16 05:48:08,5403.19
user_11031,Impulse Buyers,Tier-3 Cities,1,2023-03-26 07:55:13,1568.38
user_11032,Unknown,Tier-1 Cities,0,,0.0
user_11033,Gen-Z Trend Seekers,International,0,,0.0
user_11034,Gen-Z Trend Seekers,International,0,,0.0
user_11035,Premium Fitness Users,Tier-3 Cities,0,,0.0
user_11036,Premium Fitness Users,Tier-1 Cities,0,,0.0
user_11037,Gen-Z Trend Seekers,International,0,,0.0
user_11038,Gen-Z Trend Seekers,Tier-3 Cities,0,,0.0
user_11039,Budget Parents,Tier-2 Cities,0,,0.0
user_11040,Gen-Z Trend Seekers,Tier-1 Cities,0,,0.0
user_11041,Budget Parents,Tier-3 Cities,0,,0.0
user_11042,Gen-Z Trend Seekers,Tier-2 Cities,0,,0.0
user_11043,Budget Parents,Tier-3 Cities,0,,0.0
user_11044,Gen-Z Trend Seekers,International,0,,0.0
user_11045,Impulse Buyers,International,0,,0.0
user_11046,Gen-Z Trend Seekers,Tier-2 Cities,0,,0.0
user_11047,Unknown,Tier-1 Cities,0,,0.0
user_11048,Unknown,Tier-1 Cities,0,,0.0
user_11049,Unknown,Tier-1 Cities,0,,0.0
user_11050,Premium Fitness Users,Tier-2 Cities,0,,0.0
user_11051,Budget Parents,Tier-2 Cities,0,,0.0
user_11052,Premium Fitness Users,Tier-3 Cities,1,2023-02-28 04:08:57,4733.71
user_11053,Gen-Z Trend Seekers,Tier-1 Cities,0,,0.0
user_11054,Premium Fitness Users,Tier-1 Cities,0,,0.0
user_11055,Gen-Z Trend Seekers,Tier-2 Cities,0,,0.0
user_11056,Unknown,International,0,,0.0
user_11057,Budget Parents,Tier-2 Cities,0,,0.0
user_11058,Budget Parents,Tier-1 Cities,0,,0.0
user_11059,Budget Parents,Tier-3 Cities,0,,0.0
user_11060,Gen-Z Trend Seekers,Tier-2 Cities,0,,0.0
user_11061,Gen-Z Trend Seekers,Tier-2 Cities,0,,0.0
user_11062,Unknown,Tier-2 Cities,0,,0.0
user_11063,Budget Parents,International,0,,0.0
user_11064,Impulse Buyers,Tier-3 Cities,1,2023-07-27 00:45:47,2874.09
user_11065,Budget Parents,Tier-2 Cities,0,,0.0
user_11066,Gen-Z Trend Seekers,Tier-1 Cities,0,,0.0
user_11067,Budget Parents,Tier-1 Cities,0,,0.0
user_11068,Impulse Buyers,Tier-2 Cities,0,,0.0
user_11069,Unknown,International,0,,0.0
user_11070,Impulse Buyers,International,0,,0.0
user_11071,Budget Parents,Tier-3 Cities,0,,0.0
user_11072,Impulse Buyers,Tier-1 Cities,1,2023-04-24 05:04:07,990.67
user_11073,Budget Parents,Tier-2 Cities,0,,0.0
user_11074,Gen-Z Trend Seekers,Tier-2 Cities,0,,0.0
user_11075,Budget Parents,International,0,,0.0
user_11076,Budget Parents,Tier-1 Cities,0,,0.0
user_11077,Gen-Z Trend Seekers,Tier-3 Cities,0,,0.0
user_11078,Budget Parents,International,0,,0.0
user_11079,Budget Parents,International,0,,0.0
user_11080,Unknown,Tier-1 Cities,0,,0.0
user_11081,Premium Fitness Users,Tier-3 Cities,0,,0.0
user_11082,Premium Fitness Users,Tier-3 Cities,0,,0.0
user_11083,Gen-Z Trend Seekers,Tier-1 Cities,0,,0.0
user_11084,Premium Fitness Users,Tier-2 Cities,0,,0.0
user_11085,Gen-Z Trend Seekers,Tier-2 Cities,1,2023-03-23 12:59:19,3487.75
user_11086,Budget Parents,Tier-3 Cities,0,,0.0
user_11087,Unknown,International,0,,0.0
user_11088,Impulse Buyers,Tier-1 Cities,0,,0.0
user_11089,Budget Parents,Tier-3 Cities,0,,0.0
user_11090,Impulse Buyers,International,0,,0.0
user_11091,Gen-Z Trend Seekers,Tier-2 Cities,0,,0.0
user_11092,Impulse Buyers,Tier-3 Cities,0,,0.0
user_11093,Premium Fitness Users,Tier-2 Cities,1,2023-01-20 18:26:10,4334.76
user_11094,Gen-Z Trend Seekers,Tier-3 Cities,1,2023-12-22 22:01:00,4993.95
user_11095,Impulse Buyers,Tier-2 Cities,0,,0.0
user_11096,Gen-Z Trend Seekers,International,0,,0.0
user_11097,Unknown,International,0,,0.0
user_11098,Impulse Buyers,International,0,,0.0
user_11099,Gen-Z Trend Seekers,Tier-1 Cities,0,,0.0
user_11100,Impulse Buyers,Tier-2 Cities,1,2023-02-27 02:06:53,3219.37
user_11101,Unknown,Tier-2 Cities,0,,0.0
user_11102,Impulse Buyers,Tier-2 Cities,0,,0.0
user_11103,Budget Parents,Tier-2 Cities,0,,0.0
user_11104,Unknown,International,0,,0.0
user_11105,Budget Parents,Tier-3 Cities,0,,0.0
user_11106,Budget Parents,Tier-1 Cities,1,2023-04-01 12:43:47,2429.78
user_11107,Premium Fitness Users,Tier-3 Cities,0,,0.0
user_11108,Impulse Buyers,Tier-2 Cities,0,,0.0
user_11109,Impulse Buyers,Tier-1 Cities,0,,0.0
user_11110,Gen-Z Trend Seekers,Tier-1 Cities,0,,0.0
user_11111,Budget Parents,Tier-3 Cities,0,,0.0
user_11112,Impulse Buyers,Tier-3 Cities,0,,0.0
user_11113,Impulse Buyers,International,1,2023-03-31 13:02:16,3469.53
user_11114,Budget Parents,Tier-2 Cities,0,,0.0
user_11115,Budget Parents,International,0,,0.0
user_11116,Gen-Z Trend Seekers,Tier-2 Cities,0,,0.0
user_11117,Gen-Z Trend Seekers,Tier-2 Cities,0,,0.0
user_11118,Gen-Z Trend Seekers,Tier-2 Cities,0,,0.0
user_11119,Gen-Z Trend Seekers,Tier-3 Cities,0,,0.0
user_11120,Premium Fitness Users,Tier-3 Cities,0,,0.0
user_11121,Gen-Z Trend Seekers,International,0,,0.0
user_11122,Premium Fitness Users,Tier-1 Cities,0,,0.0
user_11123,Premium Fitness Users,Tier-2 Cities,0,,0.0
user_11124,Impulse Buyers,Tier-1 Cities,1,2023-10-15 01:22:33,1710.07
user_11125,Gen-Z Trend Seekers,Tier-1 Cities,0,,0.0
user_11126,Impulse Buyers,Tier-2 Cities,0,,0.0
user_11127,Unknown,International,0,,0.0
user_11128,Budget Parents,Tier-1 Cities,0,,0.0
user_11129,Impulse Buyers,Tier-1 Cities,0,,0.0
user_11130,Impulse Buyers,Tier-3 Cities,1,2023-10-28 19:43:51,2081.9
user_11131,Impulse Buyers,Tier-2 Cities,0,,0.0
user_11132,Gen-Z Trend Seekers,Tier-1 Cities,0,,0.0
user_11133,Unknown,Tier-2 Cities,0,,0.0
user_11134,Gen-Z Trend Seekers,International,0,,0.0
user_11135,Premium Fitness Users,Tier-2 Cities,0,,0.0
user_11136,Premium Fitness Users,Tier-1 Cities,0,,0.0
user_11137,Premium Fitness Users,Tier-1 Cities,0,,0.0
user_11138,Impulse Buyers,Tier-1 Cities,0,,0.0
user_11139,Premium Fitness Users,Tier-2 Cities,0,,0.0
user_11140,Premium Fitness Users,International,0,,0.0
user_11141,Impulse Buyers,International,0,,0.0
user_11142,Gen-Z Trend Seekers,International,0,,0.0
user_11143,Budget Parents,Tier-1 Cities,1,2023-04-27 09:59:29,5321.83
user_11144,Premium Fitness Users,Tier-3 Cities,0,,0.0
user_11145,Unknown,Tier-1 Cities,0,,0.0
user_11146,Premium Fitness Users,International,0,,0.0
user_11147,Impulse Buyers,Tier-1 Cities,0,,0.0
user_11148,Budget Parents,Tier-3 Cities,0,,0.0
user_11149,Unknown,Tier-2 Cities,0,,0.0
user_11150,Gen-Z Trend Seekers,International,0,,0.0
user_11151,Budget Parents,International,0,,0.0
user_11152,Budget Parents,Tier-1 Cities,0,,0.0
user_11153,Budget Parents,Tier-3 Cities,1,2023-07-23 22:57:43,5682.71
user_11154,Impulse Buyers,Tier-3 Cities,1,2023-03-04 15:53:11,3701.5
user_11155,Unknown,Tier-2 Cities,0,,0.0
user_11156,Premium Fitness Users,Tier-2 Cities,0,,0.0
user_11157,Budget Parents,Tier-2 Cities,0,,0.0
user_11158,Gen-Z Trend Seekers,Tier-2 Cities,0,,0.0
user_11159,Premium Fitness Users,Tier-3 Cities,1,2023-02-24 10:25:14,10124.34
user_11160,Impulse Buyers,Tier-3 Cities,0,,0.0
user_11161,Gen-Z Trend Seekers,Tier-1 Cities,0,,0.0
user_11162,Budget Parents,Tier-3 Cities,0,,0.0
user_11163,Impulse Buyers,Tier-1 Cities,0,,0.0
user_11164,Gen-Z Trend Seekers,Tier-3 Cities,0,,0.0
user_11165,Impulse Buyers,Tier-2 Cities,0,,0.0
user_11166,Premium Fitness Users,Tier-3 Cities,1,2023-03-30 00:43:21,9607.5
user_11167,Gen-Z Trend Seekers,Tier-3 Cities,0,,0.0
user_11168,Gen-Z Trend Seekers,Tier-2 Cities,1,2023-10-18 15:40:18,4957.37
user_11169,Unknown,Tier-3 Cities,0,,0.0
user_11170,Unknown,International,0,,0.0
user_11171,Budget Parents,Tier-1 Cities,0,,0.0
user_11172,Gen-Z Trend Seekers,International,0,,0.0
user_11173,Gen-Z Trend Seekers,Tier-3 Cities,0,,0.0
user_11174,Unknown,Tier-3 Cities,0,,0.0
user_11175,Budget Parents,Tier-3 Cities,0,,0.0
user_11176,Budget Parents,Tier-3 Cities,0,,0.0
user_11177,Premium Fitness Users,International,0,,0.0
user_11178,Impulse Buyers,Tier-3 Cities,1,2023-11-12 15:46:19,2081.19
user_11179,Premium Fitness Users,International,0,,0.0
user_11180,Premium Fitness Users,Tier-1 Cities,0,,0.0
user_11181,Budget Parents,Tier-3 Cities,0,,0.0
user_11182,Gen-Z Trend Seekers,International,1,2023-02-14 16:41:39,3012.64
user_11183,Gen-Z Trend Seekers,Tier-1 Cities,0,,0.0
user_11184,Budget Parents,Tier-1 Cities,0,,0.0
user_11185,Impulse Buyers,Tier-2 Cities,0,,0.0
user_11186,Budget Parents,Tier-2 Cities,1,2023-11-21 15:27:22,2250.98
user_11187,Impulse Buyers,Tier-3 Cities,0,,0.0
user_11188,Impulse Buyers,International,0,,0.0
user_11189,Premium Fitness Users,Tier-1 Cities,1,2023-11-12 10:09:01,5121.81
user_11190,Budget Parents,International,0,,0.0
user_11191,Impulse Buyers,Tier-1 Cities,1,2023-08-15 04:41:00,803.31
user_11192,Unknown,International,0,,0.0
user_11193,Budget Parents,Tier-2 Cities,0,,0.0
user_11194,Impulse Buyers,Tier-3 Cities,0,,0.0
user_11195,Impulse Buyers,Tier-3 Cities,0,,0.0
user_11196,Gen-Z Trend Seekers,International,0,,0.0
user_11197,Premium Fitness Users,Tier-3 Cities,0,,0.0
user_11198,Premium Fitness Users,Tier-1 Cities,0,,0.0
user_11199,Unknown,Tier-3 Cities,0,,0.0
user_11200,Gen-Z Trend Seekers,Tier-3 Cities,1,2023-07-30 13:34:10,5661.04
user_11201,Gen-Z Trend Seekers,International,0,,0.0
user_11202,Budget Parents,Tier-2 Cities,0,,0.0
user_11203,Budget Parents,Tier-2 Cities,0,,0.0
user_11204,Gen-Z Trend Seekers,Tier-2 Cities,1,2023-04-18 16:11:52,2500.55
user_11205,Gen-Z Trend Seekers,International,0,,0.0
user_11206,Budget Parents,Tier-3 Cities,0,,0.0
user_11207,Gen-Z Trend Seekers,International,0,,0.0
user_11208,Impulse Buyers,Tier-3 Cities,1,2023-09-29 19:54:17,1181.7
user_11209,Impulse Buyers,Tier-1 Cities,0,,0.0
user_11210,Unknown,Tier-1 Cities,0,,0.0
user_11211,Impulse Buyers,Tier-2 Cities,0,,0.0
user_11212,Budget Parents,Tier-2 Cities,0,,0.0
user_11213,Unknown,Tier-2 Cities,0,,0.0
user_11214,Budget Parents,Tier-1 Cities,0,,0.0
user_11215,Gen-Z Trend Seekers,Tier-3 Cities,0,,0.0
user_11216,Unknown,Tier-3 Cities,0,,0.0
user_11217,Gen-Z Trend Seekers,International,0,,0.0
user_11218,Impulse Buyers,Tier-3 Cities,1,2023-07-28 11:46:20,907.54
user_11219,Impulse Buyers,International,0,,0.0
user_11220,Gen-Z Trend Seekers,Tier-1 Cities,0,,0.0
user_11221,Gen-Z Trend Seekers,International,1,2023-05-16 05:09:30,5560.79
user_11222,Budget Parents,Tier-3 Cities,0,,0.0
user_11223,Premium Fitness Users,Tier-3 Cities,0,,0.0
user_11224,Impulse Buyers,International,0,,0.0
user_11225,Gen-Z Trend Seekers,Tier-2 Cities,0,,0.0
user_11226,Gen-Z Trend Seekers,Tier-3 Cities,0,,0.0
user_11227,Gen-Z Trend Seekers,International,0,,0.0
user_11228,Gen-Z Trend Seekers,International,0,,0.0
user_11229,Gen-Z Trend Seekers,Tier-3 Cities,1,2023-06-06 09:41:39,4301.24
user_11230,Impulse Buyers,Tier-3 Cities,0,,0.0
user_11231,Budget Parents,Tier-1 Cities,0,,0.0
user_11232,Gen-Z Trend Seekers,Tier-3 Cities,0,,0.0
user_11233,Budget Parents,Tier-2 Cities,0,,0.0
user_11234,Unknown,Tier-2 Cities,0,,0.0
user_11235,Budget Parents,International,0,,0.0
user_11236,Unknown,Tier-1 Cities,0,,0.0
user_11237,Premium Fitness Users,International,0,,0.0
user_11238,Premium Fitness Users,Tier-1 Cities,0,,0.0
user_11239,Gen-Z Trend Seekers,Tier-1 Cities,0,,0.0
user_11240,Impulse Buyers,Tier-1 Cities,1,2023-09-29 00:43:33,2730.91
user_11241,Budget Parents,Tier-1 Cities,0,,0.0
user_11242,Budget Parents,Tier-3 Cities,0,,0.0
user_11243,Impulse Buyers,Tier-2 Cities,0,,0.0
user_11244,Gen-Z Trend Seekers,Tier-3 Cities,0,,0.0
user_11245,Budget Parents,International,0,,0.0
user_11246,Unknown,Tier-1 Cities,0,,0.0
user_11247,Budget Parents,International,0,,0.0
user_11248,Gen-Z Trend Seekers,Tier-2 Cities,1,2023-10-28 18:32:06,4733.79
user_11249,Impulse Buyers,International,0,,0.0
user_11250,Budget Parents,Tier-1 Cities,0,,0.0
user_11251,Premium Fitness Users,International,0,,0.0
user_11252,Budget Parents,Tier-3 Cities,0,,0.0
user_11253,Unknown,International,0,,0.0
user_11254,Premium Fitness Users,Tier-2 Cities,0,,0.0
user_11255,Gen-Z Trend Seekers,Tier-1 Cities,0,,0.0
user_11256,Gen-Z Trend Seekers,International,0,,0.0
user_11257,Budget Parents,International,0,,0.0
user_11258,Gen-Z Trend Seekers,Tier-3 Cities,0,,0.0
user_11259,Budget Parents,Tier-2 Cities,0,,0.0
user_11260,Budget Parents,Tier-3 Cities,0,,0.0
user_11261,Gen-Z Trend Seekers,Tier-2 Cities,0,,0.0
user_11262,Unknown,Tier-2 Cities,0,,0.0
user_11263,Unknown,Tier-1 Cities,0,,0.0
user_11264,Gen-Z Trend Seekers,Tier-1 Cities,0,,0.0
user_11265,Gen-Z Trend Seekers,Tier-2 Cities,0,,0.0
user_11266,Unknown,Tier-2 Cities,0,,0.0
user_11267,Budget Parents,Tier-3 Cities,0,,0.0
user_11268,Budget Parents,Tier-1 Cities,0,,0.0
user_11269,Impulse Buyers,Tier-1 Cities,0,,0.0
user_11270,Budget Parents,Tier-3 Cities,0,,0.0
user_11271,Premium Fitness Users,Tier-2 Cities,0,,0.0
user_11272,Impulse Buyers,Tier-2 Cities,0,,0.0
user_11273,Gen-Z Trend Seekers,International,0,,0.0
user_11274,Unknown,Tier-2 Cities,0,,0.0
user_11275,Premium Fitness Users,International,0,,0.0
user_11276,Gen-Z Trend Seekers,Tier-2 Cities,0,,0.0
user_11277,Budget Parents,Tier-2 Cities,1,2023-02-03 22:30:47,2227.23
user_11278,Premium Fitness Users,International,0,,0.0
user_11279,Budget Parents,International,0,,0.0
user_11280,Gen-Z Trend Seekers,Tier-2 Cities,0,,0.0
user_11281,Premium Fitness Users,Tier-3 Cities,0,,0.0
user_11282,Budget Parents,Tier-1 Cities,0,,0.0
user_11283,Unknown,Tier-2 Cities,0,,0.0
user_11284,Budget Parents,Tier-3 Cities,0,,0.0
user_11285,Gen-Z Trend Seekers,Tier-1 Cities,0,,0.0
user_11286,Gen-Z Trend Seekers,Tier-3 Cities,0,,0.0
user_11287,Premium Fitness Users,International,0,,0.0
user_11288,Premium Fitness Users,International,0,,0.0
user_11289,Gen-Z Trend Seekers,Tier-1 Cities,1,2023-03-29 18:20:15,5936.18
user_11290,Impulse Buyers,Tier-1 Cities,0,,0.0
user_11291,Premium Fitness Users,Tier-2 Cities,0,,0.0
user_11292,Impulse Buyers,International,0,,0.0
user_11293,Gen-Z Trend Seekers,Tier-2 Cities,0,,0.0
user_11294,Unknown,Tier-3 Cities,0,,0.0
user_11295,Impulse Buyers,Tier-1 Cities,0,,0.0
user_11296,Gen-Z Trend Seekers,International,0,,0.0
user_11297,Impulse Buyers,Tier-2 Cities,0,,0.0
user_11298,Premium Fitness Users,Tier-3 Cities,0,,0.0
user_11299,Impulse Buyers,Tier-3 Cities,0,,0.0
user_11300,Gen-Z Trend Seekers,Tier-3 Cities,0,,0.0
user_11301,Impulse Buyers,Tier-3 Cities,0,,0.0
user_11302,Unknown,Tier-3 Cities,0,,0.0
user_11303,Gen-Z Trend Seekers,Tier-1 Cities,0,,0.0
user_11304,Budget Parents,International,0,,0.0
user_11305,Budget Parents,Tier-3 Cities,0,,0.0
user_11306,Gen-Z Trend Seekers,International,0,,0.0
user_11307,Unknown,International,0,,0.0
user_11308,Impulse Buyers,Tier-3 Cities,0,,0.0
user_11309,Unknown,Tier-1 Cities,0,,0.0
user_11310,Unknown,Tier-3 Cities,0,,0.0
user_11311,Premium Fitness Users,Tier-1 Cities,0,,0.0
user_11312,Premium Fitness Users,Tier-2 Cities,0,,0.0
user_11313,Impulse Buyers,Tier-3 Cities,0,,0.0
user_11314,Unknown,Tier-2 Cities,0,,0.0
user_11315,Unknown,Tier-2 Cities,0,,0.0
user_11316,Budget Parents,Tier-3 Cities,0,,0.0
user_11317,Gen-Z Trend Seekers,Tier-3 Cities,0,,0.0
user_11318,Budget Parents,Tier-1 Cities,0,,0.0
user_11319,Gen-Z Trend Seekers,International,0,,0.0
user_11320,Gen-Z Trend Seekers,International,0,,0.0
user_11321,Unknown,Tier-2 Cities,0,,0.0
user_11322,Impulse Buyers,Tier-3 Cities,0,,0.0
user_11323,Impulse Buyers,Tier-1 Cities,0,,0.0
user_11324,Budget Parents,International,0,,0.0
user_11325,Impulse Buyers,Tier-3 Cities,0,,0.0
user_11326,Impulse Buyers,International,0,,0.0
user_11327,Impulse Buyers,Tier-3 Cities,0,,0.0
user_11328,Gen-Z Trend Seekers,Tier-2 Cities,0,,0.0
user_11329,Gen-Z Trend Seekers,Tier-1 Cities,0,,0.0
user_11330,Impulse Buyers,Tier-1 Cities,0,,0.0
user_11331,Budget Parents,Tier-3 Cities,0,,0.0
user_11332,Impulse Buyers,Tier-1 Cities,0,,0.0
user_11333,Gen-Z Trend Seekers,Tier-3 Cities,0,,0.0
user_11334,Unknown,Tier-2 Cities,0,,0.0
user_11335,Impulse Buyers,Tier-1 Cities,0,,0.0
user_11336,Budget Parents,Tier-1 Cities,0,,0.0
user_11337,Gen-Z Trend Seekers,International,0,,0.0
user_11338,Budget Parents,International,0,,0.0
user_11339,Impulse Buyers,Tier-3 Cities,0,,0.0
user_11340,Impulse Buyers,Tier-2 Cities,0,,0.0
user_11341,Gen-Z Trend Seekers,Tier-1 Cities,0,,0.0
user_11342,Gen-Z Trend Seekers,Tier-3 Cities,0,,0.0
user_11343,Gen-Z Trend Seekers,Tier-3 Cities,0,,0.0
user_11344,Premium Fitness Users,Tier-1 Cities,0,,0.0
user_11345,Premium Fitness Users,International,0,,0.0
user_11346,Budget Parents,Tier-3 Cities,0,,0.0
user_11347,Gen-Z Trend Seekers,International,0,,0.0
user_11348,Premium Fitness Users,Tier-1 Cities,0,,0.0
user_11349,Unknown,Tier-3 Cities,0,,0.0
user_11350,Gen-Z Trend Seekers,Tier-3 Cities,0,,0.0
user_11351,Budget Parents,Tier-1 Cities,0,,0.0
user_11352,Gen-Z Trend Seekers,International,0,,0.0
user_11353,Impulse Buyers,Tier-3 Cities,0,,0.0
user_11354,Budget Parents,Tier-2 Cities,0,,0.0
user_11355,Budget Parents,Tier-2 Cities,0,,0.0
user_11356,Gen-Z Trend Seekers,Tier-2 Cities,0,,0.0
user_11357,Impulse Buyers,Tier-2 Cities,0,,0.0
user_11358,Budget Parents,Tier-1 Cities,0,,0.0
user_11359,Impulse Buyers,Tier-2 Cities,0,,0.0
user_11360,Premium Fitness Users,Tier-2 Cities,0,,0.0
user_11361,Budget Parents,Tier-2 Cities,0,,0.0
user_11362,Impulse Buyers,Tier-3 Cities,0,,0.0
user_11363,Impulse Buyers,International,0,,0.0
user_11364,Impulse Buyers,International,0,,0.0
user_11365,Unknown,Tier-2 Cities,0,,0.0
user_11366,Gen-Z Trend Seekers,International,0,,0.0
user_11367,Impulse Buyers,Tier-1 Cities,0,,0.0
user_11368,Premium Fitness Users,Tier-1 Cities,0,,0.0
user_11369,Unknown,Tier-3 Cities,0,,0.0
user_11370,Unknown,Tier-3 Cities,0,,0.0
user_11371,Impulse Buyers,Tier-3 Cities,0,,0.0
user_11372,Gen-Z Trend Seekers,Tier-3 Cities,0,,0.0
user_11373,Premium Fitness Users,Tier-2 Cities,0,,0.0
user_11374,Budget Parents,Tier-2 Cities,0,,0.0
user_11375,Gen-Z Trend Seekers,Tier-3 Cities,0,,0.0
user_11376,Premium Fitness Users,Tier-1 Cities,0,,0.0
user_11377,Gen-Z Trend Seekers,Tier-1 Cities,0,,0.0
user_11378,Impulse Buyers,International,1,2023-04-16 11:10:23,1345.29
user_11379,Gen-Z Trend Seekers,International,0,,0.0
user_11380,Budget Parents,Tier-3 Cities,0,,0.0
user_11381,Impulse Buyers,International,0,,0.0
user_11382,Gen-Z Trend Seekers,International,1,2023-04-07 15:40:24,3127.06
user_11383,Budget Parents,Tier-3 Cities,0,,0.0
user_11384,Premium Fitness Users,Tier-3 Cities,0,,0.0
user_11385,Premium Fitness Users,International,0,,0.0
user_11386,Gen-Z Trend Seekers,Tier-1 Cities,0,,0.0
user_11387,Budget Parents,Tier-2 Cities,0,,0.0
user_11388,Gen-Z Trend Seekers,International,0,,0.0
user_11389,Gen-Z Trend Seekers,Tier-2 Cities,0,,0.0
user_11390,Gen-Z Trend Seekers,Tier-1 Cities,1,2023-08-19 01:04:26,3701.92
user_11391,Gen-Z Trend Seekers,Tier-1 Cities,0,,0.0
user_11392,Premium Fitness Users,Tier-2 Cities,0,,0.0
user_11393,Budget Parents,Tier-2 Cities,0,,0.0
user_11394,Impulse Buyers,Tier-1 Cities,0,,0.0
user_11395,Unknown,Tier-1 Cities,0,,0.0
user_11396,Impulse Buyers,Tier-1 Cities,0,,0.0
user_11397,Impulse Buyers,Tier-2 Cities,1,2023-06-13 12:32:49,2076.29
user_11398,Impulse Buyers,Tier-1 Cities,0,,0.0
user_11399,Gen-Z Trend Seekers,International,0,,0.0
user_11400,Premium Fitness Users,Tier-1 Cities,1,2023-08-11 20:27:11,10353.95
user_11401,Unknown,Tier-1 Cities,0,,0.0
user_11402,Budget Parents,International,1,2023-06-06 14:51:35,6333.42
user_11403,Impulse Buyers,International,0,,0.0
user_11404,Premium Fitness Users,Tier-2 Cities,0,,0.0
user_11405,Budget Parents,Tier-1 Cities,0,,0.0
user_11406,Impulse Buyers,Tier-2 Cities,0,,0.0
user_11407,Budget Parents,Tier-2 Cities,0,,0.0
user_11408,Premium Fitness Users,Tier-2 Cities,0,,0.0
user_11409,Unknown,Tier-3 Cities,0,,0.0
user_11410,Gen-Z Trend Seekers,Tier-1 Cities,0,,0.0
user_11411,Unknown,International,0,,0.0
user_11412,Unknown,Tier-2 Cities,0,,0.0
user_11413,Premium Fitness Users,International,0,,0.0
user_11414,Premium Fitness Users,Tier-3 Cities,1,2024-01-06 17:33:13,7540.51
user_11415,Impulse Buyers,Tier-2 Cities,0,,0.0
user_11416,Gen-Z Trend Seekers,Tier-2 Cities,0,,0.0
user_11417,Budget Parents,Tier-3 Cities,0,,0.0
user_11418,Budget Parents,Tier-3 Cities,0,,0.0
user_11419,Impulse Buyers,Tier-1 Cities,0,,0.0
user_11420,Impulse Buyers,Tier-3 Cities,0,,0.0
user_11421,Budget Parents,Tier-3 Cities,0,,0.0
user_11422,Unknown,International,0,,0.0
user_11423,Unknown,Tier-3 Cities,0,,0.0
user_11424,Gen-Z Trend Seekers,Tier-2 Cities,1,2023-10-10 17:23:36,1771.6
user_11425,Budget Parents,Tier-2 Cities,0,,0.0
user_11426,Unknown,Tier-1 Cities,0,,0.0
user_11427,Unknown,Tier-3 Cities,0,,0.0
user_11428,Impulse Buyers,Tier-1 Cities,0,,0.0
user_11429,Impulse Buyers,Tier-2 Cities,1,2023-05-31 21:37:55,3251.42
user_11430,Gen-Z Trend Seekers,Tier-1 Cities,0,,0.0
user_11431,Gen-Z Trend Seekers,International,0,,0.0
user_11432,Gen-Z Trend Seekers,Tier-1 Cities,0,,0.0
user_11433,Impulse Buyers,International,0,,0.0
user_11434,Gen-Z Trend Seekers,Tier-2 Cities,0,,0.0
user_11435,Gen-Z Trend Seekers,Tier-2 Cities,0,,0.0
user_11436,Budget Parents,International,0,,0.0
user_11437,Premium Fitness Users,Tier-3 Cities,0,,0.0
user_11438,Unknown,Tier-3 Cities,0,,0.0
user_11439,Impulse Buyers,International,0,,0.0
user_11440,Unknown,Tier-1 Cities,0,,0.0
user_11441,Premium Fitness Users,International,0,,0.0
user_11442,Budget Parents,Tier-3 Cities,1,2023-05-27 02:41:08,4995.87
user_11443,Impulse Buyers,International,0,,0.0
user_11444,Impulse Buyers,Tier-3 Cities,0,,0.0
user_11445,Gen-Z Trend Seekers,Tier-3 Cities,0,,0.0
user_11446,Gen-Z Trend Seekers,Tier-1 Cities,0,,0.0
user_11447,Impulse Buyers,Tier-2 Cities,1,2023-09-02 07:23:27,1459.52
user_11448,Gen-Z Trend Seekers,International,0,,0.0
user_11449,Budget Parents,Tier-3 Cities,0,,0.0
user_11450,Gen-Z Trend Seekers,Tier-2 Cities,0,,0.0
user_11451,Impulse Buyers,International,0,,0.0
user_11452,Gen-Z Trend Seekers,International,0,,0.0
user_11453,Gen-Z Trend Seekers,Tier-3 Cities,0,,0.0
user_11454,Impulse Buyers,International,0,,0.0
user_11455,Budget Parents,Tier-1 Cities,0,,0.0
user_11456,Unknown,Tier-3 Cities,0,,0.0
user_11457,Impulse Buyers,Tier-2 Cities,0,,0.0
user_11458,Impulse Buyers,Tier-2 Cities,0,,0.0
user_11459,Gen-Z Trend Seekers,Tier-3 Cities,0,,0.0
user_11460,Unknown,Tier-2 Cities,0,,0.0
user_11461,Premium Fitness Users,International,0,,0.0
user_11462,Premium Fitness Users,Tier-2 Cities,0,,0.0
user_11463,Premium Fitness Users,Tier-2 Cities,0,,0.0
user_11464,Unknown,International,0,,0.0
user_11465,Impulse Buyers,Tier-3 Cities,0,,0.0
user_11466,Premium Fitness Users,Tier-3 Cities,0,,0.0
user_11467,Impulse Buyers,International,1,2023-04-14 12:26:14,3094.81
user_11468,Gen-Z Trend Seekers,Tier-1 Cities,1,2023-09-10 12:52:09,1822.65
user_11469,Gen-Z Trend Seekers,International,0,,0.0
user_11470,Budget Parents,Tier-3 Cities,0,,0.0
user_11471,Impulse Buyers,Tier-3 Cities,0,,0.0
user_11472,Impulse Buyers,Tier-3 Cities,0,,0.0
user_11473,Premium Fitness Users,Tier-2 Cities,0,,0.0
user_11474,Budget Parents,International,0,,0.0
user_11475,Budget Parents,Tier-2 Cities,0,,0.0
user_11476,Budget Parents,International,0,,0.0
user_11477,Gen-Z Trend Seekers,Tier-3 Cities,0,,0.0
user_11478,Budget Parents,Tier-3 Cities,0,,0.0
user_11479,Impulse Buyers,Tier-3 Cities,0,,0.0
user_11480,Gen-Z Trend Seekers,Tier-2 Cities,0,,0.0
user_11481,Gen-Z Trend Seekers,International,0,,0.0
user_11482,Impulse Buyers,Tier-2 Cities,0,,0.0
user_11483,Budget Parents,Tier-2 Cities,0,,0.0
user_11484,Budget Parents,International,0,,0.0
user_11485,Budget Parents,Tier-2 Cities,0,,0.0
user_11486,Unknown,Tier-2 Cities,0,,0.0
user_11487,Gen-Z Trend Seekers,Tier-3 Cities,0,,0.0
user_11488,Unknown,Tier-2 Cities,0,,0.0
user_11489,Unknown,Tier-2 Cities,0,,0.0
user_11490,Unknown,Tier-2 Cities,0,,0.0
user_11491,Impulse Buyers,Tier-1 Cities,0,,0.0
user_11492,Gen-Z Trend Seekers,Tier-3 Cities,0,,0.0
user_11493,Premium Fitness Users,International,0,,0.0
user_11494,Gen-Z Trend Seekers,International,0,,0.0
user_11495,Gen-Z Trend Seekers,Tier-1 Cities,0,,0.0
user_11496,Impulse Buyers,International,0,,0.0
user_11497,Impulse Buyers,Tier-2 Cities,0,,0.0
user_11498,Unknown,International,0,,0.0
user_11499,Premium Fitness Users,Tier-2 Cities,0,,0.0
user_11500,Premium Fitness Users,Tier-2 Cities,0,,0.0
user_11501,Premium Fitness Users,International,0,,0.0
user_11502,Premium Fitness Users,International,0,,0.0
user_11503,Premium Fitness Users,Tier-2 Cities,0,,0.0
user_11504,Gen-Z Trend Seekers,Tier-1 Cities,0,,0.0
user_11505,Gen-Z Trend Seekers,Tier-3 Cities,0,,0.0
user_11506,Premium Fitness Users,International,0,,0.0
user_11507,Gen-Z Trend Seekers,Tier-3 Cities,0,,0.0
user_11508,Gen-Z Trend Seekers,Tier-2 Cities,0,,0.0
user_11509,Budget Parents,Tier-2 Cities,0,,0.0
user_11510,Premium Fitness Users,Tier-1 Cities,0,,0.0
user_11511,Budget Parents,Tier-3 Cities,0,,0.0
user_11512,Impulse Buyers,Tier-3 Cities,0,,0.0
user_11513,Gen-Z Trend Seekers,Tier-1 Cities,0,,0.0
user_11514,Gen-Z Trend Seekers,Tier-3 Cities,0,,0.0
user_11515,Unknown,Tier-3 Cities,0,,0.0
user_11516,Impulse Buyers,Tier-3 Cities,1,2023-05-15 04:25:10,1558.99
user_11517,Unknown,Tier-3 Cities,0,,0.0
user_11518,Budget Parents,Tier-3 Cities,0,,0.0
user_11519,Impulse Buyers,Tier-1 Cities,0,,0.0
user_11520,Premium Fitness Users,Tier-3 Cities,0,,0.0
user_11521,Impulse Buyers,Tier-3 Cities,0,,0.0
user_11522,Gen-Z Trend Seekers,Tier-2 Cities,0,,0.0
user_11523,Gen-Z Trend Seekers,Tier-2 Cities,0,,0.0
user_11524,Impulse Buyers,Tier-2 Cities,0,,0.0
user_11525,Gen-Z Trend Seekers,International,0,,0.0
user_11526,Unknown,International,0,,0.0
user_11527,Impulse Buyers,International,0,,0.0
user_11528,Budget Parents,Tier-2 Cities,0,,0.0
user_11529,Premium Fitness Users,Tier-3 Cities,0,,0.0
user_11530,Premium Fitness Users,Tier-2 Cities,0,,0.0
user_11531,Budget Parents,Tier-1 Cities,0,,0.0
user_11532,Unknown,Tier-2 Cities,0,,0.0
user_11533,Gen-Z Trend Seekers,Tier-1 Cities,0,,0.0
user_11534,Premium Fitness Users,Tier-3 Cities,0,,0.0
user_11535,Gen-Z Trend Seekers,Tier-1 Cities,0,,0.0
user_11536,Gen-Z Trend Seekers,Tier-1 Cities,0,,0.0
user_11537,Gen-Z Trend Seekers,Tier-3 Cities,0,,0.0
user_11538,Impulse Buyers,Tier-3 Cities,0,,0.0
user_11539,Budget Parents,Tier-3 Cities,1,2023-06-08 09:48:48,6955.22
user_11540,Gen-Z Trend Seekers,Tier-1 Cities,0,,0.0
user_11541,Impulse Buyers,Tier-3 Cities,0,,0.0
user_11542,Premium Fitness Users,International,1,2023-04-03 02:12:26,8019.78
user_11543,Unknown,Tier-3 Cities,0,,0.0
user_11544,Budget Parents,Tier-1 Cities,1,2023-04-29 02:42:46,2856.08
user_11545,Premium Fitness Users,International,0,,0.0
user_11546,Budget Parents,Tier-3 Cities,0,,0.0
user_11547,Premium Fitness Users,Tier-2 Cities,0,,0.0
user_11548,Gen-Z Trend Seekers,International,0,,0.0
user_11549,Impulse Buyers,Tier-2 Cities,0,,0.0
user_11550,Impulse Buyers,Tier-2 Cities,0,,0.0
user_11551,Gen-Z Trend Seekers,Tier-3 Cities,0,,0.0
user_11552,Gen-Z Trend Seekers,International,1,2023-09-10 16:29:37,5479.47
user_11553,Premium Fitness Users,International,0,,0.0
user_11554,Unknown,Tier-1 Cities,0,,0.0
user_11555,Impulse Buyers,International,0,,0.0
user_11556,Gen-Z Trend Seekers,International,0,,0.0
user_11557,Unknown,Tier-2 Cities,0,,0.0
user_11558,Gen-Z Trend Seekers,International,0,,0.0
user_11559,Gen-Z Trend Seekers,Tier-1 Cities,0,,0.0
user_11560,Gen-Z Trend Seekers,Tier-1 Cities,0,,0.0
user_11561,Unknown,Tier-3 Cities,0,,0.0
user_11562,Gen-Z Trend Seekers,Tier-2 Cities,0,,0.0
user_11563,Gen-Z Trend Seekers,Tier-3 Cities,0,,0.0
user_11564,Premium Fitness Users,Tier-1 Cities,0,,0.0
user_11565,Impulse Buyers,International,0,,0.0
user_11566,Budget Parents,International,0,,0.0
user_11567,Budget Parents,Tier-1 Cities,0,,0.0
user_11568,Budget Parents,Tier-2 Cities,0,,0.0
user_11569,Impulse Buyers,Tier-1 Cities,0,,0.0
user_11570,Impulse Buyers,Tier-2 Cities,0,,0.0
user_11571,Impulse Buyers,Tier-2 Cities,0,,0.0
user_11572,Budget Parents,Tier-1 Cities,0,,0.0
user_11573,Unknown,Tier-2 Cities,0,,0.0
user_11574,Impulse Buyers,International,0,,0.0
user_11575,Gen-Z Trend Seekers,Tier-3 Cities,0,,0.0
user_11576,Gen-Z Trend Seekers,Tier-3 Cities,0,,0.0
user_11577,Gen-Z Trend Seekers,Tier-2 Cities,0,,0.0
user_11578,Gen-Z Trend Seekers,Tier-3 Cities,0,,0.0
user_11579,Premium Fitness Users,Tier-2 Cities,0,,0.0
user_11580,Premium Fitness Users,Tier-1 Cities,0,,0.0
user_11581,Gen-Z Trend Seekers,Tier-3 Cities,0,,0.0
user_11582,Unknown,Tier-1 Cities,0,,0.0
user_11583,Premium Fitness Users,International,0,,0.0
user_11584,Impulse Buyers,Tier-3 Cities,0,,0.0
user_11585,Impulse Buyers,Tier-1 Cities,0,,0.0
user_11586,Budget Parents,Tier-1 Cities,0,,0.0
user_11587,Gen-Z Trend Seekers,Tier-3 Cities,0,,0.0
user_11588,Unknown,International,0,,0.0
user_11589,Gen-Z Trend Seekers,Tier-1 Cities,1,2023-04-03 21:43:41,1222.05
user_11590,Gen-Z Trend Seekers,International,1,2023-05-05 03:30:54,4037.99
user_11591,Impulse Buyers,International,0,,0.0
user_11592,Budget Parents,Tier-3 Cities,0,,0.0
user_11593,Budget Parents,Tier-1 Cities,0,,0.0
user_11594,Gen-Z Trend Seekers,Tier-2 Cities,0,,0.0
user_11595,Premium Fitness Users,Tier-3 Cities,1,2023-04-10 05:10:07,3057.0
user_11596,Premium Fitness Users,Tier-1 Cities,0,,0.0
user_11597,Unknown,International,0,,0.0
user_11598,Budget Parents,Tier-1 Cities,0,,0.0
user_11599,Premium Fitness Users,Tier-3 Cities,0,,0.0
user_11600,Unknown,Tier-3 Cities,0,,0.0
user_11601,Impulse Buyers,International,0,,0.0
user_11602,Premium Fitness Users,Tier-1 Cities,0,,0.0
user_11603,Budget Parents,Tier-1 Cities,0,,0.0
user_11604,Gen-Z Trend Seekers,Tier-2 Cities,0,,0.0
user_11605,Gen-Z Trend Seekers,Tier-1 Cities,0,,0.0
user_11606,Impulse Buyers,Tier-2 Cities,0,,0.0
user_11607,Impulse Buyers,Tier-3 Cities,0,,0.0
user_11608,Gen-Z Trend Seekers,Tier-1 Cities,0,,0.0
user_11609,Impulse Buyers,Tier-1 Cities,0,,0.0
user_11610,Impulse Buyers,Tier-1 Cities,1,2023-02-17 23:36:05,2339.84
user_11611,Gen-Z Trend Seekers,International,0,,0.0
user_11612,Unknown,Tier-1 Cities,0,,0.0
user_11613,Gen-Z Trend Seekers,Tier-1 Cities,0,,0.0
user_11614,Gen-Z Trend Seekers,Tier-2 Cities,0,,0.0
user_11615,Gen-Z Trend Seekers,Tier-2 Cities,0,,0.0
user_11616,Budget Parents,Tier-1 Cities,0,,0.0
user_11617,Gen-Z Trend Seekers,Tier-3 Cities,0,,0.0
user_11618,Gen-Z Trend Seekers,Tier-3 Cities,0,,0.0
user_11619,Gen-Z Trend Seekers,Tier-2 Cities,0,,0.0
user_11620,Budget Parents,Tier-1 Cities,1,2023-11-02 00:47:25,2371.28
user_11621,Gen-Z Trend Seekers,Tier-2 Cities,0,,0.0
user_11622,Budget Parents,Tier-2 Cities,0,,0.0
user_11623,Budget Parents,Tier-2 Cities,0,,0.0
user_11624,Impulse Buyers,Tier-3 Cities,0,,0.0
user_11625,Premium Fitness Users,Tier-3 Cities,0,,0.0
user_11626,Gen-Z Trend Seekers,Tier-3 Cities,0,,0.0
user_11627,Impulse Buyers,International,0,,0.0
user_11628,Premium Fitness Users,Tier-2 Cities,0,,0.0
user_11629,Unknown,Tier-3 Cities,0,,0.0
user_11630,Budget Parents,Tier-1 Cities,0,,0.0
user_11631,Budget Parents,International,0,,0.0
user_11632,Budget Parents,Tier-2 Cities,0,,0.0
user_11633,Premium Fitness Users,Tier-3 Cities,0,,0.0
user_11634,Gen-Z Trend Seekers,International,0,,0.0
user_11635,Budget Parents,Tier-3 Cities,0,,0.0
user_11636,Impulse Buyers,Tier-1 Cities,0,,0.0
user_11637,Gen-Z Trend Seekers,International,0,,0.0
user_11638,Budget Parents,International,0,,0.0
user_11639,Budget Parents,Tier-3 Cities,0,,0.0
user_11640,Budget Parents,International,0,,0.0
user_11641,Gen-Z Trend Seekers,Tier-1 Cities,0,,0.0
user_11642,Premium Fitness Users,Tier-1 Cities,0,,0.0
user_11643,Gen-Z Trend Seekers,Tier-1 Cities,1,2023-04-17 05:03:03,3095.84
user_11644,Budget Parents,Tier-1 Cities,0,,0.0
user_11645,Budget Parents,Tier-1 Cities,1,2023-05-13 08:12:39,3414.92
user_11646,Impulse Buyers,Tier-2 Cities,0,,0.0
user_11647,Budget Parents,Tier-2 Cities,0,,0.0
user_11648,Impulse Buyers,Tier-3 Cities,0,,0.0
user_11649,Budget Parents,International,0,,0.0
user_11650,Budget Parents,Tier-2 Cities,0,,0.0
user_11651,Budget Parents,Tier-2 Cities,0,,0.0
user_11652,Impulse Buyers,International,0,,0.0
user_11653,Premium Fitness Users,Tier-2 Cities,0,,0.0
user_11654,Gen-Z Trend Seekers,Tier-1 Cities,0,,0.0
user_11655,Premium Fitness Users,Tier-3 Cities,0,,0.0
user_11656,Impulse Buyers,International,1,2023-07-05 06:13:49,1271.83
user_11657,Budget Parents,International,0,,0.0
user_11658,Gen-Z Trend Seekers,Tier-1 Cities,0,,0.0
user_11659,Gen-Z Trend Seekers,Tier-1 Cities,0,,0.0
user_11660,Impulse Buyers,Tier-2 Cities,1,2023-05-25 03:48:59,2031.38
user_11661,Premium Fitness Users,Tier-3 Cities,0,,0.0
user_11662,Unknown,Tier-1 Cities,0,,0.0
user_11663,Gen-Z Trend Seekers,Tier-2 Cities,1,2023-01-21 15:35:35,2700.8
user_11664,Premium Fitness Users,Tier-1 Cities,0,,0.0
user_11665,Gen-Z Trend Seekers,Tier-3 Cities,0,,0.0
user_11666,Budget Parents,International,0,,0.0
user_11667,Premium Fitness Users,International,0,,0.0
user_11668,Budget Parents,Tier-3 Cities,0,,0.0
user_11669,Premium Fitness Users,Tier-1 Cities,0,,0.0
user_11670,Budget Parents,International,0,,0.0
user_11671,Impulse Buyers,International,0,,0.0
user_11672,Gen-Z Trend Seekers,Tier-2 Cities,0,,0.0
user_11673,Impulse Buyers,Tier-2 Cities,0,,0.0
user_11674,Gen-Z Trend Seekers,Tier-1 Cities,0,,0.0
user_11675,Gen-Z Trend Seekers,Tier-1 Cities,0,,0.0
user_11676,Impulse Buyers,Tier-3 Cities,1,2023-06-15 03:48:41,952.73
user_11677,Impulse Buyers,Tier-2 Cities,0,,0.0
user_11678,Budget Parents,Tier-2 Cities,0,,0.0
user_11679,Gen-Z Trend Seekers,Tier-3 Cities,0,,0.0
user_11680,Unknown,Tier-3 Cities,0,,0.0
user_11681,Impulse Buyers,International,0,,0.0
user_11682,Gen-Z Trend Seekers,Tier-1 Cities,0,,0.0
user_11683,Budget Parents,Tier-3 Cities,0,,0.0
user_11684,Impulse Buyers,Tier-3 Cities,0,,0.0
user_11685,Gen-Z Trend Seekers,Tier-3 Cities,0,,0.0
user_11686,Impulse Buyers,International,0,,0.0
user_11687,Gen-Z Trend Seekers,Tier-2 Cities,0,,0.0
user_11688,Impulse Buyers,International,0,,0.0
user_11689,Gen-Z Trend Seekers,Tier-3 Cities,0,,0.0
user_11690,Unknown,Tier-2 Cities,0,,0.0
user_11691,Budget Parents,Tier-2 Cities,0,,0.0
user_11692,Impulse Buyers,Tier-3 Cities,0,,0.0
user_11693,Premium Fitness Users,Tier-3 Cities,1,2023-04-29 10:32:14,7216.88
user_11694,Impulse Buyers,Tier-3 Cities,0,,0.0
user_11695,Impulse Buyers,International,1,2023-06-08 10:21:21,2851.48
user_11696,Budget Parents,Tier-3 Cities,1,2023-02-11 04:16:46,1613.52
user_11697,Budget Parents,Tier-1 Cities,0,,0.0
user_11698,Premium Fitness Users,Tier-1 Cities,0,,0.0
user_11699,Budget Parents,Tier-3 Cities,0,,0.0
user_11700,Budget Parents,Tier-3 Cities,0,,0.0
user_11701,Budget Parents,International,0,,0.0
user_11702,Gen-Z Trend Seekers,Tier-3 Cities,0,,0.0
user_11703,Impulse Buyers,International,0,,0.0
user_11704,Budget Parents,Tier-1 Cities,0,,0.0
user_11705,Gen-Z Trend Seekers,Tier-1 Cities,0,,0.0
user_11706,Budget Parents,Tier-3 Cities,0,,0.0
user_11707,Gen-Z Trend Seekers,Tier-1 Cities,0,,0.0
user_11708,Premium Fitness Users,International,1,2023-08-13 04:12:56,10795.82
user_11709,Impulse Buyers,International,0,,0.0
user_11710,Budget Parents,Tier-2 Cities,0,,0.0
user_11711,Gen-Z Trend Seekers,International,0,,0.0
user_11712,Premium Fitness Users,Tier-2 Cities,0,,0.0
user_11713,Gen-Z Trend Seekers,Tier-1 Cities,0,,0.0
user_11714,Unknown,Tier-1 Cities,0,,0.0
user_11715,Gen-Z Trend Seekers,International,0,,0.0
user_11716,Budget Parents,Tier-3 Cities,0,,0.0
user_11717,Gen-Z Trend Seekers,International,0,,0.0
user_11718,Impulse Buyers,Tier-3 Cities,0,,0.0
user_11719,Premium Fitness Users,Tier-2 Cities,0,,0.0
user_11720,Gen-Z Trend Seekers,Tier-2 Cities,0,,0.0
user_11721,Gen-Z Trend Seekers,International,0,,0.0
user_11722,Premium Fitness Users,Tier-3 Cities,0,,0.0
user_11723,Premium Fitness Users,Tier-3 Cities,0,,0.0
user_11724,Gen-Z Trend Seekers,International,0,,0.0
user_11725,Gen-Z Trend Seekers,Tier-1 Cities,0,,0.0
user_11726,Gen-Z Trend Seekers,Tier-3 Cities,0,,0.0
user_11727,Premium Fitness Users,Tier-1 Cities,0,,0.0
user_11728,Impulse Buyers,Tier-3 Cities,0,,0.0
user_11729,Gen-Z Trend Seekers,Tier-1 Cities,0,,0.0
user_11730,Budget Parents,Tier-1 Cities,0,,0.0
user_11731,Unknown,Tier-1 Cities,0,,0.0
user_11732,Impulse Buyers,International,0,,0.0
user_11733,Premium Fitness Users,Tier-2 Cities,0,,0.0
user_11734,Unknown,Tier-1 Cities,0,,0.0
user_11735,Premium Fitness Users,Tier-1 Cities,0,,0.0
user_11736,Budget Parents,International,0,,0.0
user_11737,Premium Fitness Users,Tier-1 Cities,0,,0.0
user_11738,Gen-Z Trend Seekers,Tier-3 Cities,0,,0.0
user_11739,Impulse Buyers,Tier-3 Cities,0,,0.0
user_11740,Unknown,International,0,,0.0
user_11741,Premium Fitness Users,Tier-1 Cities,0,,0.0
user_11742,Premium Fitness Users,Tier-2 Cities,0,,0.0
user_11743,Gen-Z Trend Seekers,International,0,,0.0
user_11744,Budget Parents,Tier-2 Cities,0,,0.0
user_11745,Impulse Buyers,Tier-3 Cities,0,,0.0
user_11746,Premium Fitness Users,International,0,,0.0
user_11747,Budget Parents,Tier-1 Cities,0,,0.0
user_11748,Premium Fitness Users,Tier-2 Cities,0,,0.0
user_11749,Gen-Z Trend Seekers,Tier-2 Cities,0,,0.0
user_11750,Gen-Z Trend Seekers,Tier-2 Cities,0,,0.0
user_11751,Premium Fitness Users,Tier-2 Cities,0,,0.0
user_11752,Premium Fitness Users,Tier-3 Cities,0,,0.0
user_11753,Impulse Buyers,International,0,,0.0
user_11754,Gen-Z Trend Seekers,Tier-3 Cities,0,,0.0
user_11755,Premium Fitness Users,Tier-1 Cities,0,,0.0
user_11756,Impulse Buyers,Tier-1 Cities,0,,0.0
user_11757,Unknown,Tier-1 Cities,0,,0.0
user_11758,Premium Fitness Users,Tier-2 Cities,0,,0.0
user_11759,Impulse Buyers,International,0,,0.0
user_11760,Budget Parents,Tier-2 Cities,0,,0.0
user_11761,Impulse Buyers,Tier-2 Cities,0,,0.0
user_11762,Unknown,Tier-1 Cities,0,,0.0
user_11763,Premium Fitness Users,Tier-2 Cities,0,,0.0
user_11764,Impulse Buyers,Tier-3 Cities,0,,0.0
user_11765,Budget Parents,Tier-1 Cities,0,,0.0
user_11766,Budget Parents,Tier-2 Cities,1,2023-12-27 00:27:39,5111.18
user_11767,Impulse Buyers,International,0,,0.0
user_11768,Budget Parents,Tier-3 Cities,0,,0.0
user_11769,Unknown,Tier-1 Cities,0,,0.0
user_11770,Unknown,International,0,,0.0
user_11771,Impulse Buyers,International,0,,0.0
user_11772,Gen-Z Trend Seekers,Tier-3 Cities,0,,0.0
user_11773,Budget Parents,Tier-3 Cities,0,,0.0
user_11774,Budget Parents,International,0,,0.0
user_11775,Unknown,Tier-1 Cities,0,,0.0
user_11776,Premium Fitness Users,Tier-2 Cities,0,,0.0
user_11777,Budget Parents,Tier-1 Cities,1,2023-09-10 23:38:47,4801.88
user_11778,Premium Fitness Users,Tier-3 Cities,1,2023-02-11 10:09:15,4990.62
user_11779,Budget Parents,Tier-3 Cities,0,,0.0
user_11780,Impulse Buyers,Tier-2 Cities,0,,0.0
user_11781,Impulse Buyers,Tier-1 Cities,0,,0.0
user_11782,Budget Parents,Tier-3 Cities,0,,0.0
user_11783,Gen-Z Trend Seekers,International,0,,0.0
user_11784,Unknown,International,0,,0.0
user_11785,Gen-Z Trend Seekers,Tier-1 Cities,0,,0.0
user_11786,Budget Parents,Tier-3 Cities,0,,0.0
user_11787,Unknown,Tier-1 Cities,0,,0.0
user_11788,Budget Parents,Tier-2 Cities,0,,0.0
user_11789,Premium Fitness Users,Tier-2 Cities,0,,0.0
user_11790,Impulse Buyers,International,0,,0.0
user_11791,Unknown,International,0,,0.0
user_11792,Unknown,Tier-1 Cities,0,,0.0
user_11793,Premium Fitness Users,Tier-1 Cities,0,,0.0
user_11794,Impulse Buyers,International,0,,0.0
user_11795,Impulse Buyers,Tier-1 Cities,0,,0.0
user_11796,Budget Parents,Tier-2 Cities,0,,0.0
user_11797,Unknown,Tier-1 Cities,0,,0.0
user_11798,Impulse Buyers,Tier-2 Cities,0,,0.0
user_11799,Budget Parents,Tier-2 Cities,0,,0.0
user_11800,Gen-Z Trend Seekers,Tier-1 Cities,0,,0.0
user_11801,Gen-Z Trend Seekers,International,0,,0.0
user_11802,Gen-Z Trend Seekers,International,0,,0.0
user_11803,Impulse Buyers,Tier-1 Cities,0,,0.0
user_11804,Gen-Z Trend Seekers,Tier-3 Cities,0,,0.0
user_11805,Gen-Z Trend Seekers,International,0,,0.0
user_11806,Gen-Z Trend Seekers,Tier-2 Cities,0,,0.0
user_11807,Impulse Buyers,Tier-2 Cities,1,2023-06-26 19:13:56,1755.18
user_11808,Unknown,International,0,,0.0
user_11809,Premium Fitness Users,Tier-1 Cities,0,,0.0
user_11810,Budget Parents,Tier-2 Cities,0,,0.0
user_11811,Unknown,Tier-1 Cities,0,,0.0
user_11812,Gen-Z Trend Seekers,Tier-2 Cities,0,,0.0
user_11813,Impulse Buyers,Tier-1 Cities,1,2023-03-12 20:46:37,1961.88
user_11814,Gen-Z Trend Seekers,Tier-1 Cities,0,,0.0
user_11815,Impulse Buyers,Tier-3 Cities,0,,0.0
user_11816,Gen-Z Trend Seekers,Tier-3 Cities,0,,0.0
user_11817,Unknown,Tier-1 Cities,0,,0.0
user_11818,Premium Fitness Users,International,0,,0.0
user_11819,Gen-Z Trend Seekers,Tier-3 Cities,1,2023-12-15 07:43:51,4828.21
user_11820,Gen-Z Trend Seekers,International,0,,0.0
user_11821,Budget Parents,Tier-1 Cities,0,,0.0
user_11822,Budget Parents,Tier-3 Cities,0,,0.0
user_11823,Budget Parents,Tier-1 Cities,0,,0.0
user_11824,Gen-Z Trend Seekers,Tier-3 Cities,0,,0.0
user_11825,Gen-Z Trend Seekers,Tier-1 Cities,0,,0.0
user_11826,Gen-Z Trend Seekers,Tier-1 Cities,0,,0.0
user_11827,Gen-Z Trend Seekers,Tier-3 Cities,0,,0.0
user_11828,Impulse Buyers,International,0,,0.0
user_11829,Gen-Z Trend Seekers,International,0,,0.0
user_11830,Unknown,Tier-2 Cities,0,,0.0
user_11831,Budget Parents,Tier-1 Cities,0,,0.0
user_11832,Premium Fitness Users,Tier-3 Cities,0,,0.0
user_11833,Gen-Z Trend Seekers,Tier-2 Cities,1,2023-02-21 00:45:01,3431.6
user_11834,Premium Fitness Users,International,0,,0.0
user_11835,Premium Fitness Users,Tier-3 Cities,0,,0.0
user_11836,Unknown,Tier-2 Cities,0,,0.0
user_11837,Gen-Z Trend Seekers,Tier-1 Cities,0,,0.0
user_11838,Gen-Z Trend Seekers,International,0,,0.0
user_11839,Premium Fitness Users,Tier-3 Cities,1,2023-05-03 22:33:11,3447.35
user_11840,Budget Parents,International,0,,0.0
user_11841,Gen-Z Trend Seekers,Tier-3 Cities,0,,0.0
user_11842,Gen-Z Trend Seekers,Tier-1 Cities,0,,0.0
user_11843,Budget Parents,International,0,,0.0
user_11844,Premium Fitness Users,International,0,,0.0
user_11845,Gen-Z Trend Seekers,International,0,,0.0
user_11846,Premium Fitness Users,Tier-3 Cities,0,,0.0
user_11847,Impulse Buyers,International,0,,0.0
user_11848,Impulse Buyers,Tier-2 Cities,0,,0.0
user_11849,Budget Parents,Tier-3 Cities,0,,0.0
user_11850,Premium Fitness Users,Tier-1 Cities,0,,0.0
user_11851,Unknown,International,0,,0.0
user_11852,Impulse Buyers,Tier-2 Cities,0,,0.0
user_11853,Budget Parents,Tier-1 Cities,0,,0.0
user_11854,Gen-Z Trend Seekers,Tier-1 Cities,0,,0.0
user_11855,Budget Parents,Tier-2 Cities,1,2023-11-18 23:16:42,5611.77
user_11856,Gen-Z Trend Seekers,Tier-1 Cities,1,2023-09-02 15:29:05,4938.71
user_11857,Premium Fitness Users,Tier-3 Cities,0,,0.0
user_11858,Budget Parents,Tier-1 Cities,0,,0.0
user_11859,Impulse Buyers,International,0,,0.0
user_11860,Gen-Z Trend Seekers,International,0,,0.0
user_11861,Gen-Z Trend Seekers,Tier-1 Cities,0,,0.0
user_11862,Gen-Z Trend Seekers,International,0,,0.0
user_11863,Premium Fitness Users,Tier-3 Cities,0,,0.0
user_11864,Unknown,International,0,,0.0
user_11865,Unknown,Tier-2 Cities,0,,0.0
user_11866,Premium Fitness Users,Tier-1 Cities,0,,0.0
user_11867,Premium Fitness Users,Tier-2 Cities,0,,0.0
user_11868,Impulse Buyers,Tier-3 Cities,0,,0.0
user_11869,Budget Parents,International,0,,0.0
user_11870,Gen-Z Trend Seekers,Tier-1 Cities,0,,0.0
user_11871,Unknown,Tier-1 Cities,0,,0.0
user_11872,Impulse Buyers,Tier-3 Cities,0,,0.0
user_11873,Budget Parents,Tier-3 Cities,0,,0.0
user_11874,Impulse Buyers,Tier-3 Cities,0,,0.0
user_11875,Premium Fitness Users,International,0,,0.0
user_11876,Impulse Buyers,Tier-2 Cities,0,,0.0
user_11877,Impulse Buyers,Tier-3 Cities,0,,0.0
user_11878,Impulse Buyers,Tier-2 Cities,0,,0.0
user_11879,Budget Parents,Tier-1 Cities,0,,0.0
user_11880,Budget Parents,Tier-2 Cities,0,,0.0
user_11881,Gen-Z Trend Seekers,International,0,,0.0
user_11882,Impulse Buyers,International,0,,0.0
user_11883,Budget Parents,Tier-1 Cities,0,,0.0
user_11884,Gen-Z Trend Seekers,Tier-1 Cities,0,,0.0
user_11885,Premium Fitness Users,International,0,,0.0
user_11886,Budget Parents,Tier-2 Cities,0,,0.0
user_11887,Premium Fitness Users,Tier-3 Cities,0,,0.0
user_11888,Premium Fitness Users,Tier-3 Cities,0,,0.0
user_11889,Budget Parents,Tier-2 Cities,0,,0.0
user_11890,Impulse Buyers,Tier-1 Cities,0,,0.0
user_11891,Budget Parents,Tier-3 Cities,0,,0.0
user_11892,Impulse Buyers,Tier-2 Cities,0,,0.0
user_11893,Gen-Z Trend Seekers,International,0,,0.0
user_11894,Budget Parents,Tier-1 Cities,0,,0.0
user_11895,Unknown,Tier-3 Cities,0,,0.0
user_11896,Budget Parents,Tier-2 Cities,0,,0.0
user_11897,Premium Fitness Users,International,0,,0.0
user_11898,Premium Fitness Users,Tier-2 Cities,1,2023-08-21 13:06:57,5911.5
user_11899,Budget Parents,International,0,,0.0
user_11900,Premium Fitness Users,Tier-1 Cities,0,,0.0
user_11901,Premium Fitness Users,Tier-2 Cities,0,,0.0
user_11902,Impulse Buyers,Tier-3 Cities,0,,0.0
user_11903,Gen-Z Trend Seekers,Tier-1 Cities,0,,0.0
user_11904,Unknown,International,0,,0.0
user_11905,Impulse Buyers,Tier-1 Cities,1,2023-12-31 08:22:38,3418.4
user_11906,Premium Fitness Users,International,0,,0.0
user_11907,Gen-Z Trend Seekers,Tier-3 Cities,0,,0.0
user_11908,Gen-Z Trend Seekers,Tier-1 Cities,0,,0.0
user_11909,Impulse Buyers,Tier-3 Cities,0,,0.0
user_11910,Budget Parents,Tier-2 Cities,0,,0.0
user_11911,Gen-Z Trend Seekers,Tier-1 Cities,1,2023-02-15 10:06:06,1867.59
user_11912,Gen-Z Trend Seekers,International,0,,0.0
user_11913,Premium Fitness Users,International,0,,0.0
user_11914,Impulse Buyers,Tier-1 Cities,0,,0.0
user_11915,Gen-Z Trend Seekers,Tier-1 Cities,0,,0.0
user_11916,Budget Parents,Tier-2 Cities,0,,0.0
user_11917,Impulse Buyers,Tier-2 Cities,0,,0.0
user_11918,Impulse Buyers,Tier-2 Cities,0,,0.0
user_11919,Budget Parents,Tier-3 Cities,0,,0.0
user_11920,Budget Parents,Tier-2 Cities,0,,0.0
user_11921,Impulse Buyers,International,1,2023-06-12 08:38:24,3271.22
user_11922,Premium Fitness Users,Tier-1 Cities,0,,0.0
user_11923,Premium Fitness Users,Tier-1 Cities,0,,0.0
user_11924,Gen-Z Trend Seekers,Tier-3 Cities,1,2023-05-23 23:08:44,5898.66
user_11925,Premium Fitness Users,Tier-3 Cities,0,,0.0
user_11926,Impulse Buyers,Tier-3 Cities,0,,0.0
user_11927,Premium Fitness Users,International,1,2023-08-02 21:59:04,6765.94
user_11928,Gen-Z Trend Seekers,International,0,,0.0
user_11929,Premium Fitness Users,Tier-3 Cities,0,,0.0
user_11930,Impulse Buyers,Tier-2 Cities,1,2023-04-11 23:54:42,3061.18
user_11931,Unknown,Tier-1 Cities,0,,0.0
user_11932,Premium Fitness Users,International,0,,0.0
user_11933,Budget Parents,Tier-2 Cities,0,,0.0
user_11934,Premium Fitness Users,Tier-2 Cities,0,,0.0
user_11935,Budget Parents,International,0,,0.0
user_11936,Unknown,Tier-1 Cities,0,,0.0
user_11937,Gen-Z Trend Seekers,Tier-3 Cities,0,,0.0
user_11938,Impulse Buyers,International,0,,0.0
user_11939,Budget Parents,Tier-3 Cities,0,,0.0
user_11940,Gen-Z Trend Seekers,Tier-1 Cities,0,,0.0
user_11941,Gen-Z Trend Seekers,Tier-2 Cities,0,,0.0
user_11942,Impulse Buyers,Tier-2 Cities,0,,0.0
user_11943,Premium Fitness Users,Tier-2 Cities,0,,0.0
user_11944,Gen-Z Trend Seekers,Tier-3 Cities,0,,0.0
user_11945,Unknown,International,0,,0.0
user_11946,Unknown,International,0,,0.0
user_11947,Premium Fitness Users,International,0,,0.0
user_11948,Gen-Z Trend Seekers,Tier-1 Cities,0,,0.0
user_11949,Budget Parents,International,0,,0.0
user_11950,Premium Fitness Users,Tier-1 Cities,0,,0.0
user_11951,Impulse Buyers,Tier-2 Cities,0,,0.0
user_11952,Gen-Z Trend Seekers,Tier-1 Cities,0,,0.0
user_11953,Budget Parents,International,0,,0.0
user_11954,Impulse Buyers,Tier-2 Cities,0,,0.0
user_11955,Unknown,Tier-2 Cities,0,,0.0
user_11956,Impulse Buyers,Tier-2 Cities,1,2023-05-09 23:10:11,1600.77
user_11957,Premium Fitness Users,International,0,,0.0
user_11958,Gen-Z Trend Seekers,Tier-1 Cities,1,2023-04-19 16:37:56,3445.84
user_11959,Unknown,Tier-2 Cities,0,,0.0
user_11960,Premium Fitness Users,International,1,2023-08-21 00:38:16,7966.92
user_11961,Gen-Z Trend Seekers,Tier-2 Cities,1,2023-03-26 20:01:30,1812.14
user_11962,Premium Fitness Users,Tier-3 Cities,0,,0.0
user_11963,Budget Parents,International,0,,0.0
user_11964,Premium Fitness Users,International,0,,0.0
user_11965,Premium Fitness Users,Tier-2 Cities,0,,0.0
user_11966,Budget Parents,Tier-3 Cities,0,,0.0
user_11967,Gen-Z Trend Seekers,Tier-2 Cities,0,,0.0
user_11968,Unknown,International,0,,0.0
user_11969,Budget Parents,Tier-2 Cities,0,,0.0
user_11970,Premium Fitness Users,Tier-2 Cities,0,,0.0
user_11971,Budget Parents,International,0,,0.0
user_11972,Premium Fitness Users,Tier-3 Cities,1,2024-01-07 15:44:49,5343.17
user_11973,Premium Fitness Users,Tier-3 Cities,0,,0.0
user_11974,Impulse Buyers,Tier-2 Cities,0,,0.0
user_11975,Budget Parents,Tier-2 Cities,0,,0.0
user_11976,Premium Fitness Users,Tier-2 Cities,0,,0.0
user_11977,Unknown,Tier-3 Cities,0,,0.0
user_11978,Budget Parents,Tier-3 Cities,0,,0.0
user_11979,Budget Parents,International,0,,0.0
user_11980,Impulse Buyers,Tier-3 Cities,0,,0.0
user_11981,Budget Parents,International,0,,0.0
user_11982,Budget Parents,Tier-3 Cities,0,,0.0
user_11983,Budget Parents,International,0,,0.0
user_11984,Budget Parents,Tier-3 Cities,0,,0.0
user_11985,Gen-Z Trend Seekers,Tier-3 Cities,1,2023-09-15 03:42:37,3812.4
user_11986,Gen-Z Trend Seekers,Tier-3 Cities,0,,0.0
user_11987,Premium Fitness Users,Tier-2 Cities,0,,0.0
user_11988,Premium Fitness Users,International,0,,0.0
user_11989,Budget Parents,International,0,,0.0
user_11990,Gen-Z Trend Seekers,Tier-1 Cities,0,,0.0
user_11991,Unknown,Tier-1 Cities,0,,0.0
user_11992,Premium Fitness Users,Tier-2 Cities,0,,0.0
user_11993,Gen-Z Trend Seekers,Tier-2 Cities,0,,0.0
user_11994,Gen-Z Trend Seekers,International,0,,0.0
user_11995,Gen-Z Trend Seekers,International,0,,0.0
user_11996,Impulse Buyers,International,0,,0.0
user_11997,Budget Parents,Tier-1 Cities,0,,0.0
user_11998,Unknown,International,0,,0.0
user_11999,Gen-Z Trend Seekers,Tier-3 Cities,0,,0.0
user_12000,Gen-Z Trend Seekers,Tier-3 Cities,0,,0.0
user_12001,Gen-Z Trend Seekers,Tier-2 Cities,0,,0.0
user_12002,Gen-Z Trend Seekers,Tier-2 Cities,0,,0.0
user_12003,Budget Parents,Tier-2 Cities,0,,0.0
user_12004,Gen-Z Trend Seekers,Tier-2 Cities,0,,0.0
user_12005,Premium Fitness Users,Tier-1 Cities,0,,0.0
user_12006,Premium Fitness Users,Tier-1 Cities,0,,0.0
user_12007,Premium Fitness Users,International,0,,0.0
user_12008,Budget Parents,International,0,,0.0
user_12009,Gen-Z Trend Seekers,Tier-3 Cities,0,,0.0
user_12010,Premium Fitness Users,Tier-1 Cities,0,,0.0
user_12011,Budget Parents,Tier-3 Cities,0,,0.0
user_12012,Premium Fitness Users,Tier-3 Cities,0,,0.0
user_12013,Budget Parents,Tier-2 Cities,0,,0.0
user_12014,Gen-Z Trend Seekers,Tier-1 Cities,0,,0.0
user_12015,Impulse Buyers,Tier-2 Cities,0,,0.0
user_12016,Premium Fitness Users,International,0,,0.0
user_12017,Gen-Z Trend Seekers,International,0,,0.0
user_12018,Impulse Buyers,International,0,,0.0
user_12019,Budget Parents,Tier-2 Cities,0,,0.0
user_12020,Budget Parents,Tier-2 Cities,0,,0.0
user_12021,Impulse Buyers,Tier-2 Cities,1,2023-11-16 06:11:09,1714.12
user_12022,Unknown,Tier-3 Cities,0,,0.0
user_12023,Premium Fitness Users,Tier-2 Cities,0,,0.0
user_12024,Premium Fitness Users,International,0,,0.0
user_12025,Gen-Z Trend Seekers,International,0,,0.0
user_12026,Budget Parents,Tier-2 Cities,0,,0.0
user_12027,Premium Fitness Users,Tier-3 Cities,0,,0.0
user_12028,Gen-Z Trend Seekers,Tier-3 Cities,0,,0.0
user_12029,Budget Parents,Tier-1 Cities,0,,0.0
user_12030,Impulse Buyers,Tier-2 Cities,0,,0.0
user_12031,Premium Fitness Users,International,0,,0.0
user_12032,Budget Parents,Tier-3 Cities,0,,0.0
user_12033,Gen-Z Trend Seekers,International,0,,0.0
user_12034,Unknown,Tier-2 Cities,0,,0.0
user_12035,Premium Fitness Users,Tier-2 Cities,0,,0.0
user_12036,Unknown,Tier-2 Cities,0,,0.0
user_12037,Budget Parents,International,0,,0.0
user_12038,Impulse Buyers,Tier-1 Cities,0,,0.0
user_12039,Impulse Buyers,Tier-1 Cities,0,,0.0
user_12040,Impulse Buyers,International,0,,0.0
user_12041,Gen-Z Trend Seekers,Tier-1 Cities,0,,0.0
user_12042,Gen-Z Trend Seekers,International,0,,0.0
user_12043,Unknown,International,0,,0.0
user_12044,Budget Parents,Tier-1 Cities,0,,0.0
user_12045,Budget Parents,Tier-1 Cities,0,,0.0
user_12046,Budget Parents,Tier-1 Cities,0,,0.0
user_12047,Gen-Z Trend Seekers,International,0,,0.0
user_12048,Gen-Z Trend Seekers,International,1,2023-04-24 12:26:57,5882.57
user_12049,Premium Fitness Users,Tier-3 Cities,0,,0.0
user_12050,Budget Parents,Tier-2 Cities,0,,0.0
user_12051,Gen-Z Trend Seekers,International,0,,0.0
user_12052,Premium Fitness Users,Tier-3 Cities,0,,0.0
user_12053,Budget Parents,International,0,,0.0
user_12054,Unknown,International,0,,0.0
user_12055,Impulse Buyers,International,0,,0.0
user_12056,Impulse Buyers,Tier-3 Cities,0,,0.0
user_12057,Unknown,Tier-1 Cities,0,,0.0
user_12058,Premium Fitness Users,International,0,,0.0
user_12059,Premium Fitness Users,Tier-1 Cities,1,2023-04-05 08:20:30,9194.19
user_12060,Impulse Buyers,International,0,,0.0
user_12061,Gen-Z Trend Seekers,Tier-2 Cities,0,,0.0
user_12062,Impulse Buyers,Tier-3 Cities,0,,0.0
user_12063,Budget Parents,Tier-1 Cities,0,,0.0
user_12064,Impulse Buyers,International,0,,0.0
user_12065,Budget Parents,Tier-2 Cities,0,,0.0
user_12066,Unknown,International,0,,0.0
user_12067,Unknown,Tier-1 Cities,0,,0.0
user_12068,Premium Fitness Users,Tier-2 Cities,0,,0.0
user_12069,Budget Parents,Tier-2 Cities,0,,0.0
user_12070,Budget Parents,Tier-1 Cities,0,,0.0
user_12071,Gen-Z Trend Seekers,Tier-3 Cities,0,,0.0
user_12072,Premium Fitness Users,Tier-3 Cities,0,,0.0
user_12073,Premium Fitness Users,International,1,2023-03-06 01:45:44,8776.21
user_12074,Impulse Buyers,International,0,,0.0
user_12075,Unknown,Tier-2 Cities,0,,0.0
user_12076,Premium Fitness Users,International,0,,0.0
user_12077,Gen-Z Trend Seekers,Tier-1 Cities,0,,0.0
user_12078,Impulse Buyers,Tier-1 Cities,0,,0.0
user_12079,Impulse Buyers,International,0,,0.0
user_12080,Impulse Buyers,Tier-3 Cities,0,,0.0
user_12081,Premium Fitness Users,Tier-1 Cities,1,2023-09-22 20:47:01,7996.01
user_12082,Gen-Z Trend Seekers,Tier-2 Cities,0,,0.0
user_12083,Budget Parents,International,0,,0.0
user_12084,Impulse Buyers,Tier-1 Cities,1,2023-02-11 20:08:11,3341.08
user_12085,Gen-Z Trend Seekers,Tier-2 Cities,0,,0.0
user_12086,Budget Parents,International,0,,0.0
user_12087,Gen-Z Trend Seekers,Tier-2 Cities,0,,0.0
user_12088,Premium Fitness Users,International,0,,0.0
user_12089,Premium Fitness Users,International,0,,0.0
user_12090,Budget Parents,Tier-2 Cities,0,,0.0
user_12091,Budget Parents,Tier-1 Cities,0,,0.0
user_12092,Gen-Z Trend Seekers,Tier-1 Cities,0,,0.0
user_12093,Budget Parents,Tier-2 Cities,0,,0.0
user_12094,Impulse Buyers,International,0,,0.0
user_12095,Budget Parents,Tier-3 Cities,0,,0.0
user_12096,Gen-Z Trend Seekers,Tier-2 Cities,0,,0.0
user_12097,Budget Parents,Tier-2 Cities,0,,0.0
user_12098,Premium Fitness Users,Tier-2 Cities,0,,0.0
user_12099,Budget Parents,Tier-3 Cities,0,,0.0
user_12100,Budget Parents,International,0,,0.0
user_12101,Unknown,International,0,,0.0
user_12102,Impulse Buyers,International,0,,0.0
user_12103,Impulse Buyers,Tier-1 Cities,0,,0.0
user_12104,Gen-Z Trend Seekers,Tier-3 Cities,0,,0.0
user_12105,Impulse Buyers,Tier-1 Cities,0,,0.0
user_12106,Budget Parents,Tier-3 Cities,0,,0.0
user_12107,Impulse Buyers,Tier-2 Cities,0,,0.0
user_12108,Premium Fitness Users,Tier-1 Cities,0,,0.0
user_12109,Gen-Z Trend Seekers,Tier-1 Cities,0,,0.0
user_12110,Budget Parents,International,1,2023-05-12 13:36:16,4588.35
user_12111,Premium Fitness Users,Tier-2 Cities,0,,0.0
user_12112,Gen-Z Trend Seekers,International,1,2023-08-12 19:56:20,5403.5
user_12113,Budget Parents,Tier-2 Cities,0,,0.0
user_12114,Gen-Z Trend Seekers,Tier-2 Cities,0,,0.0
user_12115,Budget Parents,Tier-1 Cities,0,,0.0
user_12116,Premium Fitness Users,International,0,,0.0
user_12117,Premium Fitness Users,Tier-3 Cities,0,,0.0
user_12118,Premium Fitness Users,Tier-1 Cities,0,,0.0
user_12119,Budget Parents,Tier-3 Cities,0,,0.0
user_12120,Budget Parents,Tier-3 Cities,0,,0.0
user_12121,Premium Fitness Users,International,0,,0.0
user_12122,Budget Parents,Tier-2 Cities,0,,0.0
user_12123,Gen-Z Trend Seekers,International,0,,0.0
user_12124,Budget Parents,Tier-3 Cities,0,,0.0
user_12125,Unknown,Tier-3 Cities,0,,0.0
user_12126,Budget Parents,Tier-2 Cities,1,2023-12-28 10:56:19,2129.11
user_12127,Budget Parents,Tier-1 Cities,0,,0.0
user_12128,Impulse Buyers,Tier-2 Cities,0,,0.0
user_12129,Budget Parents,Tier-1 Cities,1,2023-11-01 14:54:33,7208.34
user_12130,Gen-Z Trend Seekers,Tier-1 Cities,0,,0.0
user_12131,Budget Parents,Tier-2 Cities,0,,0.0
user_12132,Premium Fitness Users,Tier-1 Cities,0,,0.0
user_12133,Budget Parents,Tier-2 Cities,0,,0.0
user_12134,Premium Fitness Users,Tier-2 Cities,0,,0.0
user_12135,Unknown,Tier-2 Cities,0,,0.0
user_12136,Premium Fitness Users,Tier-2 Cities,1,2023-05-23 06:06:46,11364.91
user_12137,Impulse Buyers,Tier-3 Cities,0,,0.0
user_12138,Budget Parents,Tier-3 Cities,0,,0.0
user_12139,Premium Fitness Users,Tier-1 Cities,0,,0.0
user_12140,Premium Fitness Users,Tier-1 Cities,0,,0.0
user_12141,Budget Parents,Tier-1 Cities,0,,0.0
user_12142,Gen-Z Trend Seekers,Tier-2 Cities,0,,0.0
user_12143,Premium Fitness Users,International,0,,0.0
user_12144,Unknown,Tier-1 Cities,0,,0.0
user_12145,Gen-Z Trend Seekers,International,0,,0.0
user_12146,Gen-Z Trend Seekers,International,0,,0.0
user_12147,Gen-Z Trend Seekers,Tier-1 Cities,1,2023-02-26 22:46:53,5404.85
user_12148,Budget Parents,Tier-3 Cities,0,,0.0
user_12149,Unknown,Tier-2 Cities,0,,0.0
user_12150,Gen-Z Trend Seekers,International,0,,0.0
user_12151,Budget Parents,International,0,,0.0
user_12152,Unknown,Tier-1 Cities,0,,0.0
user_12153,Premium Fitness Users,Tier-1 Cities,0,,0.0
user_12154,Gen-Z Trend Seekers,International,0,,0.0
user_12155,Gen-Z Trend Seekers,Tier-1 Cities,0,,0.0
user_12156,Unknown,International,0,,0.0
user_12157,Impulse Buyers,Tier-2 Cities,0,,0.0
user_12158,Impulse Buyers,Tier-1 Cities,0,,0.0
user_12159,Budget Parents,Tier-1 Cities,0,,0.0
user_12160,Impulse Buyers,Tier-3 Cities,0,,0.0
user_12161,Unknown,International,0,,0.0
user_12162,Gen-Z Trend Seekers,Tier-1 Cities,0,,0.0
user_12163,Unknown,Tier-2 Cities,0,,0.0
user_12164,Premium Fitness Users,Tier-3 Cities,0,,0.0
user_12165,Budget Parents,Tier-1 Cities,0,,0.0
user_12166,Gen-Z Trend Seekers,Tier-1 Cities,0,,0.0
user_12167,Gen-Z Trend Seekers,Tier-1 Cities,0,,0.0
user_12168,Gen-Z Trend Seekers,Tier-3 Cities,0,,0.0
user_12169,Budget Parents,Tier-1 Cities,0,,0.0
user_12170,Gen-Z Trend Seekers,Tier-1 Cities,0,,0.0
user_12171,Unknown,Tier-1 Cities,0,,0.0
user_12172,Gen-Z Trend Seekers,Tier-2 Cities,1,2023-08-27 12:12:48,1613.63
user_12173,Gen-Z Trend Seekers,Tier-3 Cities,1,2023-09-26 23:36:44,1761.29
user_12174,Budget Parents,International,0,,0.0
user_12175,Unknown,Tier-3 Cities,0,,0.0
user_12176,Gen-Z Trend Seekers,International,0,,0.0
user_12177,Premium Fitness Users,Tier-2 Cities,0,,0.0
user_12178,Premium Fitness Users,Tier-2 Cities,0,,0.0
user_12179,Gen-Z Trend Seekers,Tier-3 Cities,1,2023-10-23 00:00:17,5593.18
user_12180,Gen-Z Trend Seekers,Tier-2 Cities,0,,0.0
user_12181,Gen-Z Trend Seekers,Tier-1 Cities,0,,0.0
user_12182,Impulse Buyers,International,1,2023-07-28 10:49:34,2321.22
user_12183,Gen-Z Trend Seekers,Tier-1 Cities,0,,0.0
user_12184,Unknown,International,0,,0.0
user_12185,Impulse Buyers,Tier-2 Cities,0,,0.0
user_12186,Impulse Buyers,Tier-1 Cities,0,,0.0
user_12187,Impulse Buyers,Tier-2 Cities,0,,0.0
user_12188,Budget Parents,Tier-1 Cities,0,,0.0
user_12189,Premium Fitness Users,Tier-1 Cities,0,,0.0
user_12190,Gen-Z Trend Seekers,Tier-3 Cities,0,,0.0
user_12191,Gen-Z Trend Seekers,International,0,,0.0
user_12192,Impulse Buyers,Tier-2 Cities,0,,0.0
user_12193,Gen-Z Trend Seekers,Tier-2 Cities,1,2023-05-25 15:00:53,4152.67
user_12194,Budget Parents,Tier-1 Cities,0,,0.0
user_12195,Premium Fitness Users,Tier-3 Cities,0,,0.0
user_12196,Gen-Z Trend Seekers,International,0,,0.0
user_12197,Premium Fitness Users,International,0,,0.0
user_12198,Gen-Z Trend Seekers,Tier-3 Cities,0,,0.0
user_12199,Impulse Buyers,Tier-1 Cities,0,,0.0
user_12200,Unknown,Tier-2 Cities,0,,0.0
user_12201,Unknown,Tier-3 Cities,0,,0.0
user_12202,Premium Fitness Users,Tier-1 Cities,0,,0.0
user_12203,Gen-Z Trend Seekers,Tier-2 Cities,1,2023-01-28 20:47:29,2312.22
user_12204,Budget Parents,Tier-2 Cities,0,,0.0
user_12205,Unknown,Tier-3 Cities,0,,0.0
user_12206,Gen-Z Trend Seekers,Tier-1 Cities,0,,0.0
user_12207,Budget Parents,Tier-3 Cities,0,,0.0
user_12208,Unknown,Tier-3 Cities,0,,0.0
user_12209,Budget Parents,Tier-3 Cities,0,,0.0
user_12210,Impulse Buyers,Tier-2 Cities,0,,0.0
user_12211,Gen-Z Trend Seekers,Tier-1 Cities,0,,0.0
user_12212,Impulse Buyers,Tier-1 Cities,0,,0.0
user_12213,Gen-Z Trend Seekers,Tier-1 Cities,0,,0.0
user_12214,Budget Parents,Tier-1 Cities,0,,0.0
user_12215,Impulse Buyers,Tier-3 Cities,0,,0.0
user_12216,Unknown,Tier-2 Cities,0,,0.0
user_12217,Impulse Buyers,International,0,,0.0
user_12218,Premium Fitness Users,International,0,,0.0
user_12219,Gen-Z Trend Seekers,Tier-2 Cities,0,,0.0
user_12220,Gen-Z Trend Seekers,International,0,,0.0
user_12221,Unknown,Tier-1 Cities,0,,0.0
user_12222,Gen-Z Trend Seekers,Tier-2 Cities,0,,0.0
user_12223,Impulse Buyers,Tier-3 Cities,0,,0.0
user_12224,Gen-Z Trend Seekers,Tier-2 Cities,0,,0.0
user_12225,Impulse Buyers,International,0,,0.0
user_12226,Gen-Z Trend Seekers,Tier-2 Cities,0,,0.0
user_12227,Unknown,Tier-1 Cities,0,,0.0
user_12228,Budget Parents,Tier-1 Cities,0,,0.0
user_12229,Gen-Z Trend Seekers,Tier-2 Cities,0,,0.0
user_12230,Impulse Buyers,Tier-1 Cities,0,,0.0
user_12231,Unknown,Tier-1 Cities,0,,0.0
user_12232,Gen-Z Trend Seekers,Tier-3 Cities,0,,0.0
user_12233,Impulse Buyers,Tier-1 Cities,1,2023-08-01 05:09:24,1034.14
user_12234,Gen-Z Trend Seekers,International,1,2023-09-19 00:49:20,2794.53
user_12235,Unknown,Tier-2 Cities,0,,0.0
user_12236,Gen-Z Trend Seekers,Tier-2 Cities,0,,0.0
user_12237,Premium Fitness Users,Tier-1 Cities,0,,0.0
user_12238,Impulse Buyers,Tier-3 Cities,0,,0.0
user_12239,Unknown,International,0,,0.0
user_12240,Impulse Buyers,Tier-1 Cities,1,2023-03-19 08:36:00,2939.83
user_12241,Impulse Buyers,Tier-1 Cities,0,,0.0
user_12242,Gen-Z Trend Seekers,Tier-2 Cities,1,2023-09-19 16:35:52,4275.3
user_12243,Premium Fitness Users,Tier-2 Cities,1,2023-07-01 07:44:48,5878.19
user_12244,Budget Parents,Tier-1 Cities,0,,0.0
user_12245,Gen-Z Trend Seekers,Tier-2 Cities,0,,0.0
user_12246,Unknown,Tier-3 Cities,0,,0.0
user_12247,Unknown,International,0,,0.0
user_12248,Gen-Z Trend Seekers,Tier-3 Cities,0,,0.0
user_12249,Gen-Z Trend Seekers,Tier-2 Cities,1,2023-12-10 22:11:06,2763.55
user_12250,Gen-Z Trend Seekers,International,1,2023-09-22 04:31:42,5218.95
user_12251,Impulse Buyers,Tier-2 Cities,0,,0.0
user_12252,Impulse Buyers,Tier-2 Cities,0,,0.0
user_12253,Impulse Buyers,International,0,,0.0
user_12254,Unknown,Tier-1 Cities,0,,0.0
user_12255,Impulse Buyers,Tier-2 Cities,0,,0.0
user_12256,Impulse Buyers,Tier-3 Cities,0,,0.0
user_12257,Unknown,Tier-1 Cities,0,,0.0
user_12258,Budget Parents,International,0,,0.0
user_12259,Gen-Z Trend Seekers,Tier-3 Cities,0,,0.0
user_12260,Gen-Z Trend Seekers,Tier-1 Cities,0,,0.0
user_12261,Impulse Buyers,Tier-2 Cities,0,,0.0
user_12262,Gen-Z Trend Seekers,Tier-1 Cities,0,,0.0
user_12263,Premium Fitness Users,International,0,,0.0
user_12264,Budget Parents,Tier-3 Cities,0,,0.0
user_12265,Premium Fitness Users,Tier-3 Cities,0,,0.0
user_12266,Impulse Buyers,Tier-1 Cities,0,,0.0
user_12267,Premium Fitness Users,Tier-2 Cities,0,,0.0
user_12268,Budget Parents,Tier-1 Cities,0,,0.0
user_12269,Premium Fitness Users,Tier-2 Cities,0,,0.0
user_12270,Unknown,International,0,,0.0
user_12271,Unknown,Tier-3 Cities,0,,0.0
user_12272,Unknown,International,0,,0.0
user_12273,Gen-Z Trend Seekers,Tier-1 Cities,0,,0.0
user_12274,Impulse Buyers,International,0,,0.0
user_12275,Gen-Z Trend Seekers,Tier-3 Cities,0,,0.0
user_12276,Gen-Z Trend Seekers,Tier-3 Cities,0,,0.0
user_12277,Budget Parents,Tier-1 Cities,0,,0.0
user_12278,Budget Parents,Tier-3 Cities,0,,0.0
user_12279,Unknown,Tier-2 Cities,0,,0.0
user_12280,Gen-Z Trend Seekers,Tier-3 Cities,0,,0.0
user_12281,Impulse Buyers,Tier-3 Cities,0,,0.0
user_12282,Gen-Z Trend Seekers,International,0,,0.0
user_12283,Premium Fitness Users,Tier-3 Cities,0,,0.0
user_12284,Impulse Buyers,Tier-2 Cities,0,,0.0
user_12285,Impulse Buyers,Tier-1 Cities,0,,0.0
user_12286,Premium Fitness Users,Tier-3 Cities,0,,0.0
user_12287,Budget Parents,International,1,2023-07-22 21:37:57,4815.67
user_12288,Budget Parents,Tier-3 Cities,1,2023-10-11 10:12:24,5631.54
user_12289,Impulse Buyers,Tier-1 Cities,0,,0.0
user_12290,Impulse Buyers,Tier-1 Cities,0,,0.0
user_12291,Premium Fitness Users,Tier-1 Cities,0,,0.0
user_12292,Premium Fitness Users,Tier-2 Cities,0,,0.0
user_12293,Premium Fitness Users,Tier-1 Cities,0,,0.0
user_12294,Gen-Z Trend Seekers,International,0,,0.0
user_12295,Unknown,Tier-1 Cities,0,,0.0
user_12296,Gen-Z Trend Seekers,Tier-3 Cities,0,,0.0
user_12297,Budget Parents,Tier-3 Cities,0,,0.0
user_12298,Impulse Buyers,Tier-2 Cities,0,,0.0
user_12299,Premium Fitness Users,Tier-2 Cities,0,,0.0
user_12300,Budget Parents,Tier-3 Cities,0,,0.0
user_12301,Premium Fitness Users,Tier-3 Cities,0,,0.0
user_12302,Unknown,Tier-1 Cities,0,,0.0
user_12303,Unknown,Tier-1 Cities,0,,0.0
user_12304,Premium Fitness Users,Tier-1 Cities,1,2023-05-12 19:13:10,8049.89
user_12305,Gen-Z Trend Seekers,International,0,,0.0
user_12306,Unknown,Tier-3 Cities,0,,0.0
user_12307,Gen-Z Trend Seekers,Tier-3 Cities,0,,0.0
user_12308,Impulse Buyers,Tier-3 Cities,0,,0.0
user_12309,Gen-Z Trend Seekers,Tier-3 Cities,0,,0.0
user_12310,Gen-Z Trend Seekers,Tier-3 Cities,0,,0.0
user_12311,Impulse Buyers,Tier-2 Cities,1,2023-05-29 09:52:00,1956.29
user_12312,Budget Parents,Tier-2 Cities,0,,0.0
user_12313,Gen-Z Trend Seekers,Tier-1 Cities,0,,0.0
user_12314,Impulse Buyers,Tier-3 Cities,0,,0.0
user_12315,Gen-Z Trend Seekers,Tier-2 Cities,0,,0.0
user_12316,Impulse Buyers,International,0,,0.0
user_12317,Unknown,Tier-2 Cities,0,,0.0
user_12318,Unknown,International,0,,0.0
user_12319,Premium Fitness Users,Tier-3 Cities,0,,0.0
user_12320,Unknown,Tier-1 Cities,0,,0.0
user_12321,Impulse Buyers,Tier-1 Cities,0,,0.0
user_12322,Gen-Z Trend Seekers,Tier-1 Cities,0,,0.0
user_12323,Impulse Buyers,Tier-1 Cities,0,,0.0
user_12324,Gen-Z Trend Seekers,International,0,,0.0
user_12325,Impulse Buyers,International,0,,0.0
user_12326,Budget Parents,Tier-2 Cities,0,,0.0
user_12327,Impulse Buyers,Tier-3 Cities,0,,0.0
user_12328,Budget Parents,Tier-3 Cities,0,,0.0
user_12329,Gen-Z Trend Seekers,Tier-1 Cities,0,,0.0
user_12330,Premium Fitness Users,Tier-2 Cities,0,,0.0
user_12331,Gen-Z Trend Seekers,International,0,,0.0
user_12332,Premium Fitness Users,Tier-2 Cities,0,,0.0
user_12333,Unknown,International,0,,0.0
user_12334,Impulse Buyers,Tier-1 Cities,0,,0.0
user_12335,Budget Parents,Tier-2 Cities,1,2023-02-07 05:24:26,2237.08
user_12336,Gen-Z Trend Seekers,Tier-1 Cities,0,,0.0
user_12337,Gen-Z Trend Seekers,Tier-3 Cities,0,,0.0
user_12338,Impulse Buyers,Tier-2 Cities,0,,0.0
user_12339,Budget Parents,Tier-3 Cities,0,,0.0
user_12340,Budget Parents,Tier-1 Cities,0,,0.0
user_12341,Budget Parents,Tier-2 Cities,0,,0.0
user_12342,Budget Parents,Tier-2 Cities,0,,0.0
user_12343,Gen-Z Trend Seekers,Tier-3 Cities,0,,0.0
user_12344,Unknown,International,0,,0.0
user_12345,Gen-Z Trend Seekers,Tier-1 Cities,0,,0.0
user_12346,Unknown,International,0,,0.0
user_12347,Gen-Z Trend Seekers,Tier-3 Cities,0,,0.0
user_12348,Impulse Buyers,Tier-1 Cities,0,,0.0
user_12349,Premium Fitness Users,Tier-1 Cities,0,,0.0
user_12350,Premium Fitness Users,International,0,,0.0
user_12351,Impulse Buyers,Tier-2 Cities,0,,0.0
user_12352,Budget Parents,Tier-3 Cities,0,,0.0
user_12353,Budget Parents,Tier-3 Cities,1,2023-06-30 03:43:01,1533.77
user_12354,Gen-Z Trend Seekers,Tier-2 Cities,1,2023-12-08 19:31:10,4272.55
user_12355,Impulse Buyers,Tier-3 Cities,1,2023-11-08 03:26:35,3629.15
user_12356,Unknown,Tier-2 Cities,0,,0.0
user_12357,Unknown,International,0,,0.0
user_12358,Budget Parents,Tier-3 Cities,0,,0.0
user_12359,Impulse Buyers,Tier-3 Cities,0,,0.0
user_12360,Budget Parents,Tier-2 Cities,0,,0.0
user_12361,Budget Parents,Tier-3 Cities,1,2023-03-28 23:40:09,3076.26
user_12362,Gen-Z Trend Seekers,Tier-2 Cities,0,,0.0
user_12363,Impulse Buyers,Tier-1 Cities,0,,0.0
user_12364,Gen-Z Trend Seekers,Tier-2 Cities,0,,0.0
user_12365,Impulse Buyers,International,0,,0.0
user_12366,Gen-Z Trend Seekers,Tier-3 Cities,0,,0.0
user_12367,Premium Fitness Users,International,0,,0.0
user_12368,Gen-Z Trend Seekers,International,0,,0.0
user_12369,Premium Fitness Users,Tier-1 Cities,0,,0.0
user_12370,Premium Fitness Users,Tier-3 Cities,0,,0.0
user_12371,Gen-Z Trend Seekers,International,0,,0.0
user_12372,Premium Fitness Users,Tier-3 Cities,0,,0.0
user_12373,Impulse Buyers,Tier-1 Cities,0,,0.0
user_12374,Unknown,Tier-2 Cities,0,,0.0
user_12375,Premium Fitness Users,Tier-2 Cities,0,,0.0
user_12376,Impulse Buyers,Tier-3 Cities,0,,0.0
user_12377,Budget Parents,Tier-3 Cities,0,,0.0
user_12378,Budget Parents,Tier-2 Cities,0,,0.0
user_12379,Unknown,International,0,,0.0
user_12380,Budget Parents,Tier-2 Cities,0,,0.0
user_12381,Gen-Z Trend Seekers,International,0,,0.0
user_12382,Unknown,International,0,,0.0
user_12383,Budget Parents,Tier-2 Cities,0,,0.0
user_12384,Gen-Z Trend Seekers,International,0,,0.0
user_12385,Impulse Buyers,Tier-3 Cities,0,,0.0
user_12386,Premium Fitness Users,Tier-1 Cities,0,,0.0
user_12387,Impulse Buyers,Tier-1 Cities,1,2023-01-30 19:09:58,3090.41
user_12388,Impulse Buyers,International,1,2023-01-30 22:33:20,2048.73
user_12389,Budget Parents,Tier-3 Cities,0,,0.0
user_12390,Unknown,International,0,,0.0
user_12391,Gen-Z Trend Seekers,Tier-3 Cities,0,,0.0
user_12392,Gen-Z Trend Seekers,International,0,,0.0
user_12393,Unknown,Tier-2 Cities,0,,0.0
user_12394,Budget Parents,International,1,2023-05-03 09:58:23,3599.76
user_12395,Impulse Buyers,Tier-2 Cities,1,2023-03-21 12:15:26,1160.34
user_12396,Premium Fitness Users,International,0,,0.0
user_12397,Premium Fitness Users,Tier-3 Cities,0,,0.0
user_12398,Gen-Z Trend Seekers,Tier-2 Cities,0,,0.0
user_12399,Impulse Buyers,Tier-1 Cities,0,,0.0
user_12400,Impulse Buyers,International,0,,0.0
user_12401,Impulse Buyers,International,0,,0.0
user_12402,Premium Fitness Users,Tier-1 Cities,0,,0.0
user_12403,Impulse Buyers,Tier-1 Cities,0,,0.0
user_12404,Gen-Z Trend Seekers,International,1,2023-08-13 11:47:31,5070.25
user_12405,Budget Parents,International,0,,0.0
user_12406,Gen-Z Trend Seekers,Tier-2 Cities,0,,0.0
user_12407,Budget Parents,Tier-3 Cities,0,,0.0
user_12408,Impulse Buyers,Tier-3 Cities,0,,0.0
user_12409,Gen-Z Trend Seekers,International,0,,0.0
user_12410,Gen-Z Trend Seekers,Tier-1 Cities,0,,0.0
user_12411,Budget Parents,Tier-2 Cities,0,,0.0
user_12412,Gen-Z Trend Seekers,Tier-3 Cities,0,,0.0
user_12413,Budget Parents,Tier-1 Cities,0,,0.0
user_12414,Budget Parents,International,0,,0.0
user_12415,Premium Fitness Users,Tier-1 Cities,1,2023-12-03 07:48:11,8909.81
user_12416,Premium Fitness Users,Tier-2 Cities,0,,0.0
user_12417,Impulse Buyers,Tier-1 Cities,1,2023-06-03 00:02:17,2246.43
user_12418,Budget Parents,Tier-1 Cities,0,,0.0
user_12419,Budget Parents,Tier-1 Cities,0,,0.0
user_12420,Gen-Z Trend Seekers,Tier-2 Cities,0,,0.0
user_12421,Unknown,Tier-2 Cities,0,,0.0
user_12422,Premium Fitness Users,Tier-2 Cities,0,,0.0
user_12423,Impulse Buyers,Tier-2 Cities,0,,0.0
user_12424,Gen-Z Trend Seekers,International,0,,0.0
user_12425,Gen-Z Trend Seekers,Tier-1 Cities,0,,0.0
user_12426,Budget Parents,Tier-3 Cities,0,,0.0
user_12427,Impulse Buyers,Tier-1 Cities,0,,0.0
user_12428,Gen-Z Trend Seekers,Tier-3 Cities,0,,0.0
user_12429,Gen-Z Trend Seekers,Tier-2 Cities,0,,0.0
user_12430,Gen-Z Trend Seekers,Tier-1 Cities,0,,0.0
user_12431,Impulse Buyers,International,0,,0.0
user_12432,Unknown,Tier-2 Cities,0,,0.0
user_12433,Premium Fitness Users,Tier-1 Cities,0,,0.0
user_12434,Budget Parents,Tier-1 Cities,0,,0.0
user_12435,Gen-Z Trend Seekers,Tier-2 Cities,0,,0.0
user_12436,Premium Fitness Users,International,0,,0.0
user_12437,Premium Fitness Users,Tier-3 Cities,0,,0.0
user_12438,Impulse Buyers,Tier-1 Cities,0,,0.0
user_12439,Gen-Z Trend Seekers,Tier-2 Cities,0,,0.0
user_12440,Budget Parents,Tier-3 Cities,0,,0.0
user_12441,Gen-Z Trend Seekers,International,0,,0.0
user_12442,Unknown,Tier-2 Cities,0,,0.0
user_12443,Budget Parents,Tier-1 Cities,0,,0.0
user_12444,Gen-Z Trend Seekers,Tier-3 Cities,0,,0.0
user_12445,Impulse Buyers,Tier-1 Cities,0,,0.0
user_12446,Premium Fitness Users,International,0,,0.0
user_12447,Budget Parents,Tier-3 Cities,0,,0.0
user_12448,Impulse Buyers,International,0,,0.0
user_12449,Gen-Z Trend Seekers,Tier-2 Cities,0,,0.0
user_12450,Budget Parents,Tier-2 Cities,0,,0.0
user_12451,Unknown,Tier-3 Cities,0,,0.0
user_12452,Budget Parents,International,0,,0.0
user_12453,Gen-Z Trend Seekers,Tier-1 Cities,0,,0.0
user_12454,Budget Parents,Tier-1 Cities,0,,0.0
user_12455,Unknown,International,0,,0.0
user_12456,Premium Fitness Users,Tier-2 Cities,0,,0.0
user_12457,Unknown,Tier-2 Cities,0,,0.0
user_12458,Budget Parents,Tier-1 Cities,0,,0.0
user_12459,Budget Parents,Tier-1 Cities,0,,0.0
user_12460,Unknown,Tier-3 Cities,0,,0.0
user_12461,Unknown,Tier-3 Cities,0,,0.0
user_12462,Gen-Z Trend Seekers,Tier-1 Cities,0,,0.0
user_12463,Budget Parents,Tier-1 Cities,0,,0.0
user_12464,Premium Fitness Users,Tier-1 Cities,0,,0.0
user_12465,Impulse Buyers,Tier-3 Cities,0,,0.0
user_12466,Premium Fitness Users,Tier-1 Cities,0,,0.0
user_12467,Premium Fitness Users,Tier-3 Cities,1,2023-07-16 00:17:42,11439.26
user_12468,Impulse Buyers,Tier-3 Cities,0,,0.0
user_12469,Impulse Buyers,Tier-2 Cities,0,,0.0
user_12470,Premium Fitness Users,International,0,,0.0
user_12471,Unknown,International,0,,0.0
user_12472,Impulse Buyers,International,0,,0.0
user_12473,Premium Fitness Users,Tier-2 Cities,0,,0.0
user_12474,Impulse Buyers,Tier-2 Cities,0,,0.0
user_12475,Impulse Buyers,Tier-3 Cities,0,,0.0
user_12476,Gen-Z Trend Seekers,Tier-3 Cities,0,,0.0
user_12477,Gen-Z Trend Seekers,Tier-1 Cities,0,,0.0
user_12478,Budget Parents,Tier-1 Cities,0,,0.0
user_12479,Gen-Z Trend Seekers,Tier-3 Cities,0,,0.0
user_12480,Gen-Z Trend Seekers,Tier-1 Cities,1,2023-08-11 08:17:41,4413.67
user_12481,Impulse Buyers,Tier-3 Cities,0,,0.0
user_12482,Budget Parents,International,0,,0.0
user_12483,Unknown,Tier-3 Cities,0,,0.0
user_12484,Gen-Z Trend Seekers,Tier-1 Cities,0,,0.0
user_12485,Gen-Z Trend Seekers,Tier-1 Cities,1,2023-04-11 10:00:04,1772.37
user_12486,Gen-Z Trend Seekers,International,0,,0.0
user_12487,Unknown,Tier-1 Cities,0,,0.0
user_12488,Premium Fitness Users,Tier-3 Cities,0,,0.0
user_12489,Premium Fitness Users,Tier-2 Cities,0,,0.0
user_12490,Impulse Buyers,Tier-1 Cities,0,,0.0
user_12491,Gen-Z Trend Seekers,International,0,,0.0
user_12492,Unknown,Tier-3 Cities,0,,0.0
user_12493,Impulse Buyers,Tier-2 Cities,0,,0.0
user_12494,Impulse Buyers,Tier-1 Cities,0,,0.0
user_12495,Gen-Z Trend Seekers,Tier-1 Cities,0,,0.0
user_12496,Unknown,Tier-2 Cities,0,,0.0
user_12497,Premium Fitness Users,International,0,,0.0
user_12498,Unknown,Tier-3 Cities,0,,0.0
user_12499,Budget Parents,International,0,,0.0
user_12500,Premium Fitness Users,International,0,,0.0
user_12501,Gen-Z Trend Seekers,Tier-3 Cities,0,,0.0
user_12502,Unknown,Tier-1 Cities,0,,0.0
user_12503,Gen-Z Trend Seekers,Tier-1 Cities,0,,0.0
user_12504,Impulse Buyers,Tier-3 Cities,0,,0.0
user_12505,Premium Fitness Users,Tier-3 Cities,0,,0.0
user_12506,Impulse Buyers,Tier-1 Cities,0,,0.0
user_12507,Premium Fitness Users,International,0,,0.0
user_12508,Gen-Z Trend Seekers,Tier-2 Cities,0,,0.0
user_12509,Unknown,International,0,,0.0
user_12510,Premium Fitness Users,Tier-3 Cities,0,,0.0
user_12511,Gen-Z Trend Seekers,Tier-3 Cities,0,,0.0
user_12512,Impulse Buyers,International,0,,0.0
user_12513,Impulse Buyers,Tier-2 Cities,0,,0.0
user_12514,Impulse Buyers,International,1,2023-12-06 04:10:04,2643.2
user_12515,Impulse Buyers,Tier-2 Cities,1,2023-12-15 07:01:08,1992.53
user_12516,Budget Parents,International,0,,0.0
user_12517,Budget Parents,Tier-1 Cities,0,,0.0
user_12518,Gen-Z Trend Seekers,Tier-1 Cities,0,,0.0
user_12519,Budget Parents,International,0,,0.0
user_12520,Premium Fitness Users,Tier-2 Cities,0,,0.0
user_12521,Premium Fitness Users,International,1,2023-01-24 04:43:24,10337.54
user_12522,Premium Fitness Users,Tier-3 Cities,0,,0.0
user_12523,Impulse Buyers,Tier-1 Cities,0,,0.0
user_12524,Unknown,Tier-1 Cities,0,,0.0
user_12525,Impulse Buyers,Tier-3 Cities,0,,0.0
user_12526,Impulse Buyers,Tier-2 Cities,0,,0.0
user_12527,Gen-Z Trend Seekers,Tier-2 Cities,0,,0.0
user_12528,Premium Fitness Users,Tier-1 Cities,0,,0.0
user_12529,Unknown,Tier-1 Cities,0,,0.0
user_12530,Gen-Z Trend Seekers,International,0,,0.0
user_12531,Budget Parents,Tier-1 Cities,0,,0.0
user_12532,Premium Fitness Users,Tier-3 Cities,0,,0.0
user_12533,Gen-Z Trend Seekers,International,0,,0.0
user_12534,Premium Fitness Users,Tier-1 Cities,0,,0.0
user_12535,Impulse Buyers,Tier-1 Cities,0,,0.0
user_12536,Unknown,Tier-2 Cities,0,,0.0
user_12537,Premium Fitness Users,International,0,,0.0
user_12538,Gen-Z Trend Seekers,Tier-1 Cities,0,,0.0
user_12539,Impulse Buyers,Tier-3 Cities,0,,0.0
user_12540,Gen-Z Trend Seekers,International,1,2023-02-19 05:06:21,3621.56
user_12541,Budget Parents,Tier-2 Cities,0,,0.0
user_12542,Impulse Buyers,Tier-2 Cities,0,,0.0
user_12543,Unknown,Tier-1 Cities,0,,0.0
user_12544,Budget Parents,Tier-1 Cities,0,,0.0
user_12545,Impulse Buyers,Tier-2 Cities,0,,0.0
user_12546,Impulse Buyers,Tier-3 Cities,0,,0.0
user_12547,Unknown,International,0,,0.0
user_12548,Impulse Buyers,International,0,,0.0
user_12549,Gen-Z Trend Seekers,Tier-3 Cities,0,,0.0
user_12550,Budget Parents,Tier-3 Cities,0,,0.0
user_12551,Gen-Z Trend Seekers,Tier-2 Cities,0,,0.0
user_12552,Budget Parents,Tier-3 Cities,0,,0.0
user_12553,Budget Parents,Tier-3 Cities,0,,0.0
user_12554,Impulse Buyers,Tier-3 Cities,0,,0.0
user_12555,Premium Fitness Users,Tier-1 Cities,0,,0.0
user_12556,Premium Fitness Users,Tier-2 Cities,0,,0.0
user_12557,Gen-Z Trend Seekers,Tier-3 Cities,0,,0.0
user_12558,Gen-Z Trend Seekers,Tier-2 Cities,0,,0.0
user_12559,Premium Fitness Users,International,0,,0.0
user_12560,Impulse Buyers,Tier-3 Cities,0,,0.0
user_12561,Impulse Buyers,Tier-1 Cities,0,,0.0
user_12562,Budget Parents,International,0,,0.0
user_12563,Premium Fitness Users,Tier-2 Cities,0,,0.0
user_12564,Unknown,International,0,,0.0
user_12565,Gen-Z Trend Seekers,Tier-1 Cities,0,,0.0
user_12566,Premium Fitness Users,Tier-3 Cities,0,,0.0
user_12567,Budget Parents,Tier-1 Cities,0,,0.0
user_12568,Gen-Z Trend Seekers,Tier-3 Cities,0,,0.0
user_12569,Premium Fitness Users,Tier-1 Cities,0,,0.0
user_12570,Budget Parents,Tier-2 Cities,0,,0.0
user_12571,Gen-Z Trend Seekers,Tier-2 Cities,0,,0.0
user_12572,Gen-Z Trend Seekers,Tier-3 Cities,0,,0.0
user_12573,Impulse Buyers,International,0,,0.0
user_12574,Unknown,Tier-2 Cities,0,,0.0
user_12575,Premium Fitness Users,International,0,,0.0
user_12576,Budget Parents,Tier-1 Cities,0,,0.0
user_12577,Gen-Z Trend Seekers,Tier-1 Cities,1,2023-09-14 11:03:26,2649.74
user_12578,Gen-Z Trend Seekers,Tier-1 Cities,0,,0.0
user_12579,Gen-Z Trend Seekers,Tier-1 Cities,0,,0.0
user_12580,Gen-Z Trend Seekers,Tier-3 Cities,0,,0.0
user_12581,Impulse Buyers,International,0,,0.0
user_12582,Budget Parents,Tier-3 Cities,0,,0.0
user_12583,Impulse Buyers,Tier-3 Cities,0,,0.0
user_12584,Gen-Z Trend Seekers,International,0,,0.0
user_12585,Premium Fitness Users,Tier-1 Cities,0,,0.0
user_12586,Premium Fitness Users,Tier-3 Cities,0,,0.0
user_12587,Gen-Z Trend Seekers,International,0,,0.0
user_12588,Unknown,Tier-1 Cities,0,,0.0
user_12589,Premium Fitness Users,Tier-3 Cities,0,,0.0
user_12590,Unknown,International,0,,0.0
user_12591,Impulse Buyers,Tier-3 Cities,0,,0.0
user_12592,Unknown,Tier-2 Cities,0,,0.0
user_12593,Impulse Buyers,Tier-1 Cities,0,,0.0
user_12594,Budget Parents,International,0,,0.0
user_12595,Gen-Z Trend Seekers,Tier-2 Cities,0,,0.0
user_12596,Impulse Buyers,Tier-1 Cities,0,,0.0
user_12597,Impulse Buyers,International,0,,0.0
user_12598,Impulse Buyers,International,0,,0.0
user_12599,Gen-Z Trend Seekers,Tier-1 Cities,0,,0.0
user_12600,Impulse Buyers,Tier-2 Cities,0,,0.0
user_12601,Budget Parents,Tier-3 Cities,0,,0.0
user_12602,Premium Fitness Users,International,0,,0.0
user_12603,Premium Fitness Users,Tier-1 Cities,0,,0.0
user_12604,Budget Parents,Tier-1 Cities,0,,0.0
user_12605,Gen-Z Trend Seekers,Tier-1 Cities,1,2023-06-18 00:39:40,4826.16
user_12606,Budget Parents,International,0,,0.0
user_12607,Budget Parents,International,0,,0.0
user_12608,Budget Parents,Tier-3 Cities,0,,0.0
user_12609,Impulse Buyers,Tier-2 Cities,0,,0.0
user_12610,Gen-Z Trend Seekers,Tier-2 Cities,0,,0.0
user_12611,Budget Parents,Tier-1 Cities,0,,0.0
user_12612,Unknown,Tier-2 Cities,0,,0.0
user_12613,Premium Fitness Users,Tier-1 Cities,0,,0.0
user_12614,Premium Fitness Users,Tier-1 Cities,0,,0.0
user_12615,Budget Parents,Tier-1 Cities,0,,0.0
user_12616,Unknown,Tier-2 Cities,0,,0.0
user_12617,Gen-Z Trend Seekers,Tier-3 Cities,0,,0.0
user_12618,Gen-Z Trend Seekers,Tier-3 Cities,0,,0.0
user_12619,Impulse Buyers,Tier-2 Cities,0,,0.0
user_12620,Budget Parents,Tier-2 Cities,0,,0.0
user_12621,Gen-Z Trend Seekers,Tier-3 Cities,0,,0.0
user_12622,Premium Fitness Users,Tier-3 Cities,1,2023-04-16 09:40:28,6064.09
user_12623,Impulse Buyers,Tier-2 Cities,0,,0.0
user_12624,Gen-Z Trend Seekers,Tier-2 Cities,0,,0.0
user_12625,Gen-Z Trend Seekers,Tier-3 Cities,0,,0.0
user_12626,Impulse Buyers,Tier-2 Cities,1,2023-02-16 20:49:55,2084.24
user_12627,Premium Fitness Users,Tier-2 Cities,0,,0.0
user_12628,Premium Fitness Users,Tier-3 Cities,0,,0.0
user_12629,Premium Fitness Users,Tier-3 Cities,0,,0.0
user_12630,Budget Parents,Tier-3 Cities,0,,0.0
user_12631,Gen-Z Trend Seekers,Tier-1 Cities,0,,0.0
user_12632,Gen-Z Trend Seekers,International,0,,0.0
user_12633,Premium Fitness Users,Tier-1 Cities,0,,0.0
user_12634,Unknown,Tier-3 Cities,0,,0.0
user_12635,Premium Fitness Users,International,0,,0.0
user_12636,Gen-Z Trend Seekers,Tier-1 Cities,0,,0.0
user_12637,Gen-Z Trend Seekers,International,0,,0.0
user_12638,Premium Fitness Users,International,0,,0.0
user_12639,Budget Parents,International,0,,0.0
user_12640,Premium Fitness Users,Tier-2 Cities,0,,0.0
user_12641,Premium Fitness Users,Tier-1 Cities,0,,0.0
user_12642,Budget Parents,Tier-1 Cities,0,,0.0
user_12643,Budget Parents,Tier-3 Cities,0,,0.0
user_12644,Impulse Buyers,Tier-3 Cities,0,,0.0
user_12645,Premium Fitness Users,International,1,2023-10-08 06:54:10,9631.44
user_12646,Budget Parents,Tier-1 Cities,0,,0.0
user_12647,Impulse Buyers,Tier-3 Cities,0,,0.0
user_12648,Budget Parents,Tier-2 Cities,1,2023-11-20 17:41:22,5781.3
user_12649,Gen-Z Trend Seekers,Tier-3 Cities,0,,0.0
user_12650,Gen-Z Trend Seekers,Tier-1 Cities,0,,0.0
user_12651,Premium Fitness Users,Tier-3 Cities,0,,0.0
user_12652,Premium Fitness Users,Tier-3 Cities,1,2023-04-15 10:25:40,12068.38
user_12653,Premium Fitness Users,Tier-3 Cities,0,,0.0
user_12654,Premium Fitness Users,Tier-2 Cities,0,,0.0
user_12655,Gen-Z Trend Seekers,Tier-3 Cities,0,,0.0
user_12656,Unknown,Tier-1 Cities,0,,0.0
user_12657,Unknown,Tier-3 Cities,0,,0.0
user_12658,Gen-Z Trend Seekers,Tier-2 Cities,0,,0.0
user_12659,Unknown,Tier-3 Cities,0,,0.0
user_12660,Budget Parents,International,0,,0.0
user_12661,Premium Fitness Users,Tier-1 Cities,0,,0.0
user_12662,Premium Fitness Users,Tier-3 Cities,0,,0.0
user_12663,Budget Parents,International,0,,0.0
user_12664,Impulse Buyers,Tier-1 Cities,0,,0.0
user_12665,Unknown,Tier-3 Cities,0,,0.0
user_12666,Gen-Z Trend Seekers,Tier-1 Cities,0,,0.0
user_12667,Impulse Buyers,Tier-2 Cities,0,,0.0
user_12668,Budget Parents,Tier-1 Cities,0,,0.0
user_12669,Gen-Z Trend Seekers,Tier-3 Cities,0,,0.0
user_12670,Unknown,International,0,,0.0
user_12671,Gen-Z Trend Seekers,International,0,,0.0
user_12672,Budget Parents,International,0,,0.0
user_12673,Impulse Buyers,Tier-3 Cities,0,,0.0
user_12674,Budget Parents,Tier-3 Cities,0,,0.0
user_12675,Budget Parents,International,0,,0.0
user_12676,Budget Parents,Tier-1 Cities,0,,0.0
user_12677,Gen-Z Trend Seekers,Tier-2 Cities,0,,0.0
user_12678,Gen-Z Trend Seekers,Tier-1 Cities,0,,0.0
user_12679,Gen-Z Trend Seekers,Tier-3 Cities,0,,0.0
user_12680,Budget Parents,Tier-2 Cities,0,,0.0
user_12681,Impulse Buyers,Tier-1 Cities,0,,0.0
user_12682,Gen-Z Trend Seekers,Tier-1 Cities,0,,0.0
user_12683,Gen-Z Trend Seekers,Tier-1 Cities,0,,0.0
user_12684,Impulse Buyers,Tier-1 Cities,1,2023-08-02 01:46:06,3228.43
user_12685,Gen-Z Trend Seekers,Tier-3 Cities,0,,0.0
user_12686,Premium Fitness Users,International,1,2023-04-29 17:22:16,3840.17
user_12687,Unknown,Tier-2 Cities,0,,0.0
user_12688,Premium Fitness Users,Tier-1 Cities,1,2023-03-25 18:38:38,11952.86
user_12689,Impulse Buyers,International,0,,0.0
user_12690,Gen-Z Trend Seekers,Tier-1 Cities,0,,0.0
user_12691,Unknown,International,0,,0.0
user_12692,Gen-Z Trend Seekers,Tier-3 Cities,0,,0.0
user_12693,Premium Fitness Users,Tier-2 Cities,0,,0.0
user_12694,Gen-Z Trend Seekers,Tier-2 Cities,0,,0.0
user_12695,Gen-Z Trend Seekers,International,0,,0.0
user_12696,Impulse Buyers,Tier-3 Cities,0,,0.0
user_12697,Premium Fitness Users,Tier-2 Cities,0,,0.0
user_12698,Gen-Z Trend Seekers,Tier-3 Cities,0,,0.0
user_12699,Gen-Z Trend Seekers,Tier-3 Cities,0,,0.0
user_12700,Premium Fitness Users,Tier-1 Cities,0,,0.0
user_12701,Impulse Buyers,International,0,,0.0
user_12702,Premium Fitness Users,Tier-1 Cities,0,,0.0
user_12703,Budget Parents,Tier-1 Cities,0,,0.0
user_12704,Premium Fitness Users,International,0,,0.0
user_12705,Gen-Z Trend Seekers,International,0,,0.0
user_12706,Unknown,Tier-2 Cities,0,,0.0
user_12707,Impulse Buyers,Tier-3 Cities,0,,0.0
user_12708,Unknown,Tier-2 Cities,0,,0.0
user_12709,Unknown,Tier-2 Cities,0,,0.0
user_12710,Impulse Buyers,Tier-2 Cities,0,,0.0
user_12711,Budget Parents,International,0,,0.0
user_12712,Budget Parents,Tier-2 Cities,0,,0.0
user_12713,Unknown,Tier-1 Cities,0,,0.0
user_12714,Budget Parents,Tier-1 Cities,1,2023-10-05 12:25:55,5224.39
user_12715,Gen-Z Trend Seekers,International,0,,0.0
user_12716,Impulse Buyers,International,1,2023-10-13 06:48:11,1851.02
user_12717,Premium Fitness Users,Tier-1 Cities,0,,0.0
user_12718,Gen-Z Trend Seekers,Tier-1 Cities,0,,0.0
user_12719,Gen-Z Trend Seekers,Tier-2 Cities,0,,0.0
user_12720,Premium Fitness Users,Tier-1 Cities,0,,0.0
user_12721,Impulse Buyers,Tier-1 Cities,0,,0.0
user_12722,Budget Parents,Tier-2 Cities,0,,0.0
user_12723,Budget Parents,Tier-1 Cities,0,,0.0
user_12724,Budget Parents,International,0,,0.0
user_12725,Impulse Buyers,International,0,,0.0
user_12726,Gen-Z Trend Seekers,International,0,,0.0
user_12727,Gen-Z Trend Seekers,Tier-2 Cities,0,,0.0
user_12728,Premium Fitness Users,Tier-3 Cities,0,,0.0
user_12729,Gen-Z Trend Seekers,Tier-2 Cities,0,,0.0
user_12730,Impulse Buyers,Tier-3 Cities,0,,0.0
user_12731,Impulse Buyers,Tier-3 Cities,1,2023-09-24 07:02:52,1580.2
user_12732,Impulse Buyers,International,0,,0.0
user_12733,Gen-Z Trend Seekers,Tier-1 Cities,0,,0.0
user_12734,Premium Fitness Users,International,0,,0.0
user_12735,Gen-Z Trend Seekers,International,0,,0.0
user_12736,Impulse Buyers,Tier-2 Cities,0,,0.0
user_12737,Budget Parents,Tier-1 Cities,0,,0.0
user_12738,Premium Fitness Users,International,0,,0.0
user_12739,Impulse Buyers,Tier-2 Cities,0,,0.0
user_12740,Gen-Z Trend Seekers,Tier-2 Cities,1,2023-02-08 05:19:25,1596.06
user_12741,Unknown,International,0,,0.0
user_12742,Budget Parents,Tier-1 Cities,0,,0.0
user_12743,Unknown,Tier-1 Cities,0,,0.0
user_12744,Premium Fitness Users,Tier-1 Cities,0,,0.0
user_12745,Budget Parents,International,0,,0.0
user_12746,Budget Parents,Tier-3 Cities,0,,0.0
user_12747,Unknown,Tier-2 Cities,0,,0.0
user_12748,Budget Parents,International,0,,0.0
user_12749,Budget Parents,Tier-2 Cities,0,,0.0
user_12750,Gen-Z Trend Seekers,Tier-2 Cities,0,,0.0
user_12751,Unknown,Tier-2 Cities,0,,0.0
user_12752,Budget Parents,Tier-1 Cities,0,,0.0
user_12753,Unknown,Tier-1 Cities,0,,0.0
user_12754,Premium Fitness Users,Tier-1 Cities,0,,0.0
user_12755,Impulse Buyers,Tier-1 Cities,0,,0.0
user_12756,Gen-Z Trend Seekers,Tier-3 Cities,0,,0.0
user_12757,Unknown,International,0,,0.0
user_12758,Budget Parents,Tier-1 Cities,1,2023-07-14 01:52:16,3438.1
user_12759,Budget Parents,Tier-2 Cities,0,,0.0
user_12760,Budget Parents,Tier-2 Cities,0,,0.0
user_12761,Budget Parents,Tier-3 Cities,0,,0.0
user_12762,Impulse Buyers,Tier-3 Cities,0,,0.0
user_12763,Impulse Buyers,International,0,,0.0
user_12764,Impulse Buyers,Tier-2 Cities,0,,0.0
user_12765,Impulse Buyers,International,0,,0.0
user_12766,Premium Fitness Users,Tier-3 Cities,0,,0.0
user_12767,Impulse Buyers,Tier-1 Cities,0,,0.0
user_12768,Budget Parents,Tier-3 Cities,0,,0.0
user_12769,Budget Parents,Tier-2 Cities,0,,0.0
user_12770,Impulse Buyers,Tier-1 Cities,1,2023-06-12 20:21:49,2215.4
user_12771,Premium Fitness Users,Tier-1 Cities,0,,0.0
user_12772,Gen-Z Trend Seekers,Tier-3 Cities,0,,0.0
user_12773,Premium Fitness Users,Tier-1 Cities,0,,0.0
user_12774,Gen-Z Trend Seekers,Tier-1 Cities,0,,0.0
user_12775,Gen-Z Trend Seekers,Tier-3 Cities,0,,0.0
user_12776,Gen-Z Trend Seekers,Tier-2 Cities,0,,0.0
user_12777,Premium Fitness Users,Tier-3 Cities,0,,0.0
user_12778,Budget Parents,Tier-1 Cities,0,,0.0
user_12779,Premium Fitness Users,International,0,,0.0
user_12780,Gen-Z Trend Seekers,Tier-3 Cities,0,,0.0
user_12781,Unknown,International,0,,0.0
user_12782,Premium Fitness Users,International,0,,0.0
user_12783,Impulse Buyers,International,0,,0.0
user_12784,Gen-Z Trend Seekers,Tier-3 Cities,0,,0.0
user_12785,Premium Fitness Users,International,0,,0.0
user_12786,Budget Parents,International,0,,0.0
user_12787,Budget Parents,Tier-2 Cities,0,,0.0
user_12788,Budget Parents,International,0,,0.0
user_12789,Gen-Z Trend Seekers,Tier-2 Cities,0,,0.0
user_12790,Budget Parents,Tier-1 Cities,0,,0.0
user_12791,Impulse Buyers,International,0,,0.0
user_12792,Impulse Buyers,International,0,,0.0
user_12793,Impulse Buyers,Tier-3 Cities,0,,0.0
user_12794,Impulse Buyers,Tier-2 Cities,0,,0.0
user_12795,Premium Fitness Users,Tier-2 Cities,1,2023-05-29 01:02:54,3391.41
user_12796,Gen-Z Trend Seekers,Tier-1 Cities,0,,0.0
user_12797,Impulse Buyers,Tier-3 Cities,0,,0.0
user_12798,Gen-Z Trend Seekers,Tier-1 Cities,0,,0.0
user_12799,Unknown,Tier-3 Cities,0,,0.0
user_12800,Premium Fitness Users,International,1,2023-02-03 05:44:45,9629.41
user_12801,Budget Parents,International,0,,0.0
user_12802,Gen-Z Trend Seekers,International,0,,0.0
user_12803,Gen-Z Trend Seekers,Tier-1 Cities,0,,0.0
user_12804,Unknown,Tier-1 Cities,0,,0.0
user_12805,Budget Parents,Tier-2 Cities,0,,0.0
user_12806,Impulse Buyers,Tier-1 Cities,0,,0.0
user_12807,Budget Parents,International,0,,0.0
user_12808,Budget Parents,Tier-3 Cities,0,,0.0
user_12809,Budget Parents,International,0,,0.0
user_12810,Impulse Buyers,Tier-3 Cities,0,,0.0
user_12811,Impulse Buyers,Tier-2 Cities,0,,0.0
user_12812,Budget Parents,Tier-1 Cities,0,,0.0
user_12813,Gen-Z Trend Seekers,Tier-2 Cities,0,,0.0
user_12814,Impulse Buyers,Tier-2 Cities,0,,0.0
user_12815,Budget Parents,Tier-2 Cities,0,,0.0
user_12816,Impulse Buyers,Tier-1 Cities,0,,0.0
user_12817,Budget Parents,Tier-1 Cities,0,,0.0
user_12818,Unknown,Tier-3 Cities,0,,0.0
user_12819,Budget Parents,International,0,,0.0
user_12820,Impulse Buyers,Tier-2 Cities,0,,0.0
user_12821,Impulse Buyers,Tier-2 Cities,0,,0.0
user_12822,Unknown,Tier-1 Cities,0,,0.0
user_12823,Impulse Buyers,Tier-2 Cities,0,,0.0
user_12824,Impulse Buyers,International,0,,0.0
user_12825,Gen-Z Trend Seekers,Tier-2 Cities,0,,0.0
user_12826,Gen-Z Trend Seekers,Tier-1 Cities,0,,0.0
user_12827,Budget Parents,International,0,,0.0
user_12828,Premium Fitness Users,International,0,,0.0
user_12829,Budget Parents,Tier-1 Cities,0,,0.0
user_12830,Gen-Z Trend Seekers,Tier-2 Cities,0,,0.0
user_12831,Gen-Z Trend Seekers,Tier-3 Cities,0,,0.0
user_12832,Impulse Buyers,Tier-3 Cities,0,,0.0
user_12833,Premium Fitness Users,Tier-3 Cities,0,,0.0
user_12834,Unknown,Tier-3 Cities,0,,0.0
user_12835,Budget Parents,International,1,2023-08-31 16:52:22,3302.2
user_12836,Budget Parents,Tier-3 Cities,0,,0.0
user_12837,Premium Fitness Users,International,0,,0.0
user_12838,Premium Fitness Users,Tier-1 Cities,0,,0.0
user_12839,Budget Parents,Tier-1 Cities,0,,0.0
user_12840,Gen-Z Trend Seekers,Tier-3 Cities,0,,0.0
user_12841,Gen-Z Trend Seekers,International,0,,0.0
user_12842,Impulse Buyers,Tier-3 Cities,0,,0.0
user_12843,Budget Parents,International,0,,0.0
user_12844,Premium Fitness Users,Tier-3 Cities,0,,0.0
user_12845,Impulse Buyers,International,0,,0.0
user_12846,Unknown,Tier-3 Cities,0,,0.0
user_12847,Premium Fitness Users,Tier-1 Cities,0,,0.0
user_12848,Premium Fitness Users,International,0,,0.0
user_12849,Gen-Z Trend Seekers,Tier-3 Cities,0,,0.0
user_12850,Impulse Buyers,Tier-1 Cities,1,2023-05-21 19:26:03,3646.45
user_12851,Impulse Buyers,Tier-1 Cities,0,,0.0
user_12852,Budget Parents,Tier-1 Cities,0,,0.0
user_12853,Budget Parents,Tier-2 Cities,0,,0.0
user_12854,Impulse Buyers,Tier-1 Cities,0,,0.0
user_12855,Unknown,Tier-3 Cities,0,,0.0
user_12856,Budget Parents,Tier-3 Cities,0,,0.0
user_12857,Premium Fitness Users,International,0,,0.0
user_12858,Gen-Z Trend Seekers,Tier-2 Cities,0,,0.0
user_12859,Impulse Buyers,Tier-1 Cities,0,,0.0
user_12860,Gen-Z Trend Seekers,Tier-3 Cities,0,,0.0
user_12861,Impulse Buyers,Tier-3 Cities,0,,0.0
user_12862,Impulse Buyers,Tier-1 Cities,0,,0.0
user_12863,Unknown,Tier-2 Cities,0,,0.0
user_12864,Premium Fitness Users,International,0,,0.0
user_12865,Impulse Buyers,International,0,,0.0
user_12866,Gen-Z Trend Seekers,Tier-2 Cities,0,,0.0
user_12867,Premium Fitness Users,Tier-1 Cities,0,,0.0
user_12868,Impulse Buyers,Tier-1 Cities,0,,0.0
user_12869,Premium Fitness Users,International,0,,0.0
user_12870,Impulse Buyers,International,0,,0.0
user_12871,Impulse Buyers,International,0,,0.0
user_12872,Impulse Buyers,Tier-3 Cities,0,,0.0
user_12873,Unknown,Tier-3 Cities,0,,0.0
user_12874,Budget Parents,Tier-1 Cities,0,,0.0
user_12875,Gen-Z Trend Seekers,International,0,,0.0
user_12876,Budget Parents,Tier-3 Cities,0,,0.0
user_12877,Premium Fitness Users,Tier-1 Cities,0,,0.0
user_12878,Gen-Z Trend Seekers,Tier-1 Cities,0,,0.0
user_12879,Budget Parents,International,0,,0.0
user_12880,Budget Parents,Tier-3 Cities,0,,0.0
user_12881,Impulse Buyers,Tier-3 Cities,0,,0.0
user_12882,Gen-Z Trend Seekers,Tier-2 Cities,0,,0.0
user_12883,Budget Parents,Tier-3 Cities,0,,0.0
user_12884,Unknown,Tier-1 Cities,0,,0.0
user_12885,Premium Fitness Users,Tier-1 Cities,0,,0.0
user_12886,Unknown,Tier-1 Cities,0,,0.0
user_12887,Premium Fitness Users,Tier-2 Cities,1,2023-12-10 10:21:17,10922.77
user_12888,Impulse Buyers,Tier-1 Cities,0,,0.0
user_12889,Impulse Buyers,Tier-2 Cities,0,,0.0
user_12890,Unknown,Tier-3 Cities,0,,0.0
user_12891,Gen-Z Trend Seekers,International,0,,0.0
user_12892,Gen-Z Trend Seekers,Tier-2 Cities,0,,0.0
user_12893,Unknown,Tier-1 Cities,0,,0.0
user_12894,Impulse Buyers,Tier-2 Cities,0,,0.0
user_12895,Budget Parents,International,0,,0.0
user_12896,Premium Fitness Users,Tier-3 Cities,0,,0.0
user_12897,Gen-Z Trend Seekers,Tier-2 Cities,0,,0.0
user_12898,Gen-Z Trend Seekers,Tier-1 Cities,0,,0.0
user_12899,Budget Parents,Tier-2 Cities,0,,0.0
user_12900,Unknown,International,0,,0.0
user_12901,Premium Fitness Users,International,1,2023-11-29 07:39:32,2536.01
user_12902,Premium Fitness Users,Tier-1 Cities,0,,0.0
user_12903,Gen-Z Trend Seekers,Tier-3 Cities,0,,0.0
user_12904,Budget Parents,Tier-3 Cities,0,,0.0
user_12905,Unknown,Tier-2 Cities,0,,0.0
user_12906,Gen-Z Trend Seekers,Tier-1 Cities,0,,0.0
user_12907,Unknown,Tier-2 Cities,0,,0.0
user_12908,Gen-Z Trend Seekers,Tier-2 Cities,0,,0.0
user_12909,Budget Parents,Tier-1 Cities,0,,0.0
user_12910,Gen-Z Trend Seekers,Tier-2 Cities,1,2023-11-22 01:23:48,3548.34
user_12911,Gen-Z Trend Seekers,International,0,,0.0
user_12912,Gen-Z Trend Seekers,Tier-1 Cities,0,,0.0
user_12913,Gen-Z Trend Seekers,International,0,,0.0
user_12914,Gen-Z Trend Seekers,Tier-2 Cities,0,,0.0
user_12915,Gen-Z Trend Seekers,Tier-1 Cities,0,,0.0
user_12916,Budget Parents,Tier-2 Cities,1,2023-10-19 17:59:34,6046.82
user_12917,Unknown,International,0,,0.0
user_12918,Gen-Z Trend Seekers,Tier-1 Cities,0,,0.0
user_12919,Premium Fitness Users,International,1,2023-06-22 01:34:57,3955.28
user_12920,Unknown,Tier-1 Cities,0,,0.0
user_12921,Unknown,Tier-1 Cities,0,,0.0
user_12922,Premium Fitness Users,International,0,,0.0
user_12923,Impulse Buyers,Tier-1 Cities,0,,0.0
user_12924,Gen-Z Trend Seekers,International,0,,0.0
user_12925,Gen-Z Trend Seekers,International,0,,0.0
user_12926,Premium Fitness Users,International,1,2023-02-26 15:54:30,3450.85
user_12927,Impulse Buyers,Tier-3 Cities,0,,0.0
user_12928,Impulse Buyers,Tier-3 Cities,0,,0.0
user_12929,Budget Parents,Tier-1 Cities,0,,0.0
user_12930,Premium Fitness Users,Tier-2 Cities,0,,0.0
user_12931,Impulse Buyers,Tier-3 Cities,1,2023-03-16 01:11:46,1839.0
user_12932,Premium Fitness Users,Tier-3 Cities,0,,0.0
user_12933,Premium Fitness Users,Tier-1 Cities,0,,0.0
user_12934,Budget Parents,International,0,,0.0
user_12935,Budget Parents,Tier-1 Cities,0,,0.0
user_12936,Gen-Z Trend Seekers,Tier-1 Cities,0,,0.0
user_12937,Gen-Z Trend Seekers,Tier-2 Cities,0,,0.0
user_12938,Premium Fitness Users,Tier-1 Cities,0,,0.0
user_12939,Budget Parents,Tier-2 Cities,0,,0.0
user_12940,Budget Parents,Tier-3 Cities,0,,0.0
user_12941,Gen-Z Trend Seekers,Tier-3 Cities,0,,0.0
user_12942,Budget Parents,Tier-1 Cities,0,,0.0
user_12943,Unknown,Tier-2 Cities,0,,0.0
user_12944,Budget Parents,International,0,,0.0
user_12945,Premium Fitness Users,Tier-2 Cities,1,2023-09-07 20:38:11,12193.11
user_12946,Gen-Z Trend Seekers,Tier-1 Cities,0,,0.0
user_12947,Budget Parents,Tier-2 Cities,0,,0.0
user_12948,Impulse Buyers,Tier-3 Cities,0,,0.0
user_12949,Impulse Buyers,Tier-1 Cities,0,,0.0
user_12950,Budget Parents,Tier-1 Cities,0,,0.0
user_12951,Budget Parents,International,0,,0.0
user_12952,Impulse Buyers,Tier-1 Cities,0,,0.0
user_12953,Budget Parents,International,0,,0.0
user_12954,Unknown,Tier-3 Cities,0,,0.0
user_12955,Unknown,Tier-2 Cities,0,,0.0
user_12956,Gen-Z Trend Seekers,Tier-2 Cities,0,,0.0
user_12957,Premium Fitness Users,Tier-2 Cities,0,,0.0
user_12958,Premium Fitness Users,Tier-3 Cities,0,,0.0
user_12959,Budget Parents,Tier-2 Cities,0,,0.0
user_12960,Gen-Z Trend Seekers,Tier-2 Cities,0,,0.0
user_12961,Budget Parents,International,0,,0.0
user_12962,Impulse Buyers,Tier-3 Cities,0,,0.0
user_12963,Unknown,Tier-1 Cities,0,,0.0
user_12964,Impulse Buyers,Tier-3 Cities,0,,0.0
user_12965,Premium Fitness Users,Tier-3 Cities,0,,0.0
user_12966,Gen-Z Trend Seekers,Tier-2 Cities,0,,0.0
user_12967,Impulse Buyers,Tier-2 Cities,0,,0.0
user_12968,Budget Parents,Tier-1 Cities,0,,0.0
user_12969,Budget Parents,Tier-3 Cities,0,,0.0
user_12970,Budget Parents,International,0,,0.0
user_12971,Impulse Buyers,Tier-2 Cities,0,,0.0
user_12972,Budget Parents,Tier-2 Cities,0,,0.0
user_12973,Budget Parents,International,0,,0.0
user_12974,Premium Fitness Users,Tier-1 Cities,0,,0.0
user_12975,Impulse Buyers,Tier-1 Cities,0,,0.0
user_12976,Budget Parents,Tier-1 Cities,0,,0.0
user_12977,Unknown,Tier-1 Cities,0,,0.0
user_12978,Gen-Z Trend Seekers,International,0,,0.0
user_12979,Budget Parents,Tier-2 Cities,0,,0.0
user_12980,Premium Fitness Users,Tier-1 Cities,1,2023-11-19 10:47:51,10188.44
user_12981,Gen-Z Trend Seekers,Tier-2 Cities,0,,0.0
user_12982,Unknown,Tier-1 Cities,0,,0.0
user_12983,Budget Parents,International,0,,0.0
user_12984,Unknown,Tier-1 Cities,0,,0.0
user_12985,Gen-Z Trend Seekers,Tier-2 Cities,0,,0.0
user_12986,Unknown,Tier-3 Cities,0,,0.0
user_12987,Gen-Z Trend Seekers,International,0,,0.0
user_12988,Impulse Buyers,International,0,,0.0
user_12989,Gen-Z Trend Seekers,International,0,,0.0
user_12990,Impulse Buyers,Tier-1 Cities,1,2023-11-04 06:28:08,2461.48
user_12991,Unknown,International,0,,0.0
user_12992,Impulse Buyers,International,0,,0.0
user_12993,Budget Parents,Tier-3 Cities,0,,0.0
user_12994,Premium Fitness Users,Tier-2 Cities,0,,0.0
user_12995,Impulse Buyers,Tier-1 Cities,0,,0.0
user_12996,Gen-Z Trend Seekers,International,0,,0.0
user_12997,Gen-Z Trend Seekers,International,0,,0.0
user_12998,Gen-Z Trend Seekers,Tier-2 Cities,0,,0.0
user_12999,Budget Parents,International,0,,0.0
user_13000,Premium Fitness Users,Tier-1 Cities,0,,0.0
user_13001,Premium Fitness Users,Tier-3 Cities,0,,0.0
user_13002,Budget Parents,Tier-3 Cities,0,,0.0
user_13003,Premium Fitness Users,International,0,,0.0
user_13004,Unknown,Tier-3 Cities,0,,0.0
user_13005,Budget Parents,Tier-1 Cities,1,2023-03-10 13:03:04,3477.14
user_13006,Premium Fitness Users,Tier-1 Cities,1,2023-06-30 14:37:25,4285.43
user_13007,Premium Fitness Users,International,0,,0.0
user_13008,Gen-Z Trend Seekers,International,0,,0.0
user_13009,Impulse Buyers,Tier-3 Cities,1,2023-02-07 07:28:12,2238.99
user_13010,Gen-Z Trend Seekers,Tier-2 Cities,0,,0.0
user_13011,Impulse Buyers,Tier-2 Cities,1,2023-11-10 05:46:29,998.81
user_13012,Gen-Z Trend Seekers,Tier-3 Cities,0,,0.0
user_13013,Premium Fitness Users,Tier-2 Cities,0,,0.0
user_13014,Gen-Z Trend Seekers,International,0,,0.0
user_13015,Budget Parents,International,0,,0.0
user_13016,Gen-Z Trend Seekers,Tier-1 Cities,0,,0.0
user_13017,Gen-Z Trend Seekers,Tier-3 Cities,0,,0.0
user_13018,Gen-Z Trend Seekers,Tier-1 Cities,0,,0.0
user_13019,Budget Parents,Tier-2 Cities,0,,0.0
user_13020,Impulse Buyers,Tier-1 Cities,0,,0.0
user_13021,Gen-Z Trend Seekers,Tier-1 Cities,0,,0.0
user_13022,Gen-Z Trend Seekers,International,0,,0.0
user_13023,Budget Parents,International,0,,0.0
user_13024,Premium Fitness Users,Tier-1 Cities,1,2023-07-03 09:18:00,9603.62
user_13025,Gen-Z Trend Seekers,Tier-3 Cities,0,,0.0
user_13026,Gen-Z Trend Seekers,International,0,,0.0
user_13027,Premium Fitness Users,International,0,,0.0
user_13028,Impulse Buyers,Tier-2 Cities,0,,0.0
user_13029,Premium Fitness Users,Tier-2 Cities,0,,0.0
user_13030,Unknown,International,0,,0.0
user_13031,Gen-Z Trend Seekers,Tier-3 Cities,0,,0.0
user_13032,Budget Parents,Tier-1 Cities,0,,0.0
user_13033,Impulse Buyers,Tier-3 Cities,0,,0.0
user_13034,Impulse Buyers,Tier-3 Cities,0,,0.0
user_13035,Gen-Z Trend Seekers,Tier-3 Cities,0,,0.0
user_13036,Premium Fitness Users,Tier-3 Cities,1,2023-07-24 14:03:12,6094.51
user_13037,Impulse Buyers,International,0,,0.0
user_13038,Impulse Buyers,Tier-1 Cities,1,2023-07-22 04:21:56,1840.59
user_13039,Gen-Z Trend Seekers,Tier-1 Cities,0,,0.0
user_13040,Gen-Z Trend Seekers,Tier-3 Cities,0,,0.0
user_13041,Impulse Buyers,Tier-3 Cities,0,,0.0
user_13042,Unknown,Tier-3 Cities,0,,0.0
user_13043,Unknown,Tier-2 Cities,0,,0.0
user_13044,Unknown,Tier-3 Cities,0,,0.0
user_13045,Unknown,International,0,,0.0
user_13046,Premium Fitness Users,International,0,,0.0
user_13047,Premium Fitness Users,Tier-2 Cities,0,,0.0
user_13048,Budget Parents,Tier-3 Cities,0,,0.0
user_13049,Budget Parents,Tier-1 Cities,0,,0.0
user_13050,Premium Fitness Users,Tier-2 Cities,0,,0.0
user_13051,Budget Parents,International,0,,0.0
user_13052,Premium Fitness Users,Tier-3 Cities,0,,0.0
user_13053,Budget Parents,Tier-3 Cities,0,,0.0
user_13054,Impulse Buyers,Tier-1 Cities,0,,0.0
user_13055,Premium Fitness Users,Tier-1 Cities,0,,0.0
user_13056,Budget Parents,Tier-3 Cities,0,,0.0
user_13057,Impulse Buyers,Tier-2 Cities,0,,0.0
user_13058,Gen-Z Trend Seekers,International,0,,0.0
user_13059,Gen-Z Trend Seekers,International,0,,0.0
user_13060,Impulse Buyers,Tier-3 Cities,1,2023-12-02 12:09:35,1422.55
user_13061,Gen-Z Trend Seekers,Tier-2 Cities,0,,0.0
user_13062,Budget Parents,Tier-2 Cities,0,,0.0
user_13063,Premium Fitness Users,Tier-3 Cities,0,,0.0
user_13064,Gen-Z Trend Seekers,Tier-3 Cities,0,,0.0
user_13065,Budget Parents,Tier-2 Cities,0,,0.0
user_13066,Premium Fitness Users,Tier-2 Cities,0,,0.0
user_13067,Gen-Z Trend Seekers,Tier-1 Cities,0,,0.0
user_13068,Premium Fitness Users,International,0,,0.0
user_13069,Budget Parents,Tier-3 Cities,0,,0.0
user_13070,Gen-Z Trend Seekers,Tier-2 Cities,0,,0.0
user_13071,Unknown,Tier-1 Cities,0,,0.0
user_13072,Budget Parents,International,0,,0.0
user_13073,Impulse Buyers,Tier-3 Cities,0,,0.0
user_13074,Premium Fitness Users,Tier-1 Cities,0,,0.0
user_13075,Budget Parents,Tier-2 Cities,0,,0.0
user_13076,Unknown,International,0,,0.0
user_13077,Budget Parents,Tier-2 Cities,0,,0.0
user_13078,Premium Fitness Users,Tier-1 Cities,0,,0.0
user_13079,Impulse Buyers,Tier-2 Cities,1,2023-07-16 11:07:42,1982.23
user_13080,Premium Fitness Users,Tier-1 Cities,0,,0.0
user_13081,Gen-Z Trend Seekers,Tier-1 Cities,0,,0.0
user_13082,Unknown,Tier-2 Cities,0,,0.0
user_13083,Impulse Buyers,Tier-1 Cities,0,,0.0
user_13084,Impulse Buyers,Tier-1 Cities,0,,0.0
user_13085,Budget Parents,Tier-2 Cities,0,,0.0
user_13086,Impulse Buyers,Tier-1 Cities,0,,0.0
user_13087,Gen-Z Trend Seekers,International,0,,0.0
user_13088,Unknown,International,0,,0.0
user_13089,Impulse Buyers,International,0,,0.0
user_13090,Gen-Z Trend Seekers,Tier-2 Cities,1,2023-12-31 23:32:55,3775.14
user_13091,Impulse Buyers,Tier-2 Cities,0,,0.0
user_13092,Impulse Buyers,International,0,,0.0
user_13093,Premium Fitness Users,Tier-2 Cities,0,,0.0
user_13094,Premium Fitness Users,International,0,,0.0
user_13095,Unknown,Tier-1 Cities,0,,0.0
user_13096,Gen-Z Trend Seekers,International,0,,0.0
user_13097,Budget Parents,Tier-2 Cities,0,,0.0
user_13098,Budget Parents,Tier-2 Cities,0,,0.0
user_13099,Impulse Buyers,International,0,,0.0
user_13100,Budget Parents,Tier-1 Cities,0,,0.0
user_13101,Budget Parents,International,1,2023-05-29 11:57:01,4611.17
user_13102,Premium Fitness Users,Tier-3 Cities,0,,0.0
user_13103,Premium Fitness Users,Tier-2 Cities,1,2023-06-14 13:07:31,10256.83
user_13104,Impulse Buyers,International,0,,0.0
user_13105,Unknown,Tier-3 Cities,0,,0.0
user_13106,Budget Parents,Tier-2 Cities,0,,0.0
user_13107,Premium Fitness Users,Tier-1 Cities,0,,0.0
user_13108,Gen-Z Trend Seekers,Tier-1 Cities,0,,0.0
user_13109,Budget Parents,International,0,,0.0
user_13110,Impulse Buyers,International,0,,0.0
user_13111,Budget Parents,Tier-3 Cities,0,,0.0
user_13112,Impulse Buyers,Tier-2 Cities,0,,0.0
user_13113,Impulse Buyers,Tier-3 Cities,0,,0.0
user_13114,Gen-Z Trend Seekers,Tier-3 Cities,0,,0.0
user_13115,Gen-Z Trend Seekers,Tier-3 Cities,0,,0.0
user_13116,Unknown,Tier-1 Cities,0,,0.0
user_13117,Premium Fitness Users,Tier-2 Cities,0,,0.0
user_13118,Budget Parents,Tier-3 Cities,0,,0.0
user_13119,Gen-Z Trend Seekers,Tier-1 Cities,0,,0.0
user_13120,Impulse Buyers,Tier-1 Cities,0,,0.0
user_13121,Gen-Z Trend Seekers,Tier-3 Cities,0,,0.0
user_13122,Premium Fitness Users,Tier-3 Cities,0,,0.0
user_13123,Gen-Z Trend Seekers,Tier-2 Cities,0,,0.0
user_13124,Impulse Buyers,International,0,,0.0
user_13125,Impulse Buyers,Tier-1 Cities,0,,0.0
user_13126,Impulse Buyers,Tier-3 Cities,0,,0.0
user_13127,Gen-Z Trend Seekers,Tier-1 Cities,0,,0.0
user_13128,Gen-Z Trend Seekers,International,0,,0.0
user_13129,Budget Parents,Tier-3 Cities,0,,0.0
user_13130,Unknown,International,0,,0.0
user_13131,Premium Fitness Users,Tier-3 Cities,0,,0.0
user_13132,Impulse Buyers,Tier-1 Cities,1,2023-03-18 23:29:01,1805.04
user_13133,Gen-Z Trend Seekers,Tier-1 Cities,0,,0.0
user_13134,Premium Fitness Users,Tier-2 Cities,0,,0.0
user_13135,Gen-Z Trend Seekers,Tier-3 Cities,0,,0.0
user_13136,Gen-Z Trend Seekers,Tier-3 Cities,0,,0.0
user_13137,Budget Parents,Tier-3 Cities,0,,0.0
user_13138,Unknown,International,0,,0.0
user_13139,Gen-Z Trend Seekers,Tier-3 Cities,0,,0.0
user_13140,Premium Fitness Users,International,0,,0.0
user_13141,Premium Fitness Users,International,0,,0.0
user_13142,Budget Parents,International,0,,0.0
user_13143,Unknown,Tier-1 Cities,0,,0.0
user_13144,Impulse Buyers,Tier-1 Cities,0,,0.0
user_13145,Premium Fitness Users,International,1,2023-02-26 10:09:03,8466.26
user_13146,Impulse Buyers,Tier-1 Cities,0,,0.0
user_13147,Budget Parents,International,0,,0.0
user_13148,Gen-Z Trend Seekers,International,0,,0.0
user_13149,Impulse Buyers,Tier-2 Cities,0,,0.0
user_13150,Impulse Buyers,Tier-3 Cities,0,,0.0
user_13151,Impulse Buyers,Tier-2 Cities,0,,0.0
user_13152,Premium Fitness Users,Tier-3 Cities,0,,0.0
user_13153,Budget Parents,Tier-3 Cities,0,,0.0
user_13154,Gen-Z Trend Seekers,International,0,,0.0
user_13155,Impulse Buyers,Tier-3 Cities,0,,0.0
user_13156,Gen-Z Trend Seekers,Tier-1 Cities,1,2023-02-13 02:21:57,5346.87
user_13157,Impulse Buyers,Tier-1 Cities,1,2023-04-18 00:38:48,2072.23
user_13158,Gen-Z Trend Seekers,International,0,,0.0
user_13159,Premium Fitness Users,International,0,,0.0
user_13160,Gen-Z Trend Seekers,Tier-3 Cities,0,,0.0
user_13161,Premium Fitness Users,Tier-2 Cities,0,,0.0
user_13162,Gen-Z Trend Seekers,International,0,,0.0
user_13163,Budget Parents,Tier-2 Cities,0,,0.0
user_13164,Gen-Z Trend Seekers,Tier-2 Cities,1,2023-05-19 10:36:15,5832.47
user_13165,Premium Fitness Users,Tier-1 Cities,0,,0.0
user_13166,Impulse Buyers,Tier-2 Cities,0,,0.0
user_13167,Impulse Buyers,Tier-3 Cities,0,,0.0
user_13168,Gen-Z Trend Seekers,Tier-2 Cities,0,,0.0
user_13169,Budget Parents,Tier-1 Cities,0,,0.0
user_13170,Gen-Z Trend Seekers,Tier-2 Cities,0,,0.0
user_13171,Unknown,Tier-1 Cities,0,,0.0
user_13172,Gen-Z Trend Seekers,Tier-3 Cities,1,2023-11-18 02:53:57,4221.9
user_13173,Premium Fitness Users,Tier-3 Cities,0,,0.0
user_13174,Unknown,Tier-2 Cities,0,,0.0
user_13175,Premium Fitness Users,International,1,2023-05-18 19:01:03,5531.15
user_13176,Unknown,International,0,,0.0
user_13177,Gen-Z Trend Seekers,Tier-1 Cities,1,2023-06-13 01:31:24,4464.8
user_13178,Gen-Z Trend Seekers,Tier-3 Cities,0,,0.0
user_13179,Gen-Z Trend Seekers,Tier-1 Cities,0,,0.0
user_13180,Premium Fitness Users,Tier-3 Cities,0,,0.0
user_13181,Impulse Buyers,International,0,,0.0
user_13182,Unknown,Tier-2 Cities,0,,0.0
user_13183,Unknown,International,0,,0.0
user_13184,Impulse Buyers,International,0,,0.0
user_13185,Impulse Buyers,Tier-1 Cities,0,,0.0
user_13186,Budget Parents,International,0,,0.0
user_13187,Impulse Buyers,Tier-1 Cities,0,,0.0
user_13188,Budget Parents,Tier-2 Cities,0,,0.0
user_13189,Unknown,International,0,,0.0
user_13190,Gen-Z Trend Seekers,International,0,,0.0
user_13191,Premium Fitness Users,Tier-3 Cities,1,2023-04-08 16:24:46,5790.67
user_13192,Gen-Z Trend Seekers,International,0,,0.0
user_13193,Gen-Z Trend Seekers,Tier-3 Cities,0,,0.0
user_13194,Impulse Buyers,Tier-3 Cities,0,,0.0
user_13195,Budget Parents,International,0,,0.0
user_13196,Budget Parents,Tier-1 Cities,0,,0.0
user_13197,Unknown,International,0,,0.0
user_13198,Budget Parents,International,0,,0.0
user_13199,Premium Fitness Users,Tier-3 Cities,0,,0.0
user_13200,Impulse Buyers,Tier-1 Cities,0,,0.0
user_13201,Gen-Z Trend Seekers,Tier-3 Cities,0,,0.0
user_13202,Unknown,Tier-1 Cities,0,,0.0
user_13203,Impulse Buyers,Tier-2 Cities,0,,0.0
user_13204,Budget Parents,International,0,,0.0
user_13205,Budget Parents,Tier-1 Cities,0,,0.0
user_13206,Impulse Buyers,Tier-2 Cities,1,2023-08-14 16:26:42,989.3
user_13207,Premium Fitness Users,International,0,,0.0
user_13208,Gen-Z Trend Seekers,Tier-1 Cities,0,,0.0
user_13209,Premium Fitness Users,Tier-3 Cities,0,,0.0
user_13210,Budget Parents,Tier-1 Cities,0,,0.0
user_13211,Gen-Z Trend Seekers,Tier-1 Cities,0,,0.0
user_13212,Gen-Z Trend Seekers,Tier-1 Cities,0,,0.0
user_13213,Unknown,Tier-1 Cities,0,,0.0
user_13214,Unknown,International,0,,0.0
user_13215,Premium Fitness Users,Tier-1 Cities,0,,0.0
user_13216,Impulse Buyers,Tier-2 Cities,0,,0.0
user_13217,Gen-Z Trend Seekers,Tier-2 Cities,0,,0.0
user_13218,Unknown,Tier-2 Cities,0,,0.0
user_13219,Gen-Z Trend Seekers,Tier-1 Cities,0,,0.0
user_13220,Budget Parents,Tier-3 Cities,0,,0.0
user_13221,Impulse Buyers,International,0,,0.0
user_13222,Impulse Buyers,Tier-2 Cities,0,,0.0
user_13223,Unknown,Tier-1 Cities,0,,0.0
user_13224,Budget Parents,Tier-3 Cities,0,,0.0
user_13225,Premium Fitness Users,International,0,,0.0
user_13226,Premium Fitness Users,Tier-1 Cities,1,2023-06-12 07:42:16,6542.75
user_13227,Gen-Z Trend Seekers,International,0,,0.0
user_13228,Impulse Buyers,Tier-2 Cities,0,,0.0
user_13229,Budget Parents,Tier-3 Cities,0,,0.0
user_13230,Unknown,Tier-1 Cities,0,,0.0
user_13231,Premium Fitness Users,International,0,,0.0
user_13232,Budget Parents,Tier-2 Cities,0,,0.0
user_13233,Premium Fitness Users,Tier-1 Cities,0,,0.0
user_13234,Budget Parents,Tier-2 Cities,0,,0.0
user_13235,Gen-Z Trend Seekers,Tier-2 Cities,0,,0.0
user_13236,Impulse Buyers,International,0,,0.0
user_13237,Premium Fitness Users,International,0,,0.0
user_13238,Unknown,Tier-2 Cities,0,,0.0
user_13239,Gen-Z Trend Seekers,Tier-3 Cities,0,,0.0
user_13240,Budget Parents,International,0,,0.0
user_13241,Unknown,Tier-1 Cities,0,,0.0
user_13242,Budget Parents,International,0,,0.0
user_13243,Gen-Z Trend Seekers,Tier-2 Cities,0,,0.0
user_13244,Gen-Z Trend Seekers,Tier-2 Cities,0,,0.0
user_13245,Budget Parents,Tier-2 Cities,0,,0.0
user_13246,Gen-Z Trend Seekers,Tier-3 Cities,0,,0.0
user_13247,Gen-Z Trend Seekers,Tier-1 Cities,0,,0.0
user_13248,Impulse Buyers,Tier-2 Cities,0,,0.0
user_13249,Impulse Buyers,Tier-3 Cities,0,,0.0
user_13250,Impulse Buyers,Tier-1 Cities,1,2023-04-17 09:27:35,3229.77
user_13251,Gen-Z Trend Seekers,International,0,,0.0
user_13252,Gen-Z Trend Seekers,Tier-3 Cities,0,,0.0
user_13253,Impulse Buyers,International,0,,0.0
user_13254,Budget Parents,Tier-3 Cities,0,,0.0
user_13255,Gen-Z Trend Seekers,International,0,,0.0
user_13256,Premium Fitness Users,International,0,,0.0
user_13257,Premium Fitness Users,Tier-1 Cities,0,,0.0
user_13258,Impulse Buyers,Tier-2 Cities,0,,0.0
user_13259,Gen-Z Trend Seekers,International,0,,0.0
user_13260,Impulse Buyers,International,0,,0.0
user_13261,Unknown,Tier-1 Cities,0,,0.0
user_13262,Budget Parents,Tier-2 Cities,0,,0.0
user_13263,Gen-Z Trend Seekers,Tier-2 Cities,0,,0.0
user_13264,Budget Parents,International,0,,0.0
user_13265,Budget Parents,International,0,,0.0
user_13266,Premium Fitness Users,International,0,,0.0
user_13267,Gen-Z Trend Seekers,International,0,,0.0
user_13268,Impulse Buyers,International,0,,0.0
user_13269,Gen-Z Trend Seekers,Tier-2 Cities,0,,0.0
user_13270,Budget Parents,Tier-3 Cities,0,,0.0
user_13271,Budget Parents,Tier-1 Cities,0,,0.0
user_13272,Impulse Buyers,International,0,,0.0
user_13273,Impulse Buyers,International,0,,0.0
user_13274,Budget Parents,Tier-3 Cities,0,,0.0
user_13275,Impulse Buyers,Tier-1 Cities,0,,0.0
user_13276,Gen-Z Trend Seekers,Tier-1 Cities,0,,0.0
user_13277,Budget Parents,Tier-2 Cities,0,,0.0
user_13278,Budget Parents,Tier-2 Cities,0,,0.0
user_13279,Gen-Z Trend Seekers,International,0,,0.0
user_13280,Impulse Buyers,Tier-2 Cities,0,,0.0
user_13281,Premium Fitness Users,Tier-2 Cities,0,,0.0
user_13282,Budget Parents,Tier-1 Cities,0,,0.0
user_13283,Unknown,Tier-1 Cities,0,,0.0
user_13284,Impulse Buyers,Tier-3 Cities,1,2023-08-19 19:47:02,2763.14
user_13285,Premium Fitness Users,International,0,,0.0
user_13286,Premium Fitness Users,Tier-2 Cities,0,,0.0
user_13287,Impulse Buyers,Tier-3 Cities,0,,0.0
user_13288,Impulse Buyers,International,0,,0.0
user_13289,Unknown,Tier-1 Cities,0,,0.0
user_13290,Premium Fitness Users,Tier-2 Cities,0,,0.0
user_13291,Budget Parents,International,0,,0.0
user_13292,Premium Fitness Users,Tier-2 Cities,0,,0.0
user_13293,Premium Fitness Users,Tier-3 Cities,0,,0.0
user_13294,Unknown,Tier-3 Cities,0,,0.0
user_13295,Premium Fitness Users,Tier-1 Cities,0,,0.0
user_13296,Premium Fitness Users,Tier-1 Cities,0,,0.0
user_13297,Gen-Z Trend Seekers,Tier-3 Cities,0,,0.0
user_13298,Budget Parents,Tier-1 Cities,0,,0.0
user_13299,Gen-Z Trend Seekers,Tier-2 Cities,0,,0.0
user_13300,Premium Fitness Users,Tier-3 Cities,0,,0.0
user_13301,Unknown,Tier-1 Cities,0,,0.0
user_13302,Impulse Buyers,Tier-2 Cities,0,,0.0
user_13303,Gen-Z Trend Seekers,Tier-1 Cities,0,,0.0
user_13304,Impulse Buyers,Tier-1 Cities,0,,0.0
user_13305,Impulse Buyers,Tier-3 Cities,0,,0.0
user_13306,Budget Parents,Tier-1 Cities,0,,0.0
user_13307,Gen-Z Trend Seekers,Tier-1 Cities,0,,0.0
user_13308,Gen-Z Trend Seekers,Tier-3 Cities,0,,0.0
user_13309,Impulse Buyers,International,0,,0.0
user_13310,Gen-Z Trend Seekers,Tier-1 Cities,0,,0.0
user_13311,Gen-Z Trend Seekers,Tier-2 Cities,0,,0.0
user_13312,Gen-Z Trend Seekers,International,0,,0.0
user_13313,Budget Parents,Tier-2 Cities,0,,0.0
user_13314,Premium Fitness Users,Tier-1 Cities,0,,0.0
user_13315,Premium Fitness Users,International,0,,0.0
user_13316,Impulse Buyers,Tier-2 Cities,0,,0.0
user_13317,Impulse Buyers,Tier-2 Cities,0,,0.0
user_13318,Budget Parents,Tier-1 Cities,1,2023-11-25 09:07:06,2893.91
user_13319,Gen-Z Trend Seekers,International,0,,0.0
user_13320,Gen-Z Trend Seekers,Tier-3 Cities,0,,0.0
user_13321,Premium Fitness Users,Tier-2 Cities,1,2024-01-03 02:49:26,8067.92
user_13322,Budget Parents,Tier-2 Cities,0,,0.0
user_13323,Budget Parents,Tier-2 Cities,0,,0.0
user_13324,Premium Fitness Users,International,0,,0.0
user_13325,Premium Fitness Users,Tier-1 Cities,0,,0.0
user_13326,Premium Fitness Users,Tier-2 Cities,0,,0.0
user_13327,Budget Parents,Tier-1 Cities,0,,0.0
user_13328,Budget Parents,Tier-2 Cities,0,,0.0
user_13329,Unknown,Tier-1 Cities,0,,0.0
user_13330,Gen-Z Trend Seekers,International,0,,0.0
user_13331,Impulse Buyers,International,1,2023-04-14 12:54:24,2184.61
user_13332,Impulse Buyers,Tier-1 Cities,1,2023-02-06 13:27:58,2079.53
user_13333,Premium Fitness Users,Tier-1 Cities,1,2023-05-27 07:15:49,10255.85
user_13334,Gen-Z Trend Seekers,International,0,,0.0
user_13335,Budget Parents,Tier-1 Cities,0,,0.0
user_13336,Impulse Buyers,Tier-2 Cities,0,,0.0
user_13337,Impulse Buyers,Tier-3 Cities,0,,0.0
user_13338,Impulse Buyers,Tier-2 Cities,0,,0.0
user_13339,Impulse Buyers,International,0,,0.0
user_13340,Unknown,Tier-3 Cities,0,,0.0
user_13341,Budget Parents,Tier-1 Cities,0,,0.0
user_13342,Premium Fitness Users,Tier-3 Cities,0,,0.0
user_13343,Impulse Buyers,International,0,,0.0
user_13344,Gen-Z Trend Seekers,Tier-1 Cities,0,,0.0
user_13345,Gen-Z Trend Seekers,International,0,,0.0
user_13346,Gen-Z Trend Seekers,Tier-2 Cities,0,,0.0
user_13347,Budget Parents,Tier-3 Cities,0,,0.0
user_13348,Gen-Z Trend Seekers,Tier-2 Cities,0,,0.0
user_13349,Budget Parents,Tier-1 Cities,0,,0.0
user_13350,Budget Parents,Tier-2 Cities,0,,0.0
user_13351,Impulse Buyers,International,0,,0.0
user_13352,Budget Parents,Tier-2 Cities,0,,0.0
user_13353,Unknown,International,0,,0.0
user_13354,Impulse Buyers,Tier-2 Cities,0,,0.0
user_13355,Gen-Z Trend Seekers,International,0,,0.0
user_13356,Gen-Z Trend Seekers,Tier-1 Cities,1,2024-01-14 16:33:41,5552.89
user_13357,Impulse Buyers,Tier-3 Cities,0,,0.0
user_13358,Budget Parents,Tier-1 Cities,0,,0.0
user_13359,Gen-Z Trend Seekers,Tier-2 Cities,0,,0.0
user_13360,Gen-Z Trend Seekers,Tier-3 Cities,1,2023-10-08 21:04:31,4499.68
user_13361,Premium Fitness Users,International,1,2023-05-03 08:14:18,12478.92
user_13362,Premium Fitness Users,International,1,2023-06-16 09:32:45,2763.9
user_13363,Gen-Z Trend Seekers,Tier-2 Cities,1,2023-07-16 04:27:16,5337.28
user_13364,Impulse Buyers,Tier-2 Cities,0,,0.0
user_13365,Premium Fitness Users,Tier-1 Cities,1,2023-11-21 22:13:54,3410.26
user_13366,Impulse Buyers,International,0,,0.0
user_13367,Budget Parents,Tier-1 Cities,0,,0.0
user_13368,Premium Fitness Users,International,0,,0.0
user_13369,Unknown,Tier-1 Cities,0,,0.0
user_13370,Gen-Z Trend Seekers,Tier-2 Cities,0,,0.0
user_13371,Impulse Buyers,Tier-2 Cities,0,,0.0
user_13372,Impulse Buyers,Tier-1 Cities,0,,0.0
user_13373,Budget Parents,Tier-3 Cities,0,,0.0
user_13374,Gen-Z Trend Seekers,Tier-2 Cities,1,2023-07-09 15:52:35,5920.39
user_13375,Impulse Buyers,Tier-2 Cities,0,,0.0
user_13376,Budget Parents,Tier-1 Cities,0,,0.0
user_13377,Impulse Buyers,International,1,2023-02-10 01:06:13,1295.92
user_13378,Unknown,Tier-2 Cities,0,,0.0
user_13379,Impulse Buyers,Tier-1 Cities,0,,0.0
user_13380,Gen-Z Trend Seekers,Tier-3 Cities,0,,0.0
user_13381,Budget Parents,Tier-2 Cities,0,,0.0
user_13382,Gen-Z Trend Seekers,Tier-1 Cities,0,,0.0
user_13383,Gen-Z Trend Seekers,Tier-2 Cities,0,,0.0
user_13384,Budget Parents,Tier-1 Cities,0,,0.0
user_13385,Impulse Buyers,Tier-1 Cities,1,2023-09-25 08:00:02,2200.72
user_13386,Gen-Z Trend Seekers,Tier-1 Cities,1,2023-03-26 09:43:59,4138.56
user_13387,Unknown,Tier-2 Cities,0,,0.0
user_13388,Impulse Buyers,Tier-2 Cities,1,2023-05-21 06:33:54,1629.38
user_13389,Premium Fitness Users,Tier-2 Cities,0,,0.0
user_13390,Gen-Z Trend Seekers,Tier-2 Cities,1,2023-01-12 12:35:17,4653.52
user_13391,Premium Fitness Users,International,0,,0.0
user_13392,Budget Parents,Tier-2 Cities,1,2023-12-25 18:49:54,5523.6
user_13393,Gen-Z Trend Seekers,Tier-1 Cities,0,,0.0
user_13394,Premium Fitness Users,Tier-1 Cities,0,,0.0
user_13395,Gen-Z Trend Seekers,International,0,,0.0
user_13396,Budget Parents,Tier-1 Cities,0,,0.0
user_13397,Budget Parents,Tier-3 Cities,0,,0.0
user_13398,Budget Parents,International,0,,0.0
user_13399,Gen-Z Trend Seekers,International,0,,0.0
user_13400,Gen-Z Trend Seekers,Tier-3 Cities,0,,0.0
user_13401,Gen-Z Trend Seekers,Tier-2 Cities,0,,0.0
user_13402,Premium Fitness Users,International,0,,0.0
user_13403,Premium Fitness Users,Tier-2 Cities,0,,0.0
user_13404,Budget Parents,Tier-1 Cities,0,,0.0
user_13405,Gen-Z Trend Seekers,International,1,2023-03-24 01:19:22,3995.43
user_13406,Gen-Z Trend Seekers,Tier-2 Cities,0,,0.0
user_13407,Impulse Buyers,International,1,2023-12-21 11:12:35,1699.42
user_13408,Premium Fitness Users,Tier-2 Cities,1,2023-02-18 09:57:25,11854.83
user_13409,Unknown,Tier-1 Cities,0,,0.0
user_13410,Gen-Z Trend Seekers,International,0,,0.0
user_13411,Gen-Z Trend Seekers,International,1,2023-09-04 04:36:10,5871.06
user_13412,Budget Parents,International,1,2024-01-10 18:28:11,1942.94
user_13413,Impulse Buyers,Tier-3 Cities,0,,0.0
user_13414,Premium Fitness Users,Tier-2 Cities,0,,0.0
user_13415,Impulse Buyers,Tier-1 Cities,0,,0.0
user_13416,Premium Fitness Users,Tier-2 Cities,0,,0.0
user_13417,Gen-Z Trend Seekers,International,1,2023-03-15 00:34:38,1404.41
user_13418,Premium Fitness Users,Tier-1 Cities,0,,0.0
user_13419,Budget Parents,Tier-1 Cities,0,,0.0
user_13420,Gen-Z Trend Seekers,Tier-1 Cities,0,,0.0
user_13421,Budget Parents,Tier-3 Cities,0,,0.0
user_13422,Gen-Z Trend Seekers,International,1,2023-01-18 22:49:40,5265.56
user_13423,Unknown,International,0,,0.0
user_13424,Budget Parents,Tier-2 Cities,1,2023-06-29 23:39:16,3971.53
user_13425,Premium Fitness Users,Tier-3 Cities,0,,0.0
user_13426,Budget Parents,Tier-2 Cities,0,,0.0
user_13427,Premium Fitness Users,Tier-1 Cities,0,,0.0
user_13428,Impulse Buyers,International,0,,0.0
user_13429,Gen-Z Trend Seekers,International,0,,0.0
user_13430,Gen-Z Trend Seekers,Tier-1 Cities,0,,0.0
user_13431,Impulse Buyers,Tier-3 Cities,0,,0.0
user_13432,Gen-Z Trend Seekers,Tier-1 Cities,0,,0.0
user_13433,Budget Parents,Tier-1 Cities,0,,0.0
user_13434,Premium Fitness Users,Tier-3 Cities,0,,0.0
user_13435,Budget Parents,Tier-2 Cities,0,,0.0
user_13436,Impulse Buyers,Tier-3 Cities,0,,0.0
user_13437,Budget Parents,Tier-1 Cities,0,,0.0
user_13438,Impulse Buyers,Tier-3 Cities,1,2023-12-26 03:31:45,834.62
user_13439,Budget Parents,Tier-1 Cities,0,,0.0
user_13440,Gen-Z Trend Seekers,International,0,,0.0
user_13441,Gen-Z Trend Seekers,International,0,,0.0
user_13442,Budget Parents,International,0,,0.0
user_13443,Unknown,Tier-1 Cities,0,,0.0
user_13444,Impulse Buyers,Tier-2 Cities,0,,0.0
user_13445,Gen-Z Trend Seekers,Tier-2 Cities,0,,0.0
user_13446,Gen-Z Trend Seekers,Tier-1 Cities,0,,0.0
user_13447,Unknown,Tier-3 Cities,0,,0.0
user_13448,Budget Parents,Tier-1 Cities,0,,0.0
user_13449,Budget Parents,Tier-1 Cities,0,,0.0
user_13450,Gen-Z Trend Seekers,Tier-1 Cities,0,,0.0
user_13451,Gen-Z Trend Seekers,Tier-2 Cities,1,2023-02-28 03:06:22,5532.95
user_13452,Impulse Buyers,Tier-2 Cities,0,,0.0
user_13453,Gen-Z Trend Seekers,Tier-1 Cities,0,,0.0
user_13454,Budget Parents,Tier-1 Cities,0,,0.0
user_13455,Premium Fitness Users,International,1,2023-08-16 03:24:38,6780.46
user_13456,Premium Fitness Users,Tier-1 Cities,1,2023-11-09 07:41:14,6465.61
user_13457,Gen-Z Trend Seekers,Tier-1 Cities,0,,0.0
user_13458,Unknown,Tier-3 Cities,0,,0.0
user_13459,Budget Parents,Tier-1 Cities,0,,0.0
user_13460,Gen-Z Trend Seekers,Tier-3 Cities,0,,0.0
user_13461,Premium Fitness Users,Tier-1 Cities,0,,0.0
user_13462,Gen-Z Trend Seekers,Tier-2 Cities,0,,0.0
user_13463,Gen-Z Trend Seekers,Tier-3 Cities,0,,0.0
user_13464,Unknown,Tier-1 Cities,0,,0.0
user_13465,Gen-Z Trend Seekers,Tier-1 Cities,0,,0.0
user_13466,Impulse Buyers,International,1,2023-06-24 06:06:29,867.55
user_13467,Premium Fitness Users,Tier-1 Cities,0,,0.0
user_13468,Impulse Buyers,Tier-1 Cities,0,,0.0
user_13469,Unknown,International,0,,0.0
user_13470,Impulse Buyers,Tier-2 Cities,0,,0.0
user_13471,Gen-Z Trend Seekers,Tier-2 Cities,0,,0.0
user_13472,Gen-Z Trend Seekers,Tier-3 Cities,0,,0.0
user_13473,Unknown,International,0,,0.0
user_13474,Premium Fitness Users,Tier-3 Cities,0,,0.0
user_13475,Gen-Z Trend Seekers,Tier-3 Cities,0,,0.0
user_13476,Budget Parents,International,0,,0.0
user_13477,Impulse Buyers,Tier-1 Cities,0,,0.0
user_13478,Premium Fitness Users,International,0,,0.0
user_13479,Budget Parents,Tier-1 Cities,0,,0.0
user_13480,Impulse Buyers,International,0,,0.0
user_13481,Budget Parents,Tier-3 Cities,1,2023-07-12 22:06:09,6158.28
user_13482,Gen-Z Trend Seekers,Tier-3 Cities,0,,0.0
user_13483,Gen-Z Trend Seekers,Tier-3 Cities,0,,0.0
user_13484,Impulse Buyers,International,0,,0.0
user_13485,Unknown,Tier-3 Cities,0,,0.0
user_13486,Premium Fitness Users,Tier-3 Cities,0,,0.0
user_13487,Impulse Buyers,Tier-1 Cities,0,,0.0
user_13488,Impulse Buyers,Tier-3 Cities,0,,0.0
user_13489,Impulse Buyers,International,0,,0.0
user_13490,Budget Parents,Tier-1 Cities,0,,0.0
user_13491,Gen-Z Trend Seekers,Tier-2 Cities,0,,0.0
user_13492,Premium Fitness Users,Tier-3 Cities,0,,0.0
user_13493,Premium Fitness Users,International,0,,0.0
user_13494,Gen-Z Trend Seekers,International,0,,0.0
user_13495,Gen-Z Trend Seekers,International,0,,0.0
user_13496,Impulse Buyers,Tier-2 Cities,0,,0.0
user_13497,Gen-Z Trend Seekers,Tier-2 Cities,0,,0.0
user_13498,Premium Fitness Users,Tier-1 Cities,0,,0.0
user_13499,Gen-Z Trend Seekers,Tier-3 Cities,0,,0.0
user_13500,Impulse Buyers,Tier-3 Cities,0,,0.0
user_13501,Gen-Z Trend Seekers,Tier-3 Cities,0,,0.0
user_13502,Impulse Buyers,International,0,,0.0
user_13503,Gen-Z Trend Seekers,Tier-2 Cities,0,,0.0
user_13504,Unknown,Tier-2 Cities,0,,0.0
user_13505,Impulse Buyers,International,0,,0.0
user_13506,Budget Parents,Tier-2 Cities,0,,0.0
user_13507,Premium Fitness Users,Tier-1 Cities,1,2023-05-13 09:18:04,8313.79
user_13508,Impulse Buyers,Tier-3 Cities,0,,0.0
user_13509,Gen-Z Trend Seekers,Tier-2 Cities,0,,0.0
user_13510,Premium Fitness Users,International,0,,0.0
user_13511,Premium Fitness Users,Tier-2 Cities,1,2023-11-19 12:26:52,11293.54
user_13512,Budget Parents,Tier-1 Cities,0,,0.0
user_13513,Budget Parents,Tier-2 Cities,0,,0.0
user_13514,Premium Fitness Users,Tier-2 Cities,0,,0.0
user_13515,Unknown,Tier-2 Cities,0,,0.0
user_13516,Impulse Buyers,International,1,2023-08-12 19:47:02,3433.9
user_13517,Premium Fitness Users,International,0,,0.0
user_13518,Impulse Buyers,Tier-1 Cities,0,,0.0
user_13519,Impulse Buyers,International,0,,0.0
user_13520,Premium Fitness Users,International,0,,0.0
user_13521,Budget Parents,Tier-3 Cities,0,,0.0
user_13522,Impulse Buyers,Tier-3 Cities,0,,0.0
user_13523,Impulse Buyers,Tier-1 Cities,1,2023-11-27 07:23:26,3380.98
user_13524,Budget Parents,Tier-1 Cities,0,,0.0
user_13525,Gen-Z Trend Seekers,Tier-3 Cities,0,,0.0
user_13526,Impulse Buyers,Tier-2 Cities,0,,0.0
user_13527,Premium Fitness Users,Tier-2 Cities,0,,0.0
user_13528,Unknown,Tier-3 Cities,0,,0.0
user_13529,Gen-Z Trend Seekers,Tier-1 Cities,0,,0.0
user_13530,Budget Parents,Tier-2 Cities,0,,0.0
user_13531,Budget Parents,Tier-1 Cities,0,,0.0
user_13532,Budget Parents,Tier-2 Cities,1,2023-07-23 07:38:51,3449.45
user_13533,Impulse Buyers,Tier-1 Cities,0,,0.0
user_13534,Gen-Z Trend Seekers,Tier-1 Cities,0,,0.0
user_13535,Gen-Z Trend Seekers,International,0,,0.0
user_13536,Budget Parents,International,0,,0.0
user_13537,Impulse Buyers,Tier-3 Cities,0,,0.0
user_13538,Impulse Buyers,Tier-3 Cities,0,,0.0
user_13539,Premium Fitness Users,Tier-2 Cities,0,,0.0
user_13540,Gen-Z Trend Seekers,Tier-2 Cities,0,,0.0
user_13541,Budget Parents,Tier-3 Cities,0,,0.0
user_13542,Gen-Z Trend Seekers,International,0,,0.0
user_13543,Unknown,Tier-1 Cities,0,,0.0
user_13544,Gen-Z Trend Seekers,International,1,2023-03-16 04:12:37,4443.54
user_13545,Gen-Z Trend Seekers,Tier-2 Cities,1,2023-10-31 00:33:51,4061.7
user_13546,Gen-Z Trend Seekers,International,0,,0.0
user_13547,Budget Parents,Tier-2 Cities,0,,0.0
user_13548,Gen-Z Trend Seekers,Tier-1 Cities,0,,0.0
user_13549,Impulse Buyers,Tier-1 Cities,1,2023-05-01 10:13:04,3588.96
user_13550,Gen-Z Trend Seekers,Tier-2 Cities,0,,0.0
user_13551,Gen-Z Trend Seekers,Tier-3 Cities,0,,0.0
user_13552,Gen-Z Trend Seekers,Tier-2 Cities,1,2023-10-05 20:08:52,4231.2
user_13553,Gen-Z Trend Seekers,Tier-2 Cities,1,2023-06-21 23:17:15,1340.05
user_13554,Gen-Z Trend Seekers,International,1,2023-01-27 03:30:23,5959.63
user_13555,Gen-Z Trend Seekers,Tier-3 Cities,0,,0.0
user_13556,Gen-Z Trend Seekers,Tier-2 Cities,1,2023-05-13 02:59:36,2412.01
user_13557,Premium Fitness Users,International,0,,0.0
user_13558,Budget Parents,Tier-3 Cities,0,,0.0
user_13559,Gen-Z Trend Seekers,Tier-1 Cities,0,,0.0
user_13560,Budget Parents,International,0,,0.0
user_13561,Impulse Buyers,Tier-2 Cities,0,,0.0
user_13562,Budget Parents,Tier-2 Cities,0,,0.0
user_13563,Premium Fitness Users,Tier-3 Cities,1,2023-07-22 00:54:31,10680.53
user_13564,Impulse Buyers,Tier-2 Cities,0,,0.0
user_13565,Premium Fitness Users,Tier-3 Cities,0,,0.0
user_13566,Budget Parents,Tier-2 Cities,0,,0.0
user_13567,Gen-Z Trend Seekers,Tier-1 Cities,0,,0.0
user_13568,Premium Fitness Users,International,1,2023-11-01 01:50:18,12008.17
user_13569,Premium Fitness Users,Tier-3 Cities,0,,0.0
user_13570,Gen-Z Trend Seekers,Tier-1 Cities,0,,0.0
user_13571,Budget Parents,Tier-3 Cities,0,,0.0
user_13572,Budget Parents,Tier-2 Cities,0,,0.0
user_13573,Impulse Buyers,International,1,2023-10-28 16:35:15,3692.63
user_13574,Gen-Z Trend Seekers,Tier-1 Cities,0,,0.0
user_13575,Impulse Buyers,Tier-3 Cities,0,,0.0
user_13576,Gen-Z Trend Seekers,International,0,,0.0
user_13577,Unknown,International,0,,0.0
user_13578,Premium Fitness Users,Tier-1 Cities,0,,0.0
user_13579,Gen-Z Trend Seekers,Tier-3 Cities,0,,0.0
user_13580,Impulse Buyers,Tier-3 Cities,0,,0.0
user_13581,Premium Fitness Users,Tier-2 Cities,0,,0.0
user_13582,Impulse Buyers,Tier-3 Cities,0,,0.0
user_13583,Impulse Buyers,Tier-1 Cities,0,,0.0
user_13584,Premium Fitness Users,International,0,,0.0
user_13585,Budget Parents,Tier-2 Cities,0,,0.0
user_13586,Gen-Z Trend Seekers,Tier-3 Cities,0,,0.0
user_13587,Budget Parents,Tier-3 Cities,0,,0.0
user_13588,Unknown,International,0,,0.0
user_13589,Gen-Z Trend Seekers,Tier-2 Cities,0,,0.0
user_13590,Gen-Z Trend Seekers,Tier-3 Cities,0,,0.0
user_13591,Budget Parents,Tier-3 Cities,0,,0.0
user_13592,Gen-Z Trend Seekers,Tier-1 Cities,0,,0.0
user_13593,Premium Fitness Users,International,1,2023-10-20 00:42:18,7938.32
user_13594,Impulse Buyers,Tier-1 Cities,1,2023-03-23 20:48:32,1654.19
user_13595,Budget Parents,Tier-1 Cities,0,,0.0
user_13596,Premium Fitness Users,International,0,,0.0
user_13597,Impulse Buyers,International,0,,0.0
user_13598,Premium Fitness Users,Tier-3 Cities,0,,0.0
user_13599,Gen-Z Trend Seekers,Tier-2 Cities,0,,0.0
user_13600,Gen-Z Trend Seekers,Tier-3 Cities,0,,0.0
user_13601,Impulse Buyers,Tier-2 Cities,0,,0.0
user_13602,Premium Fitness Users,Tier-3 Cities,0,,0.0
user_13603,Unknown,International,0,,0.0
user_13604,Gen-Z Trend Seekers,Tier-2 Cities,0,,0.0
user_13605,Impulse Buyers,International,0,,0.0
user_13606,Premium Fitness Users,Tier-3 Cities,1,2023-05-03 19:24:42,9693.9
user_13607,Budget Parents,Tier-2 Cities,0,,0.0
user_13608,Unknown,Tier-2 Cities,0,,0.0
user_13609,Gen-Z Trend Seekers,Tier-1 Cities,1,2023-11-19 00:01:31,3725.11
user_13610,Unknown,Tier-2 Cities,0,,0.0
user_13611,Gen-Z Trend Seekers,Tier-3 Cities,0,,0.0
user_13612,Budget Parents,Tier-2 Cities,0,,0.0
user_13613,Impulse Buyers,International,0,,0.0
user_13614,Gen-Z Trend Seekers,Tier-3 Cities,0,,0.0
user_13615,Gen-Z Trend Seekers,Tier-3 Cities,0,,0.0
user_13616,Impulse Buyers,Tier-3 Cities,0,,0.0
user_13617,Budget Parents,Tier-3 Cities,1,2023-07-29 01:51:06,6763.57
user_13618,Gen-Z Trend Seekers,International,0,,0.0
user_13619,Unknown,International,0,,0.0
user_13620,Gen-Z Trend Seekers,Tier-2 Cities,0,,0.0
user_13621,Gen-Z Trend Seekers,Tier-2 Cities,0,,0.0
user_13622,Gen-Z Trend Seekers,International,1,2023-05-17 13:10:04,4160.0
user_13623,Gen-Z Trend Seekers,Tier-3 Cities,1,2023-02-25 09:53:48,4735.66
user_13624,Budget Parents,Tier-2 Cities,0,,0.0
user_13625,Impulse Buyers,Tier-2 Cities,0,,0.0
user_13626,Unknown,International,0,,0.0
user_13627,Gen-Z Trend Seekers,Tier-2 Cities,0,,0.0
user_13628,Budget Parents,Tier-3 Cities,0,,0.0
user_13629,Gen-Z Trend Seekers,International,0,,0.0
user_13630,Unknown,Tier-1 Cities,0,,0.0
user_13631,Gen-Z Trend Seekers,Tier-2 Cities,0,,0.0
user_13632,Premium Fitness Users,Tier-3 Cities,0,,0.0
user_13633,Gen-Z Trend Seekers,Tier-2 Cities,1,2023-01-21 01:14:13,4556.05
user_13634,Impulse Buyers,International,0,,0.0
user_13635,Impulse Buyers,Tier-2 Cities,0,,0.0
user_13636,Impulse Buyers,International,0,,0.0
user_13637,Budget Parents,Tier-3 Cities,0,,0.0
user_13638,Impulse Buyers,Tier-1 Cities,0,,0.0
user_13639,Gen-Z Trend Seekers,Tier-2 Cities,0,,0.0
user_13640,Premium Fitness Users,International,0,,0.0
user_13641,Unknown,Tier-3 Cities,0,,0.0
user_13642,Gen-Z Trend Seekers,International,0,,0.0
user_13643,Gen-Z Trend Seekers,Tier-2 Cities,0,,0.0
user_13644,Impulse Buyers,Tier-1 Cities,1,2023-06-13 23:56:08,2637.26
user_13645,Budget Parents,Tier-3 Cities,0,,0.0
user_13646,Unknown,Tier-3 Cities,0,,0.0
user_13647,Budget Parents,International,1,2023-01-24 03:48:47,6439.36
user_13648,Premium Fitness Users,Tier-3 Cities,0,,0.0
user_13649,Budget Parents,International,0,,0.0
user_13650,Impulse Buyers,Tier-2 Cities,0,,0.0
user_13651,Gen-Z Trend Seekers,Tier-1 Cities,0,,0.0
user_13652,Gen-Z Trend Seekers,International,0,,0.0
user_13653,Premium Fitness Users,Tier-3 Cities,0,,0.0
user_13654,Premium Fitness Users,Tier-2 Cities,0,,0.0
user_13655,Budget Parents,Tier-3 Cities,0,,0.0
user_13656,Gen-Z Trend Seekers,Tier-1 Cities,0,,0.0
user_13657,Gen-Z Trend Seekers,Tier-3 Cities,0,,0.0
user_13658,Premium Fitness Users,Tier-1 Cities,0,,0.0
user_13659,Unknown,International,0,,0.0
user_13660,Unknown,Tier-1 Cities,0,,0.0
user_13661,Premium Fitness Users,Tier-3 Cities,0,,0.0
user_13662,Premium Fitness Users,International,0,,0.0
user_13663,Budget Parents,Tier-2 Cities,0,,0.0
user_13664,Budget Parents,International,0,,0.0
user_13665,Gen-Z Trend Seekers,Tier-2 Cities,0,,0.0
user_13666,Unknown,International,0,,0.0
user_13667,Impulse Buyers,International,0,,0.0
user_13668,Impulse Buyers,Tier-1 Cities,0,,0.0
user_13669,Premium Fitness Users,Tier-1 Cities,0,,0.0
user_13670,Unknown,Tier-2 Cities,0,,0.0
user_13671,Premium Fitness Users,International,0,,0.0
user_13672,Premium Fitness Users,International,0,,0.0
user_13673,Premium Fitness Users,International,0,,0.0
user_13674,Unknown,Tier-2 Cities,0,,0.0
user_13675,Premium Fitness Users,Tier-1 Cities,0,,0.0
user_13676,Gen-Z Trend Seekers,Tier-3 Cities,0,,0.0
user_13677,Gen-Z Trend Seekers,Tier-2 Cities,0,,0.0
user_13678,Budget Parents,Tier-3 Cities,1,2023-04-26 03:42:52,3343.1
user_13679,Unknown,Tier-3 Cities,0,,0.0
user_13680,Gen-Z Trend Seekers,International,0,,0.0
user_13681,Budget Parents,Tier-3 Cities,0,,0.0
user_13682,Gen-Z Trend Seekers,Tier-3 Cities,0,,0.0
user_13683,Gen-Z Trend Seekers,Tier-3 Cities,0,,0.0
user_13684,Gen-Z Trend Seekers,Tier-2 Cities,0,,0.0
user_13685,Budget Parents,Tier-1 Cities,0,,0.0
user_13686,Gen-Z Trend Seekers,Tier-1 Cities,0,,0.0
user_13687,Premium Fitness Users,Tier-2 Cities,1,2023-08-18 17:42:11,11378.0
user_13688,Impulse Buyers,International,0,,0.0
user_13689,Impulse Buyers,International,0,,0.0
user_13690,Premium Fitness Users,Tier-2 Cities,0,,0.0
user_13691,Gen-Z Trend Seekers,International,1,2023-02-12 08:09:41,4145.47
user_13692,Unknown,International,0,,0.0
user_13693,Impulse Buyers,Tier-2 Cities,0,,0.0
user_13694,Budget Parents,Tier-3 Cities,0,,0.0
user_13695,Impulse Buyers,Tier-1 Cities,0,,0.0
user_13696,Unknown,International,0,,0.0
user_13697,Unknown,International,0,,0.0
user_13698,Impulse Buyers,Tier-1 Cities,0,,0.0
user_13699,Gen-Z Trend Seekers,International,0,,0.0
user_13700,Premium Fitness Users,Tier-2 Cities,0,,0.0
user_13701,Premium Fitness Users,International,0,,0.0
user_13702,Budget Parents,Tier-3 Cities,1,2023-02-16 10:24:05,1653.94
user_13703,Budget Parents,Tier-1 Cities,0,,0.0
user_13704,Budget Parents,International,0,,0.0
user_13705,Gen-Z Trend Seekers,Tier-3 Cities,0,,0.0
user_13706,Impulse Buyers,International,0,,0.0
user_13707,Impulse Buyers,Tier-3 Cities,0,,0.0
user_13708,Premium Fitness Users,Tier-2 Cities,0,,0.0
user_13709,Impulse Buyers,International,0,,0.0
user_13710,Gen-Z Trend Seekers,Tier-1 Cities,1,2023-07-14 20:33:00,2449.85
user_13711,Budget Parents,Tier-3 Cities,0,,0.0
user_13712,Impulse Buyers,Tier-3 Cities,0,,0.0
user_13713,Impulse Buyers,International,0,,0.0
user_13714,Gen-Z Trend Seekers,Tier-1 Cities,0,,0.0
user_13715,Impulse Buyers,Tier-1 Cities,0,,0.0
user_13716,Premium Fitness Users,Tier-1 Cities,0,,0.0
user_13717,Impulse Buyers,Tier-3 Cities,0,,0.0
user_13718,Premium Fitness Users,Tier-3 Cities,0,,0.0
user_13719,Budget Parents,Tier-2 Cities,0,,0.0
user_13720,Impulse Buyers,Tier-2 Cities,0,,0.0
user_13721,Impulse Buyers,Tier-1 Cities,0,,0.0
user_13722,Gen-Z Trend Seekers,Tier-2 Cities,0,,0.0
user_13723,Gen-Z Trend Seekers,International,1,2023-12-22 17:46:03,5329.79
user_13724,Gen-Z Trend Seekers,International,0,,0.0
user_13725,Gen-Z Trend Seekers,Tier-1 Cities,1,2024-01-14 11:49:11,4053.09
user_13726,Impulse Buyers,Tier-1 Cities,0,,0.0
user_13727,Gen-Z Trend Seekers,Tier-3 Cities,0,,0.0
user_13728,Budget Parents,International,0,,0.0
user_13729,Budget Parents,Tier-2 Cities,0,,0.0
user_13730,Premium Fitness Users,International,0,,0.0
user_13731,Gen-Z Trend Seekers,Tier-1 Cities,0,,0.0
user_13732,Impulse Buyers,International,1,2023-10-15 23:16:08,2839.3
user_13733,Impulse Buyers,International,0,,0.0
user_13734,Budget Parents,Tier-1 Cities,0,,0.0
user_13735,Gen-Z Trend Seekers,Tier-3 Cities,0,,0.0
user_13736,Gen-Z Trend Seekers,Tier-1 Cities,0,,0.0
user_13737,Budget Parents,International,0,,0.0
user_13738,Premium Fitness Users,Tier-1 Cities,0,,0.0
user_13739,Premium Fitness Users,Tier-1 Cities,0,,0.0
user_13740,Budget Parents,Tier-1 Cities,0,,0.0
user_13741,Premium Fitness Users,International,0,,0.0
user_13742,Gen-Z Trend Seekers,Tier-3 Cities,0,,0.0
user_13743,Budget Parents,Tier-1 Cities,0,,0.0
user_13744,Impulse Buyers,Tier-3 Cities,0,,0.0
user_13745,Gen-Z Trend Seekers,International,0,,0.0
user_13746,Budget Parents,International,0,,0.0
user_13747,Impulse Buyers,Tier-1 Cities,0,,0.0
user_13748,Gen-Z Trend Seekers,International,0,,0.0
user_13749,Unknown,Tier-1 Cities,0,,0.0
user_13750,Impulse Buyers,Tier-1 Cities,0,,0.0
user_13751,Gen-Z Trend Seekers,International,1,2023-05-25 09:28:29,2179.33
user_13752,Gen-Z Trend Seekers,Tier-2 Cities,0,,0.0
user_13753,Impulse Buyers,Tier-3 Cities,0,,0.0
user_13754,Budget Parents,Tier-2 Cities,0,,0.0
user_13755,Impulse Buyers,Tier-3 Cities,0,,0.0
user_13756,Gen-Z Trend Seekers,Tier-2 Cities,0,,0.0
user_13757,Gen-Z Trend Seekers,Tier-1 Cities,0,,0.0
user_13758,Impulse Buyers,Tier-3 Cities,1,2023-09-12 10:27:27,2876.45
user_13759,Premium Fitness Users,International,0,,0.0
user_13760,Unknown,Tier-3 Cities,0,,0.0
user_13761,Gen-Z Trend Seekers,Tier-3 Cities,0,,0.0
user_13762,Gen-Z Trend Seekers,Tier-2 Cities,1,2023-03-15 16:48:40,3698.06
user_13763,Budget Parents,Tier-2 Cities,0,,0.0
user_13764,Premium Fitness Users,International,0,,0.0
user_13765,Gen-Z Trend Seekers,International,0,,0.0
user_13766,Impulse Buyers,Tier-1 Cities,0,,0.0
user_13767,Premium Fitness Users,Tier-3 Cities,0,,0.0
user_13768,Gen-Z Trend Seekers,Tier-3 Cities,0,,0.0
user_13769,Impulse Buyers,Tier-2 Cities,1,2023-04-19 08:06:44,906.03
user_13770,Unknown,Tier-1 Cities,0,,0.0
user_13771,Impulse Buyers,Tier-2 Cities,0,,0.0
user_13772,Premium Fitness Users,Tier-3 Cities,0,,0.0
user_13773,Budget Parents,Tier-1 Cities,0,,0.0
user_13774,Impulse Buyers,Tier-3 Cities,0,,0.0
user_13775,Premium Fitness Users,Tier-3 Cities,0,,0.0
user_13776,Gen-Z Trend Seekers,International,0,,0.0
user_13777,Budget Parents,Tier-2 Cities,0,,0.0
user_13778,Impulse Buyers,Tier-1 Cities,0,,0.0
user_13779,Budget Parents,Tier-1 Cities,0,,0.0
user_13780,Impulse Buyers,Tier-1 Cities,0,,0.0
user_13781,Premium Fitness Users,Tier-1 Cities,0,,0.0
user_13782,Budget Parents,International,0,,0.0
user_13783,Impulse Buyers,International,1,2023-04-27 21:46:00,1966.56
user_13784,Budget Parents,Tier-1 Cities,0,,0.0
user_13785,Impulse Buyers,International,0,,0.0
user_13786,Budget Parents,Tier-2 Cities,0,,0.0
user_13787,Premium Fitness Users,Tier-1 Cities,0,,0.0
user_13788,Premium Fitness Users,Tier-3 Cities,0,,0.0
user_13789,Unknown,Tier-3 Cities,0,,0.0
user_13790,Budget Parents,Tier-2 Cities,0,,0.0
user_13791,Impulse Buyers,Tier-2 Cities,0,,0.0
user_13792,Gen-Z Trend Seekers,International,0,,0.0
user_13793,Gen-Z Trend Seekers,Tier-3 Cities,0,,0.0
user_13794,Gen-Z Trend Seekers,International,0,,0.0
user_13795,Budget Parents,Tier-3 Cities,0,,0.0
user_13796,Gen-Z Trend Seekers,Tier-1 Cities,1,2023-12-12 22:47:51,3735.29
user_13797,Impulse Buyers,Tier-1 Cities,0,,0.0
user_13798,Premium Fitness Users,Tier-2 Cities,0,,0.0
user_13799,Premium Fitness Users,Tier-1 Cities,0,,0.0
user_13800,Impulse Buyers,Tier-2 Cities,0,,0.0
user_13801,Impulse Buyers,International,0,,0.0
user_13802,Premium Fitness Users,Tier-2 Cities,0,,0.0
user_13803,Gen-Z Trend Seekers,Tier-3 Cities,1,2023-04-18 12:17:26,5526.16
user_13804,Impulse Buyers,International,0,,0.0
user_13805,Premium Fitness Users,International,0,,0.0
user_13806,Gen-Z Trend Seekers,Tier-3 Cities,0,,0.0
user_13807,Budget Parents,Tier-2 Cities,0,,0.0
user_13808,Gen-Z Trend Seekers,Tier-3 Cities,0,,0.0
user_13809,Unknown,Tier-1 Cities,0,,0.0
user_13810,Impulse Buyers,Tier-3 Cities,0,,0.0
user_13811,Impulse Buyers,Tier-1 Cities,0,,0.0
user_13812,Premium Fitness Users,Tier-2 Cities,0,,0.0
user_13813,Gen-Z Trend Seekers,Tier-3 Cities,0,,0.0
user_13814,Budget Parents,Tier-3 Cities,0,,0.0
user_13815,Budget Parents,Tier-2 Cities,0,,0.0
user_13816,Unknown,Tier-2 Cities,0,,0.0
user_13817,Premium Fitness Users,International,0,,0.0
user_13818,Gen-Z Trend Seekers,Tier-3 Cities,0,,0.0
user_13819,Budget Parents,International,0,,0.0
user_13820,Gen-Z Trend Seekers,Tier-1 Cities,0,,0.0
user_13821,Impulse Buyers,International,0,,0.0
user_13822,Unknown,Tier-3 Cities,0,,0.0
user_13823,Impulse Buyers,Tier-3 Cities,0,,0.0
user_13824,Gen-Z Trend Seekers,Tier-1 Cities,0,,0.0
user_13825,Gen-Z Trend Seekers,Tier-1 Cities,0,,0.0
user_13826,Gen-Z Trend Seekers,International,0,,0.0
user_13827,Gen-Z Trend Seekers,Tier-3 Cities,0,,0.0
user_13828,Premium Fitness Users,Tier-3 Cities,1,2023-03-24 20:50:16,10180.29
user_13829,Impulse Buyers,Tier-1 Cities,0,,0.0
user_13830,Impulse Buyers,Tier-3 Cities,0,,0.0
user_13831,Premium Fitness Users,Tier-3 Cities,0,,0.0
user_13832,Gen-Z Trend Seekers,Tier-1 Cities,0,,0.0
user_13833,Premium Fitness Users,Tier-2 Cities,0,,0.0
user_13834,Impulse Buyers,Tier-2 Cities,0,,0.0
user_13835,Premium Fitness Users,Tier-1 Cities,0,,0.0
user_13836,Impulse Buyers,Tier-1 Cities,0,,0.0
user_13837,Premium Fitness Users,Tier-2 Cities,0,,0.0
user_13838,Premium Fitness Users,Tier-1 Cities,0,,0.0
user_13839,Gen-Z Trend Seekers,Tier-3 Cities,0,,0.0
user_13840,Gen-Z Trend Seekers,Tier-3 Cities,0,,0.0
user_13841,Unknown,Tier-2 Cities,0,,0.0
user_13842,Gen-Z Trend Seekers,Tier-1 Cities,0,,0.0
user_13843,Gen-Z Trend Seekers,Tier-1 Cities,0,,0.0
user_13844,Budget Parents,International,0,,0.0
user_13845,Gen-Z Trend Seekers,Tier-1 Cities,0,,0.0
user_13846,Premium Fitness Users,Tier-3 Cities,0,,0.0
user_13847,Premium Fitness Users,Tier-2 Cities,0,,0.0
user_13848,Impulse Buyers,Tier-1 Cities,1,2023-11-29 10:42:20,2311.11
user_13849,Budget Parents,Tier-3 Cities,0,,0.0
user_13850,Gen-Z Trend Seekers,Tier-2 Cities,1,2023-07-24 03:04:11,2317.36
user_13851,Impulse Buyers,Tier-3 Cities,0,,0.0
user_13852,Premium Fitness Users,Tier-1 Cities,0,,0.0
user_13853,Gen-Z Trend Seekers,Tier-1 Cities,0,,0.0
user_13854,Budget Parents,Tier-1 Cities,0,,0.0
user_13855,Gen-Z Trend Seekers,Tier-2 Cities,0,,0.0
user_13856,Premium Fitness Users,Tier-1 Cities,0,,0.0
user_13857,Gen-Z Trend Seekers,International,0,,0.0
user_13858,Impulse Buyers,Tier-1 Cities,1,2023-05-25 03:33:52,3876.86
user_13859,Budget Parents,Tier-1 Cities,0,,0.0
user_13860,Gen-Z Trend Seekers,Tier-2 Cities,0,,0.0
user_13861,Unknown,Tier-2 Cities,0,,0.0
user_13862,Unknown,Tier-1 Cities,0,,0.0
user_13863,Gen-Z Trend Seekers,Tier-2 Cities,0,,0.0
user_13864,Budget Parents,Tier-1 Cities,0,,0.0
user_13865,Budget Parents,Tier-2 Cities,1,2023-11-29 03:08:58,3342.22
user_13866,Gen-Z Trend Seekers,Tier-1 Cities,0,,0.0
user_13867,Impulse Buyers,Tier-3 Cities,0,,0.0
user_13868,Premium Fitness Users,Tier-1 Cities,0,,0.0
user_13869,Premium Fitness Users,Tier-3 Cities,0,,0.0
user_13870,Premium Fitness Users,International,1,2023-01-12 12:00:43,6431.73
user_13871,Budget Parents,Tier-2 Cities,1,2023-03-26 02:36:15,3621.95
user_13872,Premium Fitness Users,Tier-2 Cities,0,,0.0
user_13873,Gen-Z Trend Seekers,Tier-3 Cities,0,,0.0
user_13874,Budget Parents,Tier-1 Cities,0,,0.0
user_13875,Unknown,Tier-3 Cities,0,,0.0
user_13876,Budget Parents,Tier-2 Cities,0,,0.0
user_13877,Budget Parents,Tier-1 Cities,0,,0.0
user_13878,Premium Fitness Users,International,0,,0.0
user_13879,Budget Parents,Tier-2 Cities,0,,0.0
user_13880,Gen-Z Trend Seekers,Tier-2 Cities,0,,0.0
user_13881,Gen-Z Trend Seekers,International,0,,0.0
user_13882,Premium Fitness Users,International,0,,0.0
user_13883,Premium Fitness Users,International,0,,0.0
user_13884,Gen-Z Trend Seekers,Tier-3 Cities,1,2023-05-28 12:13:35,1601.69
user_13885,Unknown,Tier-2 Cities,0,,0.0
user_13886,Budget Parents,International,1,2023-03-13 21:12:26,3785.91
user_13887,Premium Fitness Users,International,0,,0.0
user_13888,Impulse Buyers,Tier-1 Cities,0,,0.0
user_13889,Gen-Z Trend Seekers,International,0,,0.0
user_13890,Impulse Buyers,International,0,,0.0
user_13891,Impulse Buyers,Tier-2 Cities,0,,0.0
user_13892,Gen-Z Trend Seekers,International,0,,0.0
user_13893,Unknown,International,0,,0.0
user_13894,Impulse Buyers,International,1,2023-11-08 17:02:55,1420.33
user_13895,Gen-Z Trend Seekers,International,0,,0.0
user_13896,Gen-Z Trend Seekers,International,0,,0.0
user_13897,Budget Parents,International,0,,0.0
user_13898,Impulse Buyers,International,0,,0.0
user_13899,Unknown,Tier-3 Cities,0,,0.0
user_13900,Premium Fitness Users,Tier-3 Cities,1,2023-12-24 12:40:09,10290.63
user_13901,Gen-Z Trend Seekers,Tier-2 Cities,0,,0.0
user_13902,Gen-Z Trend Seekers,Tier-1 Cities,0,,0.0
user_13903,Premium Fitness Users,Tier-2 Cities,0,,0.0
user_13904,Budget Parents,Tier-3 Cities,0,,0.0
user_13905,Unknown,Tier-2 Cities,0,,0.0
user_13906,Gen-Z Trend Seekers,Tier-2 Cities,0,,0.0
user_13907,Budget Parents,Tier-1 Cities,0,,0.0
user_13908,Gen-Z Trend Seekers,Tier-3 Cities,0,,0.0
user_13909,Premium Fitness Users,Tier-1 Cities,0,,0.0
user_13910,Impulse Buyers,Tier-3 Cities,1,2023-06-15 18:12:39,3461.39
user_13911,Premium Fitness Users,Tier-1 Cities,0,,0.0
user_13912,Gen-Z Trend Seekers,Tier-3 Cities,1,2023-05-08 05:42:22,2148.18
user_13913,Budget Parents,Tier-3 Cities,0,,0.0
user_13914,Premium Fitness Users,Tier-1 Cities,1,2023-05-09 15:49:29,6583.21
user_13915,Budget Parents,Tier-3 Cities,0,,0.0
user_13916,Premium Fitness Users,Tier-2 Cities,0,,0.0
user_13917,Gen-Z Trend Seekers,Tier-2 Cities,0,,0.0
user_13918,Budget Parents,Tier-2 Cities,0,,0.0
user_13919,Unknown,International,0,,0.0
user_13920,Gen-Z Trend Seekers,Tier-2 Cities,0,,0.0
user_13921,Premium Fitness Users,International,0,,0.0
user_13922,Unknown,Tier-1 Cities,0,,0.0
user_13923,Premium Fitness Users,Tier-1 Cities,0,,0.0
user_13924,Gen-Z Trend Seekers,Tier-3 Cities,0,,0.0
user_13925,Gen-Z Trend Seekers,Tier-2 Cities,0,,0.0
user_13926,Gen-Z Trend Seekers,International,0,,0.0
user_13927,Premium Fitness Users,Tier-2 Cities,0,,0.0
user_13928,Impulse Buyers,International,0,,0.0
user_13929,Gen-Z Trend Seekers,Tier-1 Cities,0,,0.0
user_13930,Budget Parents,Tier-2 Cities,1,2023-04-19 23:08:40,6992.43
user_13931,Unknown,International,0,,0.0
user_13932,Premium Fitness Users,International,0,,0.0
user_13933,Budget Parents,International,0,,0.0
user_13934,Budget Parents,Tier-3 Cities,0,,0.0
user_13935,Gen-Z Trend Seekers,International,1,2023-07-25 13:24:55,4373.31
user_13936,Impulse Buyers,International,0,,0.0
user_13937,Budget Parents,International,0,,0.0
user_13938,Impulse Buyers,Tier-1 Cities,0,,0.0
user_13939,Gen-Z Trend Seekers,Tier-2 Cities,0,,0.0
user_13940,Impulse Buyers,Tier-3 Cities,0,,0.0
user_13941,Gen-Z Trend Seekers,Tier-1 Cities,0,,0.0
user_13942,Unknown,Tier-2 Cities,0,,0.0
user_13943,Premium Fitness Users,Tier-1 Cities,0,,0.0
user_13944,Impulse Buyers,International,0,,0.0
user_13945,Impulse Buyers,International,0,,0.0
user_13946,Unknown,Tier-3 Cities,0,,0.0
user_13947,Premium Fitness Users,Tier-2 Cities,0,,0.0
user_13948,Unknown,Tier-2 Cities,0,,0.0
user_13949,Impulse Buyers,Tier-2 Cities,0,,0.0
user_13950,Gen-Z Trend Seekers,International,0,,0.0
user_13951,Impulse Buyers,Tier-2 Cities,0,,0.0
user_13952,Gen-Z Trend Seekers,International,0,,0.0
user_13953,Gen-Z Trend Seekers,Tier-2 Cities,0,,0.0
user_13954,Unknown,International,0,,0.0
user_13955,Gen-Z Trend Seekers,International,0,,0.0
user_13956,Gen-Z Trend Seekers,Tier-2 Cities,0,,0.0
user_13957,Budget Parents,Tier-3 Cities,0,,0.0
user_13958,Gen-Z Trend Seekers,Tier-1 Cities,0,,0.0
user_13959,Gen-Z Trend Seekers,Tier-2 Cities,0,,0.0
user_13960,Gen-Z Trend Seekers,Tier-2 Cities,0,,0.0
user_13961,Premium Fitness Users,International,0,,0.0
user_13962,Impulse Buyers,Tier-2 Cities,0,,0.0
user_13963,Gen-Z Trend Seekers,International,0,,0.0
user_13964,Impulse Buyers,International,0,,0.0
user_13965,Budget Parents,International,0,,0.0
user_13966,Budget Parents,International,0,,0.0
user_13967,Budget Parents,Tier-1 Cities,0,,0.0
user_13968,Impulse Buyers,Tier-3 Cities,0,,0.0
user_13969,Impulse Buyers,Tier-2 Cities,0,,0.0
user_13970,Unknown,International,0,,0.0
user_13971,Gen-Z Trend Seekers,Tier-1 Cities,1,2023-12-13 14:46:00,5054.81
user_13972,Impulse Buyers,Tier-1 Cities,0,,0.0
user_13973,Premium Fitness Users,Tier-1 Cities,0,,0.0
user_13974,Unknown,International,0,,0.0
user_13975,Unknown,Tier-3 Cities,0,,0.0
user_13976,Impulse Buyers,Tier-3 Cities,0,,0.0
user_13977,Impulse Buyers,Tier-2 Cities,0,,0.0
user_13978,Gen-Z Trend Seekers,Tier-1 Cities,0,,0.0
user_13979,Unknown,Tier-3 Cities,0,,0.0
user_13980,Impulse Buyers,Tier-2 Cities,0,,0.0
user_13981,Impulse Buyers,Tier-3 Cities,0,,0.0
user_13982,Unknown,Tier-2 Cities,0,,0.0
user_13983,Gen-Z Trend Seekers,Tier-2 Cities,0,,0.0
user_13984,Impulse Buyers,Tier-3 Cities,0,,0.0
user_13985,Gen-Z Trend Seekers,Tier-3 Cities,0,,0.0
user_13986,Budget Parents,Tier-2 Cities,0,,0.0
user_13987,Premium Fitness Users,International,0,,0.0
user_13988,Gen-Z Trend Seekers,Tier-3 Cities,0,,0.0
user_13989,Impulse Buyers,Tier-2 Cities,0,,0.0
user_13990,Budget Parents,Tier-3 Cities,0,,0.0
user_13991,Premium Fitness Users,Tier-2 Cities,0,,0.0
user_13992,Budget Parents,Tier-1 Cities,0,,0.0
user_13993,Premium Fitness Users,Tier-3 Cities,0,,0.0
user_13994,Gen-Z Trend Seekers,Tier-1 Cities,0,,0.0
user_13995,Impulse Buyers,International,0,,0.0
user_13996,Premium Fitness Users,Tier-1 Cities,0,,0.0
user_13997,Budget Parents,Tier-3 Cities,0,,0.0
user_13998,Gen-Z Trend Seekers,Tier-1 Cities,0,,0.0
user_13999,Budget Parents,Tier-1 Cities,0,,0.0
user_14000,Impulse Buyers,International,0,,0.0
user_14001,Impulse Buyers,Tier-3 Cities,0,,0.0
user_14002,Budget Parents,Tier-3 Cities,0,,0.0
user_14003,Gen-Z Trend Seekers,International,0,,0.0
user_14004,Budget Parents,Tier-2 Cities,0,,0.0
user_14005,Premium Fitness Users,Tier-1 Cities,0,,0.0
user_14006,Gen-Z Trend Seekers,Tier-1 Cities,0,,0.0
user_14007,Premium Fitness Users,Tier-3 Cities,0,,0.0
user_14008,Impulse Buyers,Tier-1 Cities,0,,0.0
user_14009,Gen-Z Trend Seekers,Tier-2 Cities,0,,0.0
user_14010,Impulse Buyers,Tier-3 Cities,0,,0.0
user_14011,Premium Fitness Users,Tier-3 Cities,1,2023-10-04 22:43:09,11983.12
user_14012,Impulse Buyers,Tier-1 Cities,0,,0.0
user_14013,Unknown,Tier-3 Cities,0,,0.0
user_14014,Budget Parents,Tier-1 Cities,0,,0.0
user_14015,Impulse Buyers,Tier-3 Cities,0,,0.0
user_14016,Impulse Buyers,International,0,,0.0
user_14017,Unknown,Tier-2 Cities,0,,0.0
user_14018,Budget Parents,International,0,,0.0
user_14019,Impulse Buyers,Tier-1 Cities,0,,0.0
user_14020,Budget Parents,International,0,,0.0
user_14021,Gen-Z Trend Seekers,Tier-2 Cities,0,,0.0
user_14022,Impulse Buyers,Tier-1 Cities,1,2023-04-25 09:13:03,2696.49
user_14023,Impulse Buyers,Tier-1 Cities,0,,0.0
user_14024,Unknown,Tier-2 Cities,0,,0.0
user_14025,Budget Parents,Tier-3 Cities,0,,0.0
user_14026,Gen-Z Trend Seekers,Tier-2 Cities,0,,0.0
user_14027,Gen-Z Trend Seekers,Tier-1 Cities,0,,0.0
user_14028,Gen-Z Trend Seekers,Tier-1 Cities,0,,0.0
user_14029,Impulse Buyers,Tier-2 Cities,1,2023-03-30 15:57:05,3171.39
user_14030,Impulse Buyers,International,0,,0.0
user_14031,Premium Fitness Users,Tier-3 Cities,1,2023-02-09 14:46:20,8199.09
user_14032,Premium Fitness Users,Tier-3 Cities,0,,0.0
user_14033,Gen-Z Trend Seekers,International,0,,0.0
user_14034,Premium Fitness Users,Tier-1 Cities,0,,0.0
user_14035,Impulse Buyers,Tier-2 Cities,0,,0.0
user_14036,Unknown,Tier-2 Cities,0,,0.0
user_14037,Gen-Z Trend Seekers,Tier-1 Cities,1,2023-05-08 18:04:48,4209.96
user_14038,Gen-Z Trend Seekers,Tier-1 Cities,0,,0.0
user_14039,Impulse Buyers,Tier-1 Cities,0,,0.0
user_14040,Premium Fitness Users,Tier-1 Cities,0,,0.0
user_14041,Gen-Z Trend Seekers,Tier-3 Cities,0,,0.0
user_14042,Budget Parents,Tier-2 Cities,0,,0.0
user_14043,Budget Parents,International,0,,0.0
user_14044,Premium Fitness Users,Tier-3 Cities,0,,0.0
user_14045,Gen-Z Trend Seekers,Tier-1 Cities,0,,0.0
user_14046,Impulse Buyers,Tier-2 Cities,0,,0.0
user_14047,Impulse Buyers,Tier-2 Cities,0,,0.0
user_14048,Gen-Z Trend Seekers,Tier-1 Cities,0,,0.0
user_14049,Gen-Z Trend Seekers,International,0,,0.0
user_14050,Gen-Z Trend Seekers,Tier-3 Cities,0,,0.0
user_14051,Gen-Z Trend Seekers,Tier-2 Cities,0,,0.0
user_14052,Gen-Z Trend Seekers,Tier-2 Cities,0,,0.0
user_14053,Budget Parents,International,0,,0.0
user_14054,Gen-Z Trend Seekers,Tier-2 Cities,0,,0.0
user_14055,Gen-Z Trend Seekers,Tier-3 Cities,0,,0.0
user_14056,Budget Parents,International,0,,0.0
user_14057,Budget Parents,Tier-3 Cities,1,2023-09-12 17:02:39,6832.2
user_14058,Gen-Z Trend Seekers,Tier-3 Cities,0,,0.0
user_14059,Gen-Z Trend Seekers,Tier-2 Cities,0,,0.0
user_14060,Impulse Buyers,Tier-1 Cities,0,,0.0
user_14061,Gen-Z Trend Seekers,International,0,,0.0
user_14062,Premium Fitness Users,Tier-1 Cities,0,,0.0
user_14063,Gen-Z Trend Seekers,Tier-1 Cities,0,,0.0
user_14064,Unknown,Tier-1 Cities,0,,0.0
user_14065,Budget Parents,Tier-2 Cities,0,,0.0
user_14066,Gen-Z Trend Seekers,International,1,2023-10-19 07:35:05,4436.08
user_14067,Unknown,Tier-3 Cities,0,,0.0
user_14068,Impulse Buyers,Tier-2 Cities,0,,0.0
user_14069,Gen-Z Trend Seekers,Tier-1 Cities,0,,0.0
user_14070,Budget Parents,Tier-2 Cities,0,,0.0
user_14071,Premium Fitness Users,Tier-2 Cities,0,,0.0
user_14072,Budget Parents,Tier-3 Cities,0,,0.0
user_14073,Gen-Z Trend Seekers,Tier-3 Cities,0,,0.0
user_14074,Unknown,Tier-1 Cities,0,,0.0
user_14075,Impulse Buyers,International,0,,0.0
user_14076,Gen-Z Trend Seekers,Tier-3 Cities,0,,0.0
user_14077,Unknown,Tier-1 Cities,0,,0.0
user_14078,Budget Parents,Tier-2 Cities,0,,0.0
user_14079,Gen-Z Trend Seekers,Tier-1 Cities,0,,0.0
user_14080,Budget Parents,Tier-2 Cities,0,,0.0
user_14081,Gen-Z Trend Seekers,International,0,,0.0
user_14082,Unknown,Tier-2 Cities,0,,0.0
user_14083,Impulse Buyers,International,0,,0.0
user_14084,Unknown,Tier-1 Cities,0,,0.0
user_14085,Premium Fitness Users,Tier-2 Cities,0,,0.0
user_14086,Premium Fitness Users,Tier-3 Cities,0,,0.0
user_14087,Unknown,Tier-2 Cities,0,,0.0
user_14088,Budget Parents,Tier-1 Cities,0,,0.0
user_14089,Gen-Z Trend Seekers,International,0,,0.0
user_14090,Impulse Buyers,Tier-3 Cities,1,2023-02-18 03:53:39,3356.32
user_14091,Gen-Z Trend Seekers,Tier-2 Cities,0,,0.0
user_14092,Gen-Z Trend Seekers,Tier-2 Cities,0,,0.0
user_14093,Gen-Z Trend Seekers,Tier-2 Cities,0,,0.0
user_14094,Impulse Buyers,Tier-1 Cities,0,,0.0
user_14095,Premium Fitness Users,Tier-1 Cities,0,,0.0
user_14096,Budget Parents,Tier-1 Cities,0,,0.0
user_14097,Unknown,Tier-3 Cities,0,,0.0
user_14098,Budget Parents,Tier-1 Cities,0,,0.0
user_14099,Impulse Buyers,Tier-2 Cities,1,2023-11-20 03:14:14,2395.97
user_14100,Unknown,Tier-3 Cities,0,,0.0
user_14101,Unknown,Tier-1 Cities,0,,0.0
user_14102,Budget Parents,Tier-1 Cities,0,,0.0
user_14103,Unknown,Tier-2 Cities,0,,0.0
user_14104,Budget Parents,International,0,,0.0
user_14105,Gen-Z Trend Seekers,Tier-1 Cities,0,,0.0
user_14106,Impulse Buyers,International,0,,0.0
user_14107,Gen-Z Trend Seekers,Tier-3 Cities,0,,0.0
user_14108,Unknown,Tier-3 Cities,0,,0.0
user_14109,Budget Parents,Tier-3 Cities,1,2023-04-06 01:54:12,4104.62
user_14110,Impulse Buyers,Tier-3 Cities,0,,0.0
user_14111,Premium Fitness Users,International,0,,0.0
user_14112,Unknown,International,0,,0.0
user_14113,Premium Fitness Users,International,0,,0.0
user_14114,Unknown,Tier-1 Cities,0,,0.0
user_14115,Unknown,Tier-1 Cities,0,,0.0
user_14116,Impulse Buyers,Tier-2 Cities,0,,0.0
user_14117,Unknown,International,0,,0.0
user_14118,Unknown,Tier-1 Cities,0,,0.0
user_14119,Impulse Buyers,International,0,,0.0
user_14120,Unknown,International,0,,0.0
user_14121,Impulse Buyers,International,0,,0.0
user_14122,Premium Fitness Users,Tier-3 Cities,0,,0.0
user_14123,Budget Parents,International,0,,0.0
user_14124,Gen-Z Trend Seekers,Tier-3 Cities,0,,0.0
user_14125,Gen-Z Trend Seekers,Tier-2 Cities,0,,0.0
user_14126,Premium Fitness Users,International,0,,0.0
user_14127,Premium Fitness Users,Tier-1 Cities,0,,0.0
user_14128,Premium Fitness Users,Tier-1 Cities,0,,0.0
user_14129,Premium Fitness Users,Tier-3 Cities,0,,0.0
user_14130,Gen-Z Trend Seekers,Tier-1 Cities,0,,0.0
user_14131,Impulse Buyers,Tier-2 Cities,0,,0.0
user_14132,Budget Parents,Tier-3 Cities,0,,0.0
user_14133,Budget Parents,International,0,,0.0
user_14134,Impulse Buyers,Tier-2 Cities,0,,0.0
user_14135,Impulse Buyers,International,0,,0.0
user_14136,Impulse Buyers,Tier-1 Cities,0,,0.0
user_14137,Impulse Buyers,Tier-1 Cities,0,,0.0
user_14138,Gen-Z Trend Seekers,Tier-1 Cities,0,,0.0
user_14139,Gen-Z Trend Seekers,Tier-1 Cities,0,,0.0
user_14140,Gen-Z Trend Seekers,Tier-3 Cities,0,,0.0
user_14141,Gen-Z Trend Seekers,International,0,,0.0
user_14142,Premium Fitness Users,Tier-3 Cities,0,,0.0
user_14143,Impulse Buyers,Tier-2 Cities,0,,0.0
user_14144,Budget Parents,Tier-3 Cities,0,,0.0
user_14145,Budget Parents,Tier-3 Cities,0,,0.0
user_14146,Gen-Z Trend Seekers,Tier-2 Cities,0,,0.0
user_14147,Gen-Z Trend Seekers,Tier-1 Cities,0,,0.0
user_14148,Budget Parents,International,0,,0.0
user_14149,Impulse Buyers,Tier-1 Cities,0,,0.0
user_14150,Unknown,International,0,,0.0
user_14151,Gen-Z Trend Seekers,Tier-3 Cities,0,,0.0
user_14152,Impulse Buyers,Tier-3 Cities,1,2023-04-19 07:58:36,3193.01
user_14153,Unknown,International,0,,0.0
user_14154,Impulse Buyers,Tier-1 Cities,0,,0.0
user_14155,Gen-Z Trend Seekers,Tier-1 Cities,0,,0.0
user_14156,Unknown,Tier-3 Cities,0,,0.0
user_14157,Gen-Z Trend Seekers,Tier-2 Cities,0,,0.0
user_14158,Budget Parents,Tier-2 Cities,0,,0.0
user_14159,Premium Fitness Users,Tier-3 Cities,0,,0.0
user_14160,Gen-Z Trend Seekers,Tier-3 Cities,1,2024-01-11 00:59:47,4954.81
user_14161,Unknown,Tier-1 Cities,0,,0.0
user_14162,Budget Parents,Tier-2 Cities,0,,0.0
user_14163,Impulse Buyers,Tier-1 Cities,0,,0.0
user_14164,Premium Fitness Users,Tier-2 Cities,0,,0.0
user_14165,Unknown,Tier-2 Cities,0,,0.0
user_14166,Unknown,International,0,,0.0
user_14167,Gen-Z Trend Seekers,Tier-1 Cities,0,,0.0
user_14168,Unknown,Tier-1 Cities,0,,0.0
user_14169,Impulse Buyers,International,0,,0.0
user_14170,Gen-Z Trend Seekers,International,0,,0.0
user_14171,Premium Fitness Users,Tier-3 Cities,1,2023-02-05 05:36:03,4485.69
user_14172,Gen-Z Trend Seekers,International,0,,0.0
user_14173,Gen-Z Trend Seekers,Tier-3 Cities,0,,0.0
user_14174,Budget Parents,Tier-1 Cities,0,,0.0
user_14175,Gen-Z Trend Seekers,Tier-3 Cities,0,,0.0
user_14176,Gen-Z Trend Seekers,International,0,,0.0
user_14177,Premium Fitness Users,International,0,,0.0
user_14178,Budget Parents,Tier-2 Cities,0,,0.0
user_14179,Impulse Buyers,International,0,,0.0
user_14180,Gen-Z Trend Seekers,Tier-2 Cities,0,,0.0
user_14181,Impulse Buyers,Tier-3 Cities,0,,0.0
user_14182,Gen-Z Trend Seekers,Tier-1 Cities,1,2023-03-13 09:16:50,2234.0
user_14183,Impulse Buyers,Tier-3 Cities,0,,0.0
user_14184,Budget Parents,International,0,,0.0
user_14185,Budget Parents,International,0,,0.0
user_14186,Gen-Z Trend Seekers,Tier-3 Cities,0,,0.0
user_14187,Gen-Z Trend Seekers,International,0,,0.0
user_14188,Premium Fitness Users,Tier-2 Cities,0,,0.0
user_14189,Budget Parents,Tier-2 Cities,0,,0.0
user_14190,Impulse Buyers,Tier-2 Cities,0,,0.0
user_14191,Premium Fitness Users,Tier-2 Cities,0,,0.0
user_14192,Budget Parents,International,0,,0.0
user_14193,Gen-Z Trend Seekers,Tier-2 Cities,0,,0.0
user_14194,Gen-Z Trend Seekers,International,0,,0.0
user_14195,Budget Parents,Tier-3 Cities,0,,0.0
user_14196,Unknown,Tier-3 Cities,0,,0.0
user_14197,Budget Parents,International,1,2023-03-31 06:17:28,1976.8
user_14198,Budget Parents,Tier-2 Cities,0,,0.0
user_14199,Budget Parents,International,0,,0.0
user_14200,Impulse Buyers,Tier-1 Cities,1,2023-05-12 12:31:43,1502.09
user_14201,Impulse Buyers,International,0,,0.0
user_14202,Premium Fitness Users,Tier-2 Cities,0,,0.0
user_14203,Premium Fitness Users,Tier-1 Cities,0,,0.0
user_14204,Gen-Z Trend Seekers,Tier-3 Cities,0,,0.0
user_14205,Gen-Z Trend Seekers,Tier-2 Cities,0,,0.0
user_14206,Impulse Buyers,Tier-1 Cities,0,,0.0
user_14207,Premium Fitness Users,Tier-2 Cities,0,,0.0
user_14208,Unknown,Tier-3 Cities,0,,0.0
user_14209,Impulse Buyers,Tier-1 Cities,1,2023-12-01 01:15:31,1262.31
user_14210,Budget Parents,Tier-1 Cities,0,,0.0
user_14211,Premium Fitness Users,Tier-1 Cities,0,,0.0
user_14212,Premium Fitness Users,International,0,,0.0
user_14213,Impulse Buyers,Tier-2 Cities,1,2023-08-28 22:26:09,832.17
user_14214,Budget Parents,Tier-1 Cities,1,2023-09-16 09:15:20,4986.74
user_14215,Impulse Buyers,Tier-1 Cities,0,,0.0
user_14216,Premium Fitness Users,Tier-2 Cities,0,,0.0
user_14217,Budget Parents,Tier-1 Cities,0,,0.0
user_14218,Budget Parents,International,0,,0.0
user_14219,Unknown,Tier-2 Cities,0,,0.0
user_14220,Impulse Buyers,Tier-1 Cities,0,,0.0
user_14221,Premium Fitness Users,International,0,,0.0
user_14222,Premium Fitness Users,Tier-3 Cities,0,,0.0
user_14223,Budget Parents,Tier-3 Cities,0,,0.0
user_14224,Gen-Z Trend Seekers,Tier-1 Cities,0,,0.0
user_14225,Premium Fitness Users,Tier-1 Cities,0,,0.0
user_14226,Gen-Z Trend Seekers,International,1,2023-06-20 08:38:48,5680.7
user_14227,Premium Fitness Users,Tier-1 Cities,0,,0.0
user_14228,Gen-Z Trend Seekers,Tier-2 Cities,0,,0.0
user_14229,Impulse Buyers,Tier-3 Cities,0,,0.0
user_14230,Impulse Buyers,Tier-3 Cities,1,2023-07-18 11:33:33,1044.63
user_14231,Gen-Z Trend Seekers,Tier-2 Cities,1,2023-12-17 09:50:30,5307.04
user_14232,Budget Parents,Tier-3 Cities,0,,0.0
user_14233,Budget Parents,Tier-3 Cities,0,,0.0
user_14234,Impulse Buyers,Tier-2 Cities,0,,0.0
user_14235,Gen-Z Trend Seekers,Tier-2 Cities,0,,0.0
user_14236,Unknown,International,0,,0.0
user_14237,Impulse Buyers,Tier-3 Cities,1,2023-01-22 04:31:32,950.19
user_14238,Gen-Z Trend Seekers,Tier-1 Cities,1,2023-08-31 08:15:39,4062.14
user_14239,Gen-Z Trend Seekers,Tier-1 Cities,0,,0.0
user_14240,Gen-Z Trend Seekers,International,0,,0.0
user_14241,Premium Fitness Users,International,0,,0.0
user_14242,Unknown,Tier-3 Cities,0,,0.0
user_14243,Gen-Z Trend Seekers,Tier-2 Cities,1,2023-06-21 22:37:15,4308.02
user_14244,Gen-Z Trend Seekers,Tier-2 Cities,1,2023-06-13 19:44:51,1769.45
user_14245,Unknown,International,0,,0.0
user_14246,Premium Fitness Users,Tier-3 Cities,0,,0.0
user_14247,Impulse Buyers,Tier-2 Cities,0,,0.0
user_14248,Impulse Buyers,Tier-2 Cities,0,,0.0
user_14249,Impulse Buyers,Tier-1 Cities,0,,0.0
user_14250,Budget Parents,International,0,,0.0
user_14251,Unknown,Tier-3 Cities,0,,0.0
user_14252,Premium Fitness Users,Tier-3 Cities,0,,0.0
user_14253,Budget Parents,Tier-2 Cities,0,,0.0
user_14254,Gen-Z Trend Seekers,Tier-1 Cities,0,,0.0
user_14255,Gen-Z Trend Seekers,Tier-2 Cities,0,,0.0
user_14256,Gen-Z Trend Seekers,Tier-1 Cities,0,,0.0
user_14257,Premium Fitness Users,International,0,,0.0
user_14258,Budget Parents,International,0,,0.0
user_14259,Premium Fitness Users,Tier-1 Cities,0,,0.0
user_14260,Premium Fitness Users,Tier-1 Cities,0,,0.0
user_14261,Premium Fitness Users,International,0,,0.0
user_14262,Unknown,International,0,,0.0
user_14263,Impulse Buyers,Tier-3 Cities,0,,0.0
user_14264,Impulse Buyers,Tier-3 Cities,1,2023-12-23 22:32:43,1620.43
user_14265,Gen-Z Trend Seekers,Tier-2 Cities,0,,0.0
user_14266,Impulse Buyers,Tier-1 Cities,0,,0.0
user_14267,Budget Parents,Tier-3 Cities,0,,0.0
user_14268,Gen-Z Trend Seekers,Tier-2 Cities,0,,0.0
user_14269,Gen-Z Trend Seekers,Tier-1 Cities,0,,0.0
user_14270,Unknown,Tier-1 Cities,0,,0.0
user_14271,Budget Parents,Tier-1 Cities,0,,0.0
user_14272,Premium Fitness Users,Tier-3 Cities,0,,0.0
user_14273,Unknown,International,0,,0.0
user_14274,Gen-Z Trend Seekers,Tier-2 Cities,0,,0.0
user_14275,Unknown,Tier-3 Cities,0,,0.0
user_14276,Premium Fitness Users,Tier-3 Cities,0,,0.0
user_14277,Budget Parents,Tier-1 Cities,0,,0.0
user_14278,Budget Parents,Tier-1 Cities,1,2023-08-11 05:25:47,5843.26
user_14279,Budget Parents,Tier-3 Cities,0,,0.0
user_14280,Budget Parents,Tier-2 Cities,0,,0.0
user_14281,Impulse Buyers,Tier-2 Cities,0,,0.0
user_14282,Premium Fitness Users,Tier-2 Cities,0,,0.0
user_14283,Impulse Buyers,Tier-1 Cities,0,,0.0
user_14284,Premium Fitness Users,Tier-1 Cities,1,2023-06-27 14:26:46,3880.23
user_14285,Budget Parents,Tier-2 Cities,0,,0.0
user_14286,Premium Fitness Users,International,0,,0.0
user_14287,Premium Fitness Users,Tier-1 Cities,1,2023-03-18 03:23:53,11952.43
user_14288,Impulse Buyers,Tier-1 Cities,1,2023-09-09 04:35:05,3159.74
user_14289,Unknown,International,0,,0.0
user_14290,Gen-Z Trend Seekers,Tier-2 Cities,0,,0.0
user_14291,Budget Parents,Tier-1 Cities,0,,0.0
user_14292,Budget Parents,Tier-1 Cities,0,,0.0
user_14293,Unknown,Tier-2 Cities,0,,0.0
user_14294,Premium Fitness Users,Tier-2 Cities,0,,0.0
user_14295,Impulse Buyers,Tier-1 Cities,1,2023-09-27 05:01:48,3977.95
user_14296,Gen-Z Trend Seekers,Tier-1 Cities,0,,0.0
user_14297,Premium Fitness Users,Tier-1 Cities,0,,0.0
user_14298,Premium Fitness Users,Tier-2 Cities,0,,0.0
user_14299,Impulse Buyers,Tier-1 Cities,0,,0.0
user_14300,Gen-Z Trend Seekers,International,0,,0.0
user_14301,Gen-Z Trend Seekers,International,0,,0.0
user_14302,Unknown,International,0,,0.0
user_14303,Impulse Buyers,Tier-1 Cities,1,2023-12-03 22:27:08,3082.24
user_14304,Gen-Z Trend Seekers,Tier-3 Cities,0,,0.0
user_14305,Impulse Buyers,Tier-3 Cities,0,,0.0
user_14306,Gen-Z Trend Seekers,Tier-3 Cities,0,,0.0
user_14307,Budget Parents,International,0,,0.0
user_14308,Premium Fitness Users,Tier-1 Cities,0,,0.0
user_14309,Gen-Z Trend Seekers,Tier-3 Cities,0,,0.0
user_14310,Premium Fitness Users,Tier-1 Cities,0,,0.0
user_14311,Impulse Buyers,Tier-2 Cities,0,,0.0
user_14312,Unknown,Tier-1 Cities,0,,0.0
user_14313,Unknown,Tier-1 Cities,0,,0.0
user_14314,Premium Fitness Users,Tier-2 Cities,0,,0.0
user_14315,Impulse Buyers,Tier-2 Cities,0,,0.0
user_14316,Gen-Z Trend Seekers,Tier-2 Cities,0,,0.0
user_14317,Gen-Z Trend Seekers,Tier-1 Cities,0,,0.0
user_14318,Budget Parents,International,0,,0.0
user_14319,Budget Parents,Tier-2 Cities,0,,0.0
user_14320,Gen-Z Trend Seekers,Tier-2 Cities,0,,0.0
user_14321,Budget Parents,Tier-1 Cities,0,,0.0
user_14322,Budget Parents,Tier-1 Cities,0,,0.0
user_14323,Budget Parents,Tier-1 Cities,0,,0.0
user_14324,Impulse Buyers,Tier-2 Cities,0,,0.0
user_14325,Gen-Z Trend Seekers,International,0,,0.0
user_14326,Budget Parents,Tier-3 Cities,0,,0.0
user_14327,Unknown,Tier-3 Cities,0,,0.0
user_14328,Premium Fitness Users,Tier-2 Cities,1,2023-09-15 01:23:08,10091.76
user_14329,Impulse Buyers,Tier-3 Cities,0,,0.0
user_14330,Premium Fitness Users,International,1,2023-09-07 06:44:26,8257.82
user_14331,Unknown,International,0,,0.0
user_14332,Impulse Buyers,Tier-1 Cities,0,,0.0
user_14333,Gen-Z Trend Seekers,Tier-3 Cities,0,,0.0
user_14334,Impulse Buyers,Tier-2 Cities,0,,0.0
user_14335,Gen-Z Trend Seekers,Tier-3 Cities,0,,0.0
user_14336,Impulse Buyers,Tier-3 Cities,0,,0.0
user_14337,Budget Parents,Tier-1 Cities,0,,0.0
user_14338,Gen-Z Trend Seekers,Tier-1 Cities,0,,0.0
user_14339,Impulse Buyers,Tier-1 Cities,0,,0.0
user_14340,Budget Parents,International,0,,0.0
user_14341,Gen-Z Trend Seekers,Tier-3 Cities,0,,0.0
user_14342,Budget Parents,Tier-1 Cities,0,,0.0
user_14343,Premium Fitness Users,International,0,,0.0
user_14344,Premium Fitness Users,International,0,,0.0
user_14345,Gen-Z Trend Seekers,Tier-3 Cities,0,,0.0
user_14346,Unknown,International,0,,0.0
user_14347,Gen-Z Trend Seekers,International,0,,0.0
user_14348,Gen-Z Trend Seekers,Tier-3 Cities,0,,0.0
user_14349,Unknown,Tier-1 Cities,0,,0.0
user_14350,Premium Fitness Users,Tier-3 Cities,1,2024-01-02 13:43:10,11897.08
user_14351,Budget Parents,Tier-2 Cities,0,,0.0
user_14352,Premium Fitness Users,Tier-1 Cities,0,,0.0
user_14353,Gen-Z Trend Seekers,International,0,,0.0
user_14354,Gen-Z Trend Seekers,Tier-2 Cities,0,,0.0
user_14355,Gen-Z Trend Seekers,Tier-2 Cities,0,,0.0
user_14356,Impulse Buyers,Tier-1 Cities,0,,0.0
user_14357,Premium Fitness Users,International,0,,0.0
user_14358,Unknown,Tier-2 Cities,0,,0.0
user_14359,Impulse Buyers,Tier-3 Cities,0,,0.0
user_14360,Budget Parents,Tier-3 Cities,1,2023-02-27 07:40:03,1999.72
user_14361,Premium Fitness Users,Tier-3 Cities,0,,0.0
user_14362,Impulse Buyers,Tier-3 Cities,0,,0.0
user_14363,Gen-Z Trend Seekers,Tier-3 Cities,0,,0.0
user_14364,Premium Fitness Users,Tier-3 Cities,0,,0.0
user_14365,Premium Fitness Users,International,0,,0.0
user_14366,Impulse Buyers,Tier-3 Cities,0,,0.0
user_14367,Premium Fitness Users,Tier-3 Cities,0,,0.0
user_14368,Gen-Z Trend Seekers,Tier-1 Cities,0,,0.0
user_14369,Unknown,International,0,,0.0
user_14370,Budget Parents,Tier-1 Cities,0,,0.0
user_14371,Premium Fitness Users,International,0,,0.0
user_14372,Premium Fitness Users,Tier-1 Cities,0,,0.0
user_14373,Budget Parents,Tier-2 Cities,0,,0.0
user_14374,Premium Fitness Users,Tier-2 Cities,0,,0.0
user_14375,Budget Parents,Tier-3 Cities,0,,0.0
user_14376,Impulse Buyers,Tier-2 Cities,0,,0.0
user_14377,Premium Fitness Users,Tier-2 Cities,0,,0.0
user_14378,Gen-Z Trend Seekers,Tier-1 Cities,0,,0.0
user_14379,Impulse Buyers,Tier-3 Cities,0,,0.0
user_14380,Impulse Buyers,International,1,2023-10-15 22:02:27,1266.36
user_14381,Impulse Buyers,Tier-3 Cities,1,2023-10-08 06:55:27,2222.26
user_14382,Budget Parents,Tier-1 Cities,0,,0.0
user_14383,Budget Parents,International,1,2023-03-27 22:32:12,5890.16
user_14384,Budget Parents,Tier-3 Cities,0,,0.0
user_14385,Unknown,Tier-3 Cities,0,,0.0
user_14386,Budget Parents,Tier-1 Cities,0,,0.0
user_14387,Unknown,International,0,,0.0
user_14388,Budget Parents,Tier-2 Cities,0,,0.0
user_14389,Gen-Z Trend Seekers,Tier-1 Cities,1,2023-12-25 12:23:19,5516.67
user_14390,Gen-Z Trend Seekers,Tier-1 Cities,0,,0.0
user_14391,Impulse Buyers,Tier-3 Cities,0,,0.0
user_14392,Premium Fitness Users,Tier-3 Cities,0,,0.0
user_14393,Budget Parents,Tier-3 Cities,0,,0.0
user_14394,Gen-Z Trend Seekers,Tier-1 Cities,1,2023-07-04 14:46:13,1566.61
user_14395,Premium Fitness Users,Tier-1 Cities,1,2023-11-03 02:02:54,8394.72
user_14396,Unknown,Tier-1 Cities,0,,0.0
user_14397,Unknown,International,0,,0.0
user_14398,Gen-Z Trend Seekers,International,0,,0.0
user_14399,Gen-Z Trend Seekers,Tier-1 Cities,0,,0.0
user_14400,Budget Parents,Tier-3 Cities,0,,0.0
user_14401,Impulse Buyers,International,0,,0.0
user_14402,Budget Parents,Tier-3 Cities,0,,0.0
user_14403,Impulse Buyers,Tier-2 Cities,0,,0.0
user_14404,Gen-Z Trend Seekers,International,0,,0.0
user_14405,Unknown,Tier-1 Cities,0,,0.0
user_14406,Budget Parents,Tier-2 Cities,0,,0.0
user_14407,Gen-Z Trend Seekers,Tier-2 Cities,0,,0.0
user_14408,Unknown,Tier-3 Cities,0,,0.0
user_14409,Unknown,Tier-3 Cities,0,,0.0
user_14410,Premium Fitness Users,International,0,,0.0
user_14411,Budget Parents,Tier-1 Cities,0,,0.0
user_14412,Gen-Z Trend Seekers,Tier-2 Cities,0,,0.0
user_14413,Gen-Z Trend Seekers,Tier-1 Cities,0,,0.0
user_14414,Premium Fitness Users,Tier-2 Cities,0,,0.0
user_14415,Impulse Buyers,Tier-3 Cities,0,,0.0
user_14416,Budget Parents,Tier-1 Cities,0,,0.0
user_14417,Budget Parents,Tier-3 Cities,0,,0.0
user_14418,Impulse Buyers,International,0,,0.0
user_14419,Impulse Buyers,Tier-3 Cities,0,,0.0
user_14420,Impulse Buyers,International,0,,0.0
user_14421,Budget Parents,Tier-1 Cities,0,,0.0
user_14422,Premium Fitness Users,Tier-1 Cities,0,,0.0
user_14423,Impulse Buyers,International,0,,0.0
user_14424,Impulse Buyers,Tier-3 Cities,0,,0.0
user_14425,Impulse Buyers,International,0,,0.0
user_14426,Gen-Z Trend Seekers,Tier-3 Cities,0,,0.0
user_14427,Impulse Buyers,Tier-1 Cities,0,,0.0
user_14428,Unknown,Tier-2 Cities,0,,0.0
user_14429,Unknown,Tier-3 Cities,0,,0.0
user_14430,Premium Fitness Users,Tier-2 Cities,0,,0.0
user_14431,Premium Fitness Users,Tier-3 Cities,1,2023-05-14 17:04:58,3308.22
user_14432,Unknown,Tier-2 Cities,0,,0.0
user_14433,Premium Fitness Users,Tier-3 Cities,0,,0.0
user_14434,Budget Parents,International,1,2023-04-28 16:36:57,7198.59
user_14435,Premium Fitness Users,Tier-1 Cities,0,,0.0
user_14436,Unknown,Tier-2 Cities,0,,0.0
user_14437,Gen-Z Trend Seekers,Tier-3 Cities,1,2023-10-16 15:18:08,5306.75
user_14438,Budget Parents,International,0,,0.0
user_14439,Gen-Z Trend Seekers,Tier-2 Cities,0,,0.0
user_14440,Budget Parents,Tier-3 Cities,0,,0.0
user_14441,Impulse Buyers,Tier-2 Cities,0,,0.0
user_14442,Premium Fitness Users,Tier-3 Cities,0,,0.0
user_14443,Impulse Buyers,Tier-3 Cities,0,,0.0
user_14444,Gen-Z Trend Seekers,Tier-2 Cities,0,,0.0
user_14445,Premium Fitness Users,Tier-2 Cities,0,,0.0
user_14446,Impulse Buyers,Tier-2 Cities,0,,0.0
user_14447,Unknown,International,0,,0.0
user_14448,Gen-Z Trend Seekers,Tier-3 Cities,0,,0.0
user_14449,Premium Fitness Users,Tier-1 Cities,0,,0.0
user_14450,Impulse Buyers,Tier-3 Cities,0,,0.0
user_14451,Impulse Buyers,Tier-3 Cities,1,2023-03-21 09:39:29,3504.28
user_14452,Impulse Buyers,Tier-3 Cities,1,2024-01-02 01:26:41,3543.61
user_14453,Impulse Buyers,International,0,,0.0
user_14454,Gen-Z Trend Seekers,International,0,,0.0
user_14455,Budget Parents,Tier-3 Cities,0,,0.0
user_14456,Unknown,International,0,,0.0
user_14457,Budget Parents,Tier-1 Cities,0,,0.0
user_14458,Budget Parents,International,0,,0.0
user_14459,Gen-Z Trend Seekers,Tier-1 Cities,0,,0.0
user_14460,Budget Parents,International,0,,0.0
user_14461,Premium Fitness Users,Tier-2 Cities,1,2023-04-20 10:32:56,8598.2
user_14462,Budget Parents,International,0,,0.0
user_14463,Gen-Z Trend Seekers,Tier-3 Cities,0,,0.0
user_14464,Budget Parents,Tier-2 Cities,0,,0.0
user_14465,Budget Parents,Tier-3 Cities,0,,0.0
user_14466,Premium Fitness Users,Tier-2 Cities,0,,0.0
user_14467,Gen-Z Trend Seekers,Tier-2 Cities,0,,0.0
user_14468,Gen-Z Trend Seekers,Tier-3 Cities,0,,0.0
user_14469,Impulse Buyers,International,0,,0.0
user_14470,Gen-Z Trend Seekers,Tier-1 Cities,0,,0.0
user_14471,Premium Fitness Users,International,0,,0.0
user_14472,Impulse Buyers,Tier-3 Cities,0,,0.0
user_14473,Budget Parents,Tier-3 Cities,1,2023-11-07 22:42:13,5379.38
user_14474,Premium Fitness Users,Tier-2 Cities,0,,0.0
user_14475,Gen-Z Trend Seekers,International,0,,0.0
user_14476,Budget Parents,Tier-2 Cities,0,,0.0
user_14477,Budget Parents,Tier-1 Cities,0,,0.0
user_14478,Unknown,Tier-1 Cities,0,,0.0
user_14479,Premium Fitness Users,Tier-2 Cities,0,,0.0
user_14480,Impulse Buyers,International,1,2023-05-29 13:34:05,1036.57
user_14481,Gen-Z Trend Seekers,Tier-3 Cities,1,2023-11-20 22:14:56,5520.4
user_14482,Premium Fitness Users,Tier-2 Cities,0,,0.0
user_14483,Budget Parents,Tier-2 Cities,0,,0.0
user_14484,Impulse Buyers,Tier-2 Cities,0,,0.0
user_14485,Impulse Buyers,Tier-1 Cities,0,,0.0
user_14486,Gen-Z Trend Seekers,Tier-3 Cities,0,,0.0
user_14487,Impulse Buyers,Tier-3 Cities,1,2023-04-14 16:51:48,3194.64
user_14488,Premium Fitness Users,Tier-3 Cities,0,,0.0
user_14489,Unknown,Tier-2 Cities,0,,0.0
user_14490,Gen-Z Trend Seekers,Tier-3 Cities,1,2023-06-04 12:46:11,3816.35
user_14491,Budget Parents,Tier-3 Cities,0,,0.0
user_14492,Unknown,Tier-1 Cities,0,,0.0
user_14493,Premium Fitness Users,Tier-1 Cities,0,,0.0
user_14494,Unknown,International,0,,0.0
user_14495,Unknown,Tier-1 Cities,0,,0.0
user_14496,Unknown,Tier-2 Cities,0,,0.0
user_14497,Premium Fitness Users,International,0,,0.0
user_14498,Budget Parents,Tier-3 Cities,0,,0.0
user_14499,Budget Parents,Tier-2 Cities,0,,0.0
user_14500,Budget Parents,International,0,,0.0
user_14501,Premium Fitness Users,International,0,,0.0
user_14502,Premium Fitness Users,Tier-1 Cities,1,2023-02-28 13:50:36,3805.76
user_14503,Gen-Z Trend Seekers,International,1,2023-09-30 21:22:18,1982.09
user_14504,Impulse Buyers,Tier-3 Cities,0,,0.0
user_14505,Impulse Buyers,Tier-2 Cities,0,,0.0
user_14506,Gen-Z Trend Seekers,Tier-2 Cities,1,2023-06-01 08:26:25,2313.58
user_14507,Unknown,Tier-1 Cities,0,,0.0
user_14508,Gen-Z Trend Seekers,Tier-3 Cities,0,,0.0
user_14509,Budget Parents,Tier-1 Cities,0,,0.0
user_14510,Gen-Z Trend Seekers,Tier-2 Cities,0,,0.0
user_14511,Unknown,Tier-3 Cities,0,,0.0
user_14512,Impulse Buyers,Tier-3 Cities,0,,0.0
user_14513,Budget Parents,International,0,,0.0
user_14514,Unknown,International,0,,0.0
user_14515,Impulse Buyers,Tier-1 Cities,1,2023-10-23 08:18:46,3471.3
user_14516,Impulse Buyers,Tier-3 Cities,0,,0.0
user_14517,Impulse Buyers,Tier-1 Cities,0,,0.0
user_14518,Premium Fitness Users,Tier-3 Cities,0,,0.0
user_14519,Budget Parents,International,0,,0.0
user_14520,Budget Parents,Tier-3 Cities,0,,0.0
user_14521,Impulse Buyers,Tier-2 Cities,0,,0.0
user_14522,Premium Fitness Users,Tier-3 Cities,0,,0.0
user_14523,Gen-Z Trend Seekers,Tier-1 Cities,0,,0.0
user_14524,Gen-Z Trend Seekers,Tier-1 Cities,1,2023-11-29 01:54:51,5108.38
user_14525,Impulse Buyers,International,0,,0.0
user_14526,Gen-Z Trend Seekers,Tier-2 Cities,0,,0.0
user_14527,Gen-Z Trend Seekers,Tier-2 Cities,0,,0.0
user_14528,Premium Fitness Users,Tier-2 Cities,0,,0.0
user_14529,Premium Fitness Users,Tier-1 Cities,0,,0.0
user_14530,Impulse Buyers,International,1,2024-01-02 01:59:15,2965.72
user_14531,Budget Parents,Tier-3 Cities,0,,0.0
user_14532,Impulse Buyers,International,0,,0.0
user_14533,Impulse Buyers,Tier-1 Cities,0,,0.0
user_14534,Premium Fitness Users,Tier-3 Cities,0,,0.0
user_14535,Gen-Z Trend Seekers,Tier-3 Cities,0,,0.0
user_14536,Impulse Buyers,International,0,,0.0
user_14537,Impulse Buyers,International,0,,0.0
user_14538,Budget Parents,Tier-3 Cities,0,,0.0
user_14539,Premium Fitness Users,International,0,,0.0
user_14540,Gen-Z Trend Seekers,Tier-3 Cities,0,,0.0
user_14541,Impulse Buyers,Tier-3 Cities,0,,0.0
user_14542,Gen-Z Trend Seekers,Tier-1 Cities,0,,0.0
user_14543,Premium Fitness Users,International,0,,0.0
user_14544,Impulse Buyers,Tier-1 Cities,0,,0.0
user_14545,Impulse Buyers,Tier-3 Cities,0,,0.0
user_14546,Impulse Buyers,Tier-3 Cities,1,2023-08-31 09:31:11,1849.45
user_14547,Impulse Buyers,Tier-2 Cities,0,,0.0
user_14548,Budget Parents,Tier-1 Cities,0,,0.0
user_14549,Impulse Buyers,International,0,,0.0
user_14550,Gen-Z Trend Seekers,International,1,2023-05-19 23:30:10,5730.75
user_14551,Gen-Z Trend Seekers,Tier-2 Cities,0,,0.0
user_14552,Budget Parents,Tier-1 Cities,0,,0.0
user_14553,Unknown,Tier-2 Cities,0,,0.0
user_14554,Impulse Buyers,Tier-2 Cities,0,,0.0
user_14555,Premium Fitness Users,Tier-1 Cities,0,,0.0
user_14556,Impulse Buyers,International,0,,0.0
user_14557,Gen-Z Trend Seekers,International,0,,0.0
user_14558,Impulse Buyers,Tier-2 Cities,0,,0.0
user_14559,Gen-Z Trend Seekers,Tier-3 Cities,1,2023-07-04 09:17:05,5306.75
user_14560,Budget Parents,Tier-2 Cities,0,,0.0
user_14561,Premium Fitness Users,Tier-1 Cities,0,,0.0
user_14562,Gen-Z Trend Seekers,Tier-1 Cities,0,,0.0
user_14563,Premium Fitness Users,Tier-1 Cities,0,,0.0
user_14564,Gen-Z Trend Seekers,Tier-1 Cities,0,,0.0
user_14565,Impulse Buyers,Tier-2 Cities,0,,0.0
user_14566,Gen-Z Trend Seekers,International,0,,0.0
user_14567,Gen-Z Trend Seekers,International,0,,0.0
user_14568,Premium Fitness Users,International,0,,0.0
user_14569,Budget Parents,International,0,,0.0
user_14570,Budget Parents,International,0,,0.0
user_14571,Gen-Z Trend Seekers,Tier-2 Cities,0,,0.0
user_14572,Gen-Z Trend Seekers,International,0,,0.0
user_14573,Gen-Z Trend Seekers,Tier-2 Cities,0,,0.0
user_14574,Impulse Buyers,Tier-3 Cities,0,,0.0
user_14575,Premium Fitness Users,International,1,2023-02-11 07:13:58,10227.91
user_14576,Gen-Z Trend Seekers,Tier-2 Cities,0,,0.0
user_14577,Premium Fitness Users,Tier-2 Cities,0,,0.0
user_14578,Budget Parents,Tier-1 Cities,1,2023-02-11 03:54:20,2773.12
user_14579,Gen-Z Trend Seekers,Tier-3 Cities,0,,0.0
user_14580,Unknown,Tier-3 Cities,0,,0.0
user_14581,Premium Fitness Users,International,0,,0.0
user_14582,Gen-Z Trend Seekers,Tier-2 Cities,0,,0.0
user_14583,Premium Fitness Users,Tier-3 Cities,0,,0.0
user_14584,Impulse Buyers,International,1,2023-05-09 15:38:46,2644.23
user_14585,Gen-Z Trend Seekers,Tier-2 Cities,0,,0.0
user_14586,Impulse Buyers,Tier-3 Cities,0,,0.0
user_14587,Impulse Buyers,Tier-1 Cities,0,,0.0
user_14588,Budget Parents,International,0,,0.0
user_14589,Impulse Buyers,Tier-1 Cities,0,,0.0
user_14590,Premium Fitness Users,Tier-1 Cities,0,,0.0
user_14591,Gen-Z Trend Seekers,Tier-3 Cities,0,,0.0
user_14592,Gen-Z Trend Seekers,International,0,,0.0
user_14593,Gen-Z Trend Seekers,Tier-3 Cities,0,,0.0
user_14594,Gen-Z Trend Seekers,International,0,,0.0
user_14595,Gen-Z Trend Seekers,Tier-3 Cities,1,2023-08-12 06:53:07,1867.46
user_14596,Unknown,Tier-2 Cities,0,,0.0
user_14597,Premium Fitness Users,Tier-2 Cities,0,,0.0
user_14598,Premium Fitness Users,Tier-1 Cities,1,2023-04-21 09:00:17,4073.04
user_14599,Impulse Buyers,Tier-3 Cities,0,,0.0
user_14600,Premium Fitness Users,Tier-2 Cities,0,,0.0
user_14601,Budget Parents,Tier-3 Cities,0,,0.0
user_14602,Impulse Buyers,Tier-1 Cities,0,,0.0
user_14603,Impulse Buyers,Tier-1 Cities,0,,0.0
user_14604,Budget Parents,International,0,,0.0
user_14605,Premium Fitness Users,International,0,,0.0
user_14606,Gen-Z Trend Seekers,Tier-2 Cities,0,,0.0
user_14607,Gen-Z Trend Seekers,Tier-1 Cities,0,,0.0
user_14608,Impulse Buyers,Tier-1 Cities,0,,0.0
user_14609,Premium Fitness Users,International,0,,0.0
user_14610,Budget Parents,Tier-2 Cities,0,,0.0
user_14611,Impulse Buyers,Tier-2 Cities,0,,0.0
user_14612,Gen-Z Trend Seekers,Tier-3 Cities,0,,0.0
user_14613,Premium Fitness Users,International,1,2023-10-16 09:14:13,8741.87
user_14614,Gen-Z Trend Seekers,Tier-1 Cities,0,,0.0
user_14615,Premium Fitness Users,Tier-1 Cities,0,,0.0
user_14616,Gen-Z Trend Seekers,Tier-3 Cities,0,,0.0
user_14617,Unknown,International,0,,0.0
user_14618,Unknown,Tier-3 Cities,0,,0.0
user_14619,Impulse Buyers,Tier-1 Cities,0,,0.0
user_14620,Gen-Z Trend Seekers,Tier-2 Cities,0,,0.0
user_14621,Unknown,Tier-1 Cities,0,,0.0
user_14622,Budget Parents,Tier-2 Cities,0,,0.0
user_14623,Budget Parents,Tier-2 Cities,0,,0.0
user_14624,Gen-Z Trend Seekers,Tier-2 Cities,0,,0.0
user_14625,Impulse Buyers,Tier-3 Cities,0,,0.0
user_14626,Impulse Buyers,Tier-1 Cities,0,,0.0
user_14627,Impulse Buyers,International,1,2023-10-13 07:07:05,1154.43
user_14628,Unknown,Tier-2 Cities,0,,0.0
user_14629,Unknown,Tier-2 Cities,0,,0.0
user_14630,Gen-Z Trend Seekers,Tier-3 Cities,0,,0.0
user_14631,Gen-Z Trend Seekers,Tier-3 Cities,0,,0.0
user_14632,Impulse Buyers,International,1,2023-08-16 22:38:16,2582.82
user_14633,Budget Parents,International,0,,0.0
user_14634,Premium Fitness Users,International,0,,0.0
user_14635,Gen-Z Trend Seekers,Tier-3 Cities,0,,0.0
user_14636,Gen-Z Trend Seekers,Tier-1 Cities,0,,0.0
user_14637,Budget Parents,Tier-1 Cities,0,,0.0
user_14638,Gen-Z Trend Seekers,International,0,,0.0
user_14639,Unknown,Tier-1 Cities,0,,0.0
user_14640,Premium Fitness Users,Tier-1 Cities,0,,0.0
user_14641,Premium Fitness Users,International,0,,0.0
user_14642,Premium Fitness Users,Tier-2 Cities,0,,0.0
user_14643,Gen-Z Trend Seekers,Tier-3 Cities,0,,0.0
user_14644,Gen-Z Trend Seekers,International,0,,0.0
user_14645,Premium Fitness Users,Tier-1 Cities,0,,0.0
user_14646,Impulse Buyers,Tier-3 Cities,0,,0.0
user_14647,Budget Parents,Tier-3 Cities,0,,0.0
user_14648,Budget Parents,International,0,,0.0
user_14649,Premium Fitness Users,Tier-1 Cities,0,,0.0
user_14650,Budget Parents,Tier-2 Cities,0,,0.0
user_14651,Gen-Z Trend Seekers,Tier-2 Cities,0,,0.0
user_14652,Premium Fitness Users,Tier-3 Cities,0,,0.0
user_14653,Impulse Buyers,Tier-1 Cities,0,,0.0
user_14654,Budget Parents,Tier-3 Cities,0,,0.0
user_14655,Impulse Buyers,Tier-2 Cities,0,,0.0
user_14656,Budget Parents,International,1,2023-11-28 21:36:17,1906.78
user_14657,Impulse Buyers,Tier-3 Cities,0,,0.0
user_14658,Premium Fitness Users,Tier-3 Cities,0,,0.0
user_14659,Gen-Z Trend Seekers,Tier-2 Cities,1,2023-11-25 23:40:18,2113.25
user_14660,Gen-Z Trend Seekers,Tier-2 Cities,1,2023-12-08 03:10:27,3058.77
user_14661,Premium Fitness Users,Tier-3 Cities,0,,0.0
user_14662,Gen-Z Trend Seekers,International,1,2024-01-14 00:28:22,2235.14
user_14663,Gen-Z Trend Seekers,Tier-3 Cities,0,,0.0
user_14664,Premium Fitness Users,Tier-2 Cities,1,2023-04-15 23:19:46,5874.27
user_14665,Budget Parents,Tier-2 Cities,0,,0.0
user_14666,Unknown,International,0,,0.0
user_14667,Impulse Buyers,Tier-1 Cities,0,,0.0
user_14668,Impulse Buyers,International,0,,0.0
user_14669,Budget Parents,Tier-2 Cities,0,,0.0
user_14670,Budget Parents,Tier-2 Cities,0,,0.0
user_14671,Impulse Buyers,Tier-2 Cities,0,,0.0
user_14672,Budget Parents,Tier-3 Cities,0,,0.0
user_14673,Gen-Z Trend Seekers,Tier-3 Cities,0,,0.0
user_14674,Impulse Buyers,Tier-1 Cities,0,,0.0
user_14675,Unknown,Tier-1 Cities,0,,0.0
user_14676,Budget Parents,Tier-2 Cities,0,,0.0
user_14677,Impulse Buyers,Tier-1 Cities,0,,0.0
user_14678,Budget Parents,Tier-2 Cities,0,,0.0
user_14679,Gen-Z Trend Seekers,Tier-1 Cities,0,,0.0
user_14680,Premium Fitness Users,Tier-3 Cities,0,,0.0
user_14681,Gen-Z Trend Seekers,Tier-3 Cities,0,,0.0
user_14682,Impulse Buyers,Tier-3 Cities,0,,0.0
user_14683,Budget Parents,International,0,,0.0
user_14684,Unknown,Tier-2 Cities,0,,0.0
user_14685,Impulse Buyers,Tier-1 Cities,0,,0.0
user_14686,Premium Fitness Users,International,0,,0.0
user_14687,Impulse Buyers,Tier-3 Cities,0,,0.0
user_14688,Gen-Z Trend Seekers,Tier-2 Cities,0,,0.0
user_14689,Impulse Buyers,Tier-3 Cities,0,,0.0
user_14690,Gen-Z Trend Seekers,Tier-3 Cities,0,,0.0
user_14691,Premium Fitness Users,International,1,2023-05-20 16:11:24,5636.94
user_14692,Budget Parents,Tier-1 Cities,0,,0.0
user_14693,Budget Parents,International,0,,0.0
user_14694,Impulse Buyers,Tier-1 Cities,0,,0.0
user_14695,Impulse Buyers,International,0,,0.0
user_14696,Budget Parents,International,0,,0.0
user_14697,Premium Fitness Users,Tier-1 Cities,0,,0.0
user_14698,Gen-Z Trend Seekers,Tier-2 Cities,0,,0.0
user_14699,Impulse Buyers,Tier-3 Cities,0,,0.0
user_14700,Gen-Z Trend Seekers,Tier-1 Cities,0,,0.0
user_14701,Premium Fitness Users,Tier-1 Cities,0,,0.0
user_14702,Gen-Z Trend Seekers,International,0,,0.0
user_14703,Impulse Buyers,International,1,2023-05-01 18:49:46,3458.07
user_14704,Gen-Z Trend Seekers,Tier-2 Cities,0,,0.0
user_14705,Unknown,Tier-1 Cities,0,,0.0
user_14706,Gen-Z Trend Seekers,Tier-2 Cities,0,,0.0
user_14707,Budget Parents,Tier-3 Cities,0,,0.0
user_14708,Premium Fitness Users,International,1,2023-07-06 17:42:27,4249.19
user_14709,Unknown,Tier-3 Cities,0,,0.0
user_14710,Premium Fitness Users,International,0,,0.0
user_14711,Premium Fitness Users,International,1,2023-11-05 06:53:32,9914.33
user_14712,Budget Parents,Tier-2 Cities,0,,0.0
user_14713,Unknown,International,0,,0.0
user_14714,Impulse Buyers,International,0,,0.0
user_14715,Gen-Z Trend Seekers,International,0,,0.0
user_14716,Gen-Z Trend Seekers,Tier-3 Cities,0,,0.0
user_14717,Impulse Buyers,International,0,,0.0
user_14718,Gen-Z Trend Seekers,International,0,,0.0
user_14719,Unknown,Tier-3 Cities,0,,0.0
user_14720,Budget Parents,Tier-2 Cities,0,,0.0
user_14721,Gen-Z Trend Seekers,Tier-2 Cities,0,,0.0
user_14722,Premium Fitness Users,Tier-2 Cities,1,2023-08-11 09:02:02,9347.83
user_14723,Impulse Buyers,Tier-2 Cities,0,,0.0
user_14724,Premium Fitness Users,International,0,,0.0
user_14725,Gen-Z Trend Seekers,Tier-3 Cities,0,,0.0
user_14726,Budget Parents,Tier-1 Cities,0,,0.0
user_14727,Unknown,International,0,,0.0
user_14728,Premium Fitness Users,Tier-1 Cities,1,2023-07-10 23:56:29,9732.69
user_14729,Impulse Buyers,Tier-2 Cities,0,,0.0
user_14730,Budget Parents,Tier-3 Cities,0,,0.0
user_14731,Gen-Z Trend Seekers,International,0,,0.0
user_14732,Premium Fitness Users,Tier-3 Cities,0,,0.0
user_14733,Budget Parents,Tier-3 Cities,0,,0.0
user_14734,Unknown,Tier-3 Cities,0,,0.0
user_14735,Gen-Z Trend Seekers,Tier-1 Cities,0,,0.0
user_14736,Gen-Z Trend Seekers,Tier-1 Cities,0,,0.0
user_14737,Impulse Buyers,International,0,,0.0
user_14738,Gen-Z Trend Seekers,International,0,,0.0
user_14739,Impulse Buyers,Tier-1 Cities,0,,0.0
user_14740,Impulse Buyers,Tier-2 Cities,0,,0.0
user_14741,Unknown,Tier-1 Cities,0,,0.0
user_14742,Budget Parents,Tier-1 Cities,0,,0.0
user_14743,Impulse Buyers,Tier-1 Cities,1,2023-09-07 04:30:10,1251.39
user_14744,Impulse Buyers,Tier-3 Cities,0,,0.0
user_14745,Gen-Z Trend Seekers,Tier-3 Cities,0,,0.0
user_14746,Impulse Buyers,International,0,,0.0
user_14747,Impulse Buyers,Tier-1 Cities,0,,0.0
user_14748,Unknown,Tier-1 Cities,0,,0.0
user_14749,Gen-Z Trend Seekers,International,0,,0.0
user_14750,Gen-Z Trend Seekers,International,0,,0.0
user_14751,Premium Fitness Users,Tier-3 Cities,0,,0.0
user_14752,Gen-Z Trend Seekers,International,0,,0.0
user_14753,Gen-Z Trend Seekers,Tier-3 Cities,0,,0.0
user_14754,Gen-Z Trend Seekers,International,0,,0.0
user_14755,Impulse Buyers,International,0,,0.0
user_14756,Gen-Z Trend Seekers,Tier-3 Cities,0,,0.0
user_14757,Budget Parents,Tier-2 Cities,1,2023-10-24 15:09:38,3639.68
user_14758,Budget Parents,Tier-3 Cities,0,,0.0
user_14759,Premium Fitness Users,Tier-1 Cities,0,,0.0
user_14760,Budget Parents,Tier-2 Cities,0,,0.0
user_14761,Impulse Buyers,International,0,,0.0
user_14762,Impulse Buyers,Tier-3 Cities,1,2023-04-23 03:14:31,1791.37
user_14763,Budget Parents,Tier-1 Cities,0,,0.0
user_14764,Impulse Buyers,Tier-3 Cities,1,2023-09-28 19:42:45,1599.19
user_14765,Budget Parents,International,0,,0.0
user_14766,Impulse Buyers,Tier-3 Cities,0,,0.0
user_14767,Unknown,Tier-3 Cities,0,,0.0
user_14768,Impulse Buyers,Tier-2 Cities,0,,0.0
user_14769,Premium Fitness Users,International,0,,0.0
user_14770,Impulse Buyers,Tier-2 Cities,1,2023-04-02 23:30:13,1554.97
user_14771,Gen-Z Trend Seekers,Tier-1 Cities,0,,0.0
user_14772,Impulse Buyers,Tier-1 Cities,0,,0.0
user_14773,Gen-Z Trend Seekers,Tier-1 Cities,0,,0.0
user_14774,Premium Fitness Users,International,0,,0.0
user_14775,Unknown,Tier-2 Cities,0,,0.0
user_14776,Impulse Buyers,Tier-3 Cities,0,,0.0
user_14777,Gen-Z Trend Seekers,Tier-2 Cities,0,,0.0
user_14778,Premium Fitness Users,Tier-2 Cities,1,2023-07-19 21:35:54,11057.91
user_14779,Gen-Z Trend Seekers,Tier-3 Cities,0,,0.0
user_14780,Impulse Buyers,Tier-2 Cities,0,,0.0
user_14781,Impulse Buyers,Tier-2 Cities,0,,0.0
user_14782,Impulse Buyers,Tier-3 Cities,0,,0.0
user_14783,Unknown,Tier-1 Cities,0,,0.0
user_14784,Gen-Z Trend Seekers,Tier-3 Cities,0,,0.0
user_14785,Premium Fitness Users,Tier-2 Cities,0,,0.0
user_14786,Gen-Z Trend Seekers,International,0,,0.0
user_14787,Impulse Buyers,Tier-1 Cities,0,,0.0
user_14788,Budget Parents,Tier-1 Cities,0,,0.0
user_14789,Unknown,International,0,,0.0
user_14790,Budget Parents,International,0,,0.0
user_14791,Impulse Buyers,Tier-2 Cities,0,,0.0
user_14792,Impulse Buyers,Tier-1 Cities,0,,0.0
user_14793,Premium Fitness Users,International,0,,0.0
user_14794,Gen-Z Trend Seekers,International,0,,0.0
user_14795,Gen-Z Trend Seekers,International,0,,0.0
user_14796,Gen-Z Trend Seekers,Tier-3 Cities,0,,0.0
user_14797,Impulse Buyers,Tier-2 Cities,0,,0.0
user_14798,Budget Parents,Tier-3 Cities,0,,0.0
user_14799,Impulse Buyers,Tier-2 Cities,0,,0.0
user_14800,Premium Fitness Users,Tier-3 Cities,0,,0.0
user_14801,Premium Fitness Users,International,0,,0.0
user_14802,Gen-Z Trend Seekers,International,0,,0.0
user_14803,Premium Fitness Users,Tier-1 Cities,0,,0.0
user_14804,Gen-Z Trend Seekers,Tier-2 Cities,0,,0.0
user_14805,Premium Fitness Users,International,0,,0.0
user_14806,Unknown,International,0,,0.0
user_14807,Budget Parents,Tier-3 Cities,0,,0.0
user_14808,Impulse Buyers,Tier-3 Cities,1,2023-07-08 09:11:06,1633.66
user_14809,Gen-Z Trend Seekers,Tier-1 Cities,0,,0.0
user_14810,Impulse Buyers,Tier-2 Cities,0,,0.0
user_14811,Unknown,Tier-2 Cities,0,,0.0
user_14812,Gen-Z Trend Seekers,Tier-1 Cities,0,,0.0
user_14813,Impulse Buyers,International,0,,0.0
user_14814,Impulse Buyers,Tier-3 Cities,0,,0.0
user_14815,Budget Parents,Tier-2 Cities,0,,0.0
user_14816,Unknown,Tier-1 Cities,0,,0.0
user_14817,Budget Parents,International,0,,0.0
user_14818,Gen-Z Trend Seekers,International,0,,0.0
user_14819,Gen-Z Trend Seekers,Tier-1 Cities,0,,0.0
user_14820,Gen-Z Trend Seekers,Tier-2 Cities,0,,0.0
user_14821,Gen-Z Trend Seekers,Tier-3 Cities,0,,0.0
user_14822,Impulse Buyers,International,0,,0.0
user_14823,Premium Fitness Users,Tier-2 Cities,0,,0.0
user_14824,Impulse Buyers,Tier-2 Cities,0,,0.0
user_14825,Budget Parents,Tier-2 Cities,0,,0.0
user_14826,Budget Parents,Tier-2 Cities,0,,0.0
user_14827,Gen-Z Trend Seekers,Tier-3 Cities,0,,0.0
user_14828,Impulse Buyers,Tier-1 Cities,0,,0.0
user_14829,Unknown,International,0,,0.0
user_14830,Unknown,International,0,,0.0
user_14831,Impulse Buyers,Tier-1 Cities,0,,0.0
user_14832,Impulse Buyers,Tier-2 Cities,0,,0.0
user_14833,Premium Fitness Users,Tier-2 Cities,0,,0.0
user_14834,Impulse Buyers,International,0,,0.0
user_14835,Budget Parents,International,0,,0.0
user_14836,Impulse Buyers,International,0,,0.0
user_14837,Impulse Buyers,Tier-1 Cities,0,,0.0
user_14838,Premium Fitness Users,Tier-3 Cities,0,,0.0
user_14839,Gen-Z Trend Seekers,Tier-1 Cities,0,,0.0
user_14840,Gen-Z Trend Seekers,Tier-1 Cities,1,2023-01-27 03:22:40,2337.04
user_14841,Gen-Z Trend Seekers,Tier-2 Cities,1,2023-05-14 01:57:43,2802.18
user_14842,Impulse Buyers,International,0,,0.0
user_14843,Impulse Buyers,International,0,,0.0
user_14844,Premium Fitness Users,International,0,,0.0
user_14845,Unknown,Tier-2 Cities,0,,0.0
user_14846,Gen-Z Trend Seekers,Tier-1 Cities,0,,0.0
user_14847,Gen-Z Trend Seekers,International,0,,0.0
user_14848,Impulse Buyers,International,0,,0.0
user_14849,Premium Fitness Users,Tier-1 Cities,0,,0.0
user_14850,Gen-Z Trend Seekers,Tier-1 Cities,0,,0.0
user_14851,Gen-Z Trend Seekers,International,0,,0.0
user_14852,Gen-Z Trend Seekers,Tier-2 Cities,0,,0.0
user_14853,Impulse Buyers,International,0,,0.0
user_14854,Premium Fitness Users,Tier-1 Cities,0,,0.0
user_14855,Budget Parents,Tier-3 Cities,0,,0.0
user_14856,Premium Fitness Users,Tier-1 Cities,1,2023-04-26 08:36:16,5843.48
user_14857,Budget Parents,Tier-3 Cities,0,,0.0
user_14858,Budget Parents,Tier-1 Cities,0,,0.0
user_14859,Gen-Z Trend Seekers,Tier-1 Cities,0,,0.0
user_14860,Gen-Z Trend Seekers,Tier-2 Cities,0,,0.0
user_14861,Impulse Buyers,Tier-1 Cities,0,,0.0
user_14862,Budget Parents,Tier-3 Cities,0,,0.0
user_14863,Gen-Z Trend Seekers,Tier-3 Cities,0,,0.0
user_14864,Gen-Z Trend Seekers,Tier-1 Cities,0,,0.0
user_14865,Budget Parents,Tier-1 Cities,0,,0.0
user_14866,Impulse Buyers,Tier-3 Cities,0,,0.0
user_14867,Gen-Z Trend Seekers,International,0,,0.0
user_14868,Premium Fitness Users,Tier-3 Cities,0,,0.0
user_14869,Budget Parents,International,0,,0.0
user_14870,Gen-Z Trend Seekers,Tier-2 Cities,0,,0.0
user_14871,Impulse Buyers,Tier-3 Cities,0,,0.0
user_14872,Budget Parents,International,0,,0.0
user_14873,Budget Parents,International,0,,0.0
user_14874,Impulse Buyers,Tier-3 Cities,0,,0.0
user_14875,Gen-Z Trend Seekers,International,0,,0.0
user_14876,Impulse Buyers,Tier-2 Cities,0,,0.0
user_14877,Gen-Z Trend Seekers,Tier-2 Cities,0,,0.0
user_14878,Budget Parents,Tier-2 Cities,0,,0.0
user_14879,Gen-Z Trend Seekers,Tier-3 Cities,0,,0.0
user_14880,Budget Parents,Tier-3 Cities,0,,0.0
user_14881,Premium Fitness Users,International,0,,0.0
user_14882,Gen-Z Trend Seekers,Tier-1 Cities,0,,0.0
user_14883,Gen-Z Trend Seekers,International,0,,0.0
user_14884,Gen-Z Trend Seekers,Tier-3 Cities,0,,0.0
user_14885,Budget Parents,Tier-1 Cities,0,,0.0
user_14886,Gen-Z Trend Seekers,Tier-2 Cities,0,,0.0
user_14887,Impulse Buyers,Tier-3 Cities,0,,0.0
user_14888,Budget Parents,International,0,,0.0
user_14889,Gen-Z Trend Seekers,Tier-2 Cities,0,,0.0
user_14890,Impulse Buyers,Tier-1 Cities,0,,0.0
user_14891,Unknown,Tier-3 Cities,0,,0.0
user_14892,Gen-Z Trend Seekers,International,0,,0.0
user_14893,Impulse Buyers,Tier-1 Cities,1,2023-11-29 08:32:24,3796.02
user_14894,Impulse Buyers,Tier-1 Cities,0,,0.0
user_14895,Unknown,International,0,,0.0
user_14896,Gen-Z Trend Seekers,Tier-1 Cities,0,,0.0
user_14897,Gen-Z Trend Seekers,Tier-3 Cities,0,,0.0
user_14898,Impulse Buyers,Tier-1 Cities,0,,0.0
user_14899,Impulse Buyers,Tier-3 Cities,0,,0.0
user_14900,Impulse Buyers,Tier-2 Cities,0,,0.0
user_14901,Budget Parents,Tier-3 Cities,0,,0.0
user_14902,Gen-Z Trend Seekers,Tier-3 Cities,0,,0.0
user_14903,Budget Parents,Tier-3 Cities,0,,0.0
user_14904,Premium Fitness Users,Tier-3 Cities,0,,0.0
user_14905,Unknown,Tier-1 Cities,0,,0.0
user_14906,Gen-Z Trend Seekers,Tier-2 Cities,0,,0.0
user_14907,Budget Parents,Tier-2 Cities,0,,0.0
user_14908,Gen-Z Trend Seekers,Tier-3 Cities,0,,0.0
user_14909,Gen-Z Trend Seekers,Tier-2 Cities,0,,0.0
user_14910,Premium Fitness Users,International,1,2023-10-08 04:17:09,11517.25
user_14911,Gen-Z Trend Seekers,International,0,,0.0
user_14912,Premium Fitness Users,Tier-2 Cities,1,2023-06-13 10:38:53,10617.67
user_14913,Impulse Buyers,Tier-3 Cities,0,,0.0
user_14914,Budget Parents,Tier-3 Cities,0,,0.0
user_14915,Gen-Z Trend Seekers,Tier-3 Cities,0,,0.0
user_14916,Gen-Z Trend Seekers,Tier-3 Cities,0,,0.0
user_14917,Impulse Buyers,Tier-3 Cities,0,,0.0
user_14918,Gen-Z Trend Seekers,Tier-1 Cities,0,,0.0
user_14919,Budget Parents,Tier-1 Cities,0,,0.0
user_14920,Gen-Z Trend Seekers,International,0,,0.0
user_14921,Gen-Z Trend Seekers,Tier-1 Cities,0,,0.0
user_14922,Gen-Z Trend Seekers,Tier-3 Cities,0,,0.0
user_14923,Impulse Buyers,Tier-1 Cities,0,,0.0
user_14924,Budget Parents,Tier-3 Cities,0,,0.0
user_14925,Gen-Z Trend Seekers,Tier-1 Cities,0,,0.0
user_14926,Impulse Buyers,International,0,,0.0
user_14927,Gen-Z Trend Seekers,International,0,,0.0
user_14928,Gen-Z Trend Seekers,Tier-1 Cities,0,,0.0
user_14929,Impulse Buyers,Tier-3 Cities,0,,0.0
user_14930,Unknown,Tier-3 Cities,0,,0.0
user_14931,Premium Fitness Users,International,0,,0.0
user_14932,Budget Parents,Tier-2 Cities,0,,0.0
user_14933,Gen-Z Trend Seekers,Tier-2 Cities,0,,0.0
user_14934,Gen-Z Trend Seekers,Tier-3 Cities,0,,0.0
user_14935,Impulse Buyers,Tier-1 Cities,0,,0.0
user_14936,Unknown,International,0,,0.0
user_14937,Budget Parents,Tier-1 Cities,0,,0.0
user_14938,Gen-Z Trend Seekers,International,0,,0.0
user_14939,Budget Parents,Tier-3 Cities,0,,0.0
user_14940,Unknown,International,0,,0.0
user_14941,Unknown,Tier-3 Cities,0,,0.0
user_14942,Unknown,International,0,,0.0
user_14943,Impulse Buyers,Tier-2 Cities,1,2023-10-12 06:19:22,1795.42
user_14944,Premium Fitness Users,Tier-1 Cities,0,,0.0
user_14945,Unknown,Tier-2 Cities,0,,0.0
user_14946,Impulse Buyers,International,0,,0.0
user_14947,Gen-Z Trend Seekers,Tier-2 Cities,0,,0.0
user_14948,Gen-Z Trend Seekers,Tier-2 Cities,0,,0.0
user_14949,Premium Fitness Users,Tier-3 Cities,1,2023-05-16 07:56:40,7130.11
user_14950,Impulse Buyers,Tier-3 Cities,0,,0.0
user_14951,Impulse Buyers,Tier-3 Cities,0,,0.0
user_14952,Impulse Buyers,Tier-2 Cities,0,,0.0
user_14953,Impulse Buyers,Tier-1 Cities,0,,0.0
user_14954,Premium Fitness Users,International,1,2023-10-05 15:24:29,4306.34
user_14955,Gen-Z Trend Seekers,Tier-1 Cities,0,,0.0
user_14956,Impulse Buyers,Tier-1 Cities,0,,0.0
user_14957,Gen-Z Trend Seekers,Tier-1 Cities,0,,0.0
user_14958,Budget Parents,Tier-1 Cities,0,,0.0
user_14959,Budget Parents,International,0,,0.0
user_14960,Impulse Buyers,International,0,,0.0
user_14961,Gen-Z Trend Seekers,Tier-2 Cities,0,,0.0
user_14962,Impulse Buyers,International,0,,0.0
user_14963,Premium Fitness Users,Tier-3 Cities,0,,0.0
user_14964,Unknown,Tier-3 Cities,0,,0.0
user_14965,Impulse Buyers,International,0,,0.0
user_14966,Gen-Z Trend Seekers,International,0,,0.0
user_14967,Premium Fitness Users,Tier-1 Cities,0,,0.0
user_14968,Premium Fitness Users,Tier-3 Cities,0,,0.0
user_14969,Premium Fitness Users,Tier-3 Cities,0,,0.0
user_14970,Gen-Z Trend Seekers,Tier-3 Cities,0,,0.0
user_14971,Unknown,Tier-3 Cities,0,,0.0
user_14972,Premium Fitness Users,Tier-1 Cities,0,,0.0
user_14973,Impulse Buyers,International,0,,0.0
user_14974,Budget Parents,Tier-3 Cities,0,,0.0
user_14975,Budget Parents,Tier-3 Cities,0,,0.0
user_14976,Gen-Z Trend Seekers,Tier-3 Cities,1,2023-06-06 07:27:55,2287.47
user_14977,Premium Fitness Users,Tier-2 Cities,0,,0.0
user_14978,Impulse Buyers,Tier-2 Cities,0,,0.0
user_14979,Gen-Z Trend Seekers,Tier-1 Cities,0,,0.0
user_14980,Impulse Buyers,International,0,,0.0
user_14981,Premium Fitness Users,Tier-2 Cities,0,,0.0
user_14982,Budget Parents,Tier-3 Cities,0,,0.0
user_14983,Unknown,Tier-2 Cities,0,,0.0
user_14984,Impulse Buyers,Tier-2 Cities,0,,0.0
user_14985,Premium Fitness Users,Tier-3 Cities,0,,0.0
user_14986,Budget Parents,Tier-2 Cities,1,2023-08-13 19:57:21,3153.22
user_14987,Gen-Z Trend Seekers,Tier-2 Cities,0,,0.0
user_14988,Budget Parents,Tier-3 Cities,0,,0.0
user_14989,Budget Parents,Tier-3 Cities,0,,0.0
user_14990,Budget Parents,Tier-2 Cities,0,,0.0
user_14991,Premium Fitness Users,Tier-2 Cities,0,,0.0
user_14992,Gen-Z Trend Seekers,Tier-1 Cities,0,,0.0
user_14993,Impulse Buyers,Tier-3 Cities,0,,0.0
user_14994,Premium Fitness Users,Tier-1 Cities,0,,0.0
user_14995,Impulse Buyers,Tier-3 Cities,0,,0.0
user_14996,Gen-Z Trend Seekers,Tier-3 Cities,0,,0.0
user_14997,Gen-Z Trend Seekers,Tier-3 Cities,0,,0.0
user_14998,Premium Fitness Users,International,0,,0.0
user_14999,Budget Parents,Tier-1 Cities,0,,0.0
